episode,env_steps,ep_reward,win,safe_revealed,total_safe,ep_actions,mine_hit
1,12,3.28,0,9,12,12,1
2,15,-0.03,0,2,5,3,1
3,17,-0.52,0,1,4,2,1
4,18,-1.01,0,0,3,1,1
5,25,1.93,0,6,9,7,1
6,36,2.24,0,7,10,11,1
7,50,4.81,0,12,15,14,1
8,56,0.89,0,4,7,6,1
9,60,0.46,0,3,6,4,1
10,62,-0.52,0,1,4,2,1
11,76,3.16,0,9,12,14,1
12,79,-0.03,0,2,5,3,1
13,89,2.85,0,8,11,10,1
14,107,5.12,0,13,16,18,1
15,110,-0.03,0,2,5,3,1
16,117,1.93,0,6,9,7,1
17,129,2.18,0,7,10,12,1
18,164,5.2,0,15,18,35,1
19,166,-0.52,0,1,4,2,1
20,175,2.91,0,8,11,9,1
21,184,1.81,0,6,9,9,1
22,193,1.26,0,5,8,9,1
23,200,1.93,0,6,9,7,1
24,217,4.63,0,12,15,17,1
25,220,-0.03,0,2,5,3,1
26,221,-1.01,0,0,3,1,1
27,230,1.81,0,6,9,9,1
28,238,1.87,0,6,9,8,1
29,240,-0.52,0,1,4,2,1
30,257,4.08,0,11,14,17,1
31,288,7.64,0,19,22,31,1
32,302,4.81,0,12,15,14,1
33,312,2.85,0,8,11,10,1
34,315,-0.03,0,2,5,3,1
35,319,0.46,0,3,6,4,1
36,330,2.79,0,8,11,11,1
37,333,-0.03,0,2,5,3,1
38,335,-0.52,0,1,4,2,1
39,349,3.71,0,10,13,14,1
40,351,-0.52,0,1,4,2,1
41,356,0.95,0,4,7,5,1
42,362,0.89,0,4,7,6,1
43,390,5.07,0,14,17,28,1
44,397,1.38,0,5,8,7,1
45,404,1.93,0,6,9,7,1
46,407,-0.03,0,2,5,3,1
47,408,-1.01,0,0,3,1,1
48,414,1.44,0,5,8,6,1
49,427,3.22,0,9,12,13,1
50,450,4.82,0,13,16,23,1
51,463,3.22,0,9,12,13,1
52,471,1.87,0,6,9,8,1
53,479,2.42,0,7,10,8,1
54,484,0.4,0,3,6,5,1
55,492,1.87,0,6,9,8,1
56,503,3.89,0,10,13,11,1
57,508,0.95,0,4,7,5,1
58,512,-0.09,0,2,5,4,1
59,515,-0.03,0,2,5,3,1
60,526,2.79,0,8,11,11,1
61,528,-0.52,0,1,4,2,1
62,531,-0.03,0,2,5,3,1
63,537,1.44,0,5,8,6,1
64,539,-0.52,0,1,4,2,1
65,569,6.05,0,16,19,30,1
66,573,-0.09,0,2,5,4,1
67,579,1.44,0,5,8,6,1
68,582,-0.03,0,2,5,3,1
69,590,1.87,0,6,9,8,1
70,599,1.81,0,6,9,9,1
71,608,1.81,0,6,9,9,1
72,610,-0.52,0,1,4,2,1
73,615,0.95,0,4,7,5,1
74,621,0.89,0,4,7,6,1
75,622,-1.01,0,0,3,1,1
76,646,4.21,0,12,15,24,1
77,657,3.89,0,10,13,11,1
78,676,4.51,0,12,15,19,1
79,679,-0.03,0,2,5,3,1
80,685,0.34,0,3,6,6,1
81,695,1.2,0,5,8,10,1
82,701,0.34,0,3,6,6,1
83,704,-0.03,0,2,5,3,1
84,724,4.45,0,12,15,20,1
85,729,0.95,0,4,7,5,1
86,738,1.81,0,6,9,9,1
87,751,3.77,0,10,13,13,1
88,754,-0.03,0,2,5,3,1
89,769,4.75,0,12,15,15,1
90,773,0.46,0,3,6,4,1
91,774,-1.01,0,0,3,1,1
92,775,-1.01,0,0,3,1,1
93,792,5.18,0,13,16,17,1
94,801,2.36,0,7,10,9,1
95,811,2.85,0,8,11,10,1
96,816,0.95,0,4,7,5,1
97,817,-1.01,0,0,3,1,1
98,827,2.3,0,7,10,10,1
99,828,-1.01,0,0,3,1,1
100,836,2.42,0,7,10,8,1
101,849,3.22,0,9,12,13,1
102,851,-0.52,0,1,4,2,1
103,859,2.42,0,7,10,8,1
104,864,0.95,0,4,7,5,1
105,876,3.83,0,10,13,12,1
106,879,-0.03,0,2,5,3,1
107,901,5.43,0,14,17,22,1
108,924,5.37,0,14,17,23,1
109,940,5.24,0,13,16,16,1
110,949,2.91,0,8,11,9,1
111,957,1.87,0,6,9,8,1
112,968,3.89,0,10,13,11,1
113,969,-1.01,0,0,3,1,1
114,983,3.71,0,10,13,14,1
115,988,0.95,0,4,7,5,1
116,997,2.91,0,8,11,9,1
117,1015,5.12,0,13,16,18,1
118,1020,0.95,0,4,7,5,1
119,1040,5.0,0,13,16,20,1
120,1045,0.4,0,3,6,5,1
121,1060,4.75,0,12,15,15,1
122,1067,1.93,0,6,9,7,1
123,1070,-0.03,0,2,5,3,1
124,1076,1.44,0,5,8,6,1
125,1077,-1.01,0,0,3,1,1
126,1080,-0.03,0,2,5,3,1
127,1089,1.26,0,5,8,9,1
128,1097,1.87,0,6,9,8,1
129,1099,-0.52,0,1,4,2,1
130,1108,1.26,0,5,8,9,1
131,1115,1.38,0,5,8,7,1
132,1123,1.87,0,6,9,8,1
133,1133,2.85,0,8,11,10,1
134,1136,-0.03,0,2,5,3,1
135,1152,3.59,0,10,13,16,1
136,1156,0.46,0,3,6,4,1
137,1164,2.42,0,7,10,8,1
138,1167,-0.03,0,2,5,3,1
139,1171,0.46,0,3,6,4,1
140,1175,0.46,0,3,6,4,1
141,1189,3.16,0,9,12,14,1
142,1197,2.42,0,7,10,8,1
143,1200,-0.03,0,2,5,3,1
144,1202,-0.52,0,1,4,2,1
145,1228,6.29,0,16,19,26,1
146,1233,0.4,0,3,6,5,1
147,1239,1.44,0,5,8,6,1
148,1248,2.36,0,7,10,9,1
149,1271,5.37,0,14,17,23,1
150,1279,2.42,0,7,10,8,1
151,1282,-0.03,0,2,5,3,1
152,1285,-0.03,0,2,5,3,1
153,1290,0.95,0,4,7,5,1
154,1294,0.46,0,3,6,4,1
155,1301,1.93,0,6,9,7,1
156,1302,-1.01,0,0,3,1,1
157,1316,4.26,0,11,14,14,1
158,1329,4.32,0,11,14,13,1
159,1346,4.08,0,11,14,17,1
160,1350,-0.09,0,2,5,4,1
161,1359,1.81,0,6,9,9,1
162,1369,2.85,0,8,11,10,1
163,1386,5.18,0,13,16,17,1
164,1394,1.32,0,5,8,8,1
165,1409,4.2,0,11,14,15,1
166,1418,2.36,0,7,10,9,1
167,1427,2.36,0,7,10,9,1
168,1442,4.2,0,11,14,15,1
169,1443,-1.01,0,0,3,1,1
170,1448,0.4,0,3,6,5,1
171,1452,-0.09,0,2,5,4,1
172,1456,-0.09,0,2,5,4,1
173,1471,3.65,0,10,13,15,1
174,1500,5.56,0,15,18,29,1
175,1509,2.91,0,8,11,9,1
176,1522,3.77,0,10,13,13,1
177,1537,3.65,0,10,13,15,1
178,1548,2.79,0,8,11,11,1
179,1554,1.44,0,5,8,6,1
180,1558,0.46,0,3,6,4,1
181,1563,0.4,0,3,6,5,1
182,1567,0.46,0,3,6,4,1
183,1568,-1.01,0,0,3,1,1
184,1592,4.76,0,13,16,24,1
185,1595,-0.03,0,2,5,3,1
186,1605,2.85,0,8,11,10,1
187,1609,0.46,0,3,6,4,1
188,1615,1.44,0,5,8,6,1
189,1638,4.82,0,13,16,23,1
190,1650,2.18,0,7,10,12,1
191,1651,-1.01,0,0,3,1,1
192,1656,0.95,0,4,7,5,1
193,1660,0.46,0,3,6,4,1
194,1674,3.71,0,10,13,14,1
195,1680,1.44,0,5,8,6,1
196,1684,-0.09,0,2,5,4,1
197,1688,0.46,0,3,6,4,1
198,1692,0.46,0,3,6,4,1
199,1699,1.93,0,6,9,7,1
200,1705,1.44,0,5,8,6,1
201,1707,-0.52,0,1,4,2,1
202,1710,-0.03,0,2,5,3,1
203,1715,0.95,0,4,7,5,1
204,1716,-1.01,0,0,3,1,1
205,1743,5.68,0,15,18,27,1
206,1749,0.89,0,4,7,6,1
207,1756,1.93,0,6,9,7,1
208,1757,-1.01,0,0,3,1,1
209,1758,-1.01,0,0,3,1,1
210,1773,3.65,0,10,13,15,1
211,1782,1.81,0,6,9,9,1
212,1785,-0.03,0,2,5,3,1
213,1788,-0.03,0,2,5,3,1
214,1802,4.26,0,11,14,14,1
215,1812,2.3,0,7,10,10,1
216,1814,-0.52,0,1,4,2,1
217,1817,-0.03,0,2,5,3,1
218,1820,-0.03,0,2,5,3,1
219,1824,0.46,0,3,6,4,1
220,1845,5.49,0,14,17,21,1
221,1846,-1.01,0,0,3,1,1
222,1849,-0.03,0,2,5,3,1
223,1852,-0.03,0,2,5,3,1
224,1856,-0.09,0,2,5,4,1
225,1873,3.53,0,10,13,17,1
226,1878,-0.15,0,2,5,5,1
227,1891,3.22,0,9,12,13,1
228,1898,1.38,0,5,8,7,1
229,1916,4.02,0,11,14,18,1
230,1928,3.83,0,10,13,12,1
231,1981,6.32,0,19,22,53,1
232,1986,0.95,0,4,7,5,1
233,1993,1.93,0,6,9,7,1
234,1998,0.4,0,3,6,5,1
235,2017,3.41,0,10,13,19,1
236,2024,0.83,0,4,7,7,1
237,2028,-0.09,0,2,5,4,1
238,2030,-0.52,0,1,4,2,1
239,2039,2.91,0,8,11,9,1
240,2041,-0.52,0,1,4,2,1
241,2043,-0.52,0,1,4,2,1
242,2044,-1.01,0,0,3,1,1
243,2045,-1.01,0,0,3,1,1
244,2050,0.95,0,4,7,5,1
245,2051,-1.01,0,0,3,1,1
246,2054,-0.03,0,2,5,3,1
247,2059,0.95,0,4,7,5,1
248,2064,0.4,0,3,6,5,1
249,2065,-1.01,0,0,3,1,1
250,2075,2.3,0,7,10,10,1
251,2079,0.46,0,3,6,4,1
252,2082,-0.03,0,2,5,3,1
253,2093,3.34,0,9,12,11,1
254,2101,0.77,0,4,7,8,1
255,2102,-1.01,0,0,3,1,1
256,2105,-0.03,0,2,5,3,1
257,2109,-0.09,0,2,5,4,1
258,2111,-0.52,0,1,4,2,1
259,2115,0.46,0,3,6,4,1
260,2120,0.95,0,4,7,5,1
261,2122,-0.52,0,1,4,2,1
262,2152,5.5,0,15,18,30,1
263,2153,-1.01,0,0,3,1,1
264,2173,3.9,0,11,14,20,1
265,2183,2.85,0,8,11,10,1
266,2192,2.91,0,8,11,9,1
267,2203,2.79,0,8,11,11,1
268,2215,3.83,0,10,13,12,1
269,2217,-0.52,0,1,4,2,1
270,2248,5.99,0,16,19,31,1
271,2250,-0.52,0,1,4,2,1
272,2282,6.48,0,17,20,32,1
273,2284,-0.52,0,1,4,2,1
274,2296,2.73,0,8,11,12,1
275,2298,-0.52,0,1,4,2,1
276,2305,1.93,0,6,9,7,1
277,2307,-0.52,0,1,4,2,1
278,2310,-0.03,0,2,5,3,1
279,2312,-0.52,0,1,4,2,1
280,2319,1.38,0,5,8,7,1
281,2321,-0.52,0,1,4,2,1
282,2325,0.46,0,3,6,4,1
283,2348,4.82,0,13,16,23,1
284,2354,1.44,0,5,8,6,1
285,2366,2.73,0,8,11,12,1
286,2372,1.44,0,5,8,6,1
287,2377,0.95,0,4,7,5,1
288,2386,1.81,0,6,9,9,1
289,2391,0.95,0,4,7,5,1
290,2400,2.36,0,7,10,9,1
291,2412,3.83,0,10,13,12,1
292,2413,-1.01,0,0,3,1,1
293,2417,0.46,0,3,6,4,1
294,2419,-0.52,0,1,4,2,1
295,2422,-0.03,0,2,5,3,1
296,2424,-0.52,0,1,4,2,1
297,2441,5.73,0,14,17,17,1
298,2464,7.02,0,17,20,23,1
299,2476,3.83,0,10,13,12,1
300,2477,-1.01,0,0,3,1,1
301,2484,0.83,0,4,7,7,1
302,2503,5.06,0,13,16,19,1
303,2505,-0.52,0,1,4,2,1
304,2509,0.46,0,3,6,4,1
305,2514,0.95,0,4,7,5,1
306,2515,-1.01,0,0,3,1,1
307,2532,4.08,0,11,14,17,1
308,2545,3.22,0,9,12,13,1
309,2570,6.9,0,17,20,25,1
310,2588,4.57,0,12,15,18,1
311,2591,-0.03,0,2,5,3,1
312,2596,0.95,0,4,7,5,1
313,2600,-0.09,0,2,5,4,1
314,2634,8.01,0,20,23,34,1
315,2637,-0.03,0,2,5,3,1
316,2647,3.4,0,9,12,10,1
317,2655,2.42,0,7,10,8,1
318,2679,4.76,0,13,16,24,1
319,2685,1.44,0,5,8,6,1
320,2693,1.87,0,6,9,8,1
321,2694,-1.01,0,0,3,1,1
322,2695,-1.01,0,0,3,1,1
323,2696,-1.01,0,0,3,1,1
324,2701,0.95,0,4,7,5,1
325,2702,-1.01,0,0,3,1,1
326,2705,-0.03,0,2,5,3,1
327,2711,0.89,0,4,7,6,1
328,2712,-1.01,0,0,3,1,1
329,2715,-0.03,0,2,5,3,1
330,2728,4.32,0,11,14,13,1
331,2731,-0.03,0,2,5,3,1
332,2757,5.74,0,15,18,26,1
333,2758,-1.01,0,0,3,1,1
334,2770,2.18,0,7,10,12,1
335,2772,-0.52,0,1,4,2,1
336,2775,-0.03,0,2,5,3,1
337,2781,1.44,0,5,8,6,1
338,2785,0.46,0,3,6,4,1
339,2792,1.93,0,6,9,7,1
340,2794,-0.52,0,1,4,2,1
341,2795,-1.01,0,0,3,1,1
342,2798,-0.03,0,2,5,3,1
343,2815,3.53,0,10,13,17,1
344,2816,-1.01,0,0,3,1,1
345,2817,-1.01,0,0,3,1,1
346,2821,0.46,0,3,6,4,1
347,2845,5.86,0,15,18,24,1
348,2850,0.95,0,4,7,5,1
349,2862,3.28,0,9,12,12,1
350,2872,2.85,0,8,11,10,1
351,2873,-1.01,0,0,3,1,1
352,2882,2.36,0,7,10,9,1
353,2889,1.38,0,5,8,7,1
354,2902,3.77,0,10,13,13,1
355,2917,3.1,0,9,12,15,1
356,2921,0.46,0,3,6,4,1
357,2948,6.78,0,17,20,27,1
358,2955,1.38,0,5,8,7,1
359,2956,-1.01,0,0,3,1,1
360,2962,1.44,0,5,8,6,1
361,2969,1.38,0,5,8,7,1
362,2976,1.38,0,5,8,7,1
363,2977,-1.01,0,0,3,1,1
364,2978,-1.01,0,0,3,1,1
365,2979,-1.01,0,0,3,1,1
366,2994,4.2,0,11,14,15,1
367,3004,2.3,0,7,10,10,1
368,3008,0.46,0,3,6,4,1
369,3014,0.89,0,4,7,6,1
370,3020,1.44,0,5,8,6,1
371,3023,-0.58,0,1,4,3,1
372,3024,-1.01,0,0,3,1,1
373,3026,-0.52,0,1,4,2,1
374,3040,3.16,0,9,12,14,1
375,3052,2.18,0,7,10,12,1
376,3058,1.44,0,5,8,6,1
377,3065,1.93,0,6,9,7,1
378,3072,1.93,0,6,9,7,1
379,3112,7.1,0,19,22,40,1
380,3156,7.41,0,20,23,44,1
381,3160,0.46,0,3,6,4,1
382,3161,-1.01,0,0,3,1,1
383,3174,3.22,0,9,12,13,1
384,3193,4.51,0,12,15,19,1
385,3198,0.95,0,4,7,5,1
386,3221,4.82,0,13,16,23,1
387,3228,1.38,0,5,8,7,1
388,3256,6.72,0,17,20,28,1
389,3276,5.55,0,14,17,20,1
390,3279,-0.03,0,2,5,3,1
391,3282,-0.03,0,2,5,3,1
392,3283,-1.01,0,0,3,1,1
393,3286,-0.03,0,2,5,3,1
394,3302,4.69,0,12,15,16,1
395,3309,1.93,0,6,9,7,1
396,3310,-1.01,0,0,3,1,1
397,3312,-0.52,0,1,4,2,1
398,3332,5.55,0,14,17,20,1
399,3333,-1.01,0,0,3,1,1
400,3337,-0.09,0,2,5,4,1
401,3352,4.75,0,12,15,15,1
402,3354,-0.52,0,1,4,2,1
403,3363,1.81,0,6,9,9,1
404,3376,2.67,0,8,11,13,1
405,3381,0.95,0,4,7,5,1
406,3410,5.01,0,14,17,29,1
407,3415,0.95,0,4,7,5,1
408,3422,1.93,0,6,9,7,1
409,3447,6.35,0,16,19,25,1
410,3451,0.46,0,3,6,4,1
411,3452,-1.01,0,0,3,1,1
412,3456,0.46,0,3,6,4,1
413,3467,2.79,0,8,11,11,1
414,3487,5.0,0,13,16,20,1
415,3503,4.14,0,11,14,16,1
416,3517,4.26,0,11,14,14,1
417,3529,2.73,0,8,11,12,1
418,3538,1.81,0,6,9,9,1
419,3556,5.12,0,13,16,18,1
420,3561,0.95,0,4,7,5,1
421,3565,0.46,0,3,6,4,1
422,3579,4.26,0,11,14,14,1
423,3583,-0.09,0,2,5,4,1
424,3592,0.71,0,4,7,9,1
425,3618,5.19,0,14,17,26,1
426,3646,6.72,0,17,20,28,1
427,3648,-0.52,0,1,4,2,1
428,3662,4.26,0,11,14,14,1
429,3691,5.01,0,14,17,29,1
430,3695,0.46,0,3,6,4,1
431,3701,0.89,0,4,7,6,1
432,3716,3.65,0,10,13,15,1
433,3723,1.38,0,5,8,7,1
434,3732,1.26,0,5,8,9,1
435,3735,-0.03,0,2,5,3,1
436,3742,1.93,0,6,9,7,1
437,3754,2.73,0,8,11,12,1
438,3757,-0.03,0,2,5,3,1
439,3776,5.06,0,13,16,19,1
440,3785,2.91,0,8,11,9,1
441,3787,-0.52,0,1,4,2,1
442,3819,6.48,0,17,20,32,1
443,3824,0.95,0,4,7,5,1
444,3836,3.83,0,10,13,12,1
445,3841,0.95,0,4,7,5,1
446,3844,-0.03,0,2,5,3,1
447,3846,-0.52,0,1,4,2,1
448,3852,1.44,0,5,8,6,1
449,3855,-0.58,0,1,4,3,1
450,3867,2.73,0,8,11,12,1
451,3878,3.34,0,9,12,11,1
452,3880,-0.52,0,1,4,2,1
453,3892,3.28,0,9,12,12,1
454,3902,2.85,0,8,11,10,1
455,3911,1.81,0,6,9,9,1
456,3916,0.95,0,4,7,5,1
457,3924,1.87,0,6,9,8,1
458,3933,2.36,0,7,10,9,1
459,3942,1.81,0,6,9,9,1
460,3948,0.89,0,4,7,6,1
461,3953,0.95,0,4,7,5,1
462,3961,1.87,0,6,9,8,1
463,3962,-1.01,0,0,3,1,1
464,3964,-0.52,0,1,4,2,1
465,3969,0.4,0,3,6,5,1
466,3973,0.46,0,3,6,4,1
467,3976,-0.03,0,2,5,3,1
468,3977,-1.01,0,0,3,1,1
469,3978,-1.01,0,0,3,1,1
470,3979,-1.01,0,0,3,1,1
471,3983,0.46,0,3,6,4,1
472,3986,-0.03,0,2,5,3,1
473,3991,0.4,0,3,6,5,1
474,3994,-0.03,0,2,5,3,1
475,4004,2.3,0,7,10,10,1
476,4008,0.46,0,3,6,4,1
477,4009,-1.01,0,0,3,1,1
478,4015,0.34,0,3,6,6,1
479,4025,2.85,0,8,11,10,1
480,4032,1.93,0,6,9,7,1
481,4037,0.95,0,4,7,5,1
482,4067,5.5,0,15,18,30,1
483,4068,-1.01,0,0,3,1,1
484,4072,0.46,0,3,6,4,1
485,4084,3.28,0,9,12,12,1
486,4093,1.81,0,6,9,9,1
487,4101,1.87,0,6,9,8,1
488,4112,2.79,0,8,11,11,1
489,4114,-0.52,0,1,4,2,1
490,4123,1.81,0,6,9,9,1
491,4124,-1.01,0,0,3,1,1
492,4125,-1.01,0,0,3,1,1
493,4126,-1.01,0,0,3,1,1
494,4127,-1.01,0,0,3,1,1
495,4136,2.91,0,8,11,9,1
496,4167,6.54,0,17,20,31,1
497,4169,-0.52,0,1,4,2,1
498,4171,-0.52,0,1,4,2,1
499,4175,0.46,0,3,6,4,1
500,4181,1.44,0,5,8,6,1
501,4190,2.36,0,7,10,9,1
502,4193,-0.03,0,2,5,3,1
503,4202,2.36,0,7,10,9,1
504,4207,0.95,0,4,7,5,1
505,4208,-1.01,0,0,3,1,1
506,4216,0.77,0,4,7,8,1
507,4231,3.65,0,10,13,15,1
508,4234,-0.03,0,2,5,3,1
509,4258,6.41,0,16,19,24,1
510,4273,3.1,0,9,12,15,1
511,4275,-0.52,0,1,4,2,1
512,4276,-1.01,0,0,3,1,1
513,4282,1.44,0,5,8,6,1
514,4283,-1.01,0,0,3,1,1
515,4284,-1.01,0,0,3,1,1
516,4301,4.08,0,11,14,17,1
517,4314,3.77,0,10,13,13,1
518,4341,7.33,0,18,21,27,1
519,4343,-0.52,0,1,4,2,1
520,4346,-0.03,0,2,5,3,1
521,4354,1.87,0,6,9,8,1
522,4359,0.95,0,4,7,5,1
523,4363,0.46,0,3,6,4,1
524,4364,-1.01,0,0,3,1,1
525,4367,-0.03,0,2,5,3,1
526,4387,3.35,0,10,13,20,1
527,4393,0.89,0,4,7,6,1
528,4394,-1.01,0,0,3,1,1
529,4395,-1.01,0,0,3,1,1
530,4400,0.95,0,4,7,5,1
531,4401,-1.01,0,0,3,1,1
532,4407,1.44,0,5,8,6,1
533,4416,1.26,0,5,8,9,1
534,4418,-0.52,0,1,4,2,1
535,4434,4.69,0,12,15,16,1
536,4466,4.83,0,14,17,32,1
537,4468,-0.52,0,1,4,2,1
538,4476,1.87,0,6,9,8,1
539,4479,-0.03,0,2,5,3,1
540,4496,4.63,0,12,15,17,1
541,4512,4.14,0,11,14,16,1
542,4527,4.2,0,11,14,15,1
543,4548,4.94,0,13,16,21,1
544,4549,-1.01,0,0,3,1,1
545,4581,7.58,0,19,22,32,1
546,4603,4.33,0,12,15,22,1
547,4614,3.34,0,9,12,11,1
548,4617,-0.58,0,1,4,3,1
549,4628,3.89,0,10,13,11,1
550,4635,0.83,0,4,7,7,1
551,4641,0.34,0,3,6,6,1
552,4645,-0.09,0,2,5,4,1
553,4646,-1.01,0,0,3,1,1
554,4652,1.44,0,5,8,6,1
555,4655,-0.03,0,2,5,3,1
556,4664,1.26,0,5,8,9,1
557,4675,2.79,0,8,11,11,1
558,4679,0.46,0,3,6,4,1
559,4716,5.08,0,15,18,37,1
560,4739,4.27,0,12,15,23,1
561,4748,2.36,0,7,10,9,1
562,4749,-1.01,0,0,3,1,1
563,4751,-0.52,0,1,4,2,1
564,4757,0.89,0,4,7,6,1
565,4761,0.46,0,3,6,4,1
566,4764,-0.03,0,2,5,3,1
567,4768,0.46,0,3,6,4,1
568,4786,3.47,0,10,13,18,1
569,4788,-0.52,0,1,4,2,1
570,4802,2.61,0,8,11,14,1
571,4811,1.81,0,6,9,9,1
572,4818,1.38,0,5,8,7,1
573,4820,-0.52,0,1,4,2,1
574,4823,-0.03,0,2,5,3,1
575,4830,0.83,0,4,7,7,1
576,4860,5.5,0,15,18,30,1
577,4877,2.98,0,9,12,17,1
578,4878,-1.01,0,0,3,1,1
579,4884,1.44,0,5,8,6,1
580,4888,0.46,0,3,6,4,1
581,4889,-1.01,0,0,3,1,1
582,4899,1.75,0,6,9,10,1
583,4915,3.59,0,10,13,16,1
584,4917,-0.52,0,1,4,2,1
585,4919,-0.52,0,1,4,2,1
586,4921,-0.52,0,1,4,2,1
587,4962,7.59,0,20,23,41,1
588,4974,3.28,0,9,12,12,1
589,4982,2.42,0,7,10,8,1
590,4985,-0.03,0,2,5,3,1
591,4991,1.44,0,5,8,6,1
592,5005,4.26,0,11,14,14,1
593,5035,6.05,0,16,19,30,1
594,5038,-0.03,0,2,5,3,1
595,5050,2.73,0,8,11,12,1
596,5057,1.38,0,5,8,7,1
597,5064,1.93,0,6,9,7,1
598,5066,-0.52,0,1,4,2,1
599,5069,-0.03,0,2,5,3,1
600,5078,2.36,0,7,10,9,1
601,5085,1.93,0,6,9,7,1
602,5090,0.4,0,3,6,5,1
603,5092,-0.52,0,1,4,2,1
604,5117,5.25,0,14,17,25,1
605,5120,-0.03,0,2,5,3,1
606,5124,0.46,0,3,6,4,1
607,5141,4.08,0,11,14,17,1
608,5157,4.14,0,11,14,16,1
609,5160,-0.03,0,2,5,3,1
610,5172,3.28,0,9,12,12,1
611,5175,-0.03,0,2,5,3,1
612,5190,4.2,0,11,14,15,1
613,5201,2.24,0,7,10,11,1
614,5209,1.87,0,6,9,8,1
615,5224,5.3,0,13,16,15,1
616,5231,1.38,0,5,8,7,1
617,5243,2.73,0,8,11,12,1
618,5249,0.89,0,4,7,6,1
619,5255,-0.21,0,2,5,6,1
620,5262,1.93,0,6,9,7,1
621,5265,-0.03,0,2,5,3,1
622,5274,2.36,0,7,10,9,1
623,5294,4.45,0,12,15,20,1
624,5297,-0.03,0,2,5,3,1
625,5308,2.79,0,8,11,11,1
626,5310,-0.52,0,1,4,2,1
627,5332,5.98,0,15,18,22,1
628,5354,5.43,0,14,17,22,1
629,5355,-1.01,0,0,3,1,1
630,5357,-0.52,0,1,4,2,1
631,5362,0.95,0,4,7,5,1
632,5366,0.46,0,3,6,4,1
633,5370,0.46,0,3,6,4,1
634,5371,-1.01,0,0,3,1,1
635,5373,-0.52,0,1,4,2,1
636,5374,-1.01,0,0,3,1,1
637,5376,-0.52,0,1,4,2,1
638,5382,1.44,0,5,8,6,1
639,5385,-0.03,0,2,5,3,1
640,5393,1.87,0,6,9,8,1
641,5394,-1.01,0,0,3,1,1
642,5397,-0.03,0,2,5,3,1
643,5398,-1.01,0,0,3,1,1
644,5401,-0.03,0,2,5,3,1
645,5413,2.73,0,8,11,12,1
646,5414,-1.01,0,0,3,1,1
647,5424,2.3,0,7,10,10,1
648,5428,0.46,0,3,6,4,1
649,5455,7.33,0,18,21,27,1
650,5473,5.67,0,14,17,18,1
651,5486,2.67,0,8,11,13,1
652,5505,5.06,0,13,16,19,1
653,5509,0.46,0,3,6,4,1
654,5518,1.81,0,6,9,9,1
655,5522,0.46,0,3,6,4,1
656,5524,-0.52,0,1,4,2,1
657,5526,-0.52,0,1,4,2,1
658,5530,0.46,0,3,6,4,1
659,5531,-1.01,0,0,3,1,1
660,5543,2.73,0,8,11,12,1
661,5560,3.53,0,10,13,17,1
662,5563,-0.03,0,2,5,3,1
663,5582,3.96,0,11,14,19,1
664,5583,-1.01,0,0,3,1,1
665,5598,4.2,0,11,14,15,1
666,5602,0.46,0,3,6,4,1
667,5608,0.89,0,4,7,6,1
668,5614,0.34,0,3,6,6,1
669,5627,2.67,0,8,11,13,1
670,5653,6.84,0,17,20,26,1
671,5659,1.44,0,5,8,6,1
672,5661,-0.52,0,1,4,2,1
673,5665,0.46,0,3,6,4,1
674,5671,1.44,0,5,8,6,1
675,5677,0.89,0,4,7,6,1
676,5686,1.81,0,6,9,9,1
677,5692,1.44,0,5,8,6,1
678,5693,-1.01,0,0,3,1,1
679,5697,0.46,0,3,6,4,1
680,5703,1.44,0,5,8,6,1
681,5729,5.74,0,15,18,26,1
682,5743,4.26,0,11,14,14,1
683,5749,1.44,0,5,8,6,1
684,5763,3.71,0,10,13,14,1
685,5773,2.85,0,8,11,10,1
686,5777,0.46,0,3,6,4,1
687,5793,4.14,0,11,14,16,1
688,5799,1.44,0,5,8,6,1
689,5811,1.63,0,6,9,12,1
690,5820,2.36,0,7,10,9,1
691,5828,1.87,0,6,9,8,1
692,5833,0.95,0,4,7,5,1
693,5847,1.51,0,6,9,14,1
694,5858,3.34,0,9,12,11,1
695,5870,3.28,0,9,12,12,1
696,5881,1.69,0,6,9,11,1
697,5897,5.79,0,14,17,16,1
698,5930,7.52,0,19,22,33,1
699,5932,-0.52,0,1,4,2,1
700,5944,2.73,0,8,11,12,1
701,5947,-0.03,0,2,5,3,1
702,5960,3.22,0,9,12,13,1
703,5961,-1.01,0,0,3,1,1
704,5962,-1.01,0,0,3,1,1
705,5979,4.08,0,11,14,17,1
706,5993,3.16,0,9,12,14,1
707,5995,-0.52,0,1,4,2,1
708,6014,3.96,0,11,14,19,1
709,6018,0.46,0,3,6,4,1
710,6034,4.14,0,11,14,16,1
711,6035,-1.01,0,0,3,1,1
712,6065,5.5,0,15,18,30,1
713,6085,5.0,0,13,16,20,1
714,6093,2.42,0,7,10,8,1
715,6098,0.95,0,4,7,5,1
716,6100,-0.52,0,1,4,2,1
717,6102,-0.52,0,1,4,2,1
718,6105,-0.03,0,2,5,3,1
719,6115,1.75,0,6,9,10,1
720,6116,-1.01,0,0,3,1,1
721,6119,-0.03,0,2,5,3,1
722,6120,-1.01,0,0,3,1,1
723,6127,1.93,0,6,9,7,1
724,6128,-1.01,0,0,3,1,1
725,6136,2.42,0,7,10,8,1
726,6148,2.73,0,8,11,12,1
727,6160,2.73,0,8,11,12,1
728,6162,-0.52,0,1,4,2,1
729,6169,1.93,0,6,9,7,1
730,6188,5.06,0,13,16,19,1
731,6190,-0.52,0,1,4,2,1
732,6208,3.47,0,10,13,18,1
733,6233,6.9,0,17,20,25,1
734,6239,1.44,0,5,8,6,1
735,6248,2.91,0,8,11,9,1
736,6272,5.86,0,15,18,24,1
737,6275,-0.03,0,2,5,3,1
738,6280,0.95,0,4,7,5,1
739,6287,1.93,0,6,9,7,1
740,6288,-1.01,0,0,3,1,1
741,6289,-1.01,0,0,3,1,1
742,6298,1.81,0,6,9,9,1
743,6360,5.78,0,19,22,62,1
744,6365,0.95,0,4,7,5,1
745,6367,-0.52,0,1,4,2,1
746,6374,1.38,0,5,8,7,1
747,6375,-1.01,0,0,3,1,1
748,6390,3.65,0,10,13,15,1
749,6407,4.63,0,12,15,17,1
750,6411,0.46,0,3,6,4,1
751,6420,2.91,0,8,11,9,1
752,6439,3.41,0,10,13,19,1
753,6441,-0.52,0,1,4,2,1
754,6451,2.3,0,7,10,10,1
755,6452,-1.01,0,0,3,1,1
756,6458,0.89,0,4,7,6,1
757,6465,1.93,0,6,9,7,1
758,6471,0.89,0,4,7,6,1
759,6473,-0.52,0,1,4,2,1
760,6480,1.93,0,6,9,7,1
761,6498,5.12,0,13,16,18,1
762,6506,2.42,0,7,10,8,1
763,6507,-1.01,0,0,3,1,1
764,6516,1.81,0,6,9,9,1
765,6526,2.3,0,7,10,10,1
766,6546,5.55,0,14,17,20,1
767,6551,0.95,0,4,7,5,1
768,6563,3.28,0,9,12,12,1
769,6571,1.87,0,6,9,8,1
770,6575,0.46,0,3,6,4,1
771,6577,-0.52,0,1,4,2,1
772,6580,-0.58,0,1,4,3,1
773,6619,6.06,0,17,20,39,1
774,6629,2.85,0,8,11,10,1
775,6634,0.95,0,4,7,5,1
776,6651,3.53,0,10,13,17,1
777,6653,-0.52,0,1,4,2,1
778,6677,6.41,0,16,19,24,1
779,6708,5.99,0,16,19,31,1
780,6713,0.95,0,4,7,5,1
781,6727,3.71,0,10,13,14,1
782,6733,0.89,0,4,7,6,1
783,6754,4.39,0,12,15,21,1
784,6755,-1.01,0,0,3,1,1
785,6757,-0.52,0,1,4,2,1
786,6777,3.9,0,11,14,20,1
787,6783,1.44,0,5,8,6,1
788,6787,-0.09,0,2,5,4,1
789,6805,3.47,0,10,13,18,1
790,6811,1.44,0,5,8,6,1
791,6812,-1.01,0,0,3,1,1
792,6847,5.2,0,15,18,35,1
793,6865,5.12,0,13,16,18,1
794,6874,2.91,0,8,11,9,1
795,6892,4.02,0,11,14,18,1
796,6893,-1.01,0,0,3,1,1
797,6902,1.81,0,6,9,9,1
798,6912,2.3,0,7,10,10,1
799,6922,3.4,0,9,12,10,1
800,6931,1.81,0,6,9,9,1
801,6937,1.44,0,5,8,6,1
802,6938,-1.01,0,0,3,1,1
803,6951,3.77,0,10,13,13,1
804,6964,3.77,0,10,13,13,1
805,6968,0.46,0,3,6,4,1
806,6973,0.4,0,3,6,5,1
807,6993,5.55,0,14,17,20,1
808,7011,4.57,0,12,15,18,1
809,7012,-1.01,0,0,3,1,1
810,7032,3.35,0,10,13,20,1
811,7040,1.32,0,5,8,8,1
812,7066,4.64,0,13,16,26,1
813,7078,3.28,0,9,12,12,1
814,7093,3.1,0,9,12,15,1
815,7094,-1.01,0,0,3,1,1
816,7096,-0.52,0,1,4,2,1
817,7101,0.95,0,4,7,5,1
818,7114,2.12,0,7,10,13,1
819,7115,-1.01,0,0,3,1,1
820,7120,0.95,0,4,7,5,1
821,7128,1.87,0,6,9,8,1
822,7157,5.56,0,15,18,29,1
823,7159,-0.52,0,1,4,2,1
824,7177,2.92,0,9,12,18,1
825,7207,6.05,0,16,19,30,1
826,7217,2.3,0,7,10,10,1
827,7222,0.95,0,4,7,5,1
828,7231,2.36,0,7,10,9,1
829,7237,0.89,0,4,7,6,1
830,7250,3.22,0,9,12,13,1
831,7267,3.53,0,10,13,17,1
832,7282,3.1,0,9,12,15,1
833,7284,-0.52,0,1,4,2,1
834,7285,-1.01,0,0,3,1,1
835,7289,0.46,0,3,6,4,1
836,7299,2.3,0,7,10,10,1
837,7316,2.98,0,9,12,17,1
838,7322,1.44,0,5,8,6,1
839,7334,2.73,0,8,11,12,1
840,7341,0.83,0,4,7,7,1
841,7344,-0.03,0,2,5,3,1
842,7346,-0.52,0,1,4,2,1
843,7352,0.89,0,4,7,6,1
844,7389,6.73,0,18,21,37,1
845,7414,5.25,0,14,17,25,1
846,7429,4.2,0,11,14,15,1
847,7462,5.87,0,16,19,33,1
848,7485,5.92,0,15,18,23,1
849,7501,3.59,0,10,13,16,1
850,7508,1.93,0,6,9,7,1
851,7510,-0.52,0,1,4,2,1
852,7512,-0.52,0,1,4,2,1
853,7515,-0.03,0,2,5,3,1
854,7518,-0.03,0,2,5,3,1
855,7519,-1.01,0,0,3,1,1
856,7543,5.31,0,14,17,24,1
857,7558,2.55,0,8,11,15,1
858,7573,4.2,0,11,14,15,1
859,7582,2.36,0,7,10,9,1
860,7589,1.93,0,6,9,7,1
861,7595,0.89,0,4,7,6,1
862,7598,-0.03,0,2,5,3,1
863,7612,3.71,0,10,13,14,1
864,7638,5.74,0,15,18,26,1
865,7640,-0.52,0,1,4,2,1
866,7641,-1.01,0,0,3,1,1
867,7644,-0.03,0,2,5,3,1
868,7661,3.53,0,10,13,17,1
869,7663,-0.52,0,1,4,2,1
870,7665,-0.52,0,1,4,2,1
871,7669,0.46,0,3,6,4,1
872,7670,-1.01,0,0,3,1,1
873,7681,2.79,0,8,11,11,1
874,7688,1.93,0,6,9,7,1
875,7699,2.24,0,7,10,11,1
876,7709,1.75,0,6,9,10,1
877,7718,2.36,0,7,10,9,1
878,7736,4.02,0,11,14,18,1
879,7737,-1.01,0,0,3,1,1
880,7747,1.75,0,6,9,10,1
881,7753,0.89,0,4,7,6,1
882,7780,5.13,0,14,17,27,1
883,7786,0.89,0,4,7,6,1
884,7787,-1.01,0,0,3,1,1
885,7791,0.46,0,3,6,4,1
886,7801,3.4,0,9,12,10,1
887,7809,1.32,0,5,8,8,1
888,7813,0.46,0,3,6,4,1
889,7823,2.3,0,7,10,10,1
890,7826,-0.03,0,2,5,3,1
891,7832,1.44,0,5,8,6,1
892,7833,-1.01,0,0,3,1,1
893,7841,1.87,0,6,9,8,1
894,7849,2.42,0,7,10,8,1
895,7856,1.93,0,6,9,7,1
896,7867,2.24,0,7,10,11,1
897,7877,1.75,0,6,9,10,1
898,7899,4.88,0,13,16,22,1
899,7903,0.46,0,3,6,4,1
900,7904,-1.01,0,0,3,1,1
901,7917,3.22,0,9,12,13,1
902,7918,-1.01,0,0,3,1,1
903,7919,-1.01,0,0,3,1,1
904,7923,0.46,0,3,6,4,1
905,7924,-1.01,0,0,3,1,1
906,7927,-0.03,0,2,5,3,1
907,7933,1.44,0,5,8,6,1
908,7944,2.24,0,7,10,11,1
909,7956,3.28,0,9,12,12,1
910,7961,0.95,0,4,7,5,1
911,7972,2.24,0,7,10,11,1
912,7989,4.08,0,11,14,17,1
913,7991,-0.52,0,1,4,2,1
914,7992,-1.01,0,0,3,1,1
915,7997,0.95,0,4,7,5,1
916,7999,-0.52,0,1,4,2,1
917,8008,2.36,0,7,10,9,1
918,8010,-0.52,0,1,4,2,1
919,8021,2.24,0,7,10,11,1
920,8039,5.12,0,13,16,18,1
921,8040,-1.01,0,0,3,1,1
922,8051,2.79,0,8,11,11,1
923,8054,-0.03,0,2,5,3,1
924,8066,2.18,0,7,10,12,1
925,8098,6.48,0,17,20,32,1
926,8111,2.67,0,8,11,13,1
927,8114,-0.03,0,2,5,3,1
928,8126,2.18,0,7,10,12,1
929,8131,0.4,0,3,6,5,1
930,8139,1.32,0,5,8,8,1
931,8142,-0.03,0,2,5,3,1
932,8152,2.3,0,7,10,10,1
933,8160,2.42,0,7,10,8,1
934,8162,-0.52,0,1,4,2,1
935,8170,1.87,0,6,9,8,1
936,8181,2.79,0,8,11,11,1
937,8185,0.46,0,3,6,4,1
938,8193,1.87,0,6,9,8,1
939,8202,2.36,0,7,10,9,1
940,8212,2.3,0,7,10,10,1
941,8215,-0.03,0,2,5,3,1
942,8224,1.81,0,6,9,9,1
943,8229,0.95,0,4,7,5,1
944,8231,-0.52,0,1,4,2,1
945,8232,-1.01,0,0,3,1,1
946,8235,-0.03,0,2,5,3,1
947,8236,-1.01,0,0,3,1,1
948,8245,0.71,0,4,7,9,1
949,8250,0.4,0,3,6,5,1
950,8257,1.93,0,6,9,7,1
951,8258,-1.01,0,0,3,1,1
952,8264,1.44,0,5,8,6,1
953,8265,-1.01,0,0,3,1,1
954,8268,-0.03,0,2,5,3,1
955,8275,1.38,0,5,8,7,1
956,8281,1.44,0,5,8,6,1
957,8285,0.46,0,3,6,4,1
958,8295,2.3,0,7,10,10,1
959,8306,1.69,0,6,9,11,1
960,8328,4.88,0,13,16,22,1
961,8329,-1.01,0,0,3,1,1
962,8331,-0.52,0,1,4,2,1
963,8333,-0.52,0,1,4,2,1
964,8340,1.93,0,6,9,7,1
965,8341,-1.01,0,0,3,1,1
966,8343,-0.52,0,1,4,2,1
967,8351,1.32,0,5,8,8,1
968,8354,-0.03,0,2,5,3,1
969,8355,-1.01,0,0,3,1,1
970,8358,-0.03,0,2,5,3,1
971,8360,-0.52,0,1,4,2,1
972,8384,5.31,0,14,17,24,1
973,8387,-0.03,0,2,5,3,1
974,8401,4.26,0,11,14,14,1
975,8402,-1.01,0,0,3,1,1
976,8406,0.46,0,3,6,4,1
977,8418,3.28,0,9,12,12,1
978,8424,0.89,0,4,7,6,1
979,8428,0.46,0,3,6,4,1
980,8454,6.29,0,16,19,26,1
981,8485,5.44,0,15,18,31,1
982,8501,4.69,0,12,15,16,1
983,8515,3.71,0,10,13,14,1
984,8524,1.81,0,6,9,9,1
985,8534,2.3,0,7,10,10,1
986,8545,2.79,0,8,11,11,1
987,8546,-1.01,0,0,3,1,1
988,8547,-1.01,0,0,3,1,1
989,8563,5.24,0,13,16,16,1
990,8566,-0.03,0,2,5,3,1
991,8567,-1.01,0,0,3,1,1
992,8575,1.87,0,6,9,8,1
993,8602,5.68,0,15,18,27,1
994,8607,0.95,0,4,7,5,1
995,8610,-0.03,0,2,5,3,1
996,8612,-0.52,0,1,4,2,1
997,8627,4.75,0,12,15,15,1
998,8634,1.38,0,5,8,7,1
999,8661,7.33,0,18,21,27,1
1000,8665,-0.09,0,2,5,4,1
1001,8666,-1.01,0,0,3,1,1
1002,8685,5.06,0,13,16,19,1
1003,8705,3.9,0,11,14,20,1
1004,8713,1.32,0,5,8,8,1
1005,8732,4.51,0,12,15,19,1
1006,8764,6.48,0,17,20,32,1
1007,8769,0.95,0,4,7,5,1
1008,8772,-0.03,0,2,5,3,1
1009,8778,1.44,0,5,8,6,1
1010,8780,-0.52,0,1,4,2,1
1011,8793,3.22,0,9,12,13,1
1012,8794,-1.01,0,0,3,1,1
1013,8800,1.44,0,5,8,6,1
1014,8813,3.22,0,9,12,13,1
1015,8816,-0.03,0,2,5,3,1
1016,8856,6.55,0,18,21,40,1
1017,8871,4.2,0,11,14,15,1
1018,8890,3.96,0,11,14,19,1
1019,8891,-1.01,0,0,3,1,1
1020,8898,0.28,0,3,6,7,1
1021,8904,0.89,0,4,7,6,1
1022,8906,-0.52,0,1,4,2,1
1023,8922,3.59,0,10,13,16,1
1024,8932,1.75,0,6,9,10,1
1025,8940,1.32,0,5,8,8,1
1026,8950,1.75,0,6,9,10,1
1027,8962,2.73,0,8,11,12,1
1028,8964,-0.52,0,1,4,2,1
1029,8974,2.85,0,8,11,10,1
1030,8982,1.87,0,6,9,8,1
1031,8987,0.4,0,3,6,5,1
1032,8990,-0.03,0,2,5,3,1
1033,8993,-0.03,0,2,5,3,1
1034,9005,2.73,0,8,11,12,1
1035,9009,0.46,0,3,6,4,1
1036,9015,1.44,0,5,8,6,1
1037,9021,0.89,0,4,7,6,1
1038,9028,1.38,0,5,8,7,1
1039,9042,3.71,0,10,13,14,1
1040,9046,0.46,0,3,6,4,1
1041,9047,-1.01,0,0,3,1,1
1042,9059,2.73,0,8,11,12,1
1043,9066,0.83,0,4,7,7,1
1044,9068,-0.52,0,1,4,2,1
1045,9076,2.42,0,7,10,8,1
1046,9077,-1.01,0,0,3,1,1
1047,9091,2.61,0,8,11,14,1
1048,9093,-0.52,0,1,4,2,1
1049,9103,3.4,0,9,12,10,1
1050,9109,0.89,0,4,7,6,1
1051,9114,0.4,0,3,6,5,1
1052,9117,-0.03,0,2,5,3,1
1053,9123,0.34,0,3,6,6,1
1054,9137,2.61,0,8,11,14,1
1055,9142,0.4,0,3,6,5,1
1056,9143,-1.01,0,0,3,1,1
1057,9148,0.95,0,4,7,5,1
1058,9150,-0.52,0,1,4,2,1
1059,9164,3.71,0,10,13,14,1
1060,9174,1.75,0,6,9,10,1
1061,9184,1.75,0,6,9,10,1
1062,9186,-0.52,0,1,4,2,1
1063,9189,-0.03,0,2,5,3,1
1064,9198,1.81,0,6,9,9,1
1065,9202,0.46,0,3,6,4,1
1066,9225,4.27,0,12,15,23,1
1067,9234,1.81,0,6,9,9,1
1068,9240,1.44,0,5,8,6,1
1069,9260,4.45,0,12,15,20,1
1070,9269,1.26,0,5,8,9,1
1071,9286,5.18,0,13,16,17,1
1072,9292,1.44,0,5,8,6,1
1073,9295,-0.58,0,1,4,3,1
1074,9301,0.89,0,4,7,6,1
1075,9323,2.68,0,9,12,22,1
1076,9328,0.95,0,4,7,5,1
1077,9331,-0.03,0,2,5,3,1
1078,9339,0.77,0,4,7,8,1
1079,9370,4.89,0,14,17,31,1
1080,9375,0.95,0,4,7,5,1
1081,9388,2.67,0,8,11,13,1
1082,9398,2.3,0,7,10,10,1
1083,9400,-0.52,0,1,4,2,1
1084,9413,2.67,0,8,11,13,1
1085,9437,4.21,0,12,15,24,1
1086,9438,-1.01,0,0,3,1,1
1087,9443,0.95,0,4,7,5,1
1088,9449,0.89,0,4,7,6,1
1089,9453,0.46,0,3,6,4,1
1090,9454,-1.01,0,0,3,1,1
1091,9471,4.63,0,12,15,17,1
1092,9483,3.28,0,9,12,12,1
1093,9508,4.15,0,12,15,25,1
1094,9513,0.4,0,3,6,5,1
1095,9519,1.44,0,5,8,6,1
1096,9534,4.2,0,11,14,15,1
1097,9540,0.89,0,4,7,6,1
1098,9558,4.02,0,11,14,18,1
1099,9568,1.75,0,6,9,10,1
1100,9577,2.91,0,8,11,9,1
1101,9581,-0.09,0,2,5,4,1
1102,9591,2.3,0,7,10,10,1
1103,9611,3.9,0,11,14,20,1
1104,9618,0.28,0,3,6,7,1
1105,9621,-0.03,0,2,5,3,1
1106,9624,-0.03,0,2,5,3,1
1107,9649,5.25,0,14,17,25,1
1108,9650,-1.01,0,0,3,1,1
1109,9656,0.89,0,4,7,6,1
1110,9667,2.79,0,8,11,11,1
1111,9670,-0.03,0,2,5,3,1
1112,9671,-1.01,0,0,3,1,1
1113,9688,4.63,0,12,15,17,1
1114,9692,0.46,0,3,6,4,1
1115,9693,-1.01,0,0,3,1,1
1116,9702,0.71,0,4,7,9,1
1117,9709,1.38,0,5,8,7,1
1118,9720,3.89,0,10,13,11,1
1119,9726,1.44,0,5,8,6,1
1120,9735,1.81,0,6,9,9,1
1121,9744,1.26,0,5,8,9,1
1122,9746,-0.52,0,1,4,2,1
1123,9749,-0.58,0,1,4,3,1
1124,9755,0.89,0,4,7,6,1
1125,9765,2.3,0,7,10,10,1
1126,9767,-0.52,0,1,4,2,1
1127,9770,-0.03,0,2,5,3,1
1128,9795,5.25,0,14,17,25,1
1129,9806,2.79,0,8,11,11,1
1130,9815,1.81,0,6,9,9,1
1131,9845,6.6,0,17,20,30,1
1132,9848,-0.03,0,2,5,3,1
1133,9849,-1.01,0,0,3,1,1
1134,9851,-0.52,0,1,4,2,1
1135,9858,1.38,0,5,8,7,1
1136,9866,1.87,0,6,9,8,1
1137,9911,7.35,0,20,23,45,1
1138,9919,1.32,0,5,8,8,1
1139,9938,4.51,0,12,15,19,1
1140,9947,2.91,0,8,11,9,1
1141,9962,3.1,0,9,12,15,1
1142,9989,5.68,0,15,18,27,1
1143,10001,2.18,0,7,10,12,1
1144,10005,0.46,0,3,6,4,1
1145,10013,1.87,0,6,9,8,1
1146,10015,-0.52,0,1,4,2,1
1147,10018,-0.03,0,2,5,3,1
1148,10034,3.59,0,10,13,16,1
1149,10046,3.28,0,9,12,12,1
1150,10052,1.44,0,5,8,6,1
1151,10059,1.93,0,6,9,7,1
1152,10064,-0.15,0,2,5,5,1
1153,10074,2.3,0,7,10,10,1
1154,10082,1.87,0,6,9,8,1
1155,10085,-0.03,0,2,5,3,1
1156,10096,2.79,0,8,11,11,1
1157,10102,0.89,0,4,7,6,1
1158,10107,0.95,0,4,7,5,1
1159,10120,3.77,0,10,13,13,1
1160,10132,3.28,0,9,12,12,1
1161,10134,-0.52,0,1,4,2,1
1162,10148,3.16,0,9,12,14,1
1163,10151,-0.03,0,2,5,3,1
1164,10188,6.18,0,17,20,37,1
1165,10196,1.87,0,6,9,8,1
1166,10207,2.79,0,8,11,11,1
1167,10209,-0.52,0,1,4,2,1
1168,10223,2.61,0,8,11,14,1
1169,10237,2.06,0,7,10,14,1
1170,10258,4.94,0,13,16,21,1
1171,10259,-1.01,0,0,3,1,1
1172,10263,0.46,0,3,6,4,1
1173,10284,4.39,0,12,15,21,1
1174,10290,1.44,0,5,8,6,1
1175,10294,0.46,0,3,6,4,1
1176,10299,0.95,0,4,7,5,1
1177,10304,-0.15,0,2,5,5,1
1178,10306,-0.52,0,1,4,2,1
1179,10326,5.0,0,13,16,20,1
1180,10334,1.87,0,6,9,8,1
1181,10375,4.84,0,15,18,41,1
1182,10412,6.73,0,18,21,37,1
1183,10417,0.95,0,4,7,5,1
1184,10426,1.81,0,6,9,9,1
1185,10447,4.39,0,12,15,21,1
1186,10467,5.55,0,14,17,20,1
1187,10477,1.75,0,6,9,10,1
1188,10478,-1.01,0,0,3,1,1
1189,10483,0.95,0,4,7,5,1
1190,10491,1.32,0,5,8,8,1
1191,10492,-1.01,0,0,3,1,1
1192,10495,-0.03,0,2,5,3,1
1193,10498,-0.03,0,2,5,3,1
1194,10526,5.07,0,14,17,28,1
1195,10539,3.77,0,10,13,13,1
1196,10547,2.42,0,7,10,8,1
1197,10550,-0.03,0,2,5,3,1
1198,10556,0.34,0,3,6,6,1
1199,10569,3.22,0,9,12,13,1
1200,10579,1.2,0,5,8,10,1
1201,10593,2.61,0,8,11,14,1
1202,10612,5.61,0,14,17,19,1
1203,10644,5.93,0,16,19,32,1
1204,10650,0.89,0,4,7,6,1
1205,10654,0.46,0,3,6,4,1
1206,10663,2.91,0,8,11,9,1
1207,10671,1.32,0,5,8,8,1
1208,10676,0.4,0,3,6,5,1
1209,10691,4.2,0,11,14,15,1
1210,10693,-0.52,0,1,4,2,1
1211,10695,-0.52,0,1,4,2,1
1212,10714,5.06,0,13,16,19,1
1213,10719,0.95,0,4,7,5,1
1214,10724,0.95,0,4,7,5,1
1215,10741,3.53,0,10,13,17,1
1216,10749,1.32,0,5,8,8,1
1217,10756,1.93,0,6,9,7,1
1218,10761,0.95,0,4,7,5,1
1219,10763,-0.52,0,1,4,2,1
1220,10765,-0.52,0,1,4,2,1
1221,10766,-1.01,0,0,3,1,1
1222,10773,1.38,0,5,8,7,1
1223,10774,-1.01,0,0,3,1,1
1224,10781,1.93,0,6,9,7,1
1225,10782,-1.01,0,0,3,1,1
1226,10787,0.95,0,4,7,5,1
1227,10799,2.73,0,8,11,12,1
1228,10811,3.28,0,9,12,12,1
1229,10817,0.89,0,4,7,6,1
1230,10841,4.76,0,13,16,24,1
1231,10842,-1.01,0,0,3,1,1
1232,10844,-0.52,0,1,4,2,1
1233,10849,0.4,0,3,6,5,1
1234,10850,-1.01,0,0,3,1,1
1235,10854,-0.09,0,2,5,4,1
1236,10866,2.73,0,8,11,12,1
1237,10876,1.75,0,6,9,10,1
1238,10890,2.61,0,8,11,14,1
1239,10918,6.17,0,16,19,28,1
1240,10919,-1.01,0,0,3,1,1
1241,10927,1.87,0,6,9,8,1
1242,10939,2.73,0,8,11,12,1
1243,10948,2.36,0,7,10,9,1
1244,10949,-1.01,0,0,3,1,1
1245,10961,2.18,0,7,10,12,1
1246,10971,2.3,0,7,10,10,1
1247,10972,-1.01,0,0,3,1,1
1248,11006,5.81,0,16,19,34,1
1249,11013,1.93,0,6,9,7,1
1250,11022,1.81,0,6,9,9,1
1251,11056,5.26,0,15,18,34,1
1252,11067,3.34,0,9,12,11,1
1253,11077,2.85,0,8,11,10,1
1254,11086,1.26,0,5,8,9,1
1255,11092,0.89,0,4,7,6,1
1256,11096,0.46,0,3,6,4,1
1257,11119,5.37,0,14,17,23,1
1258,11140,3.29,0,10,13,21,1
1259,11144,0.46,0,3,6,4,1
1260,11149,0.95,0,4,7,5,1
1261,11162,2.67,0,8,11,13,1
1262,11189,4.58,0,13,16,27,1
1263,11200,1.14,0,5,8,11,1
1264,11201,-1.01,0,0,3,1,1
1265,11211,1.75,0,6,9,10,1
1266,11253,5.88,0,17,20,42,1
1267,11254,-1.01,0,0,3,1,1
1268,11255,-1.01,0,0,3,1,1
1269,11264,2.36,0,7,10,9,1
1270,11279,3.1,0,9,12,15,1
1271,11280,-1.01,0,0,3,1,1
1272,11283,-0.03,0,2,5,3,1
1273,11284,-1.01,0,0,3,1,1
1274,11299,4.75,0,12,15,15,1
1275,11312,2.12,0,7,10,13,1
1276,11317,0.95,0,4,7,5,1
1277,11318,-1.01,0,0,3,1,1
1278,11319,-1.01,0,0,3,1,1
1279,11322,-0.03,0,2,5,3,1
1280,11333,1.69,0,6,9,11,1
1281,11352,4.51,0,12,15,19,1
1282,11360,2.42,0,7,10,8,1
1283,11367,1.38,0,5,8,7,1
1284,11374,1.93,0,6,9,7,1
1285,11378,0.46,0,3,6,4,1
1286,11405,2.93,0,10,13,27,1
1287,11410,0.95,0,4,7,5,1
1288,11422,3.28,0,9,12,12,1
1289,11432,2.3,0,7,10,10,1
1290,11434,-0.52,0,1,4,2,1
1291,11436,-0.52,0,1,4,2,1
1292,11441,0.95,0,4,7,5,1
1293,11451,1.75,0,6,9,10,1
1294,11453,-0.52,0,1,4,2,1
1295,11463,2.85,0,8,11,10,1
1296,11471,2.42,0,7,10,8,1
1297,11476,0.95,0,4,7,5,1
1298,11483,1.93,0,6,9,7,1
1299,11500,4.08,0,11,14,17,1
1300,11515,3.1,0,9,12,15,1
1301,11534,2.86,0,9,12,19,1
1302,11536,-0.52,0,1,4,2,1
1303,11549,3.22,0,9,12,13,1
1304,11550,-1.01,0,0,3,1,1
1305,11553,-0.03,0,2,5,3,1
1306,11559,1.44,0,5,8,6,1
1307,11565,0.89,0,4,7,6,1
1308,11567,-0.52,0,1,4,2,1
1309,11570,-0.03,0,2,5,3,1
1310,11577,0.83,0,4,7,7,1
1311,11582,0.4,0,3,6,5,1
1312,11587,0.95,0,4,7,5,1
1313,11591,0.46,0,3,6,4,1
1314,11610,3.41,0,10,13,19,1
1315,11611,-1.01,0,0,3,1,1
1316,11612,-1.01,0,0,3,1,1
1317,11614,-0.52,0,1,4,2,1
1318,11615,-1.01,0,0,3,1,1
1319,11632,2.98,0,9,12,17,1
1320,11635,-0.03,0,2,5,3,1
1321,11638,-0.03,0,2,5,3,1
1322,11645,1.93,0,6,9,7,1
1323,11671,4.64,0,13,16,26,1
1324,11685,4.26,0,11,14,14,1
1325,11690,0.95,0,4,7,5,1
1326,11693,-0.03,0,2,5,3,1
1327,11746,6.87,0,20,23,53,1
1328,11749,-0.03,0,2,5,3,1
1329,11752,-0.03,0,2,5,3,1
1330,11753,-1.01,0,0,3,1,1
1331,11757,-0.09,0,2,5,4,1
1332,11758,-1.01,0,0,3,1,1
1333,11760,-0.52,0,1,4,2,1
1334,11761,-1.01,0,0,3,1,1
1335,11763,-0.52,0,1,4,2,1
1336,11766,-0.03,0,2,5,3,1
1337,11786,3.9,0,11,14,20,1
1338,11791,0.4,0,3,6,5,1
1339,11794,-0.03,0,2,5,3,1
1340,11806,2.18,0,7,10,12,1
1341,11832,5.74,0,15,18,26,1
1342,11834,-0.52,0,1,4,2,1
1343,11838,0.46,0,3,6,4,1
1344,11858,4.45,0,12,15,20,1
1345,11864,0.89,0,4,7,6,1
1346,11867,-0.03,0,2,5,3,1
1347,11870,-0.03,0,2,5,3,1
1348,11875,0.4,0,3,6,5,1
1349,11880,0.95,0,4,7,5,1
1350,11883,-0.03,0,2,5,3,1
1351,11894,2.79,0,8,11,11,1
1352,11899,0.4,0,3,6,5,1
1353,11904,0.95,0,4,7,5,1
1354,11908,0.46,0,3,6,4,1
1355,11918,1.75,0,6,9,10,1
1356,11920,-0.52,0,1,4,2,1
1357,11933,2.12,0,7,10,13,1
1358,11937,0.46,0,3,6,4,1
1359,11956,5.61,0,14,17,19,1
1360,11961,0.95,0,4,7,5,1
1361,11969,1.32,0,5,8,8,1
1362,11979,2.3,0,7,10,10,1
1363,11984,0.4,0,3,6,5,1
1364,11985,-1.01,0,0,3,1,1
1365,11989,0.46,0,3,6,4,1
1366,11991,-0.52,0,1,4,2,1
1367,12015,5.31,0,14,17,24,1
1368,12026,2.79,0,8,11,11,1
1369,12048,5.43,0,14,17,22,1
1370,12060,1.63,0,6,9,12,1
1371,12076,4.14,0,11,14,16,1
1372,12077,-1.01,0,0,3,1,1
1373,12095,5.12,0,13,16,18,1
1374,12105,2.85,0,8,11,10,1
1375,12110,0.95,0,4,7,5,1
1376,12139,4.46,0,13,16,29,1
1377,12157,4.02,0,11,14,18,1
1378,12162,0.4,0,3,6,5,1
1379,12178,2.49,0,8,11,16,1
1380,12184,0.89,0,4,7,6,1
1381,12186,-0.52,0,1,4,2,1
1382,12193,1.38,0,5,8,7,1
1383,12203,1.75,0,6,9,10,1
1384,12208,0.95,0,4,7,5,1
1385,12211,-0.03,0,2,5,3,1
1386,12216,0.4,0,3,6,5,1
1387,12218,-0.52,0,1,4,2,1
1388,12219,-1.01,0,0,3,1,1
1389,12239,5.0,0,13,16,20,1
1390,12241,-0.52,0,1,4,2,1
1391,12244,-0.03,0,2,5,3,1
1392,12245,-1.01,0,0,3,1,1
1393,12254,1.26,0,5,8,9,1
1394,12259,0.4,0,3,6,5,1
1395,12285,4.09,0,12,15,26,1
1396,12294,2.36,0,7,10,9,1
1397,12317,5.37,0,14,17,23,1
1398,12321,0.46,0,3,6,4,1
1399,12326,0.4,0,3,6,5,1
1400,12353,4.03,0,12,15,27,1
1401,12356,-0.03,0,2,5,3,1
1402,12357,-1.01,0,0,3,1,1
1403,12366,2.91,0,8,11,9,1
1404,12374,1.87,0,6,9,8,1
1405,12379,0.95,0,4,7,5,1
1406,12387,1.32,0,5,8,8,1
1407,12393,1.44,0,5,8,6,1
1408,12397,0.46,0,3,6,4,1
1409,12407,2.85,0,8,11,10,1
1410,12422,2.55,0,8,11,15,1
1411,12436,3.71,0,10,13,14,1
1412,12439,-0.58,0,1,4,3,1
1413,12455,2.49,0,8,11,16,1
1414,12464,2.36,0,7,10,9,1
1415,12479,2.55,0,8,11,15,1
1416,12488,1.81,0,6,9,9,1
1417,12489,-1.01,0,0,3,1,1
1418,12505,4.69,0,12,15,16,1
1419,12518,3.77,0,10,13,13,1
1420,12524,0.89,0,4,7,6,1
1421,12542,5.12,0,13,16,18,1
1422,12580,6.67,0,18,21,38,1
1423,12582,-0.52,0,1,4,2,1
1424,12591,2.36,0,7,10,9,1
1425,12596,0.95,0,4,7,5,1
1426,12608,3.83,0,10,13,12,1
1427,12616,2.42,0,7,10,8,1
1428,12625,2.36,0,7,10,9,1
1429,12630,0.95,0,4,7,5,1
1430,12631,-1.01,0,0,3,1,1
1431,12638,1.38,0,5,8,7,1
1432,12645,1.93,0,6,9,7,1
1433,12656,2.24,0,7,10,11,1
1434,12672,4.14,0,11,14,16,1
1435,12679,1.93,0,6,9,7,1
1436,12684,0.4,0,3,6,5,1
1437,12693,2.36,0,7,10,9,1
1438,12694,-1.01,0,0,3,1,1
1439,12751,6.63,0,20,23,57,1
1440,12765,3.16,0,9,12,14,1
1441,12783,4.02,0,11,14,18,1
1442,12792,1.81,0,6,9,9,1
1443,12800,2.42,0,7,10,8,1
1444,12801,-1.01,0,0,3,1,1
1445,12803,-0.52,0,1,4,2,1
1446,12804,-1.01,0,0,3,1,1
1447,12812,1.87,0,6,9,8,1
1448,12828,3.04,0,9,12,16,1
1449,12834,0.34,0,3,6,6,1
1450,12848,3.71,0,10,13,14,1
1451,12851,-0.03,0,2,5,3,1
1452,12853,-0.52,0,1,4,2,1
1453,12868,3.1,0,9,12,15,1
1454,12871,-0.03,0,2,5,3,1
1455,12872,-1.01,0,0,3,1,1
1456,12873,-1.01,0,0,3,1,1
1457,12874,-1.01,0,0,3,1,1
1458,12882,1.32,0,5,8,8,1
1459,12888,1.44,0,5,8,6,1
1460,12897,1.26,0,5,8,9,1
1461,12904,1.93,0,6,9,7,1
1462,12911,1.38,0,5,8,7,1
1463,12920,1.81,0,6,9,9,1
1464,12936,2.49,0,8,11,16,1
1465,12949,3.22,0,9,12,13,1
1466,12953,0.46,0,3,6,4,1
1467,12961,2.42,0,7,10,8,1
1468,12970,2.36,0,7,10,9,1
1469,12982,2.73,0,8,11,12,1
1470,12990,0.77,0,4,7,8,1
1471,12994,0.46,0,3,6,4,1
1472,13005,2.24,0,7,10,11,1
1473,13019,3.71,0,10,13,14,1
1474,13025,0.89,0,4,7,6,1
1475,13038,3.77,0,10,13,13,1
1476,13043,0.95,0,4,7,5,1
1477,13046,-0.58,0,1,4,3,1
1478,13047,-1.01,0,0,3,1,1
1479,13065,3.47,0,10,13,18,1
1480,13070,0.95,0,4,7,5,1
1481,13073,-0.03,0,2,5,3,1
1482,13084,2.24,0,7,10,11,1
1483,13096,2.73,0,8,11,12,1
1484,13140,4.66,0,15,18,44,1
1485,13143,-0.03,0,2,5,3,1
1486,13148,0.95,0,4,7,5,1
1487,13157,2.36,0,7,10,9,1
1488,13162,0.95,0,4,7,5,1
1489,13187,4.7,0,13,16,25,1
1490,13197,2.3,0,7,10,10,1
1491,13212,3.65,0,10,13,15,1
1492,13215,-0.03,0,2,5,3,1
1493,13231,3.59,0,10,13,16,1
1494,13233,-0.52,0,1,4,2,1
1495,13234,-1.01,0,0,3,1,1
1496,13239,0.95,0,4,7,5,1
1497,13290,4.24,0,15,18,51,1
1498,13296,1.44,0,5,8,6,1
1499,13298,-0.52,0,1,4,2,1
1500,13312,3.16,0,9,12,14,1
1501,13329,4.63,0,12,15,17,1
1502,13330,-1.01,0,0,3,1,1
1503,13335,0.4,0,3,6,5,1
1504,13336,-1.01,0,0,3,1,1
1505,13351,3.65,0,10,13,15,1
1506,13366,2.55,0,8,11,15,1
1507,13381,5.3,0,13,16,15,1
1508,13382,-1.01,0,0,3,1,1
1509,13411,5.56,0,15,18,29,1
1510,13420,1.81,0,6,9,9,1
1511,13422,-0.52,0,1,4,2,1
1512,13432,2.3,0,7,10,10,1
1513,13448,4.69,0,12,15,16,1
1514,13453,-0.15,0,2,5,5,1
1515,13463,2.85,0,8,11,10,1
1516,13478,4.2,0,11,14,15,1
1517,13482,0.46,0,3,6,4,1
1518,13484,-0.52,0,1,4,2,1
1519,13498,2.61,0,8,11,14,1
1520,13524,5.19,0,14,17,26,1
1521,13536,1.63,0,6,9,12,1
1522,13550,2.06,0,7,10,14,1
1523,13555,0.4,0,3,6,5,1
1524,13570,3.65,0,10,13,15,1
1525,13572,-0.52,0,1,4,2,1
1526,13577,0.4,0,3,6,5,1
1527,13587,2.85,0,8,11,10,1
1528,13590,-0.58,0,1,4,3,1
1529,13602,1.63,0,6,9,12,1
1530,13625,5.92,0,15,18,23,1
1531,13628,-0.03,0,2,5,3,1
1532,13636,1.32,0,5,8,8,1
1533,13643,1.38,0,5,8,7,1
1534,13658,3.1,0,9,12,15,1
1535,13659,-1.01,0,0,3,1,1
1536,13670,3.34,0,9,12,11,1
1537,13683,2.67,0,8,11,13,1
1538,13696,2.12,0,7,10,13,1
1539,13714,2.92,0,9,12,18,1
1540,13726,2.18,0,7,10,12,1
1541,13730,-0.09,0,2,5,4,1
1542,13740,2.3,0,7,10,10,1
1543,13748,1.32,0,5,8,8,1
1544,13750,-0.52,0,1,4,2,1
1545,13786,4.59,0,14,17,36,1
1546,13845,5.96,0,19,22,59,1
1547,13861,5.24,0,13,16,16,1
1548,13862,-1.01,0,0,3,1,1
1549,13870,1.87,0,6,9,8,1
1550,13877,1.38,0,5,8,7,1
1551,13882,0.4,0,3,6,5,1
1552,13899,3.53,0,10,13,17,1
1553,13914,1.45,0,6,9,15,1
1554,13916,-0.52,0,1,4,2,1
1555,13919,-0.03,0,2,5,3,1
1556,13929,2.3,0,7,10,10,1
1557,13940,2.24,0,7,10,11,1
1558,13942,-0.52,0,1,4,2,1
1559,13954,2.73,0,8,11,12,1
1560,13959,-0.15,0,2,5,5,1
1561,13999,6.0,0,17,20,40,1
1562,14007,2.42,0,7,10,8,1
1563,14009,-0.52,0,1,4,2,1
1564,14025,3.59,0,10,13,16,1
1565,14031,1.44,0,5,8,6,1
1566,14033,-0.52,0,1,4,2,1
1567,14047,2.61,0,8,11,14,1
1568,14073,5.74,0,15,18,26,1
1569,14096,4.27,0,12,15,23,1
1570,14097,-1.01,0,0,3,1,1
1571,14101,0.46,0,3,6,4,1
1572,14109,1.87,0,6,9,8,1
1573,14117,2.42,0,7,10,8,1
1574,14128,1.14,0,5,8,11,1
1575,14131,-0.03,0,2,5,3,1
1576,14138,1.38,0,5,8,7,1
1577,14139,-1.01,0,0,3,1,1
1578,14144,0.95,0,4,7,5,1
1579,14145,-1.01,0,0,3,1,1
1580,14151,1.44,0,5,8,6,1
1581,14172,3.29,0,10,13,21,1
1582,14175,-0.03,0,2,5,3,1
1583,14181,1.44,0,5,8,6,1
1584,14182,-1.01,0,0,3,1,1
1585,14188,1.44,0,5,8,6,1
1586,14193,0.4,0,3,6,5,1
1587,14202,1.81,0,6,9,9,1
1588,14218,4.69,0,12,15,16,1
1589,14233,3.65,0,10,13,15,1
1590,14244,3.34,0,9,12,11,1
1591,14266,3.78,0,11,14,22,1
1592,14271,0.4,0,3,6,5,1
1593,14273,-0.52,0,1,4,2,1
1594,14276,-0.03,0,2,5,3,1
1595,14279,-0.03,0,2,5,3,1
1596,14280,-1.01,0,0,3,1,1
1597,14334,5.16,0,17,20,54,1
1598,14342,1.87,0,6,9,8,1
1599,14346,0.46,0,3,6,4,1
1600,14357,1.69,0,6,9,11,1
1601,14359,-0.52,0,1,4,2,1
1602,14371,3.83,0,10,13,12,1
1603,14388,4.63,0,12,15,17,1
1604,14390,-0.52,0,1,4,2,1
1605,14397,1.38,0,5,8,7,1
1606,14405,1.87,0,6,9,8,1
1607,14407,-0.52,0,1,4,2,1
1608,14436,6.11,0,16,19,29,1
1609,14440,0.46,0,3,6,4,1
1610,14487,6.13,0,18,21,47,1
1611,14505,2.92,0,9,12,18,1
1612,14507,-0.52,0,1,4,2,1
1613,14515,1.87,0,6,9,8,1
1614,14535,5.0,0,13,16,20,1
1615,14550,2.55,0,8,11,15,1
1616,14563,2.67,0,8,11,13,1
1617,14576,2.67,0,8,11,13,1
1618,14588,2.73,0,8,11,12,1
1619,14603,3.65,0,10,13,15,1
1620,14608,0.95,0,4,7,5,1
1621,14618,1.75,0,6,9,10,1
1622,14619,-1.01,0,0,3,1,1
1623,14626,1.93,0,6,9,7,1
1624,14627,-1.01,0,0,3,1,1
1625,14628,-1.01,0,0,3,1,1
1626,14634,0.89,0,4,7,6,1
1627,14635,-1.01,0,0,3,1,1
1628,14637,-0.52,0,1,4,2,1
1629,14639,-0.52,0,1,4,2,1
1630,14643,0.46,0,3,6,4,1
1631,14644,-1.01,0,0,3,1,1
1632,14656,3.28,0,9,12,12,1
1633,14686,7.15,0,18,21,30,1
1634,14691,0.4,0,3,6,5,1
1635,14696,0.4,0,3,6,5,1
1636,14700,0.46,0,3,6,4,1
1637,14705,0.95,0,4,7,5,1
1638,14719,2.61,0,8,11,14,1
1639,14727,1.87,0,6,9,8,1
1640,14748,4.39,0,12,15,21,1
1641,14765,4.08,0,11,14,17,1
1642,14766,-1.01,0,0,3,1,1
1643,14774,1.87,0,6,9,8,1
1644,14778,0.46,0,3,6,4,1
1645,14779,-1.01,0,0,3,1,1
1646,14808,6.66,0,17,20,29,1
1647,14810,-0.52,0,1,4,2,1
1648,14812,-0.52,0,1,4,2,1
1649,14816,0.46,0,3,6,4,1
1650,14818,-0.52,0,1,4,2,1
1651,14823,0.95,0,4,7,5,1
1652,14833,1.2,0,5,8,10,1
1653,14834,-1.01,0,0,3,1,1
1654,14837,-0.03,0,2,5,3,1
1655,14838,-1.01,0,0,3,1,1
1656,14841,-0.03,0,2,5,3,1
1657,14850,1.26,0,5,8,9,1
1658,14855,0.95,0,4,7,5,1
1659,14865,2.3,0,7,10,10,1
1660,14871,0.89,0,4,7,6,1
1661,14876,0.4,0,3,6,5,1
1662,14877,-1.01,0,0,3,1,1
1663,14879,-0.52,0,1,4,2,1
1664,14898,5.61,0,14,17,19,1
1665,14905,1.38,0,5,8,7,1
1666,14906,-1.01,0,0,3,1,1
1667,14908,-0.52,0,1,4,2,1
1668,14910,-0.52,0,1,4,2,1
1669,14917,1.38,0,5,8,7,1
1670,14926,1.81,0,6,9,9,1
1671,14927,-1.01,0,0,3,1,1
1672,14939,2.73,0,8,11,12,1
1673,14942,-0.03,0,2,5,3,1
1674,14953,3.34,0,9,12,11,1
1675,14955,-0.52,0,1,4,2,1
1676,14965,2.3,0,7,10,10,1
1677,14966,-1.01,0,0,3,1,1
1678,14969,-0.03,0,2,5,3,1
1679,15001,6.48,0,17,20,32,1
1680,15004,-0.03,0,2,5,3,1
1681,15013,2.36,0,7,10,9,1
1682,15023,2.85,0,8,11,10,1
1683,15036,3.22,0,9,12,13,1
1684,15042,0.89,0,4,7,6,1
1685,15055,2.67,0,8,11,13,1
1686,15071,3.59,0,10,13,16,1
1687,15100,5.01,0,14,17,29,1
1688,15106,1.44,0,5,8,6,1
1689,15120,3.71,0,10,13,14,1
1690,15126,1.44,0,5,8,6,1
1691,15127,-1.01,0,0,3,1,1
1692,15129,-0.52,0,1,4,2,1
1693,15141,2.18,0,7,10,12,1
1694,15158,3.53,0,10,13,17,1
1695,15181,3.72,0,11,14,23,1
1696,15183,-0.52,0,1,4,2,1
1697,15196,3.22,0,9,12,13,1
1698,15203,0.83,0,4,7,7,1
1699,15209,0.89,0,4,7,6,1
1700,15217,1.87,0,6,9,8,1
1701,15229,3.28,0,9,12,12,1
1702,15244,4.75,0,12,15,15,1
1703,15247,-0.03,0,2,5,3,1
1704,15271,6.41,0,16,19,24,1
1705,15285,2.06,0,7,10,14,1
1706,15288,-0.03,0,2,5,3,1
1707,15295,1.93,0,6,9,7,1
1708,15306,2.79,0,8,11,11,1
1709,15333,4.03,0,12,15,27,1
1710,15336,-0.03,0,2,5,3,1
1711,15350,2.61,0,8,11,14,1
1712,15356,0.89,0,4,7,6,1
1713,15360,0.46,0,3,6,4,1
1714,15366,0.89,0,4,7,6,1
1715,15370,0.46,0,3,6,4,1
1716,15386,4.69,0,12,15,16,1
1717,15402,3.04,0,9,12,16,1
1718,15405,-0.03,0,2,5,3,1
1719,15406,-1.01,0,0,3,1,1
1720,15407,-1.01,0,0,3,1,1
1721,15408,-1.01,0,0,3,1,1
1722,15414,1.44,0,5,8,6,1
1723,15423,2.36,0,7,10,9,1
1724,15428,0.95,0,4,7,5,1
1725,15432,0.46,0,3,6,4,1
1726,15437,0.95,0,4,7,5,1
1727,15443,0.89,0,4,7,6,1
1728,15462,3.96,0,11,14,19,1
1729,15473,3.89,0,10,13,11,1
1730,15492,2.86,0,9,12,19,1
1731,15494,-0.52,0,1,4,2,1
1732,15502,2.42,0,7,10,8,1
1733,15514,3.83,0,10,13,12,1
1734,15519,0.4,0,3,6,5,1
1735,15523,0.46,0,3,6,4,1
1736,15526,-0.03,0,2,5,3,1
1737,15534,1.87,0,6,9,8,1
1738,15546,2.18,0,7,10,12,1
1739,15552,1.44,0,5,8,6,1
1740,15553,-1.01,0,0,3,1,1
1741,15557,0.46,0,3,6,4,1
1742,15561,0.46,0,3,6,4,1
1743,15563,-0.52,0,1,4,2,1
1744,15566,-0.03,0,2,5,3,1
1745,15582,3.59,0,10,13,16,1
1746,15583,-1.01,0,0,3,1,1
1747,15584,-1.01,0,0,3,1,1
1748,15587,-0.03,0,2,5,3,1
1749,15590,-0.03,0,2,5,3,1
1750,15592,-0.52,0,1,4,2,1
1751,15593,-1.01,0,0,3,1,1
1752,15610,4.08,0,11,14,17,1
1753,15646,5.69,0,16,19,36,1
1754,15650,0.46,0,3,6,4,1
1755,15661,1.69,0,6,9,11,1
1756,15664,-0.03,0,2,5,3,1
1757,15668,0.46,0,3,6,4,1
1758,15672,0.46,0,3,6,4,1
1759,15697,4.7,0,13,16,25,1
1760,15715,2.92,0,9,12,18,1
1761,15721,0.89,0,4,7,6,1
1762,15730,2.36,0,7,10,9,1
1763,15738,2.42,0,7,10,8,1
1764,15769,5.99,0,16,19,31,1
1765,15788,3.96,0,11,14,19,1
1766,15789,-1.01,0,0,3,1,1
1767,15798,2.36,0,7,10,9,1
1768,15804,0.89,0,4,7,6,1
1769,15809,0.95,0,4,7,5,1
1770,15810,-1.01,0,0,3,1,1
1771,15813,-0.03,0,2,5,3,1
1772,15830,4.63,0,12,15,17,1
1773,15848,4.02,0,11,14,18,1
1774,15868,3.9,0,11,14,20,1
1775,15887,3.96,0,11,14,19,1
1776,15889,-0.52,0,1,4,2,1
1777,15912,4.82,0,13,16,23,1
1778,15917,0.95,0,4,7,5,1
1779,15922,0.4,0,3,6,5,1
1780,15934,2.73,0,8,11,12,1
1781,15935,-1.01,0,0,3,1,1
1782,15938,-0.03,0,2,5,3,1
1783,15941,-0.03,0,2,5,3,1
1784,15945,0.46,0,3,6,4,1
1785,15953,1.32,0,5,8,8,1
1786,15955,-0.52,0,1,4,2,1
1787,15972,3.53,0,10,13,17,1
1788,15993,3.29,0,10,13,21,1
1789,15995,-0.52,0,1,4,2,1
1790,15998,-0.03,0,2,5,3,1
1791,16000,-0.52,0,1,4,2,1
1792,16028,3.42,0,11,14,28,1
1793,16029,-1.01,0,0,3,1,1
1794,16084,5.65,0,18,21,55,1
1795,16090,0.89,0,4,7,6,1
1796,16093,-0.03,0,2,5,3,1
1797,16106,4.32,0,11,14,13,1
1798,16118,2.18,0,7,10,12,1
1799,16141,3.72,0,11,14,23,1
1800,16153,2.18,0,7,10,12,1
1801,16154,-1.01,0,0,3,1,1
1802,16162,2.42,0,7,10,8,1
1803,16164,-0.52,0,1,4,2,1
1804,16168,0.46,0,3,6,4,1
1805,16170,-0.52,0,1,4,2,1
1806,16185,2.55,0,8,11,15,1
1807,16201,3.59,0,10,13,16,1
1808,16207,1.44,0,5,8,6,1
1809,16209,-0.52,0,1,4,2,1
1810,16211,-0.52,0,1,4,2,1
1811,16212,-1.01,0,0,3,1,1
1812,16213,-1.01,0,0,3,1,1
1813,16217,0.46,0,3,6,4,1
1814,16227,2.85,0,8,11,10,1
1815,16232,0.95,0,4,7,5,1
1816,16245,2.67,0,8,11,13,1
1817,16246,-1.01,0,0,3,1,1
1818,16247,-1.01,0,0,3,1,1
1819,16248,-1.01,0,0,3,1,1
1820,16254,0.89,0,4,7,6,1
1821,16260,1.44,0,5,8,6,1
1822,16276,4.14,0,11,14,16,1
1823,16337,5.29,0,18,21,61,1
1824,16350,3.22,0,9,12,13,1
1825,16352,-0.52,0,1,4,2,1
1826,16354,-0.52,0,1,4,2,1
1827,16372,5.67,0,14,17,18,1
1828,16385,3.77,0,10,13,13,1
1829,16392,1.38,0,5,8,7,1
1830,16397,0.4,0,3,6,5,1
1831,16398,-1.01,0,0,3,1,1
1832,16411,2.67,0,8,11,13,1
1833,16413,-0.52,0,1,4,2,1
1834,16418,0.95,0,4,7,5,1
1835,16423,0.4,0,3,6,5,1
1836,16456,4.77,0,14,17,33,1
1837,16474,4.57,0,12,15,18,1
1838,16478,0.46,0,3,6,4,1
1839,16482,0.46,0,3,6,4,1
1840,16488,1.44,0,5,8,6,1
1841,16493,0.95,0,4,7,5,1
1842,16501,1.87,0,6,9,8,1
1843,16511,2.3,0,7,10,10,1
1844,16518,1.93,0,6,9,7,1
1845,16526,1.32,0,5,8,8,1
1846,16532,1.44,0,5,8,6,1
1847,16538,0.89,0,4,7,6,1
1848,16566,7.27,0,18,21,28,1
1849,16590,7.51,0,18,21,24,1
1850,16595,0.95,0,4,7,5,1
1851,16604,2.36,0,7,10,9,1
1852,16610,0.89,0,4,7,6,1
1853,16617,1.93,0,6,9,7,1
1854,16628,3.34,0,9,12,11,1
1855,16633,0.95,0,4,7,5,1
1856,16634,-1.01,0,0,3,1,1
1857,16635,-1.01,0,0,3,1,1
1858,16644,2.36,0,7,10,9,1
1859,16646,-0.52,0,1,4,2,1
1860,16658,2.73,0,8,11,12,1
1861,16664,1.44,0,5,8,6,1
1862,16666,-0.52,0,1,4,2,1
1863,16720,5.71,0,18,21,54,1
1864,16721,-1.01,0,0,3,1,1
1865,16723,-0.52,0,1,4,2,1
1866,16731,1.87,0,6,9,8,1
1867,16733,-0.52,0,1,4,2,1
1868,16734,-1.01,0,0,3,1,1
1869,16739,0.4,0,3,6,5,1
1870,16744,0.4,0,3,6,5,1
1871,16746,-0.52,0,1,4,2,1
1872,16749,-0.03,0,2,5,3,1
1873,16751,-0.52,0,1,4,2,1
1874,16758,1.38,0,5,8,7,1
1875,16763,0.4,0,3,6,5,1
1876,16767,0.46,0,3,6,4,1
1877,16794,4.03,0,12,15,27,1
1878,16833,6.06,0,17,20,39,1
1879,16836,-0.03,0,2,5,3,1
1880,16851,3.1,0,9,12,15,1
1881,16872,3.84,0,11,14,21,1
1882,16891,3.96,0,11,14,19,1
1883,16901,2.85,0,8,11,10,1
1884,16910,1.81,0,6,9,9,1
1885,16923,3.77,0,10,13,13,1
1886,16928,0.95,0,4,7,5,1
1887,16933,0.4,0,3,6,5,1
1888,16937,0.46,0,3,6,4,1
1889,16958,4.39,0,12,15,21,1
1890,16963,0.4,0,3,6,5,1
1891,16965,-0.52,0,1,4,2,1
1892,16973,1.32,0,5,8,8,1
1893,16974,-1.01,0,0,3,1,1
1894,16976,-0.52,0,1,4,2,1
1895,16983,0.28,0,3,6,7,1
1896,16984,-1.01,0,0,3,1,1
1897,16986,-0.52,0,1,4,2,1
1898,16989,-0.03,0,2,5,3,1
1899,17017,6.17,0,16,19,28,1
1900,17028,1.69,0,6,9,11,1
1901,17030,-0.52,0,1,4,2,1
1902,17031,-1.01,0,0,3,1,1
1903,17032,-1.01,0,0,3,1,1
1904,17064,5.93,0,16,19,32,1
1905,17092,6.72,0,17,20,28,1
1906,17105,3.22,0,9,12,13,1
1907,17112,1.38,0,5,8,7,1
1908,17118,1.44,0,5,8,6,1
1909,17121,-0.03,0,2,5,3,1
1910,17122,-1.01,0,0,3,1,1
1911,17124,-0.52,0,1,4,2,1
1912,17136,3.28,0,9,12,12,1
1913,17140,0.46,0,3,6,4,1
1914,17144,-0.09,0,2,5,4,1
1915,17146,-0.52,0,1,4,2,1
1916,17147,-1.01,0,0,3,1,1
1917,17152,0.95,0,4,7,5,1
1918,17164,3.28,0,9,12,12,1
1919,17170,0.34,0,3,6,6,1
1920,17172,-0.52,0,1,4,2,1
1921,17173,-1.01,0,0,3,1,1
1922,17185,2.18,0,7,10,12,1
1923,17194,2.36,0,7,10,9,1
1924,17203,1.26,0,5,8,9,1
1925,17207,0.46,0,3,6,4,1
1926,17219,2.73,0,8,11,12,1
1927,17233,4.81,0,12,15,14,1
1928,17241,1.32,0,5,8,8,1
1929,17244,-0.03,0,2,5,3,1
1930,17255,2.79,0,8,11,11,1
1931,17263,1.87,0,6,9,8,1
1932,17279,3.04,0,9,12,16,1
1933,17281,-0.52,0,1,4,2,1
1934,17282,-1.01,0,0,3,1,1
1935,17315,6.42,0,17,20,33,1
1936,17319,0.46,0,3,6,4,1
1937,17323,-0.09,0,2,5,4,1
1938,17342,4.51,0,12,15,19,1
1939,17347,0.4,0,3,6,5,1
1940,17349,-0.52,0,1,4,2,1
1941,17352,-0.03,0,2,5,3,1
1942,17354,-0.52,0,1,4,2,1
1943,17358,-0.09,0,2,5,4,1
1944,17360,-0.52,0,1,4,2,1
1945,17361,-1.01,0,0,3,1,1
1946,17376,3.65,0,10,13,15,1
1947,17378,-0.52,0,1,4,2,1
1948,17381,-0.03,0,2,5,3,1
1949,17384,-0.03,0,2,5,3,1
1950,17389,0.4,0,3,6,5,1
1951,17395,0.89,0,4,7,6,1
1952,17398,-0.03,0,2,5,3,1
1953,17456,6.57,0,20,23,58,1
1954,17480,4.21,0,12,15,24,1
1955,17494,3.16,0,9,12,14,1
1956,17507,3.77,0,10,13,13,1
1957,17509,-0.52,0,1,4,2,1
1958,17512,-0.03,0,2,5,3,1
1959,17524,2.73,0,8,11,12,1
1960,17531,0.83,0,4,7,7,1
1961,17565,4.16,0,13,16,34,1
1962,17579,2.61,0,8,11,14,1
1963,17615,6.79,0,18,21,36,1
1964,17639,4.76,0,13,16,24,1
1965,17706,5.48,0,19,22,67,1
1966,17707,-1.01,0,0,3,1,1
1967,17708,-1.01,0,0,3,1,1
1968,17718,1.2,0,5,8,10,1
1969,17729,1.69,0,6,9,11,1
1970,17731,-0.52,0,1,4,2,1
1971,17736,0.95,0,4,7,5,1
1972,17743,0.83,0,4,7,7,1
1973,17757,3.16,0,9,12,14,1
1974,17760,-0.03,0,2,5,3,1
1975,17766,1.44,0,5,8,6,1
1976,17770,0.46,0,3,6,4,1
1977,17774,0.46,0,3,6,4,1
1978,17781,1.93,0,6,9,7,1
1979,17785,0.46,0,3,6,4,1
1980,17789,0.46,0,3,6,4,1
1981,17806,3.53,0,10,13,17,1
1982,17814,2.42,0,7,10,8,1
1983,17827,3.22,0,9,12,13,1
1984,17842,4.75,0,12,15,15,1
1985,17861,3.96,0,11,14,19,1
1986,17864,-0.03,0,2,5,3,1
1987,17867,-0.03,0,2,5,3,1
1988,17873,0.89,0,4,7,6,1
1989,17890,3.53,0,10,13,17,1
1990,17894,0.46,0,3,6,4,1
1991,17903,2.36,0,7,10,9,1
1992,17905,-0.52,0,1,4,2,1
1993,17906,-1.01,0,0,3,1,1
1994,17908,-0.52,0,1,4,2,1
1995,17918,2.3,0,7,10,10,1
1996,17921,-0.03,0,2,5,3,1
1997,17935,2.61,0,8,11,14,1
1998,17939,0.46,0,3,6,4,1
1999,17941,-0.52,0,1,4,2,1
2000,17955,3.71,0,10,13,14,1
2001,17959,0.46,0,3,6,4,1
2002,18034,6.1,0,21,24,75,1
2003,18037,-0.03,0,2,5,3,1
2004,18056,2.86,0,9,12,19,1
2005,18057,-1.01,0,0,3,1,1
2006,18061,0.46,0,3,6,4,1
2007,18064,-0.03,0,2,5,3,1
2008,18071,1.93,0,6,9,7,1
2009,18075,-0.09,0,2,5,4,1
2010,18090,4.2,0,11,14,15,1
2011,18093,-0.03,0,2,5,3,1
2012,18100,1.38,0,5,8,7,1
2013,18104,0.46,0,3,6,4,1
2014,18118,4.26,0,11,14,14,1
2015,18127,2.91,0,8,11,9,1
2016,18130,-0.03,0,2,5,3,1
2017,18141,3.34,0,9,12,11,1
2018,18167,4.64,0,13,16,26,1
2019,18190,4.82,0,13,16,23,1
2020,18197,0.83,0,4,7,7,1
2021,18211,3.71,0,10,13,14,1
2022,18229,4.57,0,12,15,18,1
2023,18240,3.34,0,9,12,11,1
2024,18242,-0.52,0,1,4,2,1
2025,18250,1.87,0,6,9,8,1
2026,18256,0.89,0,4,7,6,1
2027,18264,1.87,0,6,9,8,1
2028,18267,-0.03,0,2,5,3,1
2029,18272,0.4,0,3,6,5,1
2030,18273,-1.01,0,0,3,1,1
2031,18296,5.37,0,14,17,23,1
2032,18301,0.95,0,4,7,5,1
2033,18302,-1.01,0,0,3,1,1
2034,18309,1.93,0,6,9,7,1
2035,18336,6.23,0,16,19,27,1
2036,18338,-0.52,0,1,4,2,1
2037,18362,3.11,0,10,13,24,1
2038,18371,1.26,0,5,8,9,1
2039,18374,-0.03,0,2,5,3,1
2040,18415,5.39,0,16,19,41,1
2041,18450,4.65,0,14,17,35,1
2042,18459,1.81,0,6,9,9,1
2043,18466,1.93,0,6,9,7,1
2044,18479,3.22,0,9,12,13,1
2045,18512,5.87,0,16,19,33,1
2046,18526,3.71,0,10,13,14,1
2047,18542,3.59,0,10,13,16,1
2048,18543,-1.01,0,0,3,1,1
2049,18555,3.83,0,10,13,12,1
2050,18569,3.71,0,10,13,14,1
2051,18577,2.42,0,7,10,8,1
2052,18578,-1.01,0,0,3,1,1
2053,18580,-0.52,0,1,4,2,1
2054,18592,3.28,0,9,12,12,1
2055,18595,-0.03,0,2,5,3,1
2056,18596,-1.01,0,0,3,1,1
2057,18616,3.9,0,11,14,20,1
2058,18619,-0.03,0,2,5,3,1
2059,18650,5.44,0,15,18,31,1
2060,18652,-0.52,0,1,4,2,1
2061,18658,0.89,0,4,7,6,1
2062,18664,0.34,0,3,6,6,1
2063,18673,1.81,0,6,9,9,1
2064,18702,6.11,0,16,19,29,1
2065,18704,-0.52,0,1,4,2,1
2066,18713,2.36,0,7,10,9,1
2067,18720,1.38,0,5,8,7,1
2068,18721,-1.01,0,0,3,1,1
2069,18722,-1.01,0,0,3,1,1
2070,18737,3.1,0,9,12,15,1
2071,18769,4.28,0,13,16,32,1
2072,18778,2.36,0,7,10,9,1
2073,18793,3.1,0,9,12,15,1
2074,18795,-0.52,0,1,4,2,1
2075,18827,4.28,0,13,16,32,1
2076,18829,-0.52,0,1,4,2,1
2077,18832,-0.58,0,1,4,3,1
2078,18835,-0.03,0,2,5,3,1
2079,18859,4.76,0,13,16,24,1
2080,18861,-0.52,0,1,4,2,1
2081,18871,1.75,0,6,9,10,1
2082,18876,-0.15,0,2,5,5,1
2083,18881,0.95,0,4,7,5,1
2084,18895,2.06,0,7,10,14,1
2085,18912,5.18,0,13,16,17,1
2086,18921,1.26,0,5,8,9,1
2087,18941,3.9,0,11,14,20,1
2088,18942,-1.01,0,0,3,1,1
2089,18953,2.24,0,7,10,11,1
2090,18954,-1.01,0,0,3,1,1
2091,18956,-0.52,0,1,4,2,1
2092,18965,2.36,0,7,10,9,1
2093,18982,4.63,0,12,15,17,1
2094,18987,0.95,0,4,7,5,1
2095,19005,2.92,0,9,12,18,1
2096,19008,-0.03,0,2,5,3,1
2097,19026,4.02,0,11,14,18,1
2098,19035,1.81,0,6,9,9,1
2099,19061,5.19,0,14,17,26,1
2100,19070,2.36,0,7,10,9,1
2101,19074,0.46,0,3,6,4,1
2102,19093,4.51,0,12,15,19,1
2103,19097,0.46,0,3,6,4,1
2104,19108,3.34,0,9,12,11,1
2105,19110,-0.52,0,1,4,2,1
2106,19112,-0.52,0,1,4,2,1
2107,19117,0.95,0,4,7,5,1
2108,19122,0.95,0,4,7,5,1
2109,19123,-1.01,0,0,3,1,1
2110,19127,0.46,0,3,6,4,1
2111,19130,-0.03,0,2,5,3,1
2112,19138,1.32,0,5,8,8,1
2113,19147,2.36,0,7,10,9,1
2114,19148,-1.01,0,0,3,1,1
2115,19156,1.87,0,6,9,8,1
2116,19165,2.36,0,7,10,9,1
2117,19170,0.95,0,4,7,5,1
2118,19172,-0.52,0,1,4,2,1
2119,19185,3.22,0,9,12,13,1
2120,19191,0.89,0,4,7,6,1
2121,19206,2.55,0,8,11,15,1
2122,19228,4.88,0,13,16,22,1
2123,19272,6.86,0,19,22,44,1
2124,19273,-1.01,0,0,3,1,1
2125,19308,5.75,0,16,19,35,1
2126,19313,0.95,0,4,7,5,1
2127,19316,-0.03,0,2,5,3,1
2128,19328,2.73,0,8,11,12,1
2129,19333,0.95,0,4,7,5,1
2130,19340,1.93,0,6,9,7,1
2131,19358,4.57,0,12,15,18,1
2132,19364,1.44,0,5,8,6,1
2133,19376,2.73,0,8,11,12,1
2134,19386,2.85,0,8,11,10,1
2135,19396,2.3,0,7,10,10,1
2136,19405,1.81,0,6,9,9,1
2137,19422,4.08,0,11,14,17,1
2138,19434,2.73,0,8,11,12,1
2139,19442,1.32,0,5,8,8,1
2140,19444,-0.52,0,1,4,2,1
2141,19449,0.95,0,4,7,5,1
2142,19450,-1.01,0,0,3,1,1
2143,19471,5.49,0,14,17,21,1
2144,19484,4.87,0,12,15,13,1
2145,19493,2.36,0,7,10,9,1
2146,19507,2.61,0,8,11,14,1
2147,19508,-1.01,0,0,3,1,1
2148,19520,2.73,0,8,11,12,1
2149,19530,3.4,0,9,12,10,1
2150,19535,0.4,0,3,6,5,1
2151,19536,-1.01,0,0,3,1,1
2152,19546,2.85,0,8,11,10,1
2153,19554,1.87,0,6,9,8,1
2154,19603,6.56,0,19,22,49,1
2155,19630,4.03,0,12,15,27,1
2156,19635,0.95,0,4,7,5,1
2157,19648,3.22,0,9,12,13,1
2158,19668,6.1,0,15,18,20,1
2159,19676,1.87,0,6,9,8,1
2160,19684,1.32,0,5,8,8,1
2161,19701,4.63,0,12,15,17,1
2162,19705,-0.09,0,2,5,4,1
2163,19714,2.91,0,8,11,9,1
2164,19715,-1.01,0,0,3,1,1
2165,19722,1.38,0,5,8,7,1
2166,19735,3.77,0,10,13,13,1
2167,19759,5.86,0,15,18,24,1
2168,19761,-0.52,0,1,4,2,1
2169,19774,2.67,0,8,11,13,1
2170,19776,-0.52,0,1,4,2,1
2171,19777,-1.01,0,0,3,1,1
2172,19803,5.19,0,14,17,26,1
2173,19806,-0.03,0,2,5,3,1
2174,19807,-1.01,0,0,3,1,1
2175,19813,1.44,0,5,8,6,1
2176,19816,-0.03,0,2,5,3,1
2177,19841,5.8,0,15,18,25,1
2178,19849,1.32,0,5,8,8,1
2179,19856,1.93,0,6,9,7,1
2180,19872,5.24,0,13,16,16,1
2181,19878,0.89,0,4,7,6,1
2182,19880,-0.52,0,1,4,2,1
2183,19883,-0.03,0,2,5,3,1
2184,19886,-0.03,0,2,5,3,1
2185,19894,2.42,0,7,10,8,1
2186,19908,2.06,0,7,10,14,1
2187,19910,-0.52,0,1,4,2,1
2188,19913,-0.03,0,2,5,3,1
2189,19919,0.89,0,4,7,6,1
2190,19932,2.67,0,8,11,13,1
2191,19947,3.65,0,10,13,15,1
2192,19949,-0.52,0,1,4,2,1
2193,19965,3.59,0,10,13,16,1
2194,19966,-1.01,0,0,3,1,1
2195,19970,0.46,0,3,6,4,1
2196,19974,0.46,0,3,6,4,1
2197,19989,3.65,0,10,13,15,1
2198,19993,0.46,0,3,6,4,1
2199,20013,5.55,0,14,17,20,1
2200,20029,4.14,0,11,14,16,1
2201,20047,3.47,0,10,13,18,1
2202,20048,-1.01,0,0,3,1,1
2203,20079,6.54,0,17,20,31,1
2204,20099,4.45,0,12,15,20,1
2205,20118,3.41,0,10,13,19,1
2206,20119,-1.01,0,0,3,1,1
2207,20126,1.93,0,6,9,7,1
2208,20128,-0.52,0,1,4,2,1
2209,20147,4.51,0,12,15,19,1
2210,20163,3.04,0,9,12,16,1
2211,20173,1.75,0,6,9,10,1
2212,20182,1.81,0,6,9,9,1
2213,20186,0.46,0,3,6,4,1
2214,20219,5.87,0,16,19,33,1
2215,20222,-0.03,0,2,5,3,1
2216,20228,0.89,0,4,7,6,1
2217,20230,-0.52,0,1,4,2,1
2218,20232,-0.52,0,1,4,2,1
2219,20237,0.4,0,3,6,5,1
2220,20241,0.46,0,3,6,4,1
2221,20250,2.91,0,8,11,9,1
2222,20264,3.16,0,9,12,14,1
2223,20271,0.83,0,4,7,7,1
2224,20280,2.91,0,8,11,9,1
2225,20288,2.42,0,7,10,8,1
2226,20294,0.89,0,4,7,6,1
2227,20302,1.32,0,5,8,8,1
2228,20303,-1.01,0,0,3,1,1
2229,20304,-1.01,0,0,3,1,1
2230,20317,4.32,0,11,14,13,1
2231,20321,0.46,0,3,6,4,1
2232,20331,1.75,0,6,9,10,1
2233,20358,4.58,0,13,16,27,1
2234,20359,-1.01,0,0,3,1,1
2235,20367,2.42,0,7,10,8,1
2236,20368,-1.01,0,0,3,1,1
2237,20380,2.73,0,8,11,12,1
2238,20394,3.16,0,9,12,14,1
2239,20396,-0.52,0,1,4,2,1
2240,20397,-1.01,0,0,3,1,1
2241,20401,0.46,0,3,6,4,1
2242,20406,0.4,0,3,6,5,1
2243,20418,2.73,0,8,11,12,1
2244,20419,-1.01,0,0,3,1,1
2245,20423,0.46,0,3,6,4,1
2246,20432,1.81,0,6,9,9,1
2247,20444,2.73,0,8,11,12,1
2248,20458,3.16,0,9,12,14,1
2249,20470,1.08,0,5,8,12,1
2250,20480,3.4,0,9,12,10,1
2251,20483,-0.03,0,2,5,3,1
2252,20492,2.36,0,7,10,9,1
2253,20505,3.22,0,9,12,13,1
2254,20510,0.95,0,4,7,5,1
2255,20526,4.69,0,12,15,16,1
2256,20540,3.71,0,10,13,14,1
2257,20548,1.87,0,6,9,8,1
2258,20556,1.32,0,5,8,8,1
2259,20562,0.89,0,4,7,6,1
2260,20564,-0.52,0,1,4,2,1
2261,20569,0.4,0,3,6,5,1
2262,20588,5.61,0,14,17,19,1
2263,20598,2.3,0,7,10,10,1
2264,20599,-1.01,0,0,3,1,1
2265,20603,0.46,0,3,6,4,1
2266,20606,-0.03,0,2,5,3,1
2267,20615,1.26,0,5,8,9,1
2268,20622,1.38,0,5,8,7,1
2269,20628,1.44,0,5,8,6,1
2270,20646,2.92,0,9,12,18,1
2271,20652,0.89,0,4,7,6,1
2272,20663,2.79,0,8,11,11,1
2273,20664,-1.01,0,0,3,1,1
2274,20681,2.98,0,9,12,17,1
2275,20707,5.74,0,15,18,26,1
2276,20712,0.4,0,3,6,5,1
2277,20713,-1.01,0,0,3,1,1
2278,20727,3.16,0,9,12,14,1
2279,20750,5.37,0,14,17,23,1
2280,20758,1.87,0,6,9,8,1
2281,20762,-0.09,0,2,5,4,1
2282,20783,3.84,0,11,14,21,1
2283,20784,-1.01,0,0,3,1,1
2284,20787,-0.03,0,2,5,3,1
2285,20788,-1.01,0,0,3,1,1
2286,20789,-1.01,0,0,3,1,1
2287,20790,-1.01,0,0,3,1,1
2288,20804,3.71,0,10,13,14,1
2289,20809,0.95,0,4,7,5,1
2290,20814,0.4,0,3,6,5,1
2291,20827,2.12,0,7,10,13,1
2292,20839,3.83,0,10,13,12,1
2293,20841,-0.52,0,1,4,2,1
2294,20858,3.53,0,10,13,17,1
2295,20888,6.05,0,16,19,30,1
2296,20896,1.87,0,6,9,8,1
2297,20905,1.26,0,5,8,9,1
2298,20931,5.74,0,15,18,26,1
2299,20935,0.46,0,3,6,4,1
2300,20941,0.89,0,4,7,6,1
2301,20954,3.77,0,10,13,13,1
2302,20970,4.69,0,12,15,16,1
2303,20982,3.83,0,10,13,12,1
2304,20987,0.4,0,3,6,5,1
2305,21004,4.08,0,11,14,17,1
2306,21005,-1.01,0,0,3,1,1
2307,21008,-0.03,0,2,5,3,1
2308,21012,-0.09,0,2,5,4,1
2309,21037,5.8,0,15,18,25,1
2310,21055,2.92,0,9,12,18,1
2311,21059,0.46,0,3,6,4,1
2312,21065,0.89,0,4,7,6,1
2313,21069,0.46,0,3,6,4,1
2314,21072,-0.03,0,2,5,3,1
2315,21074,-0.52,0,1,4,2,1
2316,21086,2.73,0,8,11,12,1
2317,21110,4.76,0,13,16,24,1
2318,21114,0.46,0,3,6,4,1
2319,21124,2.3,0,7,10,10,1
2320,21129,0.4,0,3,6,5,1
2321,21144,3.65,0,10,13,15,1
2322,21146,-0.52,0,1,4,2,1
2323,21167,4.94,0,13,16,21,1
2324,21194,5.68,0,15,18,27,1
2325,21203,1.81,0,6,9,9,1
2326,21211,2.42,0,7,10,8,1
2327,21214,-0.03,0,2,5,3,1
2328,21221,1.93,0,6,9,7,1
2329,21240,3.96,0,11,14,19,1
2330,21251,2.24,0,7,10,11,1
2331,21262,2.79,0,8,11,11,1
2332,21267,0.4,0,3,6,5,1
2333,21272,-0.15,0,2,5,5,1
2334,21283,2.79,0,8,11,11,1
2335,21286,-0.03,0,2,5,3,1
2336,21294,2.42,0,7,10,8,1
2337,21301,1.38,0,5,8,7,1
2338,21309,1.87,0,6,9,8,1
2339,21310,-1.01,0,0,3,1,1
2340,21311,-1.01,0,0,3,1,1
2341,21315,0.46,0,3,6,4,1
2342,21318,-0.03,0,2,5,3,1
2343,21336,4.02,0,11,14,18,1
2344,21342,1.44,0,5,8,6,1
2345,21345,-0.03,0,2,5,3,1
2346,21349,0.46,0,3,6,4,1
2347,21359,1.75,0,6,9,10,1
2348,21401,5.88,0,17,20,42,1
2349,21403,-0.52,0,1,4,2,1
2350,21426,5.92,0,15,18,23,1
2351,21427,-1.01,0,0,3,1,1
2352,21431,0.46,0,3,6,4,1
2353,21432,-1.01,0,0,3,1,1
2354,21433,-1.01,0,0,3,1,1
2355,21456,4.27,0,12,15,23,1
2356,21457,-1.01,0,0,3,1,1
2357,21465,1.87,0,6,9,8,1
2358,21491,5.19,0,14,17,26,1
2359,21499,2.42,0,7,10,8,1
2360,21506,1.38,0,5,8,7,1
2361,21511,0.95,0,4,7,5,1
2362,21513,-0.52,0,1,4,2,1
2363,21514,-1.01,0,0,3,1,1
2364,21515,-1.01,0,0,3,1,1
2365,21528,2.67,0,8,11,13,1
2366,21531,-0.03,0,2,5,3,1
2367,21535,0.46,0,3,6,4,1
2368,21541,0.34,0,3,6,6,1
2369,21542,-1.01,0,0,3,1,1
2370,21571,5.01,0,14,17,29,1
2371,21579,1.87,0,6,9,8,1
2372,21582,-0.03,0,2,5,3,1
2373,21606,5.31,0,14,17,24,1
2374,21607,-1.01,0,0,3,1,1
2375,21611,0.46,0,3,6,4,1
2376,21634,4.82,0,13,16,23,1
2377,21637,-0.03,0,2,5,3,1
2378,21654,2.98,0,9,12,17,1
2379,21659,0.95,0,4,7,5,1
2380,21665,0.89,0,4,7,6,1
2381,21673,0.77,0,4,7,8,1
2382,21683,2.85,0,8,11,10,1
2383,21688,0.95,0,4,7,5,1
2384,21693,0.95,0,4,7,5,1
2385,21697,0.46,0,3,6,4,1
2386,21700,-0.03,0,2,5,3,1
2387,21752,6.38,0,19,22,52,1
2388,21774,5.43,0,14,17,22,1
2389,21783,1.26,0,5,8,9,1
2390,21792,1.26,0,5,8,9,1
2391,21818,5.19,0,14,17,26,1
2392,21886,4.87,0,18,21,68,1
2393,21889,-0.03,0,2,5,3,1
2394,21892,-0.03,0,2,5,3,1
2395,21910,5.12,0,13,16,18,1
2396,21912,-0.52,0,1,4,2,1
2397,21915,-0.03,0,2,5,3,1
2398,21916,-1.01,0,0,3,1,1
2399,21947,5.99,0,16,19,31,1
2400,21950,-0.03,0,2,5,3,1
2401,21958,1.87,0,6,9,8,1
2402,21961,-0.03,0,2,5,3,1
2403,21964,-0.03,0,2,5,3,1
2404,21970,0.34,0,3,6,6,1
2405,21992,6.53,0,16,19,22,1
2406,21995,-0.03,0,2,5,3,1
2407,21997,-0.52,0,1,4,2,1
2408,22001,-0.09,0,2,5,4,1
2409,22005,0.46,0,3,6,4,1
2410,22006,-1.01,0,0,3,1,1
2411,22008,-0.52,0,1,4,2,1
2412,22022,3.71,0,10,13,14,1
2413,22028,1.44,0,5,8,6,1
2414,22038,2.3,0,7,10,10,1
2415,22050,2.73,0,8,11,12,1
2416,22055,0.95,0,4,7,5,1
2417,22064,1.81,0,6,9,9,1
2418,22071,0.83,0,4,7,7,1
2419,22103,4.83,0,14,17,32,1
2420,22109,1.44,0,5,8,6,1
2421,22111,-0.52,0,1,4,2,1
2422,22132,4.39,0,12,15,21,1
2423,22133,-1.01,0,0,3,1,1
2424,22134,-1.01,0,0,3,1,1
2425,22139,0.95,0,4,7,5,1
2426,22178,4.96,0,15,18,39,1
2427,22183,0.95,0,4,7,5,1
2428,22185,-0.52,0,1,4,2,1
2429,22194,2.36,0,7,10,9,1
2430,22215,4.94,0,13,16,21,1
2431,22227,3.83,0,10,13,12,1
2432,22252,4.15,0,12,15,25,1
2433,22259,0.83,0,4,7,7,1
2434,22282,5.37,0,14,17,23,1
2435,22292,2.85,0,8,11,10,1
2436,22294,-0.52,0,1,4,2,1
2437,22341,6.13,0,18,21,47,1
2438,22346,0.4,0,3,6,5,1
2439,22351,0.95,0,4,7,5,1
2440,22397,6.19,0,18,21,46,1
2441,22404,1.93,0,6,9,7,1
2442,22405,-1.01,0,0,3,1,1
2443,22411,0.89,0,4,7,6,1
2444,22416,0.95,0,4,7,5,1
2445,22430,3.71,0,10,13,14,1
2446,22439,1.81,0,6,9,9,1
2447,22443,0.46,0,3,6,4,1
2448,22445,-0.52,0,1,4,2,1
2449,22446,-1.01,0,0,3,1,1
2450,22450,0.46,0,3,6,4,1
2451,22457,1.38,0,5,8,7,1
2452,22466,1.26,0,5,8,9,1
2453,22481,3.1,0,9,12,15,1
2454,22501,4.45,0,12,15,20,1
2455,22507,0.89,0,4,7,6,1
2456,22518,1.69,0,6,9,11,1
2457,22522,0.46,0,3,6,4,1
2458,22523,-1.01,0,0,3,1,1
2459,22525,-0.52,0,1,4,2,1
2460,22542,4.08,0,11,14,17,1
2461,22544,-0.52,0,1,4,2,1
2462,22556,2.73,0,8,11,12,1
2463,22559,-0.03,0,2,5,3,1
2464,22563,0.46,0,3,6,4,1
2465,22571,2.42,0,7,10,8,1
2466,22578,1.93,0,6,9,7,1
2467,22631,6.87,0,20,23,53,1
2468,22646,2.55,0,8,11,15,1
2469,22651,0.95,0,4,7,5,1
2470,22658,1.93,0,6,9,7,1
2471,22666,1.32,0,5,8,8,1
2472,22670,0.46,0,3,6,4,1
2473,22673,-0.03,0,2,5,3,1
2474,22677,0.46,0,3,6,4,1
2475,22680,-0.03,0,2,5,3,1
2476,22698,3.47,0,10,13,18,1
2477,22700,-0.52,0,1,4,2,1
2478,22706,0.89,0,4,7,6,1
2479,22710,0.46,0,3,6,4,1
2480,22711,-1.01,0,0,3,1,1
2481,22713,-0.52,0,1,4,2,1
2482,22717,0.46,0,3,6,4,1
2483,22735,4.57,0,12,15,18,1
2484,22756,4.39,0,12,15,21,1
2485,22776,4.45,0,12,15,20,1
2486,22800,4.21,0,12,15,24,1
2487,22826,5.74,0,15,18,26,1
2488,22843,1.33,0,6,9,17,1
2489,22847,0.46,0,3,6,4,1
2490,22870,4.82,0,13,16,23,1
2491,22897,4.58,0,13,16,27,1
2492,22904,1.38,0,5,8,7,1
2493,22905,-1.01,0,0,3,1,1
2494,22916,2.79,0,8,11,11,1
2495,22922,0.89,0,4,7,6,1
2496,22940,4.02,0,11,14,18,1
2497,22945,0.95,0,4,7,5,1
2498,22965,3.9,0,11,14,20,1
2499,22971,0.34,0,3,6,6,1
2500,22974,-0.58,0,1,4,3,1
2501,22979,0.95,0,4,7,5,1
2502,22990,2.79,0,8,11,11,1
2503,22991,-1.01,0,0,3,1,1
2504,22994,-0.58,0,1,4,3,1
2505,23002,1.87,0,6,9,8,1
2506,23026,3.66,0,11,14,24,1
2507,23030,0.46,0,3,6,4,1
2508,23032,-0.52,0,1,4,2,1
2509,23048,1.39,0,6,9,16,1
2510,23058,2.3,0,7,10,10,1
2511,23062,0.46,0,3,6,4,1
2512,23070,1.87,0,6,9,8,1
2513,23073,-0.58,0,1,4,3,1
2514,23074,-1.01,0,0,3,1,1
2515,23081,0.83,0,4,7,7,1
2516,23087,0.89,0,4,7,6,1
2517,23094,1.93,0,6,9,7,1
2518,23112,3.47,0,10,13,18,1
2519,23117,0.4,0,3,6,5,1
2520,23120,-0.03,0,2,5,3,1
2521,23121,-1.01,0,0,3,1,1
2522,23131,3.4,0,9,12,10,1
2523,23139,0.77,0,4,7,8,1
2524,23140,-1.01,0,0,3,1,1
2525,23156,3.04,0,9,12,16,1
2526,23164,1.32,0,5,8,8,1
2527,23179,3.65,0,10,13,15,1
2528,23181,-0.52,0,1,4,2,1
2529,23197,3.59,0,10,13,16,1
2530,23221,4.21,0,12,15,24,1
2531,23243,4.88,0,13,16,22,1
2532,23249,1.44,0,5,8,6,1
2533,23280,5.99,0,16,19,31,1
2534,23291,3.34,0,9,12,11,1
2535,23301,2.3,0,7,10,10,1
2536,23302,-1.01,0,0,3,1,1
2537,23309,1.38,0,5,8,7,1
2538,23321,2.73,0,8,11,12,1
2539,23340,3.96,0,11,14,19,1
2540,23345,0.4,0,3,6,5,1
2541,23352,1.38,0,5,8,7,1
2542,23358,0.89,0,4,7,6,1
2543,23363,0.4,0,3,6,5,1
2544,23374,2.24,0,7,10,11,1
2545,23393,3.41,0,10,13,19,1
2546,23402,2.91,0,8,11,9,1
2547,23403,-1.01,0,0,3,1,1
2548,23432,5.01,0,14,17,29,1
2549,23433,-1.01,0,0,3,1,1
2550,23440,0.83,0,4,7,7,1
2551,23451,2.24,0,7,10,11,1
2552,23452,-1.01,0,0,3,1,1
2553,23454,-0.52,0,1,4,2,1
2554,23465,2.24,0,7,10,11,1
2555,23469,0.46,0,3,6,4,1
2556,23474,0.95,0,4,7,5,1
2557,23507,6.42,0,17,20,33,1
2558,23517,2.3,0,7,10,10,1
2559,23536,4.51,0,12,15,19,1
2560,23537,-1.01,0,0,3,1,1
2561,23540,-0.03,0,2,5,3,1
2562,23545,0.95,0,4,7,5,1
2563,23548,-0.03,0,2,5,3,1
2564,23565,4.08,0,11,14,17,1
2565,23573,2.42,0,7,10,8,1
2566,23574,-1.01,0,0,3,1,1
2567,23600,6.29,0,16,19,26,1
2568,23607,0.83,0,4,7,7,1
2569,23608,-1.01,0,0,3,1,1
2570,23609,-1.01,0,0,3,1,1
2571,23617,1.87,0,6,9,8,1
2572,23618,-1.01,0,0,3,1,1
2573,23638,3.35,0,10,13,20,1
2574,23640,-0.52,0,1,4,2,1
2575,23646,0.89,0,4,7,6,1
2576,23666,3.9,0,11,14,20,1
2577,23699,4.77,0,14,17,33,1
2578,23703,0.46,0,3,6,4,1
2579,23710,1.38,0,5,8,7,1
2580,23711,-1.01,0,0,3,1,1
2581,23727,4.14,0,11,14,16,1
2582,23744,1.88,0,7,10,17,1
2583,23752,1.87,0,6,9,8,1
2584,23782,4.95,0,14,17,30,1
2585,23783,-1.01,0,0,3,1,1
2586,23787,0.46,0,3,6,4,1
2587,23791,-0.09,0,2,5,4,1
2588,23805,4.26,0,11,14,14,1
2589,23860,7.3,0,21,24,55,1
2590,23890,4.4,0,13,16,30,1
2591,23894,0.46,0,3,6,4,1
2592,23914,3.35,0,10,13,20,1
2593,23917,-0.03,0,2,5,3,1
2594,23921,0.46,0,3,6,4,1
2595,23923,-0.52,0,1,4,2,1
2596,23971,6.07,0,18,21,48,1
2597,23976,0.95,0,4,7,5,1
2598,24002,2.44,0,9,12,26,1
2599,24021,3.96,0,11,14,19,1
2600,24022,-1.01,0,0,3,1,1
2601,24027,0.95,0,4,7,5,1
2602,24031,0.46,0,3,6,4,1
2603,24036,0.95,0,4,7,5,1
2604,24061,5.8,0,15,18,25,1
2605,24065,0.46,0,3,6,4,1
2606,24075,3.4,0,9,12,10,1
2607,24079,0.46,0,3,6,4,1
2608,24088,2.36,0,7,10,9,1
2609,24110,2.68,0,9,12,22,1
2610,24124,3.16,0,9,12,14,1
2611,24130,1.44,0,5,8,6,1
2612,24135,0.4,0,3,6,5,1
2613,24160,4.7,0,13,16,25,1
2614,24167,1.38,0,5,8,7,1
2615,24172,0.95,0,4,7,5,1
2616,24208,4.04,0,13,16,36,1
2617,24220,2.73,0,8,11,12,1
2618,24240,4.45,0,12,15,20,1
2619,24241,-1.01,0,0,3,1,1
2620,24262,5.49,0,14,17,21,1
2621,24263,-1.01,0,0,3,1,1
2622,24264,-1.01,0,0,3,1,1
2623,24276,3.28,0,9,12,12,1
2624,24277,-1.01,0,0,3,1,1
2625,24278,-1.01,0,0,3,1,1
2626,24293,3.1,0,9,12,15,1
2627,24296,-0.03,0,2,5,3,1
2628,24316,3.35,0,10,13,20,1
2629,24321,0.4,0,3,6,5,1
2630,24326,0.4,0,3,6,5,1
2631,24334,2.42,0,7,10,8,1
2632,24342,2.42,0,7,10,8,1
2633,24356,3.71,0,10,13,14,1
2634,24363,1.38,0,5,8,7,1
2635,24365,-0.52,0,1,4,2,1
2636,24368,-0.03,0,2,5,3,1
2637,24378,1.75,0,6,9,10,1
2638,24393,4.2,0,11,14,15,1
2639,24397,-0.09,0,2,5,4,1
2640,24413,3.04,0,9,12,16,1
2641,24418,0.95,0,4,7,5,1
2642,24447,5.56,0,15,18,29,1
2643,24451,0.46,0,3,6,4,1
2644,24483,4.83,0,14,17,32,1
2645,24492,0.71,0,4,7,9,1
2646,24493,-1.01,0,0,3,1,1
2647,24547,6.26,0,19,22,54,1
2648,24579,4.83,0,14,17,32,1
2649,24581,-0.52,0,1,4,2,1
2650,24582,-1.01,0,0,3,1,1
2651,24590,0.77,0,4,7,8,1
2652,24603,2.67,0,8,11,13,1
2653,24612,1.26,0,5,8,9,1
2654,24616,-0.09,0,2,5,4,1
2655,24620,-0.09,0,2,5,4,1
2656,24624,0.46,0,3,6,4,1
2657,24625,-1.01,0,0,3,1,1
2658,24630,0.4,0,3,6,5,1
2659,24637,0.83,0,4,7,7,1
2660,24640,-0.03,0,2,5,3,1
2661,24642,-0.52,0,1,4,2,1
2662,24666,4.21,0,12,15,24,1
2663,24670,0.46,0,3,6,4,1
2664,24680,1.75,0,6,9,10,1
2665,24703,2.62,0,9,12,23,1
2666,24716,3.22,0,9,12,13,1
2667,24721,0.95,0,4,7,5,1
2668,24731,2.3,0,7,10,10,1
2669,24735,-0.09,0,2,5,4,1
2670,24739,0.46,0,3,6,4,1
2671,24748,1.26,0,5,8,9,1
2672,24763,3.65,0,10,13,15,1
2673,24764,-1.01,0,0,3,1,1
2674,24773,1.81,0,6,9,9,1
2675,24776,-0.03,0,2,5,3,1
2676,24786,1.75,0,6,9,10,1
2677,24789,-0.03,0,2,5,3,1
2678,24802,2.67,0,8,11,13,1
2679,24807,0.95,0,4,7,5,1
2680,24834,5.68,0,15,18,27,1
2681,24843,1.26,0,5,8,9,1
2682,24853,2.85,0,8,11,10,1
2683,24861,1.87,0,6,9,8,1
2684,24874,2.67,0,8,11,13,1
2685,24881,1.93,0,6,9,7,1
2686,24883,-0.52,0,1,4,2,1
2687,24885,-0.52,0,1,4,2,1
2688,24901,4.14,0,11,14,16,1
2689,24908,1.38,0,5,8,7,1
2690,24910,-0.52,0,1,4,2,1
2691,24974,5.66,0,19,22,64,1
2692,24983,1.81,0,6,9,9,1
2693,25016,5.87,0,16,19,33,1
2694,25020,0.46,0,3,6,4,1
2695,25028,1.87,0,6,9,8,1
2696,25038,2.3,0,7,10,10,1
2697,25040,-0.52,0,1,4,2,1
2698,25050,2.3,0,7,10,10,1
2699,25090,4.9,0,15,18,40,1
2700,25092,-0.52,0,1,4,2,1
2701,25103,3.34,0,9,12,11,1
2702,25107,0.46,0,3,6,4,1
2703,25109,-0.52,0,1,4,2,1
2704,25118,1.26,0,5,8,9,1
2705,25132,2.61,0,8,11,14,1
2706,25137,0.4,0,3,6,5,1
2707,25171,5.26,0,15,18,34,1
2708,25180,1.26,0,5,8,9,1
2709,25182,-0.52,0,1,4,2,1
2710,25184,-0.52,0,1,4,2,1
2711,25191,1.38,0,5,8,7,1
2712,25204,2.12,0,7,10,13,1
2713,25212,2.42,0,7,10,8,1
2714,25227,3.65,0,10,13,15,1
2715,25253,4.64,0,13,16,26,1
2716,25269,3.59,0,10,13,16,1
2717,25270,-1.01,0,0,3,1,1
2718,25273,-0.03,0,2,5,3,1
2719,25294,4.94,0,13,16,21,1
2720,25295,-1.01,0,0,3,1,1
2721,25299,0.46,0,3,6,4,1
2722,25316,2.98,0,9,12,17,1
2723,25322,0.89,0,4,7,6,1
2724,25328,0.89,0,4,7,6,1
2725,25329,-1.01,0,0,3,1,1
2726,25353,4.21,0,12,15,24,1
2727,25367,3.16,0,9,12,14,1
2728,25368,-1.01,0,0,3,1,1
2729,25370,-0.52,0,1,4,2,1
2730,25381,2.24,0,7,10,11,1
2731,25404,3.72,0,11,14,23,1
2732,25405,-1.01,0,0,3,1,1
2733,25413,0.77,0,4,7,8,1
2734,25425,2.73,0,8,11,12,1
2735,25429,0.46,0,3,6,4,1
2736,25451,3.78,0,11,14,22,1
2737,25453,-0.52,0,1,4,2,1
2738,25465,3.83,0,10,13,12,1
2739,25467,-0.52,0,1,4,2,1
2740,25485,4.57,0,12,15,18,1
2741,25495,1.2,0,5,8,10,1
2742,25497,-0.52,0,1,4,2,1
2743,25501,0.46,0,3,6,4,1
2744,25506,0.4,0,3,6,5,1
2745,25507,-1.01,0,0,3,1,1
2746,25547,4.9,0,15,18,40,1
2747,25550,-0.03,0,2,5,3,1
2748,25552,-0.52,0,1,4,2,1
2749,25557,0.95,0,4,7,5,1
2750,25561,-0.09,0,2,5,4,1
2751,25579,5.12,0,13,16,18,1
2752,25581,-0.52,0,1,4,2,1
2753,25593,1.63,0,6,9,12,1
2754,25601,1.32,0,5,8,8,1
2755,25621,3.9,0,11,14,20,1
2756,25626,0.4,0,3,6,5,1
2757,25632,0.89,0,4,7,6,1
2758,25649,2.98,0,9,12,17,1
2759,25667,2.92,0,9,12,18,1
2760,25673,0.89,0,4,7,6,1
2761,25690,4.08,0,11,14,17,1
2762,25700,2.85,0,8,11,10,1
2763,25704,-0.09,0,2,5,4,1
2764,25705,-1.01,0,0,3,1,1
2765,25715,2.85,0,8,11,10,1
2766,25717,-0.52,0,1,4,2,1
2767,25743,5.19,0,14,17,26,1
2768,25747,0.46,0,3,6,4,1
2769,25756,2.36,0,7,10,9,1
2770,25774,2.37,0,8,11,18,1
2771,25792,2.92,0,9,12,18,1
2772,25797,0.95,0,4,7,5,1
2773,25822,4.15,0,12,15,25,1
2774,25824,-0.52,0,1,4,2,1
2775,25864,6.0,0,17,20,40,1
2776,25870,0.89,0,4,7,6,1
2777,25888,4.02,0,11,14,18,1
2778,25900,3.28,0,9,12,12,1
2779,25909,2.36,0,7,10,9,1
2780,25916,1.38,0,5,8,7,1
2781,25928,3.28,0,9,12,12,1
2782,25938,2.3,0,7,10,10,1
2783,25950,1.63,0,6,9,12,1
2784,25968,3.47,0,10,13,18,1
2785,25975,1.93,0,6,9,7,1
2786,25977,-0.52,0,1,4,2,1
2787,25997,5.0,0,13,16,20,1
2788,26007,1.75,0,6,9,10,1
2789,26013,1.44,0,5,8,6,1
2790,26015,-0.52,0,1,4,2,1
2791,26023,1.87,0,6,9,8,1
2792,26044,3.29,0,10,13,21,1
2793,26047,-0.58,0,1,4,3,1
2794,26077,6.05,0,16,19,30,1
2795,26083,0.89,0,4,7,6,1
2796,26088,0.4,0,3,6,5,1
2797,26089,-1.01,0,0,3,1,1
2798,26096,1.38,0,5,8,7,1
2799,26119,4.27,0,12,15,23,1
2800,26124,0.95,0,4,7,5,1
2801,26145,3.29,0,10,13,21,1
2802,26148,-0.03,0,2,5,3,1
2803,26149,-1.01,0,0,3,1,1
2804,26150,-1.01,0,0,3,1,1
2805,26158,1.32,0,5,8,8,1
2806,26169,2.24,0,7,10,11,1
2807,26192,4.82,0,13,16,23,1
2808,26207,3.65,0,10,13,15,1
2809,26212,0.4,0,3,6,5,1
2810,26214,-0.52,0,1,4,2,1
2811,26217,-0.03,0,2,5,3,1
2812,26222,0.4,0,3,6,5,1
2813,26233,2.24,0,7,10,11,1
2814,26234,-1.01,0,0,3,1,1
2815,26236,-0.52,0,1,4,2,1
2816,26243,0.83,0,4,7,7,1
2817,26260,4.63,0,12,15,17,1
2818,26264,0.46,0,3,6,4,1
2819,26278,3.71,0,10,13,14,1
2820,26279,-1.01,0,0,3,1,1
2821,26304,4.15,0,12,15,25,1
2822,26326,3.23,0,10,13,22,1
2823,26339,3.22,0,9,12,13,1
2824,26345,1.44,0,5,8,6,1
2825,26349,-0.09,0,2,5,4,1
2826,26398,4.36,0,15,18,49,1
2827,26418,5.0,0,13,16,20,1
2828,26438,1.7,0,7,10,20,1
2829,26453,3.65,0,10,13,15,1
2830,26466,1.57,0,6,9,13,1
2831,26486,3.35,0,10,13,20,1
2832,26490,0.46,0,3,6,4,1
2833,26497,0.28,0,3,6,7,1
2834,26511,2.06,0,7,10,14,1
2835,26513,-0.52,0,1,4,2,1
2836,26518,0.95,0,4,7,5,1
2837,26521,-0.03,0,2,5,3,1
2838,26571,4.3,0,15,18,50,1
2839,26579,1.32,0,5,8,8,1
2840,26580,-1.01,0,0,3,1,1
2841,26586,0.34,0,3,6,6,1
2842,26595,2.36,0,7,10,9,1
2843,26599,0.46,0,3,6,4,1
2844,26601,-0.52,0,1,4,2,1
2845,26607,0.34,0,3,6,6,1
2846,26610,-0.58,0,1,4,3,1
2847,26616,0.89,0,4,7,6,1
2848,26651,5.75,0,16,19,35,1
2849,26656,0.95,0,4,7,5,1
2850,26662,1.44,0,5,8,6,1
2851,26694,4.83,0,14,17,32,1
2852,26695,-1.01,0,0,3,1,1
2853,26733,5.57,0,16,19,38,1
2854,26739,0.89,0,4,7,6,1
2855,26753,3.16,0,9,12,14,1
2856,26763,0.65,0,4,7,10,1
2857,26768,-0.15,0,2,5,5,1
2858,26778,1.75,0,6,9,10,1
2859,26783,0.4,0,3,6,5,1
2860,26784,-1.01,0,0,3,1,1
2861,26786,-0.52,0,1,4,2,1
2862,26792,0.89,0,4,7,6,1
2863,26822,5.5,0,15,18,30,1
2864,26851,5.01,0,14,17,29,1
2865,26858,0.83,0,4,7,7,1
2866,26861,-0.58,0,1,4,3,1
2867,26869,2.42,0,7,10,8,1
2868,26875,0.89,0,4,7,6,1
2869,26878,-0.03,0,2,5,3,1
2870,26911,5.32,0,15,18,33,1
2871,26921,1.2,0,5,8,10,1
2872,26932,2.24,0,7,10,11,1
2873,26937,0.4,0,3,6,5,1
2874,26952,2.55,0,8,11,15,1
2875,26954,-0.52,0,1,4,2,1
2876,26955,-1.01,0,0,3,1,1
2877,26958,-0.03,0,2,5,3,1
2878,26960,-0.52,0,1,4,2,1
2879,26976,3.04,0,9,12,16,1
2880,26980,0.46,0,3,6,4,1
2881,27003,3.17,0,10,13,23,1
2882,27005,-0.52,0,1,4,2,1
2883,27008,-0.03,0,2,5,3,1
2884,27018,2.85,0,8,11,10,1
2885,27050,5.38,0,15,18,32,1
2886,27052,-0.52,0,1,4,2,1
2887,27065,1.02,0,5,8,13,1
2888,27077,2.73,0,8,11,12,1
2889,27087,3.4,0,9,12,10,1
2890,27101,3.71,0,10,13,14,1
2891,27128,4.58,0,13,16,27,1
2892,27138,1.2,0,5,8,10,1
2893,27141,-0.03,0,2,5,3,1
2894,27177,5.69,0,16,19,36,1
2895,27193,3.04,0,9,12,16,1
2896,27199,1.44,0,5,8,6,1
2897,27201,-0.52,0,1,4,2,1
2898,27207,1.44,0,5,8,6,1
2899,27215,0.77,0,4,7,8,1
2900,27222,0.83,0,4,7,7,1
2901,27294,5.18,0,19,22,72,1
2902,27308,2.61,0,8,11,14,1
2903,27314,1.44,0,5,8,6,1
2904,27315,-1.01,0,0,3,1,1
2905,27318,-0.03,0,2,5,3,1
2906,27321,-0.03,0,2,5,3,1
2907,27338,2.43,0,8,11,17,1
2908,27341,-0.03,0,2,5,3,1
2909,27393,6.93,0,20,23,52,1
2910,27395,-0.52,0,1,4,2,1
2911,27396,-1.01,0,0,3,1,1
2912,27402,0.34,0,3,6,6,1
2913,27405,-0.58,0,1,4,3,1
2914,27410,0.4,0,3,6,5,1
2915,27427,4.08,0,11,14,17,1
2916,27435,1.32,0,5,8,8,1
2917,27447,2.73,0,8,11,12,1
2918,27452,0.95,0,4,7,5,1
2919,27458,0.34,0,3,6,6,1
2920,27469,2.79,0,8,11,11,1
2921,27473,0.46,0,3,6,4,1
2922,27483,2.85,0,8,11,10,1
2923,27488,0.95,0,4,7,5,1
2924,27521,3.67,0,12,15,33,1
2925,27538,1.88,0,7,10,17,1
2926,27539,-1.01,0,0,3,1,1
2927,27542,-0.03,0,2,5,3,1
2928,27554,2.18,0,7,10,12,1
2929,27562,1.32,0,5,8,8,1
2930,27571,2.36,0,7,10,9,1
2931,27592,4.39,0,12,15,21,1
2932,27593,-1.01,0,0,3,1,1
2933,27606,2.67,0,8,11,13,1
2934,27609,-0.03,0,2,5,3,1
2935,27611,-0.52,0,1,4,2,1
2936,27622,1.69,0,6,9,11,1
2937,27633,2.24,0,7,10,11,1
2938,27638,0.95,0,4,7,5,1
2939,27649,2.24,0,7,10,11,1
2940,27664,2.55,0,8,11,15,1
2941,27667,-0.03,0,2,5,3,1
2942,27673,0.34,0,3,6,6,1
2943,27698,5.25,0,14,17,25,1
2944,27708,1.75,0,6,9,10,1
2945,27720,3.28,0,9,12,12,1
2946,27724,-0.09,0,2,5,4,1
2947,27730,0.89,0,4,7,6,1
2948,27752,3.78,0,11,14,22,1
2949,27753,-1.01,0,0,3,1,1
2950,27758,0.95,0,4,7,5,1
2951,27764,1.44,0,5,8,6,1
2952,27766,-0.52,0,1,4,2,1
2953,27779,2.12,0,7,10,13,1
2954,27797,2.92,0,9,12,18,1
2955,27801,-0.09,0,2,5,4,1
2956,27809,1.87,0,6,9,8,1
2957,27813,-0.09,0,2,5,4,1
2958,27814,-1.01,0,0,3,1,1
2959,27816,-0.52,0,1,4,2,1
2960,27826,3.4,0,9,12,10,1
2961,27864,7.77,0,20,23,38,1
2962,27867,-0.03,0,2,5,3,1
2963,27871,0.46,0,3,6,4,1
2964,27875,0.46,0,3,6,4,1
2965,27890,3.65,0,10,13,15,1
2966,27892,-0.52,0,1,4,2,1
2967,27898,0.34,0,3,6,6,1
2968,27917,3.41,0,10,13,19,1
2969,27936,3.96,0,11,14,19,1
2970,27953,2.98,0,9,12,17,1
2971,27958,0.95,0,4,7,5,1
2972,27971,2.12,0,7,10,13,1
2973,27972,-1.01,0,0,3,1,1
2974,27976,0.46,0,3,6,4,1
2975,27980,0.46,0,3,6,4,1
2976,27981,-1.01,0,0,3,1,1
2977,27995,3.16,0,9,12,14,1
2978,28003,0.77,0,4,7,8,1
2979,28005,-0.52,0,1,4,2,1
2980,28011,1.44,0,5,8,6,1
2981,28012,-1.01,0,0,3,1,1
2982,28021,2.91,0,8,11,9,1
2983,28031,2.85,0,8,11,10,1
2984,28044,2.67,0,8,11,13,1
2985,28050,0.89,0,4,7,6,1
2986,28058,1.87,0,6,9,8,1
2987,28065,1.38,0,5,8,7,1
2988,28067,-0.52,0,1,4,2,1
2989,28070,-0.03,0,2,5,3,1
2990,28077,1.93,0,6,9,7,1
2991,28103,3.54,0,11,14,26,1
2992,28126,5.92,0,15,18,23,1
2993,28169,6.92,0,19,22,43,1
2994,28172,-0.03,0,2,5,3,1
2995,28174,-0.52,0,1,4,2,1
2996,28176,-0.52,0,1,4,2,1
2997,28178,-0.52,0,1,4,2,1
2998,28179,-1.01,0,0,3,1,1
2999,28181,-0.52,0,1,4,2,1
3000,28184,-0.03,0,2,5,3,1
3001,28186,-0.52,0,1,4,2,1
3002,28200,3.16,0,9,12,14,1
3003,28204,0.46,0,3,6,4,1
3004,28207,-0.03,0,2,5,3,1
3005,28221,3.16,0,9,12,14,1
3006,28227,0.89,0,4,7,6,1
3007,28232,0.95,0,4,7,5,1
3008,28236,0.46,0,3,6,4,1
3009,28248,3.28,0,9,12,12,1
3010,28283,4.65,0,14,17,35,1
3011,28284,-1.01,0,0,3,1,1
3012,28292,1.87,0,6,9,8,1
3013,28294,-0.52,0,1,4,2,1
3014,28295,-1.01,0,0,3,1,1
3015,28297,-0.52,0,1,4,2,1
3016,28316,5.06,0,13,16,19,1
3017,28322,0.89,0,4,7,6,1
3018,28326,-0.09,0,2,5,4,1
3019,28328,-0.52,0,1,4,2,1
3020,28332,0.46,0,3,6,4,1
3021,28366,5.81,0,16,19,34,1
3022,28370,0.46,0,3,6,4,1
3023,28373,-0.03,0,2,5,3,1
3024,28381,2.42,0,7,10,8,1
3025,28382,-1.01,0,0,3,1,1
3026,28394,2.73,0,8,11,12,1
3027,28397,-0.03,0,2,5,3,1
3028,28405,1.87,0,6,9,8,1
3029,28410,0.4,0,3,6,5,1
3030,28419,1.81,0,6,9,9,1
3031,28421,-0.52,0,1,4,2,1
3032,28452,4.89,0,14,17,31,1
3033,28473,4.94,0,13,16,21,1
3034,28522,6.01,0,18,21,49,1
3035,28526,-0.09,0,2,5,4,1
3036,28531,0.95,0,4,7,5,1
3037,28532,-1.01,0,0,3,1,1
3038,28538,0.89,0,4,7,6,1
3039,28540,-0.52,0,1,4,2,1
3040,28546,0.34,0,3,6,6,1
3041,28553,1.38,0,5,8,7,1
3042,28555,-0.52,0,1,4,2,1
3043,28585,3.85,0,12,15,30,1
3044,28590,0.4,0,3,6,5,1
3045,28604,3.16,0,9,12,14,1
3046,28609,0.95,0,4,7,5,1
3047,28629,6.1,0,15,18,20,1
3048,28637,1.87,0,6,9,8,1
3049,28638,-1.01,0,0,3,1,1
3050,28641,-0.03,0,2,5,3,1
3051,28661,6.1,0,15,18,20,1
3052,28667,0.89,0,4,7,6,1
3053,28669,-0.52,0,1,4,2,1
3054,28677,1.32,0,5,8,8,1
3055,28690,3.22,0,9,12,13,1
3056,28692,-0.52,0,1,4,2,1
3057,28709,3.53,0,10,13,17,1
3058,28717,1.87,0,6,9,8,1
3059,28738,4.94,0,13,16,21,1
3060,28745,1.38,0,5,8,7,1
3061,28753,1.32,0,5,8,8,1
3062,28759,1.44,0,5,8,6,1
3063,28762,-0.58,0,1,4,3,1
3064,28767,0.95,0,4,7,5,1
3065,28768,-1.01,0,0,3,1,1
3066,28807,5.51,0,16,19,39,1
3067,28814,0.83,0,4,7,7,1
3068,28819,0.95,0,4,7,5,1
3069,28825,1.44,0,5,8,6,1
3070,28830,0.4,0,3,6,5,1
3071,28831,-1.01,0,0,3,1,1
3072,28848,4.08,0,11,14,17,1
3073,28852,0.46,0,3,6,4,1
3074,28871,3.41,0,10,13,19,1
3075,28882,3.34,0,9,12,11,1
3076,28884,-0.52,0,1,4,2,1
3077,28912,5.62,0,15,18,28,1
3078,28920,1.32,0,5,8,8,1
3079,28922,-0.52,0,1,4,2,1
3080,28932,2.3,0,7,10,10,1
3081,28939,1.38,0,5,8,7,1
3082,28945,0.89,0,4,7,6,1
3083,28954,2.36,0,7,10,9,1
3084,28993,6.61,0,18,21,39,1
3085,28997,0.46,0,3,6,4,1
3086,29001,-0.09,0,2,5,4,1
3087,29002,-1.01,0,0,3,1,1
3088,29021,3.41,0,10,13,19,1
3089,29033,2.73,0,8,11,12,1
3090,29047,1.51,0,6,9,14,1
3091,29052,0.95,0,4,7,5,1
3092,29055,-0.58,0,1,4,3,1
3093,29090,6.85,0,18,21,35,1
3094,29092,-0.52,0,1,4,2,1
3095,29107,3.1,0,9,12,15,1
3096,29112,0.95,0,4,7,5,1
3097,29117,0.4,0,3,6,5,1
3098,29123,1.44,0,5,8,6,1
3099,29129,0.89,0,4,7,6,1
3100,29139,2.3,0,7,10,10,1
3101,29144,0.95,0,4,7,5,1
3102,29148,-0.09,0,2,5,4,1
3103,29158,2.3,0,7,10,10,1
3104,29165,1.93,0,6,9,7,1
3105,29175,2.3,0,7,10,10,1
3106,29176,-1.01,0,0,3,1,1
3107,29194,4.02,0,11,14,18,1
3108,29213,4.51,0,12,15,19,1
3109,29222,2.36,0,7,10,9,1
3110,29224,-0.52,0,1,4,2,1
3111,29225,-1.01,0,0,3,1,1
3112,29247,3.23,0,10,13,22,1
3113,29265,4.57,0,12,15,18,1
3114,29267,-0.52,0,1,4,2,1
3115,29273,0.89,0,4,7,6,1
3116,29286,3.22,0,9,12,13,1
3117,29291,0.95,0,4,7,5,1
3118,29292,-1.01,0,0,3,1,1
3119,29302,2.3,0,7,10,10,1
3120,29313,2.79,0,8,11,11,1
3121,29329,4.69,0,12,15,16,1
3122,29385,6.14,0,19,22,56,1
3123,29393,1.32,0,5,8,8,1
3124,29396,-0.03,0,2,5,3,1
3125,29403,1.38,0,5,8,7,1
3126,29416,2.67,0,8,11,13,1
3127,29446,6.05,0,16,19,30,1
3128,29447,-1.01,0,0,3,1,1
3129,29462,4.2,0,11,14,15,1
3130,29464,-0.52,0,1,4,2,1
3131,29468,-0.09,0,2,5,4,1
3132,29470,-0.52,0,1,4,2,1
3133,29476,0.89,0,4,7,6,1
3134,29495,5.61,0,14,17,19,1
3135,29515,3.9,0,11,14,20,1
3136,29528,3.77,0,10,13,13,1
3137,29535,1.38,0,5,8,7,1
3138,29552,3.53,0,10,13,17,1
3139,29569,2.43,0,8,11,17,1
3140,29570,-1.01,0,0,3,1,1
3141,29572,-0.52,0,1,4,2,1
3142,29582,2.3,0,7,10,10,1
3143,29586,0.46,0,3,6,4,1
3144,29599,3.22,0,9,12,13,1
3145,29602,-0.03,0,2,5,3,1
3146,29616,3.16,0,9,12,14,1
3147,29621,0.95,0,4,7,5,1
3148,29622,-1.01,0,0,3,1,1
3149,29631,1.26,0,5,8,9,1
3150,29632,-1.01,0,0,3,1,1
3151,29634,-0.52,0,1,4,2,1
3152,29635,-1.01,0,0,3,1,1
3153,29646,2.79,0,8,11,11,1
3154,29659,4.87,0,12,15,13,1
3155,29660,-1.01,0,0,3,1,1
3156,29672,4.38,0,11,14,12,1
3157,29687,3.1,0,9,12,15,1
3158,29688,-1.01,0,0,3,1,1
3159,29689,-1.01,0,0,3,1,1
3160,29696,0.83,0,4,7,7,1
3161,29703,1.38,0,5,8,7,1
3162,29705,-0.52,0,1,4,2,1
3163,29719,2.06,0,7,10,14,1
3164,29728,2.91,0,8,11,9,1
3165,29732,0.46,0,3,6,4,1
3166,29738,1.44,0,5,8,6,1
3167,29746,1.87,0,6,9,8,1
3168,29766,2.8,0,9,12,20,1
3169,29769,-0.03,0,2,5,3,1
3170,29774,0.95,0,4,7,5,1
3171,29779,0.4,0,3,6,5,1
3172,29782,-0.03,0,2,5,3,1
3173,29785,-0.03,0,2,5,3,1
3174,29786,-1.01,0,0,3,1,1
3175,29796,2.3,0,7,10,10,1
3176,29805,2.36,0,7,10,9,1
3177,29814,2.36,0,7,10,9,1
3178,29825,2.24,0,7,10,11,1
3179,29826,-1.01,0,0,3,1,1
3180,29842,2.49,0,8,11,16,1
3181,29847,0.4,0,3,6,5,1
3182,29848,-1.01,0,0,3,1,1
3183,29850,-0.52,0,1,4,2,1
3184,29854,0.46,0,3,6,4,1
3185,29880,5.74,0,15,18,26,1
3186,29885,0.95,0,4,7,5,1
3187,29903,3.47,0,10,13,18,1
3188,29921,4.57,0,12,15,18,1
3189,29923,-0.52,0,1,4,2,1
3190,29945,3.23,0,10,13,22,1
3191,29951,0.34,0,3,6,6,1
3192,29958,0.83,0,4,7,7,1
3193,29962,-0.09,0,2,5,4,1
3194,29965,-0.03,0,2,5,3,1
3195,29971,1.44,0,5,8,6,1
3196,29977,1.44,0,5,8,6,1
3197,29988,2.79,0,8,11,11,1
3198,29991,-0.03,0,2,5,3,1
3199,30012,3.84,0,11,14,21,1
3200,30016,0.46,0,3,6,4,1
3201,30021,-0.15,0,2,5,5,1
3202,30024,-0.03,0,2,5,3,1
3203,30047,4.82,0,13,16,23,1
3204,30057,2.3,0,7,10,10,1
3205,30104,7.23,0,20,23,47,1
3206,30110,0.89,0,4,7,6,1
3207,30114,0.46,0,3,6,4,1
3208,30131,2.43,0,8,11,17,1
3209,30193,6.88,0,21,24,62,1
3210,30196,-0.03,0,2,5,3,1
3211,30215,5.06,0,13,16,19,1
3212,30245,7.15,0,18,21,30,1
3213,30258,2.12,0,7,10,13,1
3214,30262,0.46,0,3,6,4,1
3215,30273,3.34,0,9,12,11,1
3216,30279,1.44,0,5,8,6,1
3217,30290,2.79,0,8,11,11,1
3218,30308,4.57,0,12,15,18,1
3219,30309,-1.01,0,0,3,1,1
3220,30321,2.18,0,7,10,12,1
3221,30322,-1.01,0,0,3,1,1
3222,30333,2.79,0,8,11,11,1
3223,30340,0.83,0,4,7,7,1
3224,30341,-1.01,0,0,3,1,1
3225,30347,0.34,0,3,6,6,1
3226,30370,5.92,0,15,18,23,1
3227,30372,-0.52,0,1,4,2,1
3228,30373,-1.01,0,0,3,1,1
3229,30375,-0.52,0,1,4,2,1
3230,30378,-0.03,0,2,5,3,1
3231,30381,-0.03,0,2,5,3,1
3232,30382,-1.01,0,0,3,1,1
3233,30383,-1.01,0,0,3,1,1
3234,30398,3.65,0,10,13,15,1
3235,30412,3.71,0,10,13,14,1
3236,30417,0.4,0,3,6,5,1
3237,30420,-0.03,0,2,5,3,1
3238,30439,3.96,0,11,14,19,1
3239,30452,3.77,0,10,13,13,1
3240,30454,-0.52,0,1,4,2,1
3241,30456,-0.52,0,1,4,2,1
3242,30459,-0.03,0,2,5,3,1
3243,30460,-1.01,0,0,3,1,1
3244,30473,4.32,0,11,14,13,1
3245,30476,-0.03,0,2,5,3,1
3246,30484,2.42,0,7,10,8,1
3247,30533,4.91,0,16,19,49,1
3248,30544,2.79,0,8,11,11,1
3249,30557,3.22,0,9,12,13,1
3250,30567,1.75,0,6,9,10,1
3251,30570,-0.03,0,2,5,3,1
3252,30574,-0.09,0,2,5,4,1
3253,30598,4.76,0,13,16,24,1
3254,30604,0.34,0,3,6,6,1
3255,30612,1.87,0,6,9,8,1
3256,30618,0.89,0,4,7,6,1
3257,30621,-0.03,0,2,5,3,1
3258,30622,-1.01,0,0,3,1,1
3259,30626,-0.09,0,2,5,4,1
3260,30639,1.02,0,5,8,13,1
3261,30642,-0.03,0,2,5,3,1
3262,30649,1.93,0,6,9,7,1
3263,30652,-0.58,0,1,4,3,1
3264,30659,1.38,0,5,8,7,1
3265,30665,1.44,0,5,8,6,1
3266,30677,2.73,0,8,11,12,1
3267,30682,0.4,0,3,6,5,1
3268,30686,0.46,0,3,6,4,1
3269,30688,-0.52,0,1,4,2,1
3270,30706,4.57,0,12,15,18,1
3271,30708,-0.52,0,1,4,2,1
3272,30712,0.46,0,3,6,4,1
3273,30736,4.76,0,13,16,24,1
3274,30747,2.24,0,7,10,11,1
3275,30752,0.95,0,4,7,5,1
3276,30775,5.37,0,14,17,23,1
3277,30777,-0.52,0,1,4,2,1
3278,30779,-0.52,0,1,4,2,1
3279,30803,4.21,0,12,15,24,1
3280,30806,-0.58,0,1,4,3,1
3281,30821,3.1,0,9,12,15,1
3282,30831,2.85,0,8,11,10,1
3283,30837,1.44,0,5,8,6,1
3284,30842,0.95,0,4,7,5,1
3285,30852,2.3,0,7,10,10,1
3286,30863,1.69,0,6,9,11,1
3287,30865,-0.52,0,1,4,2,1
3288,30876,3.34,0,9,12,11,1
3289,30878,-0.52,0,1,4,2,1
3290,30879,-1.01,0,0,3,1,1
3291,30880,-1.01,0,0,3,1,1
3292,30894,2.61,0,8,11,14,1
3293,30912,5.12,0,13,16,18,1
3294,30918,1.44,0,5,8,6,1
3295,30919,-1.01,0,0,3,1,1
3296,30922,-0.03,0,2,5,3,1
3297,30923,-1.01,0,0,3,1,1
3298,30934,1.69,0,6,9,11,1
3299,30942,2.42,0,7,10,8,1
3300,30951,2.36,0,7,10,9,1
3301,30965,3.16,0,9,12,14,1
3302,30967,-0.52,0,1,4,2,1
3303,30972,0.95,0,4,7,5,1
3304,30975,-0.03,0,2,5,3,1
3305,30979,0.46,0,3,6,4,1
3306,30983,0.46,0,3,6,4,1
3307,30988,0.95,0,4,7,5,1
3308,30995,0.83,0,4,7,7,1
3309,30996,-1.01,0,0,3,1,1
3310,30998,-0.52,0,1,4,2,1
3311,31009,1.69,0,6,9,11,1
3312,31020,2.79,0,8,11,11,1
3313,31043,4.27,0,12,15,23,1
3314,31047,0.46,0,3,6,4,1
3315,31051,0.46,0,3,6,4,1
3316,31052,-1.01,0,0,3,1,1
3317,31054,-0.52,0,1,4,2,1
3318,31068,2.61,0,8,11,14,1
3319,31078,2.85,0,8,11,10,1
3320,31079,-1.01,0,0,3,1,1
3321,31082,-0.03,0,2,5,3,1
3322,31090,2.42,0,7,10,8,1
3323,31093,-0.03,0,2,5,3,1
3324,31097,0.46,0,3,6,4,1
3325,31098,-1.01,0,0,3,1,1
3326,31101,-0.58,0,1,4,3,1
3327,31116,3.1,0,9,12,15,1
3328,31117,-1.01,0,0,3,1,1
3329,31135,3.47,0,10,13,18,1
3330,31155,2.25,0,8,11,20,1
3331,31158,-0.03,0,2,5,3,1
3332,31163,0.95,0,4,7,5,1
3333,31171,1.87,0,6,9,8,1
3334,31173,-0.52,0,1,4,2,1
3335,31175,-0.52,0,1,4,2,1
3336,31189,2.61,0,8,11,14,1
3337,31197,1.32,0,5,8,8,1
3338,31202,0.95,0,4,7,5,1
3339,31216,3.16,0,9,12,14,1
3340,31235,5.61,0,14,17,19,1
3341,31236,-1.01,0,0,3,1,1
3342,31259,6.47,0,16,19,23,1
3343,31262,-0.58,0,1,4,3,1
3344,31263,-1.01,0,0,3,1,1
3345,31264,-1.01,0,0,3,1,1
3346,31267,-0.03,0,2,5,3,1
3347,31287,3.35,0,10,13,20,1
3348,31289,-0.52,0,1,4,2,1
3349,31290,-1.01,0,0,3,1,1
3350,31300,2.3,0,7,10,10,1
3351,31312,2.18,0,7,10,12,1
3352,31315,-0.03,0,2,5,3,1
3353,31324,1.26,0,5,8,9,1
3354,31325,-1.01,0,0,3,1,1
3355,31326,-1.01,0,0,3,1,1
3356,31331,0.95,0,4,7,5,1
3357,31333,-0.52,0,1,4,2,1
3358,31338,0.95,0,4,7,5,1
3359,31376,6.12,0,17,20,38,1
3360,31380,0.46,0,3,6,4,1
3361,31400,3.35,0,10,13,20,1
3362,31413,2.12,0,7,10,13,1
3363,31437,3.66,0,11,14,24,1
3364,31443,1.44,0,5,8,6,1
3365,31453,2.3,0,7,10,10,1
3366,31456,-0.03,0,2,5,3,1
3367,31463,1.38,0,5,8,7,1
3368,31485,5.43,0,14,17,22,1
3369,31487,-0.52,0,1,4,2,1
3370,31503,4.14,0,11,14,16,1
3371,31504,-1.01,0,0,3,1,1
3372,31511,1.93,0,6,9,7,1
3373,31535,3.66,0,11,14,24,1
3374,31541,1.44,0,5,8,6,1
3375,31554,3.77,0,10,13,13,1
3376,31567,3.22,0,9,12,13,1
3377,31572,0.4,0,3,6,5,1
3378,31587,2.55,0,8,11,15,1
3379,31589,-0.52,0,1,4,2,1
3380,31636,6.13,0,18,21,47,1
3381,31645,1.81,0,6,9,9,1
3382,31646,-1.01,0,0,3,1,1
3383,31648,-0.52,0,1,4,2,1
3384,31651,-0.03,0,2,5,3,1
3385,31663,2.73,0,8,11,12,1
3386,31666,-0.03,0,2,5,3,1
3387,31676,1.75,0,6,9,10,1
3388,31678,-0.52,0,1,4,2,1
3389,31686,1.87,0,6,9,8,1
3390,31692,0.89,0,4,7,6,1
3391,31695,-0.03,0,2,5,3,1
3392,31711,4.14,0,11,14,16,1
3393,31724,1.02,0,5,8,13,1
3394,31737,3.77,0,10,13,13,1
3395,31740,-0.03,0,2,5,3,1
3396,31749,1.81,0,6,9,9,1
3397,31761,2.18,0,7,10,12,1
3398,31764,-0.03,0,2,5,3,1
3399,31767,-0.03,0,2,5,3,1
3400,31801,5.26,0,15,18,34,1
3401,31802,-1.01,0,0,3,1,1
3402,31820,2.92,0,9,12,18,1
3403,31821,-1.01,0,0,3,1,1
3404,31833,2.18,0,7,10,12,1
3405,31834,-1.01,0,0,3,1,1
3406,31836,-0.52,0,1,4,2,1
3407,31851,2.55,0,8,11,15,1
3408,31852,-1.01,0,0,3,1,1
3409,31871,5.61,0,14,17,19,1
3410,31875,0.46,0,3,6,4,1
3411,31884,1.81,0,6,9,9,1
3412,31890,1.44,0,5,8,6,1
3413,31897,1.93,0,6,9,7,1
3414,31904,1.38,0,5,8,7,1
3415,31909,0.95,0,4,7,5,1
3416,31911,-0.52,0,1,4,2,1
3417,31921,2.3,0,7,10,10,1
3418,31925,0.46,0,3,6,4,1
3419,31936,3.34,0,9,12,11,1
3420,31942,0.89,0,4,7,6,1
3421,31972,5.5,0,15,18,30,1
3422,31973,-1.01,0,0,3,1,1
3423,31975,-0.52,0,1,4,2,1
3424,31977,-0.52,0,1,4,2,1
3425,31991,3.16,0,9,12,14,1
3426,31995,0.46,0,3,6,4,1
3427,32006,3.34,0,9,12,11,1
3428,32012,0.89,0,4,7,6,1
3429,32015,-0.03,0,2,5,3,1
3430,32017,-0.52,0,1,4,2,1
3431,32022,0.95,0,4,7,5,1
3432,32031,1.26,0,5,8,9,1
3433,32034,-0.03,0,2,5,3,1
3434,32041,0.83,0,4,7,7,1
3435,32051,2.85,0,8,11,10,1
3436,32059,2.42,0,7,10,8,1
3437,32062,-0.03,0,2,5,3,1
3438,32067,0.95,0,4,7,5,1
3439,32078,3.34,0,9,12,11,1
3440,32087,1.81,0,6,9,9,1
3441,32100,3.22,0,9,12,13,1
3442,32113,2.12,0,7,10,13,1
3443,32179,4.44,0,17,20,66,1
3444,32187,1.32,0,5,8,8,1
3445,32188,-1.01,0,0,3,1,1
3446,32197,2.36,0,7,10,9,1
3447,32201,-0.09,0,2,5,4,1
3448,32207,0.89,0,4,7,6,1
3449,32209,-0.52,0,1,4,2,1
3450,32215,0.89,0,4,7,6,1
3451,32216,-1.01,0,0,3,1,1
3452,32220,0.46,0,3,6,4,1
3453,32241,4.39,0,12,15,21,1
3454,32245,0.46,0,3,6,4,1
3455,32253,1.32,0,5,8,8,1
3456,32254,-1.01,0,0,3,1,1
3457,32260,1.44,0,5,8,6,1
3458,32286,5.74,0,15,18,26,1
3459,32300,3.16,0,9,12,14,1
3460,32306,0.89,0,4,7,6,1
3461,32308,-0.52,0,1,4,2,1
3462,32317,1.81,0,6,9,9,1
3463,32318,-1.01,0,0,3,1,1
3464,32325,0.83,0,4,7,7,1
3465,32329,0.46,0,3,6,4,1
3466,32330,-1.01,0,0,3,1,1
3467,32350,5.0,0,13,16,20,1
3468,32363,2.67,0,8,11,13,1
3469,32367,0.46,0,3,6,4,1
3470,32376,1.81,0,6,9,9,1
3471,32392,3.59,0,10,13,16,1
3472,32404,3.28,0,9,12,12,1
3473,32429,5.25,0,14,17,25,1
3474,32445,5.24,0,13,16,16,1
3475,32450,0.95,0,4,7,5,1
3476,32453,-0.03,0,2,5,3,1
3477,32462,1.81,0,6,9,9,1
3478,32472,2.85,0,8,11,10,1
3479,32475,-0.03,0,2,5,3,1
3480,32477,-0.52,0,1,4,2,1
3481,32486,2.36,0,7,10,9,1
3482,32491,0.95,0,4,7,5,1
3483,32501,2.3,0,7,10,10,1
3484,32507,1.44,0,5,8,6,1
3485,32508,-1.01,0,0,3,1,1
3486,32510,-0.52,0,1,4,2,1
3487,32512,-0.52,0,1,4,2,1
3488,32535,4.27,0,12,15,23,1
3489,32540,0.95,0,4,7,5,1
3490,32559,5.61,0,14,17,19,1
3491,32576,4.63,0,12,15,17,1
3492,32582,0.89,0,4,7,6,1
3493,32601,5.06,0,13,16,19,1
3494,32602,-1.01,0,0,3,1,1
3495,32605,-0.03,0,2,5,3,1
3496,32607,-0.52,0,1,4,2,1
3497,32616,1.26,0,5,8,9,1
3498,32619,-0.03,0,2,5,3,1
3499,32621,-0.52,0,1,4,2,1
3500,32628,1.38,0,5,8,7,1
3501,32659,5.44,0,15,18,31,1
3502,32665,1.44,0,5,8,6,1
3503,32668,-0.03,0,2,5,3,1
3504,32671,-0.03,0,2,5,3,1
3505,32676,0.4,0,3,6,5,1
3506,32685,1.81,0,6,9,9,1
3507,32686,-1.01,0,0,3,1,1
3508,32691,0.4,0,3,6,5,1
3509,32710,5.06,0,13,16,19,1
3510,32712,-0.52,0,1,4,2,1
3511,32717,0.95,0,4,7,5,1
3512,32732,3.1,0,9,12,15,1
3513,32746,2.06,0,7,10,14,1
3514,32751,0.95,0,4,7,5,1
3515,32754,-0.03,0,2,5,3,1
3516,32769,3.1,0,9,12,15,1
3517,32770,-1.01,0,0,3,1,1
3518,32777,0.83,0,4,7,7,1
3519,32779,-0.52,0,1,4,2,1
3520,32781,-0.52,0,1,4,2,1
3521,32782,-1.01,0,0,3,1,1
3522,32797,3.65,0,10,13,15,1
3523,32804,1.93,0,6,9,7,1
3524,32811,1.38,0,5,8,7,1
3525,32812,-1.01,0,0,3,1,1
3526,32819,1.38,0,5,8,7,1
3527,32830,2.24,0,7,10,11,1
3528,32841,3.89,0,10,13,11,1
3529,32842,-1.01,0,0,3,1,1
3530,32846,0.46,0,3,6,4,1
3531,32848,-0.52,0,1,4,2,1
3532,32855,0.83,0,4,7,7,1
3533,32860,0.95,0,4,7,5,1
3534,32870,1.75,0,6,9,10,1
3535,32877,1.38,0,5,8,7,1
3536,32884,1.38,0,5,8,7,1
3537,32888,0.46,0,3,6,4,1
3538,32898,1.2,0,5,8,10,1
3539,32899,-1.01,0,0,3,1,1
3540,32901,-0.52,0,1,4,2,1
3541,32908,1.38,0,5,8,7,1
3542,32915,1.93,0,6,9,7,1
3543,32916,-1.01,0,0,3,1,1
3544,32926,2.3,0,7,10,10,1
3545,32943,2.98,0,9,12,17,1
3546,32952,2.91,0,8,11,9,1
3547,32957,0.4,0,3,6,5,1
3548,32965,0.77,0,4,7,8,1
3549,32994,5.01,0,14,17,29,1
3550,33006,3.28,0,9,12,12,1
3551,33009,-0.03,0,2,5,3,1
3552,33019,2.3,0,7,10,10,1
3553,33032,3.77,0,10,13,13,1
3554,33039,1.38,0,5,8,7,1
3555,33050,2.24,0,7,10,11,1
3556,33057,1.93,0,6,9,7,1
3557,33063,0.89,0,4,7,6,1
3558,33064,-1.01,0,0,3,1,1
3559,33080,5.24,0,13,16,16,1
3560,33106,6.29,0,16,19,26,1
3561,33120,4.26,0,11,14,14,1
3562,33123,-0.03,0,2,5,3,1
3563,33124,-1.01,0,0,3,1,1
3564,33131,1.38,0,5,8,7,1
3565,33143,3.28,0,9,12,12,1
3566,33158,3.65,0,10,13,15,1
3567,33166,1.87,0,6,9,8,1
3568,33196,6.05,0,16,19,30,1
3569,33200,0.46,0,3,6,4,1
3570,33208,1.87,0,6,9,8,1
3571,33215,1.93,0,6,9,7,1
3572,33227,2.73,0,8,11,12,1
3573,33260,5.32,0,15,18,33,1
3574,33266,1.44,0,5,8,6,1
3575,33269,-0.03,0,2,5,3,1
3576,33291,3.78,0,11,14,22,1
3577,33326,4.65,0,14,17,35,1
3578,33345,2.31,0,8,11,19,1
3579,33350,0.4,0,3,6,5,1
3580,33357,1.93,0,6,9,7,1
3581,33370,3.22,0,9,12,13,1
3582,33416,6.19,0,18,21,46,1
3583,33419,-0.03,0,2,5,3,1
3584,33436,4.08,0,11,14,17,1
3585,33437,-1.01,0,0,3,1,1
3586,33445,1.87,0,6,9,8,1
3587,33449,0.46,0,3,6,4,1
3588,33463,3.16,0,9,12,14,1
3589,33470,1.38,0,5,8,7,1
3590,33472,-0.52,0,1,4,2,1
3591,33473,-1.01,0,0,3,1,1
3592,33489,5.24,0,13,16,16,1
3593,33493,0.46,0,3,6,4,1
3594,33495,-0.52,0,1,4,2,1
3595,33496,-1.01,0,0,3,1,1
3596,33500,0.46,0,3,6,4,1
3597,33519,5.06,0,13,16,19,1
3598,33529,2.3,0,7,10,10,1
3599,33535,1.44,0,5,8,6,1
3600,33538,-0.58,0,1,4,3,1
3601,33540,-0.52,0,1,4,2,1
3602,33545,0.95,0,4,7,5,1
3603,33556,3.34,0,9,12,11,1
3604,33577,3.84,0,11,14,21,1
3605,33582,0.4,0,3,6,5,1
3606,33588,1.44,0,5,8,6,1
3607,33589,-1.01,0,0,3,1,1
3608,33590,-1.01,0,0,3,1,1
3609,33599,1.81,0,6,9,9,1
3610,33615,3.59,0,10,13,16,1
3611,33619,0.46,0,3,6,4,1
3612,33626,1.93,0,6,9,7,1
3613,33629,-0.03,0,2,5,3,1
3614,33637,0.77,0,4,7,8,1
3615,33675,5.57,0,16,19,38,1
3616,33679,0.46,0,3,6,4,1
3617,33686,1.38,0,5,8,7,1
3618,33687,-1.01,0,0,3,1,1
3619,33696,2.36,0,7,10,9,1
3620,33701,0.4,0,3,6,5,1
3621,33705,0.46,0,3,6,4,1
3622,33706,-1.01,0,0,3,1,1
3623,33710,0.46,0,3,6,4,1
3624,33722,3.28,0,9,12,12,1
3625,33726,0.46,0,3,6,4,1
3626,33749,5.92,0,15,18,23,1
3627,33751,-0.52,0,1,4,2,1
3628,33767,4.69,0,12,15,16,1
3629,33770,-0.03,0,2,5,3,1
3630,33771,-1.01,0,0,3,1,1
3631,33778,1.93,0,6,9,7,1
3632,33793,3.1,0,9,12,15,1
3633,33807,4.26,0,11,14,14,1
3634,33828,2.74,0,9,12,21,1
3635,33829,-1.01,0,0,3,1,1
3636,33834,0.4,0,3,6,5,1
3637,33843,1.81,0,6,9,9,1
3638,33859,4.14,0,11,14,16,1
3639,33890,2.14,0,9,12,31,1
3640,33907,3.53,0,10,13,17,1
3641,33914,0.83,0,4,7,7,1
3642,33923,2.36,0,7,10,9,1
3643,33938,3.1,0,9,12,15,1
3644,33942,0.46,0,3,6,4,1
3645,33950,1.87,0,6,9,8,1
3646,33963,2.67,0,8,11,13,1
3647,33964,-1.01,0,0,3,1,1
3648,33977,4.32,0,11,14,13,1
3649,33978,-1.01,0,0,3,1,1
3650,33980,-0.52,0,1,4,2,1
3651,33981,-1.01,0,0,3,1,1
3652,33983,-0.52,0,1,4,2,1
3653,34036,5.22,0,17,20,53,1
3654,34047,3.34,0,9,12,11,1
3655,34056,1.81,0,6,9,9,1
3656,34062,0.89,0,4,7,6,1
3657,34066,-0.09,0,2,5,4,1
3658,34083,2.98,0,9,12,17,1
3659,34084,-1.01,0,0,3,1,1
3660,34098,4.26,0,11,14,14,1
3661,34099,-1.01,0,0,3,1,1
3662,34107,1.87,0,6,9,8,1
3663,34119,2.73,0,8,11,12,1
3664,34120,-1.01,0,0,3,1,1
3665,34124,0.46,0,3,6,4,1
3666,34133,2.36,0,7,10,9,1
3667,34140,1.38,0,5,8,7,1
3668,34147,0.83,0,4,7,7,1
3669,34148,-1.01,0,0,3,1,1
3670,34164,3.59,0,10,13,16,1
3671,34191,5.13,0,14,17,27,1
3672,34194,-0.03,0,2,5,3,1
3673,34198,0.46,0,3,6,4,1
3674,34202,0.46,0,3,6,4,1
3675,34206,0.46,0,3,6,4,1
3676,34211,0.95,0,4,7,5,1
3677,34215,0.46,0,3,6,4,1
3678,34222,1.38,0,5,8,7,1
3679,34223,-1.01,0,0,3,1,1
3680,34232,1.81,0,6,9,9,1
3681,34246,4.26,0,11,14,14,1
3682,34247,-1.01,0,0,3,1,1
3683,34250,-0.03,0,2,5,3,1
3684,34266,3.59,0,10,13,16,1
3685,34272,0.89,0,4,7,6,1
3686,34279,1.38,0,5,8,7,1
3687,34284,0.95,0,4,7,5,1
3688,34306,3.23,0,10,13,22,1
3689,34307,-1.01,0,0,3,1,1
3690,34319,3.83,0,10,13,12,1
3691,34331,3.28,0,9,12,12,1
3692,34351,3.9,0,11,14,20,1
3693,34354,-0.03,0,2,5,3,1
3694,34356,-0.52,0,1,4,2,1
3695,34388,7.03,0,18,21,32,1
3696,34389,-1.01,0,0,3,1,1
3697,34396,1.93,0,6,9,7,1
3698,34403,1.38,0,5,8,7,1
3699,34404,-1.01,0,0,3,1,1
3700,34419,3.65,0,10,13,15,1
3701,34429,1.75,0,6,9,10,1
3702,34430,-1.01,0,0,3,1,1
3703,34435,0.95,0,4,7,5,1
3704,34439,0.46,0,3,6,4,1
3705,34441,-0.52,0,1,4,2,1
3706,34466,4.15,0,12,15,25,1
3707,34477,1.69,0,6,9,11,1
3708,34478,-1.01,0,0,3,1,1
3709,34517,6.06,0,17,20,39,1
3710,34542,4.15,0,12,15,25,1
3711,34544,-0.52,0,1,4,2,1
3712,34550,0.89,0,4,7,6,1
3713,34556,1.44,0,5,8,6,1
3714,34558,-0.52,0,1,4,2,1
3715,34567,1.26,0,5,8,9,1
3716,34582,2.55,0,8,11,15,1
3717,34585,-0.03,0,2,5,3,1
3718,34601,4.69,0,12,15,16,1
3719,34602,-1.01,0,0,3,1,1
3720,34610,1.87,0,6,9,8,1
3721,34616,0.89,0,4,7,6,1
3722,34619,-0.03,0,2,5,3,1
3723,34621,-0.52,0,1,4,2,1
3724,34634,2.12,0,7,10,13,1
3725,34643,2.91,0,8,11,9,1
3726,34651,2.42,0,7,10,8,1
3727,34654,-0.03,0,2,5,3,1
3728,34659,0.4,0,3,6,5,1
3729,34662,-0.58,0,1,4,3,1
3730,34669,1.38,0,5,8,7,1
3731,34671,-0.52,0,1,4,2,1
3732,34700,2.81,0,10,13,29,1
3733,34706,0.89,0,4,7,6,1
3734,34712,0.89,0,4,7,6,1
3735,34713,-1.01,0,0,3,1,1
3736,34721,1.32,0,5,8,8,1
3737,34724,-0.03,0,2,5,3,1
3738,34728,0.46,0,3,6,4,1
3739,34733,0.95,0,4,7,5,1
3740,34741,1.87,0,6,9,8,1
3741,34746,0.95,0,4,7,5,1
3742,34761,3.1,0,9,12,15,1
3743,34762,-1.01,0,0,3,1,1
3744,34763,-1.01,0,0,3,1,1
3745,34774,3.34,0,9,12,11,1
3746,34776,-0.52,0,1,4,2,1
3747,34799,4.27,0,12,15,23,1
3748,34822,3.72,0,11,14,23,1
3749,34829,1.93,0,6,9,7,1
3750,34840,2.24,0,7,10,11,1
3751,34898,5.47,0,18,21,58,1
3752,34904,0.89,0,4,7,6,1
3753,34905,-1.01,0,0,3,1,1
3754,34910,0.95,0,4,7,5,1
3755,34943,4.77,0,14,17,33,1
3756,34957,3.71,0,10,13,14,1
3757,35006,6.56,0,19,22,49,1
3758,35027,3.84,0,11,14,21,1
3759,35032,0.4,0,3,6,5,1
3760,35033,-1.01,0,0,3,1,1
3761,35034,-1.01,0,0,3,1,1
3762,35042,1.87,0,6,9,8,1
3763,35048,0.34,0,3,6,6,1
3764,35068,3.9,0,11,14,20,1
3765,35072,-0.09,0,2,5,4,1
3766,35073,-1.01,0,0,3,1,1
3767,35074,-1.01,0,0,3,1,1
3768,35079,0.95,0,4,7,5,1
3769,35082,-0.58,0,1,4,3,1
3770,35087,0.95,0,4,7,5,1
3771,35090,-0.03,0,2,5,3,1
3772,35096,0.34,0,3,6,6,1
3773,35131,5.2,0,15,18,35,1
3774,35137,0.89,0,4,7,6,1
3775,35142,0.4,0,3,6,5,1
3776,35168,5.74,0,15,18,26,1
3777,35174,1.44,0,5,8,6,1
3778,35175,-1.01,0,0,3,1,1
3779,35185,2.85,0,8,11,10,1
3780,35191,1.44,0,5,8,6,1
3781,35193,-0.52,0,1,4,2,1
3782,35199,1.44,0,5,8,6,1
3783,35208,1.81,0,6,9,9,1
3784,35222,2.06,0,7,10,14,1
3785,35228,1.44,0,5,8,6,1
3786,35229,-1.01,0,0,3,1,1
3787,35235,1.44,0,5,8,6,1
3788,35239,0.46,0,3,6,4,1
3789,35240,-1.01,0,0,3,1,1
3790,35266,5.19,0,14,17,26,1
3791,35280,3.16,0,9,12,14,1
3792,35289,1.81,0,6,9,9,1
3793,35291,-0.52,0,1,4,2,1
3794,35319,5.62,0,15,18,28,1
3795,35327,1.87,0,6,9,8,1
3796,35334,1.93,0,6,9,7,1
3797,35338,0.46,0,3,6,4,1
3798,35376,5.57,0,16,19,38,1
3799,35395,4.51,0,12,15,19,1
3800,35418,3.72,0,11,14,23,1
3801,35425,1.38,0,5,8,7,1
3802,35435,2.3,0,7,10,10,1
3803,35447,3.28,0,9,12,12,1
3804,35451,-0.09,0,2,5,4,1
3805,35482,5.44,0,15,18,31,1
3806,35514,4.28,0,13,16,32,1
3807,35521,1.38,0,5,8,7,1
3808,35523,-0.52,0,1,4,2,1
3809,35557,5.81,0,16,19,34,1
3810,35575,4.02,0,11,14,18,1
3811,35583,1.87,0,6,9,8,1
3812,35584,-1.01,0,0,3,1,1
3813,35585,-1.01,0,0,3,1,1
3814,35587,-0.52,0,1,4,2,1
3815,35590,-0.03,0,2,5,3,1
3816,35595,0.4,0,3,6,5,1
3817,35606,3.89,0,10,13,11,1
3818,35622,2.49,0,8,11,16,1
3819,35624,-0.52,0,1,4,2,1
3820,35625,-1.01,0,0,3,1,1
3821,35649,5.31,0,14,17,24,1
3822,35657,1.32,0,5,8,8,1
3823,35662,0.95,0,4,7,5,1
3824,35663,-1.01,0,0,3,1,1
3825,35664,-1.01,0,0,3,1,1
3826,35690,5.19,0,14,17,26,1
3827,35700,2.3,0,7,10,10,1
3828,35705,0.95,0,4,7,5,1
3829,35707,-0.52,0,1,4,2,1
3830,35710,-0.03,0,2,5,3,1
3831,35711,-1.01,0,0,3,1,1
3832,35726,4.2,0,11,14,15,1
3833,35731,0.95,0,4,7,5,1
3834,35759,5.07,0,14,17,28,1
3835,35808,6.01,0,18,21,49,1
3836,35810,-0.52,0,1,4,2,1
3837,35816,0.89,0,4,7,6,1
3838,35817,-1.01,0,0,3,1,1
3839,35827,2.3,0,7,10,10,1
3840,35828,-1.01,0,0,3,1,1
3841,35857,6.66,0,17,20,29,1
3842,35865,1.32,0,5,8,8,1
3843,35873,1.32,0,5,8,8,1
3844,35877,0.46,0,3,6,4,1
3845,35881,0.46,0,3,6,4,1
3846,35894,3.77,0,10,13,13,1
3847,35910,3.04,0,9,12,16,1
3848,35912,-0.52,0,1,4,2,1
3849,35915,-0.03,0,2,5,3,1
3850,35916,-1.01,0,0,3,1,1
3851,35920,0.46,0,3,6,4,1
3852,35923,-0.03,0,2,5,3,1
3853,35927,0.46,0,3,6,4,1
3854,35930,-0.03,0,2,5,3,1
3855,35936,1.44,0,5,8,6,1
3856,35945,1.26,0,5,8,9,1
3857,35947,-0.52,0,1,4,2,1
3858,35951,0.46,0,3,6,4,1
3859,35958,1.38,0,5,8,7,1
3860,35965,1.38,0,5,8,7,1
3861,35978,3.77,0,10,13,13,1
3862,35980,-0.52,0,1,4,2,1
3863,35982,-0.52,0,1,4,2,1
3864,36007,5.8,0,15,18,25,1
3865,36008,-1.01,0,0,3,1,1
3866,36011,-0.03,0,2,5,3,1
3867,36015,-0.09,0,2,5,4,1
3868,36043,6.17,0,16,19,28,1
3869,36054,2.24,0,7,10,11,1
3870,36062,1.87,0,6,9,8,1
3871,36088,4.64,0,13,16,26,1
3872,36089,-1.01,0,0,3,1,1
3873,36091,-0.52,0,1,4,2,1
3874,36093,-0.52,0,1,4,2,1
3875,36119,5.74,0,15,18,26,1
3876,36121,-0.52,0,1,4,2,1
3877,36125,0.46,0,3,6,4,1
3878,36133,2.42,0,7,10,8,1
3879,36144,2.79,0,8,11,11,1
3880,36159,2.0,0,7,10,15,1
3881,36169,1.75,0,6,9,10,1
3882,36173,0.46,0,3,6,4,1
3883,36174,-1.01,0,0,3,1,1
3884,36198,5.31,0,14,17,24,1
3885,36208,2.85,0,8,11,10,1
3886,36230,5.43,0,14,17,22,1
3887,36238,1.87,0,6,9,8,1
3888,36239,-1.01,0,0,3,1,1
3889,36246,1.38,0,5,8,7,1
3890,36261,2.55,0,8,11,15,1
3891,36271,1.75,0,6,9,10,1
3892,36272,-1.01,0,0,3,1,1
3893,36273,-1.01,0,0,3,1,1
3894,36285,3.28,0,9,12,12,1
3895,36317,4.28,0,13,16,32,1
3896,36345,4.52,0,13,16,28,1
3897,36357,3.28,0,9,12,12,1
3898,36405,7.17,0,20,23,48,1
3899,36411,0.34,0,3,6,6,1
3900,36423,2.73,0,8,11,12,1
3901,36445,3.23,0,10,13,22,1
3902,36446,-1.01,0,0,3,1,1
3903,36451,0.95,0,4,7,5,1
3904,36466,3.1,0,9,12,15,1
3905,36467,-1.01,0,0,3,1,1
3906,36469,-0.52,0,1,4,2,1
3907,36481,2.18,0,7,10,12,1
3908,36527,6.74,0,19,22,46,1
3909,36557,4.4,0,13,16,30,1
3910,36564,1.38,0,5,8,7,1
3911,36566,-0.52,0,1,4,2,1
3912,36574,1.32,0,5,8,8,1
3913,36590,3.59,0,10,13,16,1
3914,36599,2.36,0,7,10,9,1
3915,36611,4.38,0,11,14,12,1
3916,36616,0.95,0,4,7,5,1
3917,36619,-0.03,0,2,5,3,1
3918,36625,1.44,0,5,8,6,1
3919,36627,-0.52,0,1,4,2,1
3920,36633,0.34,0,3,6,6,1
3921,36634,-1.01,0,0,3,1,1
3922,36639,0.4,0,3,6,5,1
3923,36646,1.93,0,6,9,7,1
3924,36654,1.87,0,6,9,8,1
3925,36663,1.81,0,6,9,9,1
3926,36701,5.57,0,16,19,38,1
3927,36705,0.46,0,3,6,4,1
3928,36711,1.44,0,5,8,6,1
3929,36719,1.32,0,5,8,8,1
3930,36740,3.29,0,10,13,21,1
3931,36747,1.38,0,5,8,7,1
3932,36768,6.04,0,15,18,21,1
3933,36813,4.6,0,15,18,45,1
3934,36814,-1.01,0,0,3,1,1
3935,36828,2.61,0,8,11,14,1
3936,36842,3.16,0,9,12,14,1
3937,36871,3.36,0,11,14,29,1
3938,36872,-1.01,0,0,3,1,1
3939,36885,2.12,0,7,10,13,1
3940,36908,6.47,0,16,19,23,1
3941,36925,3.53,0,10,13,17,1
3942,36932,1.38,0,5,8,7,1
3943,36933,-1.01,0,0,3,1,1
3944,36951,2.92,0,9,12,18,1
3945,36952,-1.01,0,0,3,1,1
3946,36954,-0.52,0,1,4,2,1
3947,36958,-0.09,0,2,5,4,1
3948,36959,-1.01,0,0,3,1,1
3949,36975,2.49,0,8,11,16,1
3950,36994,3.96,0,11,14,19,1
3951,37008,1.51,0,6,9,14,1
3952,37009,-1.01,0,0,3,1,1
3953,37011,-0.52,0,1,4,2,1
3954,37023,2.73,0,8,11,12,1
3955,37026,-0.03,0,2,5,3,1
3956,37032,1.44,0,5,8,6,1
3957,37033,-1.01,0,0,3,1,1
3958,37035,-0.52,0,1,4,2,1
3959,37037,-0.52,0,1,4,2,1
3960,37038,-1.01,0,0,3,1,1
3961,37040,-0.52,0,1,4,2,1
3962,37053,3.22,0,9,12,13,1
3963,37057,0.46,0,3,6,4,1
3964,37063,0.89,0,4,7,6,1
3965,37076,3.22,0,9,12,13,1
3966,37082,1.44,0,5,8,6,1
3967,37089,1.93,0,6,9,7,1
3968,37114,5.8,0,15,18,25,1
3969,37121,1.38,0,5,8,7,1
3970,37162,5.39,0,16,19,41,1
3971,37163,-1.01,0,0,3,1,1
3972,37167,0.46,0,3,6,4,1
3973,37171,0.46,0,3,6,4,1
3974,37173,-0.52,0,1,4,2,1
3975,37175,-0.52,0,1,4,2,1
3976,37239,5.11,0,18,21,64,1
3977,37242,-0.03,0,2,5,3,1
3978,37265,4.82,0,13,16,23,1
3979,37273,0.77,0,4,7,8,1
3980,37319,5.64,0,17,20,46,1
3981,37321,-0.52,0,1,4,2,1
3982,37345,3.66,0,11,14,24,1
3983,37373,5.62,0,15,18,28,1
3984,37380,1.38,0,5,8,7,1
3985,37384,0.46,0,3,6,4,1
3986,37396,2.73,0,8,11,12,1
3987,37399,-0.58,0,1,4,3,1
3988,37409,2.3,0,7,10,10,1
3989,37429,4.45,0,12,15,20,1
3990,37437,1.32,0,5,8,8,1
3991,37465,4.52,0,13,16,28,1
3992,37497,6.48,0,17,20,32,1
3993,37510,2.67,0,8,11,13,1
3994,37511,-1.01,0,0,3,1,1
3995,37515,-0.09,0,2,5,4,1
3996,37523,1.87,0,6,9,8,1
3997,37530,1.38,0,5,8,7,1
3998,37531,-1.01,0,0,3,1,1
3999,37532,-1.01,0,0,3,1,1
4000,37547,3.1,0,9,12,15,1
4001,37551,0.46,0,3,6,4,1
4002,37554,-0.03,0,2,5,3,1
4003,37559,0.95,0,4,7,5,1
4004,37564,0.95,0,4,7,5,1
4005,37567,-0.03,0,2,5,3,1
4006,37573,1.44,0,5,8,6,1
4007,37581,1.32,0,5,8,8,1
4008,37582,-1.01,0,0,3,1,1
4009,37584,-0.52,0,1,4,2,1
4010,37588,0.46,0,3,6,4,1
4011,37596,1.87,0,6,9,8,1
4012,37602,0.89,0,4,7,6,1
4013,37610,1.32,0,5,8,8,1
4014,37620,2.3,0,7,10,10,1
4015,37626,1.44,0,5,8,6,1
4016,37629,-0.03,0,2,5,3,1
4017,37632,-0.03,0,2,5,3,1
4018,37634,-0.52,0,1,4,2,1
4019,37647,2.67,0,8,11,13,1
4020,37655,1.32,0,5,8,8,1
4021,37656,-1.01,0,0,3,1,1
4022,37663,1.93,0,6,9,7,1
4023,37677,2.61,0,8,11,14,1
4024,37684,1.93,0,6,9,7,1
4025,37686,-0.52,0,1,4,2,1
4026,37691,0.4,0,3,6,5,1
4027,37704,2.12,0,7,10,13,1
4028,37728,5.31,0,14,17,24,1
4029,37756,5.07,0,14,17,28,1
4030,37767,2.79,0,8,11,11,1
4031,37768,-1.01,0,0,3,1,1
4032,37769,-1.01,0,0,3,1,1
4033,37785,3.59,0,10,13,16,1
4034,37787,-0.52,0,1,4,2,1
4035,37788,-1.01,0,0,3,1,1
4036,37789,-1.01,0,0,3,1,1
4037,37812,4.27,0,12,15,23,1
4038,37815,-0.58,0,1,4,3,1
4039,37818,-0.03,0,2,5,3,1
4040,37832,4.81,0,12,15,14,1
4041,37836,0.46,0,3,6,4,1
4042,37847,2.24,0,7,10,11,1
4043,37862,3.1,0,9,12,15,1
4044,37870,1.87,0,6,9,8,1
4045,37875,-0.15,0,2,5,5,1
4046,37881,1.44,0,5,8,6,1
4047,37884,-0.03,0,2,5,3,1
4048,37925,4.84,0,15,18,41,1
4049,37931,1.44,0,5,8,6,1
4050,37933,-0.52,0,1,4,2,1
4051,37940,1.93,0,6,9,7,1
4052,37942,-0.52,0,1,4,2,1
4053,37946,0.46,0,3,6,4,1
4054,37961,2.55,0,8,11,15,1
4055,37973,3.28,0,9,12,12,1
4056,37986,4.32,0,11,14,13,1
4057,37992,0.89,0,4,7,6,1
4058,37997,0.95,0,4,7,5,1
4059,38001,0.46,0,3,6,4,1
4060,38009,2.42,0,7,10,8,1
4061,38016,0.28,0,3,6,7,1
4062,38017,-1.01,0,0,3,1,1
4063,38023,0.89,0,4,7,6,1
4064,38039,2.49,0,8,11,16,1
4065,38048,2.91,0,8,11,9,1
4066,38060,2.18,0,7,10,12,1
4067,38070,2.3,0,7,10,10,1
4068,38072,-0.52,0,1,4,2,1
4069,38075,-0.03,0,2,5,3,1
4070,38079,-0.09,0,2,5,4,1
4071,38085,1.44,0,5,8,6,1
4072,38116,6.54,0,17,20,31,1
4073,38124,1.32,0,5,8,8,1
4074,38137,3.77,0,10,13,13,1
4075,38140,-0.03,0,2,5,3,1
4076,38180,7.1,0,19,22,40,1
4077,38186,1.44,0,5,8,6,1
4078,38187,-1.01,0,0,3,1,1
4079,38188,-1.01,0,0,3,1,1
4080,38191,-0.03,0,2,5,3,1
4081,38195,-0.09,0,2,5,4,1
4082,38204,1.81,0,6,9,9,1
4083,38230,6.29,0,16,19,26,1
4084,38239,2.91,0,8,11,9,1
4085,38249,2.3,0,7,10,10,1
4086,38264,2.0,0,7,10,15,1
4087,38278,2.61,0,8,11,14,1
4088,38284,1.44,0,5,8,6,1
4089,38288,0.46,0,3,6,4,1
4090,38289,-1.01,0,0,3,1,1
4091,38307,3.47,0,10,13,18,1
4092,38311,0.46,0,3,6,4,1
4093,38316,0.4,0,3,6,5,1
4094,38319,-0.03,0,2,5,3,1
4095,38344,4.15,0,12,15,25,1
4096,38347,-0.03,0,2,5,3,1
4097,38353,1.44,0,5,8,6,1
4098,38360,1.93,0,6,9,7,1
4099,38384,5.31,0,14,17,24,1
4100,38389,0.4,0,3,6,5,1
4101,38391,-0.52,0,1,4,2,1
4102,38393,-0.52,0,1,4,2,1
4103,38398,0.95,0,4,7,5,1
4104,38423,5.25,0,14,17,25,1
4105,38424,-1.01,0,0,3,1,1
4106,38425,-1.01,0,0,3,1,1
4107,38438,3.77,0,10,13,13,1
4108,38440,-0.52,0,1,4,2,1
4109,38444,0.46,0,3,6,4,1
4110,38445,-1.01,0,0,3,1,1
4111,38451,0.89,0,4,7,6,1
4112,38460,0.71,0,4,7,9,1
4113,38463,-0.58,0,1,4,3,1
4114,38496,6.42,0,17,20,33,1
4115,38497,-1.01,0,0,3,1,1
4116,38500,-0.03,0,2,5,3,1
4117,38504,0.46,0,3,6,4,1
4118,38506,-0.52,0,1,4,2,1
4119,38508,-0.52,0,1,4,2,1
4120,38512,0.46,0,3,6,4,1
4121,38523,3.34,0,9,12,11,1
4122,38549,6.29,0,16,19,26,1
4123,38554,0.95,0,4,7,5,1
4124,38556,-0.52,0,1,4,2,1
4125,38560,-0.09,0,2,5,4,1
4126,38564,-0.09,0,2,5,4,1
4127,38635,5.24,0,19,22,71,1
4128,38643,1.32,0,5,8,8,1
4129,38654,2.79,0,8,11,11,1
4130,38661,1.93,0,6,9,7,1
4131,38686,4.7,0,13,16,25,1
4132,38691,0.95,0,4,7,5,1
4133,38692,-1.01,0,0,3,1,1
4134,38698,-0.21,0,2,5,6,1
4135,38699,-1.01,0,0,3,1,1
4136,38703,-0.09,0,2,5,4,1
4137,38723,6.1,0,15,18,20,1
4138,38727,-0.09,0,2,5,4,1
4139,38736,2.36,0,7,10,9,1
4140,38753,4.63,0,12,15,17,1
4141,38756,-0.03,0,2,5,3,1
4142,38770,3.16,0,9,12,14,1
4143,38772,-0.52,0,1,4,2,1
4144,38784,2.73,0,8,11,12,1
4145,38791,0.83,0,4,7,7,1
4146,38842,4.79,0,16,19,51,1
4147,38846,0.46,0,3,6,4,1
4148,38869,5.37,0,14,17,23,1
4149,38896,5.68,0,15,18,27,1
4150,38920,5.31,0,14,17,24,1
4151,38924,0.46,0,3,6,4,1
4152,38928,0.46,0,3,6,4,1
4153,38934,1.44,0,5,8,6,1
4154,38941,1.38,0,5,8,7,1
4155,38946,0.95,0,4,7,5,1
4156,38950,-0.09,0,2,5,4,1
4157,38959,2.36,0,7,10,9,1
4158,38967,1.32,0,5,8,8,1
4159,38968,-1.01,0,0,3,1,1
4160,38972,0.46,0,3,6,4,1
4161,38974,-0.52,0,1,4,2,1
4162,38980,0.34,0,3,6,6,1
4163,38981,-1.01,0,0,3,1,1
4164,38990,2.36,0,7,10,9,1
4165,39002,3.28,0,9,12,12,1
4166,39003,-1.01,0,0,3,1,1
4167,39037,5.81,0,16,19,34,1
4168,39043,1.44,0,5,8,6,1
4169,39051,2.42,0,7,10,8,1
4170,39065,3.71,0,10,13,14,1
4171,39066,-1.01,0,0,3,1,1
4172,39079,3.77,0,10,13,13,1
4173,39080,-1.01,0,0,3,1,1
4174,39085,0.95,0,4,7,5,1
4175,39088,-0.03,0,2,5,3,1
4176,39100,2.73,0,8,11,12,1
4177,39102,-0.52,0,1,4,2,1
4178,39113,2.79,0,8,11,11,1
4179,39114,-1.01,0,0,3,1,1
4180,39116,-0.52,0,1,4,2,1
4181,39118,-0.52,0,1,4,2,1
4182,39126,1.87,0,6,9,8,1
4183,39130,0.46,0,3,6,4,1
4184,39136,0.89,0,4,7,6,1
4185,39145,1.81,0,6,9,9,1
4186,39146,-1.01,0,0,3,1,1
4187,39147,-1.01,0,0,3,1,1
4188,39155,1.87,0,6,9,8,1
4189,39167,2.73,0,8,11,12,1
4190,39206,6.61,0,18,21,39,1
4191,39207,-1.01,0,0,3,1,1
4192,39212,0.95,0,4,7,5,1
4193,39217,0.4,0,3,6,5,1
4194,39224,1.38,0,5,8,7,1
4195,39227,-0.03,0,2,5,3,1
4196,39234,1.38,0,5,8,7,1
4197,39238,0.46,0,3,6,4,1
4198,39248,1.75,0,6,9,10,1
4199,39250,-0.52,0,1,4,2,1
4200,39256,0.89,0,4,7,6,1
4201,39261,0.4,0,3,6,5,1
4202,39289,6.17,0,16,19,28,1
4203,39291,-0.52,0,1,4,2,1
4204,39311,4.45,0,12,15,20,1
4205,39312,-1.01,0,0,3,1,1
4206,39314,-0.52,0,1,4,2,1
4207,39318,-0.09,0,2,5,4,1
4208,39337,3.96,0,11,14,19,1
4209,39343,0.89,0,4,7,6,1
4210,39344,-1.01,0,0,3,1,1
4211,39346,-0.52,0,1,4,2,1
4212,39350,0.46,0,3,6,4,1
4213,39355,0.4,0,3,6,5,1
4214,39367,2.73,0,8,11,12,1
4215,39368,-1.01,0,0,3,1,1
4216,39372,0.46,0,3,6,4,1
4217,39373,-1.01,0,0,3,1,1
4218,39376,-0.03,0,2,5,3,1
4219,39388,2.73,0,8,11,12,1
4220,39389,-1.01,0,0,3,1,1
4221,39400,2.79,0,8,11,11,1
4222,39418,4.57,0,12,15,18,1
4223,39429,2.24,0,7,10,11,1
4224,39438,1.81,0,6,9,9,1
4225,39471,5.87,0,16,19,33,1
4226,39489,2.92,0,9,12,18,1
4227,39505,3.04,0,9,12,16,1
4228,39506,-1.01,0,0,3,1,1
4229,39511,0.95,0,4,7,5,1
4230,39528,3.53,0,10,13,17,1
4231,39548,3.9,0,11,14,20,1
4232,39578,4.4,0,13,16,30,1
4233,39597,4.51,0,12,15,19,1
4234,39610,3.77,0,10,13,13,1
4235,39626,1.94,0,7,10,16,1
4236,39627,-1.01,0,0,3,1,1
4237,39630,-0.03,0,2,5,3,1
4238,39648,3.47,0,10,13,18,1
4239,39672,4.21,0,12,15,24,1
4240,39689,2.98,0,9,12,17,1
4241,39694,0.95,0,4,7,5,1
4242,39696,-0.52,0,1,4,2,1
4243,39709,2.67,0,8,11,13,1
4244,39710,-1.01,0,0,3,1,1
4245,39713,-0.03,0,2,5,3,1
4246,39731,3.47,0,10,13,18,1
4247,39734,-0.03,0,2,5,3,1
4248,39741,1.93,0,6,9,7,1
4249,39748,1.93,0,6,9,7,1
4250,39768,4.45,0,12,15,20,1
4251,39771,-0.03,0,2,5,3,1
4252,39773,-0.52,0,1,4,2,1
4253,39775,-0.52,0,1,4,2,1
4254,39785,2.3,0,7,10,10,1
4255,39789,0.46,0,3,6,4,1
4256,39803,3.16,0,9,12,14,1
4257,39812,1.81,0,6,9,9,1
4258,39818,1.44,0,5,8,6,1
4259,39852,4.71,0,14,17,34,1
4260,39853,-1.01,0,0,3,1,1
4261,39857,0.46,0,3,6,4,1
4262,39866,1.81,0,6,9,9,1
4263,39878,2.18,0,7,10,12,1
4264,39881,-0.58,0,1,4,3,1
4265,39886,0.95,0,4,7,5,1
4266,39891,0.4,0,3,6,5,1
4267,39898,1.93,0,6,9,7,1
4268,39900,-0.52,0,1,4,2,1
4269,39905,0.95,0,4,7,5,1
4270,39911,1.44,0,5,8,6,1
4271,39912,-1.01,0,0,3,1,1
4272,39913,-1.01,0,0,3,1,1
4273,39918,0.95,0,4,7,5,1
4274,39921,-0.03,0,2,5,3,1
4275,39927,0.89,0,4,7,6,1
4276,39937,2.3,0,7,10,10,1
4277,39940,-0.03,0,2,5,3,1
4278,39971,5.44,0,15,18,31,1
4279,39975,0.46,0,3,6,4,1
4280,39977,-0.52,0,1,4,2,1
4281,40000,6.47,0,16,19,23,1
4282,40010,1.75,0,6,9,10,1
4283,40066,10.74,1,22,25,56,0
4284,40069,-0.58,0,1,4,3,1
4285,40085,3.59,0,10,13,16,1
4286,40089,0.46,0,3,6,4,1
4287,40109,3.9,0,11,14,20,1
4288,40113,0.46,0,3,6,4,1
4289,40163,6.5,0,19,22,50,1
4290,40168,0.95,0,4,7,5,1
4291,40171,-0.03,0,2,5,3,1
4292,40174,-0.03,0,2,5,3,1
4293,40176,-0.52,0,1,4,2,1
4294,40182,1.44,0,5,8,6,1
4295,40207,3.6,0,11,14,25,1
4296,40209,-0.52,0,1,4,2,1
4297,40213,0.46,0,3,6,4,1
4298,40219,1.44,0,5,8,6,1
4299,40223,0.46,0,3,6,4,1
4300,40228,0.95,0,4,7,5,1
4301,40239,2.24,0,7,10,11,1
4302,40241,-0.52,0,1,4,2,1
4303,40242,-1.01,0,0,3,1,1
4304,40247,0.4,0,3,6,5,1
4305,40252,0.4,0,3,6,5,1
4306,40285,6.42,0,17,20,33,1
4307,40299,3.16,0,9,12,14,1
4308,40311,2.73,0,8,11,12,1
4309,40312,-1.01,0,0,3,1,1
4310,40313,-1.01,0,0,3,1,1
4311,40319,1.44,0,5,8,6,1
4312,40330,3.34,0,9,12,11,1
4313,40334,0.46,0,3,6,4,1
4314,40340,0.89,0,4,7,6,1
4315,40343,-0.03,0,2,5,3,1
4316,40359,3.59,0,10,13,16,1
4317,40378,3.41,0,10,13,19,1
4318,40380,-0.52,0,1,4,2,1
4319,40400,5.55,0,14,17,20,1
4320,40446,5.09,0,16,19,46,1
4321,40467,4.39,0,12,15,21,1
4322,40470,-0.58,0,1,4,3,1
4323,40475,0.95,0,4,7,5,1
4324,40477,-0.52,0,1,4,2,1
4325,40505,5.07,0,14,17,28,1
4326,40506,-1.01,0,0,3,1,1
4327,40510,0.46,0,3,6,4,1
4328,40515,0.4,0,3,6,5,1
4329,40544,5.56,0,15,18,29,1
4330,40573,3.91,0,12,15,29,1
4331,40593,5.55,0,14,17,20,1
4332,40596,-0.03,0,2,5,3,1
4333,40597,-1.01,0,0,3,1,1
4334,40608,3.34,0,9,12,11,1
4335,40624,4.14,0,11,14,16,1
4336,40630,1.44,0,5,8,6,1
4337,40637,1.38,0,5,8,7,1
4338,40641,-0.09,0,2,5,4,1
4339,40642,-1.01,0,0,3,1,1
4340,40650,1.32,0,5,8,8,1
4341,40666,4.14,0,11,14,16,1
4342,40672,1.44,0,5,8,6,1
4343,40691,2.86,0,9,12,19,1
4344,40716,6.35,0,16,19,25,1
4345,40719,-0.03,0,2,5,3,1
4346,40726,1.38,0,5,8,7,1
4347,40744,3.47,0,10,13,18,1
4348,40745,-1.01,0,0,3,1,1
4349,40752,1.38,0,5,8,7,1
4350,40771,3.41,0,10,13,19,1
4351,40786,3.1,0,9,12,15,1
4352,40787,-1.01,0,0,3,1,1
4353,40789,-0.52,0,1,4,2,1
4354,40808,4.51,0,12,15,19,1
4355,40810,-0.52,0,1,4,2,1
4356,40815,0.4,0,3,6,5,1
4357,40832,2.98,0,9,12,17,1
4358,40838,0.34,0,3,6,6,1
4359,40840,-0.52,0,1,4,2,1
4360,40843,-0.03,0,2,5,3,1
4361,40847,0.46,0,3,6,4,1
4362,40850,-0.03,0,2,5,3,1
4363,40861,2.79,0,8,11,11,1
4364,40868,1.38,0,5,8,7,1
4365,40882,3.16,0,9,12,14,1
4366,40894,2.73,0,8,11,12,1
4367,40899,0.95,0,4,7,5,1
4368,40904,0.4,0,3,6,5,1
4369,40919,3.1,0,9,12,15,1
4370,40931,2.73,0,8,11,12,1
4371,40948,3.53,0,10,13,17,1
4372,40951,-0.03,0,2,5,3,1
4373,40958,1.38,0,5,8,7,1
4374,40960,-0.52,0,1,4,2,1
4375,40966,0.89,0,4,7,6,1
4376,40968,-0.52,0,1,4,2,1
4377,40970,-0.52,0,1,4,2,1
4378,40979,1.81,0,6,9,9,1
4379,40981,-0.52,0,1,4,2,1
4380,40989,1.87,0,6,9,8,1
4381,40994,0.4,0,3,6,5,1
4382,41007,3.22,0,9,12,13,1
4383,41031,5.31,0,14,17,24,1
4384,41042,1.69,0,6,9,11,1
4385,41056,3.71,0,10,13,14,1
4386,41067,2.79,0,8,11,11,1
4387,41079,3.28,0,9,12,12,1
4388,41083,-0.09,0,2,5,4,1
4389,41084,-1.01,0,0,3,1,1
4390,41093,1.81,0,6,9,9,1
4391,41098,0.95,0,4,7,5,1
4392,41102,-0.09,0,2,5,4,1
4393,41103,-1.01,0,0,3,1,1
4394,41109,0.34,0,3,6,6,1
4395,41122,1.57,0,6,9,13,1
4396,41124,-0.52,0,1,4,2,1
4397,41131,0.83,0,4,7,7,1
4398,41161,6.05,0,16,19,30,1
4399,41172,2.24,0,7,10,11,1
4400,41185,1.57,0,6,9,13,1
4401,41190,0.4,0,3,6,5,1
4402,41196,1.44,0,5,8,6,1
4403,41201,0.95,0,4,7,5,1
4404,41211,1.75,0,6,9,10,1
4405,41216,0.4,0,3,6,5,1
4406,41238,4.88,0,13,16,22,1
4407,41239,-1.01,0,0,3,1,1
4408,41241,-0.52,0,1,4,2,1
4409,41243,-0.52,0,1,4,2,1
4410,41256,1.57,0,6,9,13,1
4411,41257,-1.01,0,0,3,1,1
4412,41268,2.24,0,7,10,11,1
4413,41277,1.81,0,6,9,9,1
4414,41291,3.16,0,9,12,14,1
4415,41339,3.87,0,14,17,48,1
4416,41341,-0.52,0,1,4,2,1
4417,41344,-0.03,0,2,5,3,1
4418,41353,2.91,0,8,11,9,1
4419,41357,0.46,0,3,6,4,1
4420,41364,1.93,0,6,9,7,1
4421,41372,1.87,0,6,9,8,1
4422,41431,5.96,0,19,22,59,1
4423,41442,2.79,0,8,11,11,1
4424,41453,2.24,0,7,10,11,1
4425,41456,-0.03,0,2,5,3,1
4426,41466,2.85,0,8,11,10,1
4427,41472,1.44,0,5,8,6,1
4428,41513,7.04,0,19,22,41,1
4429,41526,1.57,0,6,9,13,1
4430,41531,0.4,0,3,6,5,1
4431,41532,-1.01,0,0,3,1,1
4432,41533,-1.01,0,0,3,1,1
4433,41536,-0.03,0,2,5,3,1
4434,41566,5.5,0,15,18,30,1
4435,41575,2.36,0,7,10,9,1
4436,41576,-1.01,0,0,3,1,1
4437,41578,-0.52,0,1,4,2,1
4438,41584,1.44,0,5,8,6,1
4439,41606,4.33,0,12,15,22,1
4440,41607,-1.01,0,0,3,1,1
4441,41626,3.96,0,11,14,19,1
4442,41629,-0.03,0,2,5,3,1
4443,41630,-1.01,0,0,3,1,1
4444,41631,-1.01,0,0,3,1,1
4445,41648,4.63,0,12,15,17,1
4446,41657,2.36,0,7,10,9,1
4447,41658,-1.01,0,0,3,1,1
4448,41670,2.73,0,8,11,12,1
4449,41676,0.89,0,4,7,6,1
4450,41677,-1.01,0,0,3,1,1
4451,41711,6.36,0,17,20,34,1
4452,41714,-0.03,0,2,5,3,1
4453,41744,4.95,0,14,17,30,1
4454,41758,2.61,0,8,11,14,1
4455,41800,5.33,0,16,19,42,1
4456,41801,-1.01,0,0,3,1,1
4457,41808,1.93,0,6,9,7,1
4458,41809,-1.01,0,0,3,1,1
4459,41811,-0.52,0,1,4,2,1
4460,41821,1.75,0,6,9,10,1
4461,41828,1.93,0,6,9,7,1
4462,41830,-0.52,0,1,4,2,1
4463,41835,0.95,0,4,7,5,1
4464,41848,2.67,0,8,11,13,1
4465,41852,0.46,0,3,6,4,1
4466,41857,0.4,0,3,6,5,1
4467,41872,3.65,0,10,13,15,1
4468,41883,2.24,0,7,10,11,1
4469,41907,4.21,0,12,15,24,1
4470,41922,3.1,0,9,12,15,1
4471,41925,-0.03,0,2,5,3,1
4472,41926,-1.01,0,0,3,1,1
4473,41943,3.53,0,10,13,17,1
4474,41948,0.4,0,3,6,5,1
4475,41955,1.93,0,6,9,7,1
4476,41959,-0.09,0,2,5,4,1
4477,41962,-0.03,0,2,5,3,1
4478,41981,2.86,0,9,12,19,1
4479,41990,1.26,0,5,8,9,1
4480,42004,1.51,0,6,9,14,1
4481,42027,4.82,0,13,16,23,1
4482,42028,-1.01,0,0,3,1,1
4483,42030,-0.52,0,1,4,2,1
4484,42055,4.15,0,12,15,25,1
4485,42058,-0.03,0,2,5,3,1
4486,42059,-1.01,0,0,3,1,1
4487,42062,-0.03,0,2,5,3,1
4488,42071,1.81,0,6,9,9,1
4489,42076,0.95,0,4,7,5,1
4490,42090,3.16,0,9,12,14,1
4491,42096,1.44,0,5,8,6,1
4492,42098,-0.52,0,1,4,2,1
4493,42099,-1.01,0,0,3,1,1
4494,42104,0.4,0,3,6,5,1
4495,42126,5.98,0,15,18,22,1
4496,42129,-0.03,0,2,5,3,1
4497,42134,0.95,0,4,7,5,1
4498,42156,5.43,0,14,17,22,1
4499,42158,-0.52,0,1,4,2,1
4500,42178,4.45,0,12,15,20,1
4501,42180,-0.52,0,1,4,2,1
4502,42184,0.46,0,3,6,4,1
4503,42191,1.38,0,5,8,7,1
4504,42199,1.32,0,5,8,8,1
4505,42201,-0.52,0,1,4,2,1
4506,42207,0.89,0,4,7,6,1
4507,42214,1.38,0,5,8,7,1
4508,42223,1.81,0,6,9,9,1
4509,42226,-0.03,0,2,5,3,1
4510,42234,1.32,0,5,8,8,1
4511,42264,4.4,0,13,16,30,1
4512,42265,-1.01,0,0,3,1,1
4513,42277,2.73,0,8,11,12,1
4514,42285,1.87,0,6,9,8,1
4515,42311,4.64,0,13,16,26,1
4516,42324,3.77,0,10,13,13,1
4517,42325,-1.01,0,0,3,1,1
4518,42340,3.1,0,9,12,15,1
4519,42352,2.18,0,7,10,12,1
4520,42361,1.81,0,6,9,9,1
4521,42369,1.87,0,6,9,8,1
4522,42376,1.93,0,6,9,7,1
4523,42385,2.36,0,7,10,9,1
4524,42386,-1.01,0,0,3,1,1
4525,42390,0.46,0,3,6,4,1
4526,42401,2.79,0,8,11,11,1
4527,42404,-0.58,0,1,4,3,1
4528,42405,-1.01,0,0,3,1,1
4529,42430,3.6,0,11,14,25,1
4530,42436,0.34,0,3,6,6,1
4531,42440,0.46,0,3,6,4,1
4532,42445,0.95,0,4,7,5,1
4533,42465,3.9,0,11,14,20,1
4534,42490,4.15,0,12,15,25,1
4535,42493,-0.03,0,2,5,3,1
4536,42513,3.35,0,10,13,20,1
4537,42526,3.77,0,10,13,13,1
4538,42540,3.71,0,10,13,14,1
4539,42559,3.41,0,10,13,19,1
4540,42561,-0.52,0,1,4,2,1
4541,42566,0.4,0,3,6,5,1
4542,42576,2.85,0,8,11,10,1
4543,42578,-0.52,0,1,4,2,1
4544,42613,4.1,0,13,16,35,1
4545,42622,1.26,0,5,8,9,1
4546,42625,-0.58,0,1,4,3,1
4547,42626,-1.01,0,0,3,1,1
4548,42627,-1.01,0,0,3,1,1
4549,42640,2.12,0,7,10,13,1
4550,42663,3.72,0,11,14,23,1
4551,42670,1.38,0,5,8,7,1
4552,42675,-0.15,0,2,5,5,1
4553,42676,-1.01,0,0,3,1,1
4554,42708,4.83,0,14,17,32,1
4555,42717,2.36,0,7,10,9,1
4556,42733,3.04,0,9,12,16,1
4557,42741,1.87,0,6,9,8,1
4558,42742,-1.01,0,0,3,1,1
4559,42757,3.1,0,9,12,15,1
4560,42761,0.46,0,3,6,4,1
4561,42765,0.46,0,3,6,4,1
4562,42768,-0.58,0,1,4,3,1
4563,42782,3.16,0,9,12,14,1
4564,42785,-0.03,0,2,5,3,1
4565,42788,-0.03,0,2,5,3,1
4566,42797,2.36,0,7,10,9,1
4567,42818,7.14,0,17,20,21,1
4568,42826,1.87,0,6,9,8,1
4569,42827,-1.01,0,0,3,1,1
4570,42832,0.4,0,3,6,5,1
4571,42833,-1.01,0,0,3,1,1
4572,42841,1.32,0,5,8,8,1
4573,42849,1.87,0,6,9,8,1
4574,42850,-1.01,0,0,3,1,1
4575,42853,-0.58,0,1,4,3,1
4576,42859,0.89,0,4,7,6,1
4577,42861,-0.52,0,1,4,2,1
4578,42868,0.83,0,4,7,7,1
4579,42869,-1.01,0,0,3,1,1
4580,42933,4.56,0,17,20,64,1
4581,42958,4.7,0,13,16,25,1
4582,42962,0.46,0,3,6,4,1
4583,42963,-1.01,0,0,3,1,1
4584,42966,-0.03,0,2,5,3,1
4585,42975,1.81,0,6,9,9,1
4586,42978,-0.03,0,2,5,3,1
4587,42993,3.65,0,10,13,15,1
4588,43020,6.23,0,16,19,27,1
4589,43039,6.16,0,15,18,19,1
4590,43055,4.14,0,11,14,16,1
4591,43078,4.27,0,12,15,23,1
4592,43139,6.94,0,21,24,61,1
4593,43149,1.2,0,5,8,10,1
4594,43164,2.0,0,7,10,15,1
4595,43196,6.48,0,17,20,32,1
4596,43212,3.59,0,10,13,16,1
4597,43214,-0.52,0,1,4,2,1
4598,43220,0.89,0,4,7,6,1
4599,43226,0.89,0,4,7,6,1
4600,43230,0.46,0,3,6,4,1
4601,43242,2.73,0,8,11,12,1
4602,43245,-0.03,0,2,5,3,1
4603,43247,-0.52,0,1,4,2,1
4604,43262,2.55,0,8,11,15,1
4605,43267,0.4,0,3,6,5,1
4606,43327,5.9,0,19,22,60,1
4607,43331,0.46,0,3,6,4,1
4608,43338,1.38,0,5,8,7,1
4609,43347,2.36,0,7,10,9,1
4610,43352,0.4,0,3,6,5,1
4611,43393,4.84,0,15,18,41,1
4612,43398,0.95,0,4,7,5,1
4613,43425,6.23,0,16,19,27,1
4614,43430,0.95,0,4,7,5,1
4615,43436,0.89,0,4,7,6,1
4616,43441,0.4,0,3,6,5,1
4617,43461,4.45,0,12,15,20,1
4618,43467,0.89,0,4,7,6,1
4619,43475,1.32,0,5,8,8,1
4620,43547,6.28,0,21,24,72,1
4621,43551,0.46,0,3,6,4,1
4622,43559,0.77,0,4,7,8,1
4623,43570,1.69,0,6,9,11,1
4624,43571,-1.01,0,0,3,1,1
4625,43579,1.87,0,6,9,8,1
4626,43581,-0.52,0,1,4,2,1
4627,43598,2.98,0,9,12,17,1
4628,43600,-0.52,0,1,4,2,1
4629,43610,2.3,0,7,10,10,1
4630,43621,3.34,0,9,12,11,1
4631,43627,1.44,0,5,8,6,1
4632,43639,2.73,0,8,11,12,1
4633,43647,1.87,0,6,9,8,1
4634,43651,0.46,0,3,6,4,1
4635,43661,2.85,0,8,11,10,1
4636,43669,1.87,0,6,9,8,1
4637,43674,0.95,0,4,7,5,1
4638,43696,4.33,0,12,15,22,1
4639,43699,-0.03,0,2,5,3,1
4640,43701,-0.52,0,1,4,2,1
4641,43742,6.49,0,18,21,41,1
4642,43747,0.95,0,4,7,5,1
4643,43773,6.29,0,16,19,26,1
4644,43788,3.65,0,10,13,15,1
4645,43793,0.95,0,4,7,5,1
4646,43797,0.46,0,3,6,4,1
4647,43818,6.04,0,15,18,21,1
4648,43828,1.2,0,5,8,10,1
4649,43877,6.56,0,19,22,49,1
4650,43894,4.08,0,11,14,17,1
4651,43896,-0.52,0,1,4,2,1
4652,43903,1.38,0,5,8,7,1
4653,43904,-1.01,0,0,3,1,1
4654,43905,-1.01,0,0,3,1,1
4655,43910,0.95,0,4,7,5,1
4656,43913,-0.03,0,2,5,3,1
4657,43916,-0.03,0,2,5,3,1
4658,43922,1.44,0,5,8,6,1
4659,43940,4.57,0,12,15,18,1
4660,43960,2.25,0,8,11,20,1
4661,43961,-1.01,0,0,3,1,1
4662,43988,6.23,0,16,19,27,1
4663,43993,0.4,0,3,6,5,1
4664,43995,-0.52,0,1,4,2,1
4665,43998,-0.03,0,2,5,3,1
4666,44002,0.46,0,3,6,4,1
4667,44005,-0.03,0,2,5,3,1
4668,44009,0.46,0,3,6,4,1
4669,44014,0.95,0,4,7,5,1
4670,44040,5.19,0,14,17,26,1
4671,44046,1.44,0,5,8,6,1
4672,44056,2.3,0,7,10,10,1
4673,44059,-0.03,0,2,5,3,1
4674,44061,-0.52,0,1,4,2,1
4675,44063,-0.52,0,1,4,2,1
4676,44064,-1.01,0,0,3,1,1
4677,44073,1.81,0,6,9,9,1
4678,44082,2.91,0,8,11,9,1
4679,44092,2.3,0,7,10,10,1
4680,44094,-0.52,0,1,4,2,1
4681,44101,1.38,0,5,8,7,1
4682,44107,1.44,0,5,8,6,1
4683,44117,1.2,0,5,8,10,1
4684,44127,1.2,0,5,8,10,1
4685,44131,0.46,0,3,6,4,1
4686,44140,1.81,0,6,9,9,1
4687,44151,3.34,0,9,12,11,1
4688,44159,0.22,0,3,6,8,1
4689,44162,-0.03,0,2,5,3,1
4690,44166,0.46,0,3,6,4,1
4691,44178,3.28,0,9,12,12,1
4692,44181,-0.03,0,2,5,3,1
4693,44198,2.98,0,9,12,17,1
4694,44204,0.89,0,4,7,6,1
4695,44206,-0.52,0,1,4,2,1
4696,44223,5.18,0,13,16,17,1
4697,44226,-0.03,0,2,5,3,1
4698,44242,4.69,0,12,15,16,1
4699,44266,4.76,0,13,16,24,1
4700,44267,-1.01,0,0,3,1,1
4701,44302,5.2,0,15,18,35,1
4702,44303,-1.01,0,0,3,1,1
4703,44311,1.32,0,5,8,8,1
4704,44333,4.88,0,13,16,22,1
4705,44342,1.81,0,6,9,9,1
4706,44356,3.16,0,9,12,14,1
4707,44364,1.32,0,5,8,8,1
4708,44369,0.4,0,3,6,5,1
4709,44372,-0.03,0,2,5,3,1
4710,44375,-0.03,0,2,5,3,1
4711,44379,0.46,0,3,6,4,1
4712,44385,1.44,0,5,8,6,1
4713,44402,5.18,0,13,16,17,1
4714,44406,0.46,0,3,6,4,1
4715,44415,1.81,0,6,9,9,1
4716,44419,0.46,0,3,6,4,1
4717,44423,0.46,0,3,6,4,1
4718,44432,2.91,0,8,11,9,1
4719,44435,-0.03,0,2,5,3,1
4720,44437,-0.52,0,1,4,2,1
4721,44441,-0.64,0,1,4,4,1
4722,44445,0.46,0,3,6,4,1
4723,44461,2.49,0,8,11,16,1
4724,44462,-1.01,0,0,3,1,1
4725,44465,-0.03,0,2,5,3,1
4726,44477,3.28,0,9,12,12,1
4727,44485,1.32,0,5,8,8,1
4728,44487,-0.52,0,1,4,2,1
4729,44497,2.3,0,7,10,10,1
4730,44518,3.84,0,11,14,21,1
4731,44522,-0.09,0,2,5,4,1
4732,44554,5.93,0,16,19,32,1
4733,44564,1.75,0,6,9,10,1
4734,44570,1.44,0,5,8,6,1
4735,44581,2.79,0,8,11,11,1
4736,44602,4.94,0,13,16,21,1
4737,44606,0.46,0,3,6,4,1
4738,44608,-0.52,0,1,4,2,1
4739,44613,0.95,0,4,7,5,1
4740,44624,2.79,0,8,11,11,1
4741,44625,-1.01,0,0,3,1,1
4742,44643,3.47,0,10,13,18,1
4743,44674,5.44,0,15,18,31,1
4744,44680,1.44,0,5,8,6,1
4745,44695,3.1,0,9,12,15,1
4746,44696,-1.01,0,0,3,1,1
4747,44697,-1.01,0,0,3,1,1
4748,44710,2.67,0,8,11,13,1
4749,44718,1.87,0,6,9,8,1
4750,44740,5.98,0,15,18,22,1
4751,44743,-0.03,0,2,5,3,1
4752,44748,0.4,0,3,6,5,1
4753,44751,-0.03,0,2,5,3,1
4754,44761,2.3,0,7,10,10,1
4755,44803,6.98,0,19,22,42,1
4756,44805,-0.52,0,1,4,2,1
4757,44826,4.39,0,12,15,21,1
4758,44827,-1.01,0,0,3,1,1
4759,44829,-0.52,0,1,4,2,1
4760,44837,1.87,0,6,9,8,1
4761,44843,1.44,0,5,8,6,1
4762,44856,2.67,0,8,11,13,1
4763,44860,0.46,0,3,6,4,1
4764,44892,4.83,0,14,17,32,1
4765,44904,2.73,0,8,11,12,1
4766,44923,4.51,0,12,15,19,1
4767,44926,-0.03,0,2,5,3,1
4768,44930,0.46,0,3,6,4,1
4769,44932,-0.52,0,1,4,2,1
4770,44933,-1.01,0,0,3,1,1
4771,44937,0.46,0,3,6,4,1
4772,44940,-0.58,0,1,4,3,1
4773,44947,0.83,0,4,7,7,1
4774,44950,-0.03,0,2,5,3,1
4775,44957,0.83,0,4,7,7,1
4776,44959,-0.52,0,1,4,2,1
4777,44962,-0.03,0,2,5,3,1
4778,44963,-1.01,0,0,3,1,1
4779,44993,6.05,0,16,19,30,1
4780,45000,1.93,0,6,9,7,1
4781,45006,0.89,0,4,7,6,1
4782,45011,0.95,0,4,7,5,1
4783,45015,-0.09,0,2,5,4,1
4784,45017,-0.52,0,1,4,2,1
4785,45018,-1.01,0,0,3,1,1
4786,45026,1.87,0,6,9,8,1
4787,45046,3.9,0,11,14,20,1
4788,45093,5.03,0,16,19,47,1
4789,45102,1.81,0,6,9,9,1
4790,45113,2.24,0,7,10,11,1
4791,45116,-0.03,0,2,5,3,1
4792,45120,0.46,0,3,6,4,1
4793,45138,4.02,0,11,14,18,1
4794,45145,1.93,0,6,9,7,1
4795,45159,2.06,0,7,10,14,1
4796,45169,2.3,0,7,10,10,1
4797,45176,1.93,0,6,9,7,1
4798,45182,1.44,0,5,8,6,1
4799,45184,-0.52,0,1,4,2,1
4800,45208,4.21,0,12,15,24,1
4801,45225,2.43,0,8,11,17,1
4802,45234,1.81,0,6,9,9,1
4803,45243,1.81,0,6,9,9,1
4804,45246,-0.03,0,2,5,3,1
4805,45247,-1.01,0,0,3,1,1
4806,45250,-0.03,0,2,5,3,1
4807,45284,3.61,0,12,15,34,1
4808,45290,1.44,0,5,8,6,1
4809,45316,4.64,0,13,16,26,1
4810,45357,3.19,0,12,15,41,1
4811,45370,3.22,0,9,12,13,1
4812,45405,3.55,0,12,15,35,1
4813,45415,2.3,0,7,10,10,1
4814,45420,0.4,0,3,6,5,1
4815,45425,0.95,0,4,7,5,1
4816,45428,-0.03,0,2,5,3,1
4817,45432,-0.09,0,2,5,4,1
4818,45439,0.83,0,4,7,7,1
4819,45440,-1.01,0,0,3,1,1
4820,45446,0.89,0,4,7,6,1
4821,45471,2.5,0,9,12,25,1
4822,45478,1.38,0,5,8,7,1
4823,45495,3.53,0,10,13,17,1
4824,45523,6.17,0,16,19,28,1
4825,45525,-0.52,0,1,4,2,1
4826,45530,0.4,0,3,6,5,1
4827,45557,6.78,0,17,20,27,1
4828,45564,1.38,0,5,8,7,1
4829,45566,-0.52,0,1,4,2,1
4830,45567,-1.01,0,0,3,1,1
4831,45571,0.46,0,3,6,4,1
4832,45573,-0.52,0,1,4,2,1
4833,45575,-0.52,0,1,4,2,1
4834,45599,6.41,0,16,19,24,1
4835,45609,1.75,0,6,9,10,1
4836,45610,-1.01,0,0,3,1,1
4837,45611,-1.01,0,0,3,1,1
4838,45621,1.75,0,6,9,10,1
4839,45648,3.48,0,11,14,27,1
4840,45651,-0.03,0,2,5,3,1
4841,45658,1.38,0,5,8,7,1
4842,45666,1.87,0,6,9,8,1
4843,45671,0.95,0,4,7,5,1
4844,45681,2.3,0,7,10,10,1
4845,45707,4.64,0,13,16,26,1
4846,45713,0.89,0,4,7,6,1
4847,45743,3.85,0,12,15,30,1
4848,45751,2.42,0,7,10,8,1
4849,45758,1.38,0,5,8,7,1
4850,45762,-0.09,0,2,5,4,1
4851,45787,3.05,0,10,13,25,1
4852,45815,5.62,0,15,18,28,1
4853,45824,1.26,0,5,8,9,1
4854,45835,2.79,0,8,11,11,1
4855,45839,-0.09,0,2,5,4,1
4856,45844,0.95,0,4,7,5,1
4857,45847,-0.03,0,2,5,3,1
4858,45849,-0.52,0,1,4,2,1
4859,45853,-0.09,0,2,5,4,1
4860,45903,5.95,0,18,21,50,1
4861,45905,-0.52,0,1,4,2,1
4862,45909,-0.09,0,2,5,4,1
4863,45912,-0.03,0,2,5,3,1
4864,45915,-0.03,0,2,5,3,1
4865,45930,3.1,0,9,12,15,1
4866,45959,6.11,0,16,19,29,1
4867,45961,-0.52,0,1,4,2,1
4868,45962,-1.01,0,0,3,1,1
4869,45983,3.29,0,10,13,21,1
4870,45991,1.87,0,6,9,8,1
4871,46001,1.2,0,5,8,10,1
4872,46092,8.64,1,22,25,91,0
4873,46107,4.2,0,11,14,15,1
4874,46114,1.93,0,6,9,7,1
4875,46116,-0.52,0,1,4,2,1
4876,46120,0.46,0,3,6,4,1
4877,46123,-0.03,0,2,5,3,1
4878,46157,4.16,0,13,16,34,1
4879,46165,2.42,0,7,10,8,1
4880,46167,-0.52,0,1,4,2,1
4881,46176,2.36,0,7,10,9,1
4882,46184,1.87,0,6,9,8,1
4883,46196,2.73,0,8,11,12,1
4884,46204,2.42,0,7,10,8,1
4885,46209,0.4,0,3,6,5,1
4886,46221,2.73,0,8,11,12,1
4887,46240,4.51,0,12,15,19,1
4888,46242,-0.52,0,1,4,2,1
4889,46247,0.95,0,4,7,5,1
4890,46252,0.95,0,4,7,5,1
4891,46258,0.89,0,4,7,6,1
4892,46265,1.38,0,5,8,7,1
4893,46274,2.91,0,8,11,9,1
4894,46302,6.72,0,17,20,28,1
4895,46306,0.46,0,3,6,4,1
4896,46328,3.78,0,11,14,22,1
4897,46336,0.77,0,4,7,8,1
4898,46353,4.08,0,11,14,17,1
4899,46358,0.95,0,4,7,5,1
4900,46366,1.87,0,6,9,8,1
4901,46368,-0.52,0,1,4,2,1
4902,46369,-1.01,0,0,3,1,1
4903,46370,-1.01,0,0,3,1,1
4904,46373,-0.03,0,2,5,3,1
4905,46374,-1.01,0,0,3,1,1
4906,46377,-0.03,0,2,5,3,1
4907,46396,4.51,0,12,15,19,1
4908,46398,-0.52,0,1,4,2,1
4909,46430,5.38,0,15,18,32,1
4910,46448,5.12,0,13,16,18,1
4911,46451,-0.03,0,2,5,3,1
4912,46455,0.46,0,3,6,4,1
4913,46456,-1.01,0,0,3,1,1
4914,46457,-1.01,0,0,3,1,1
4915,46459,-0.52,0,1,4,2,1
4916,46483,4.76,0,13,16,24,1
4917,46487,-0.09,0,2,5,4,1
4918,46488,-1.01,0,0,3,1,1
4919,46500,2.18,0,7,10,12,1
4920,46506,1.44,0,5,8,6,1
4921,46516,1.75,0,6,9,10,1
4922,46519,-0.03,0,2,5,3,1
4923,46521,-0.52,0,1,4,2,1
4924,46528,1.38,0,5,8,7,1
4925,46542,3.71,0,10,13,14,1
4926,46554,2.73,0,8,11,12,1
4927,46559,0.95,0,4,7,5,1
4928,46570,1.14,0,5,8,11,1
4929,46573,-0.03,0,2,5,3,1
4930,46574,-1.01,0,0,3,1,1
4931,46575,-1.01,0,0,3,1,1
4932,46581,0.89,0,4,7,6,1
4933,46585,0.46,0,3,6,4,1
4934,46593,1.87,0,6,9,8,1
4935,46613,4.45,0,12,15,20,1
4936,46615,-0.52,0,1,4,2,1
4937,46617,-0.52,0,1,4,2,1
4938,46647,3.3,0,11,14,30,1
4939,46649,-0.52,0,1,4,2,1
4940,46653,0.46,0,3,6,4,1
4941,46655,-0.52,0,1,4,2,1
4942,46681,3.54,0,11,14,26,1
4943,46682,-1.01,0,0,3,1,1
4944,46683,-1.01,0,0,3,1,1
4945,46684,-1.01,0,0,3,1,1
4946,46688,0.46,0,3,6,4,1
4947,46689,-1.01,0,0,3,1,1
4948,46693,0.46,0,3,6,4,1
4949,46704,1.69,0,6,9,11,1
4950,46724,4.45,0,12,15,20,1
4951,46725,-1.01,0,0,3,1,1
4952,46733,1.87,0,6,9,8,1
4953,46735,-0.52,0,1,4,2,1
4954,46742,1.38,0,5,8,7,1
4955,46748,1.44,0,5,8,6,1
4956,46749,-1.01,0,0,3,1,1
4957,46750,-1.01,0,0,3,1,1
4958,46771,6.04,0,15,18,21,1
4959,46780,1.81,0,6,9,9,1
4960,46792,2.18,0,7,10,12,1
4961,46798,1.44,0,5,8,6,1
4962,46803,0.95,0,4,7,5,1
4963,46804,-1.01,0,0,3,1,1
4964,46808,0.46,0,3,6,4,1
4965,46833,5.25,0,14,17,25,1
4966,46847,3.16,0,9,12,14,1
4967,46850,-0.03,0,2,5,3,1
4968,46851,-1.01,0,0,3,1,1
4969,46853,-0.52,0,1,4,2,1
4970,46855,-0.52,0,1,4,2,1
4971,46857,-0.52,0,1,4,2,1
4972,46870,2.67,0,8,11,13,1
4973,46871,-1.01,0,0,3,1,1
4974,46875,0.46,0,3,6,4,1
4975,46876,-1.01,0,0,3,1,1
4976,46877,-1.01,0,0,3,1,1
4977,46929,6.93,0,20,23,52,1
4978,46932,-0.03,0,2,5,3,1
4979,46933,-1.01,0,0,3,1,1
4980,46957,4.76,0,13,16,24,1
4981,46977,3.35,0,10,13,20,1
4982,46979,-0.52,0,1,4,2,1
4983,46982,-0.03,0,2,5,3,1
4984,46984,-0.52,0,1,4,2,1
4985,46992,1.87,0,6,9,8,1
4986,47013,4.94,0,13,16,21,1
4987,47023,2.3,0,7,10,10,1
4988,47046,4.27,0,12,15,23,1
4989,47050,0.46,0,3,6,4,1
4990,47054,0.46,0,3,6,4,1
4991,47073,3.96,0,11,14,19,1
4992,47085,3.28,0,9,12,12,1
4993,47101,1.39,0,6,9,16,1
4994,47106,0.95,0,4,7,5,1
4995,47108,-0.52,0,1,4,2,1
4996,47119,2.24,0,7,10,11,1
4997,47130,1.69,0,6,9,11,1
4998,47133,-0.03,0,2,5,3,1
4999,47141,2.42,0,7,10,8,1
5000,47166,3.6,0,11,14,25,1
5001,47181,4.2,0,11,14,15,1
5002,47191,1.2,0,5,8,10,1
5003,47199,1.32,0,5,8,8,1
5004,47205,1.44,0,5,8,6,1
5005,47207,-0.52,0,1,4,2,1
5006,47216,1.81,0,6,9,9,1
5007,47225,1.26,0,5,8,9,1
5008,47247,3.78,0,11,14,22,1
5009,47255,1.32,0,5,8,8,1
5010,47263,1.87,0,6,9,8,1
5011,47266,-0.03,0,2,5,3,1
5012,47281,3.65,0,10,13,15,1
5013,47288,1.38,0,5,8,7,1
5014,47291,-0.03,0,2,5,3,1
5015,47293,-0.52,0,1,4,2,1
5016,47317,5.31,0,14,17,24,1
5017,47325,1.32,0,5,8,8,1
5018,47336,2.79,0,8,11,11,1
5019,47343,0.83,0,4,7,7,1
5020,47351,2.42,0,7,10,8,1
5021,47359,2.42,0,7,10,8,1
5022,47366,1.93,0,6,9,7,1
5023,47403,3.43,0,12,15,37,1
5024,47413,2.3,0,7,10,10,1
5025,47432,4.51,0,12,15,19,1
5026,47438,1.44,0,5,8,6,1
5027,47442,0.46,0,3,6,4,1
5028,47445,-0.03,0,2,5,3,1
5029,47472,5.13,0,14,17,27,1
5030,47473,-1.01,0,0,3,1,1
5031,47474,-1.01,0,0,3,1,1
5032,47491,2.43,0,8,11,17,1
5033,47497,0.89,0,4,7,6,1
5034,47522,4.15,0,12,15,25,1
5035,47523,-1.01,0,0,3,1,1
5036,47548,5.25,0,14,17,25,1
5037,47553,0.95,0,4,7,5,1
5038,47561,1.87,0,6,9,8,1
5039,47568,1.93,0,6,9,7,1
5040,47571,-0.03,0,2,5,3,1
5041,47572,-1.01,0,0,3,1,1
5042,47583,3.34,0,9,12,11,1
5043,47595,2.73,0,8,11,12,1
5044,47613,4.02,0,11,14,18,1
5045,47619,0.89,0,4,7,6,1
5046,47625,0.89,0,4,7,6,1
5047,47632,0.83,0,4,7,7,1
5048,47651,3.96,0,11,14,19,1
5049,47677,5.19,0,14,17,26,1
5050,47680,-0.03,0,2,5,3,1
5051,47697,5.18,0,13,16,17,1
5052,47703,0.89,0,4,7,6,1
5053,47707,0.46,0,3,6,4,1
5054,47723,2.49,0,8,11,16,1
5055,47727,-0.64,0,1,4,4,1
5056,47733,0.89,0,4,7,6,1
5057,47774,6.49,0,18,21,41,1
5058,47799,4.7,0,13,16,25,1
5059,47801,-0.52,0,1,4,2,1
5060,47829,6.17,0,16,19,28,1
5061,47846,2.43,0,8,11,17,1
5062,47861,2.55,0,8,11,15,1
5063,47900,4.41,0,14,17,39,1
5064,47907,1.38,0,5,8,7,1
5065,47912,0.95,0,4,7,5,1
5066,47919,1.93,0,6,9,7,1
5067,47921,-0.52,0,1,4,2,1
5068,47926,0.4,0,3,6,5,1
5069,47934,1.87,0,6,9,8,1
5070,47942,2.42,0,7,10,8,1
5071,47945,-0.58,0,1,4,3,1
5072,47989,7.41,0,20,23,44,1
5073,47999,2.3,0,7,10,10,1
5074,48008,1.81,0,6,9,9,1
5075,48030,3.78,0,11,14,22,1
5076,48033,-0.03,0,2,5,3,1
5077,48034,-1.01,0,0,3,1,1
5078,48056,3.23,0,10,13,22,1
5079,48062,1.44,0,5,8,6,1
5080,48067,0.95,0,4,7,5,1
5081,48071,0.46,0,3,6,4,1
5082,48073,-0.52,0,1,4,2,1
5083,48084,3.34,0,9,12,11,1
5084,48087,-0.03,0,2,5,3,1
5085,48095,1.32,0,5,8,8,1
5086,48115,3.35,0,10,13,20,1
5087,48144,4.46,0,13,16,29,1
5088,48165,6.04,0,15,18,21,1
5089,48171,-0.21,0,2,5,6,1
5090,48180,1.81,0,6,9,9,1
5091,48202,3.23,0,10,13,22,1
5092,48205,-0.03,0,2,5,3,1
5093,48210,0.4,0,3,6,5,1
5094,48217,1.93,0,6,9,7,1
5095,48219,-0.52,0,1,4,2,1
5096,48242,3.72,0,11,14,23,1
5097,48245,-0.03,0,2,5,3,1
5098,48254,2.91,0,8,11,9,1
5099,48256,-0.52,0,1,4,2,1
5100,48261,0.4,0,3,6,5,1
5101,48263,-0.52,0,1,4,2,1
5102,48283,3.9,0,11,14,20,1
5103,48284,-1.01,0,0,3,1,1
5104,48287,-0.03,0,2,5,3,1
5105,48303,2.49,0,8,11,16,1
5106,48315,1.63,0,6,9,12,1
5107,48320,0.4,0,3,6,5,1
5108,48323,-0.03,0,2,5,3,1
5109,48324,-1.01,0,0,3,1,1
5110,48331,1.38,0,5,8,7,1
5111,48337,0.89,0,4,7,6,1
5112,48339,-0.52,0,1,4,2,1
5113,48348,1.81,0,6,9,9,1
5114,48349,-1.01,0,0,3,1,1
5115,48385,4.59,0,14,17,36,1
5116,48427,5.33,0,16,19,42,1
5117,48435,1.87,0,6,9,8,1
5118,48448,2.67,0,8,11,13,1
5119,48461,2.67,0,8,11,13,1
5120,48463,-0.52,0,1,4,2,1
5121,48526,5.17,0,18,21,63,1
5122,48542,3.04,0,9,12,16,1
5123,48546,0.46,0,3,6,4,1
5124,48550,-0.09,0,2,5,4,1
5125,48552,-0.52,0,1,4,2,1
5126,48555,-0.03,0,2,5,3,1
5127,48564,2.36,0,7,10,9,1
5128,48567,-0.03,0,2,5,3,1
5129,48576,1.26,0,5,8,9,1
5130,48586,2.3,0,7,10,10,1
5131,48599,3.77,0,10,13,13,1
5132,48603,-0.09,0,2,5,4,1
5133,48604,-1.01,0,0,3,1,1
5134,48606,-0.52,0,1,4,2,1
5135,48608,-0.52,0,1,4,2,1
5136,48626,4.02,0,11,14,18,1
5137,48645,4.51,0,12,15,19,1
5138,48680,4.65,0,14,17,35,1
5139,48685,0.95,0,4,7,5,1
5140,48692,0.83,0,4,7,7,1
5141,48716,4.76,0,13,16,24,1
5142,48724,1.87,0,6,9,8,1
5143,48727,-0.03,0,2,5,3,1
5144,48729,-0.52,0,1,4,2,1
5145,48743,3.71,0,10,13,14,1
5146,48747,0.46,0,3,6,4,1
5147,48749,-0.52,0,1,4,2,1
5148,48774,5.8,0,15,18,25,1
5149,48784,1.75,0,6,9,10,1
5150,48786,-0.52,0,1,4,2,1
5151,48788,-0.52,0,1,4,2,1
5152,48812,3.66,0,11,14,24,1
5153,48829,4.08,0,11,14,17,1
5154,48833,0.46,0,3,6,4,1
5155,48847,1.51,0,6,9,14,1
5156,48863,1.94,0,7,10,16,1
5157,48866,-0.03,0,2,5,3,1
5158,48885,2.86,0,9,12,19,1
5159,48888,-0.03,0,2,5,3,1
5160,48895,1.38,0,5,8,7,1
5161,48896,-1.01,0,0,3,1,1
5162,48900,0.46,0,3,6,4,1
5163,48939,4.41,0,14,17,39,1
5164,48945,1.44,0,5,8,6,1
5165,48951,0.89,0,4,7,6,1
5166,48954,-0.03,0,2,5,3,1
5167,48972,2.92,0,9,12,18,1
5168,48981,0.71,0,4,7,9,1
5169,49009,5.07,0,14,17,28,1
5170,49036,4.58,0,13,16,27,1
5171,49060,4.76,0,13,16,24,1
5172,49062,-0.52,0,1,4,2,1
5173,49072,1.75,0,6,9,10,1
5174,49079,1.93,0,6,9,7,1
5175,49082,-0.03,0,2,5,3,1
5176,49083,-1.01,0,0,3,1,1
5177,49099,3.59,0,10,13,16,1
5178,49111,1.63,0,6,9,12,1
5179,49115,-0.09,0,2,5,4,1
5180,49140,1.95,0,8,11,25,1
5181,49141,-1.01,0,0,3,1,1
5182,49152,3.89,0,10,13,11,1
5183,49164,2.18,0,7,10,12,1
5184,49168,0.46,0,3,6,4,1
5185,49169,-1.01,0,0,3,1,1
5186,49207,5.57,0,16,19,38,1
5187,49230,3.72,0,11,14,23,1
5188,49231,-1.01,0,0,3,1,1
5189,49254,3.72,0,11,14,23,1
5190,49256,-0.52,0,1,4,2,1
5191,49258,-0.52,0,1,4,2,1
5192,49278,3.35,0,10,13,20,1
5193,49287,2.36,0,7,10,9,1
5194,49289,-0.52,0,1,4,2,1
5195,49292,-0.03,0,2,5,3,1
5196,49320,5.07,0,14,17,28,1
5197,49321,-1.01,0,0,3,1,1
5198,49323,-0.52,0,1,4,2,1
5199,49329,0.89,0,4,7,6,1
5200,49333,0.46,0,3,6,4,1
5201,49350,2.98,0,9,12,17,1
5202,49354,0.46,0,3,6,4,1
5203,49358,-0.09,0,2,5,4,1
5204,49369,2.79,0,8,11,11,1
5205,49374,0.95,0,4,7,5,1
5206,49376,-0.52,0,1,4,2,1
5207,49413,5.63,0,16,19,37,1
5208,49424,3.34,0,9,12,11,1
5209,49443,3.41,0,10,13,19,1
5210,49445,-0.52,0,1,4,2,1
5211,49456,2.24,0,7,10,11,1
5212,49465,1.81,0,6,9,9,1
5213,49469,-0.09,0,2,5,4,1
5214,49487,4.02,0,11,14,18,1
5215,49490,-0.03,0,2,5,3,1
5216,49509,5.06,0,13,16,19,1
5217,49515,0.89,0,4,7,6,1
5218,49523,1.32,0,5,8,8,1
5219,49527,0.46,0,3,6,4,1
5220,49546,2.86,0,9,12,19,1
5221,49570,4.76,0,13,16,24,1
5222,49576,1.44,0,5,8,6,1
5223,49579,-0.03,0,2,5,3,1
5224,49580,-1.01,0,0,3,1,1
5225,49582,-0.52,0,1,4,2,1
5226,49583,-1.01,0,0,3,1,1
5227,49600,2.43,0,8,11,17,1
5228,49607,1.93,0,6,9,7,1
5229,49608,-1.01,0,0,3,1,1
5230,49616,1.32,0,5,8,8,1
5231,49620,0.46,0,3,6,4,1
5232,49626,1.44,0,5,8,6,1
5233,49631,0.4,0,3,6,5,1
5234,49638,1.93,0,6,9,7,1
5235,49646,1.32,0,5,8,8,1
5236,49649,-0.03,0,2,5,3,1
5237,49677,4.52,0,13,16,28,1
5238,49683,1.44,0,5,8,6,1
5239,49685,-0.52,0,1,4,2,1
5240,49686,-1.01,0,0,3,1,1
5241,49724,4.47,0,14,17,38,1
5242,49727,-0.03,0,2,5,3,1
5243,49730,-0.03,0,2,5,3,1
5244,49735,0.4,0,3,6,5,1
5245,49736,-1.01,0,0,3,1,1
5246,49739,-0.03,0,2,5,3,1
5247,49744,0.95,0,4,7,5,1
5248,49745,-1.01,0,0,3,1,1
5249,49760,2.55,0,8,11,15,1
5250,49761,-1.01,0,0,3,1,1
5251,49767,1.44,0,5,8,6,1
5252,49770,-0.03,0,2,5,3,1
5253,49779,0.71,0,4,7,9,1
5254,49782,-0.03,0,2,5,3,1
5255,49786,0.46,0,3,6,4,1
5256,49787,-1.01,0,0,3,1,1
5257,49791,0.46,0,3,6,4,1
5258,49795,-0.09,0,2,5,4,1
5259,49830,3.0,0,11,14,35,1
5260,49833,-0.03,0,2,5,3,1
5261,49835,-0.52,0,1,4,2,1
5262,49836,-1.01,0,0,3,1,1
5263,49842,1.44,0,5,8,6,1
5264,49845,-0.03,0,2,5,3,1
5265,49849,0.46,0,3,6,4,1
5266,49850,-1.01,0,0,3,1,1
5267,49861,2.24,0,7,10,11,1
5268,49880,4.51,0,12,15,19,1
5269,49883,-0.03,0,2,5,3,1
5270,49887,0.46,0,3,6,4,1
5271,49906,4.51,0,12,15,19,1
5272,49909,-0.03,0,2,5,3,1
5273,49944,6.85,0,18,21,35,1
5274,49967,3.72,0,11,14,23,1
5275,49968,-1.01,0,0,3,1,1
5276,49975,1.38,0,5,8,7,1
5277,49994,3.41,0,10,13,19,1
5278,50013,2.86,0,9,12,19,1
5279,50019,0.89,0,4,7,6,1
5280,50026,1.38,0,5,8,7,1
5281,50069,6.92,0,19,22,43,1
5282,50084,3.65,0,10,13,15,1
5283,50086,-0.52,0,1,4,2,1
5284,50092,0.89,0,4,7,6,1
5285,50096,0.46,0,3,6,4,1
5286,50101,0.4,0,3,6,5,1
5287,50126,4.7,0,13,16,25,1
5288,50159,5.87,0,16,19,33,1
5289,50160,-1.01,0,0,3,1,1
5290,50170,2.3,0,7,10,10,1
5291,50171,-1.01,0,0,3,1,1
5292,50202,2.69,0,10,13,31,1
5293,50204,-0.52,0,1,4,2,1
5294,50213,1.26,0,5,8,9,1
5295,50216,-0.03,0,2,5,3,1
5296,50247,4.34,0,13,16,31,1
5297,50260,3.22,0,9,12,13,1
5298,50261,-1.01,0,0,3,1,1
5299,50264,-0.03,0,2,5,3,1
5300,50324,4.8,0,17,20,60,1
5301,50344,3.35,0,10,13,20,1
5302,50387,4.17,0,14,17,43,1
5303,50428,5.94,0,17,20,41,1
5304,50438,2.3,0,7,10,10,1
5305,50443,0.4,0,3,6,5,1
5306,50445,-0.52,0,1,4,2,1
5307,50448,-0.03,0,2,5,3,1
5308,50469,3.84,0,11,14,21,1
5309,50486,3.53,0,10,13,17,1
5310,50503,3.53,0,10,13,17,1
5311,50516,2.67,0,8,11,13,1
5312,50521,0.4,0,3,6,5,1
5313,50532,2.79,0,8,11,11,1
5314,50533,-1.01,0,0,3,1,1
5315,50567,5.26,0,15,18,34,1
5316,50573,1.44,0,5,8,6,1
5317,50574,-1.01,0,0,3,1,1
5318,50601,4.03,0,12,15,27,1
5319,50605,0.46,0,3,6,4,1
5320,50613,1.87,0,6,9,8,1
5321,50615,-0.52,0,1,4,2,1
5322,50631,1.94,0,7,10,16,1
5323,50635,0.46,0,3,6,4,1
5324,50642,1.38,0,5,8,7,1
5325,50655,3.77,0,10,13,13,1
5326,50663,1.87,0,6,9,8,1
5327,50669,1.44,0,5,8,6,1
5328,50671,-0.52,0,1,4,2,1
5329,50686,3.1,0,9,12,15,1
5330,50687,-1.01,0,0,3,1,1
5331,50710,4.82,0,13,16,23,1
5332,50715,0.95,0,4,7,5,1
5333,50733,3.47,0,10,13,18,1
5334,50782,5.46,0,17,20,49,1
5335,50784,-0.52,0,1,4,2,1
5336,50794,1.2,0,5,8,10,1
5337,50825,4.34,0,13,16,31,1
5338,50829,0.46,0,3,6,4,1
5339,50846,4.63,0,12,15,17,1
5340,50847,-1.01,0,0,3,1,1
5341,50849,-0.52,0,1,4,2,1
5342,50856,1.38,0,5,8,7,1
5343,50857,-1.01,0,0,3,1,1
5344,50865,1.87,0,6,9,8,1
5345,50868,-0.03,0,2,5,3,1
5346,50869,-1.01,0,0,3,1,1
5347,50872,-0.58,0,1,4,3,1
5348,50877,0.95,0,4,7,5,1
5349,50896,3.41,0,10,13,19,1
5350,50911,2.55,0,8,11,15,1
5351,50929,1.82,0,7,10,18,1
5352,50943,3.16,0,9,12,14,1
5353,50949,1.44,0,5,8,6,1
5354,50956,1.38,0,5,8,7,1
5355,50970,4.26,0,11,14,14,1
5356,50975,0.4,0,3,6,5,1
5357,50988,3.22,0,9,12,13,1
5358,50989,-1.01,0,0,3,1,1
5359,51002,3.22,0,9,12,13,1
5360,51028,5.19,0,14,17,26,1
5361,51031,-0.58,0,1,4,3,1
5362,51045,4.81,0,12,15,14,1
5363,51054,1.81,0,6,9,9,1
5364,51066,2.18,0,7,10,12,1
5365,51086,3.9,0,11,14,20,1
5366,51090,-0.09,0,2,5,4,1
5367,51097,0.83,0,4,7,7,1
5368,51107,2.85,0,8,11,10,1
5369,51128,4.39,0,12,15,21,1
5370,51132,0.46,0,3,6,4,1
5371,51146,2.06,0,7,10,14,1
5372,51158,1.63,0,6,9,12,1
5373,51168,1.75,0,6,9,10,1
5374,51175,1.93,0,6,9,7,1
5375,51180,0.95,0,4,7,5,1
5376,51188,1.32,0,5,8,8,1
5377,51194,0.89,0,4,7,6,1
5378,51196,-0.52,0,1,4,2,1
5379,51197,-1.01,0,0,3,1,1
5380,51224,5.68,0,15,18,27,1
5381,51231,1.38,0,5,8,7,1
5382,51239,1.32,0,5,8,8,1
5383,51243,-0.09,0,2,5,4,1
5384,51245,-0.52,0,1,4,2,1
5385,51249,0.46,0,3,6,4,1
5386,51260,1.69,0,6,9,11,1
5387,51269,0.71,0,4,7,9,1
5388,51271,-0.52,0,1,4,2,1
5389,51279,1.87,0,6,9,8,1
5390,51306,4.03,0,12,15,27,1
5391,51321,2.55,0,8,11,15,1
5392,51368,5.58,0,17,20,47,1
5393,51373,-0.15,0,2,5,5,1
5394,51379,0.34,0,3,6,6,1
5395,51382,-0.03,0,2,5,3,1
5396,51386,0.46,0,3,6,4,1
5397,51421,5.2,0,15,18,35,1
5398,51422,-1.01,0,0,3,1,1
5399,51426,-0.09,0,2,5,4,1
5400,51427,-1.01,0,0,3,1,1
5401,51460,5.87,0,16,19,33,1
5402,51461,-1.01,0,0,3,1,1
5403,51470,1.81,0,6,9,9,1
5404,51490,2.25,0,8,11,20,1
5405,51498,0.77,0,4,7,8,1
5406,51500,-0.52,0,1,4,2,1
5407,51512,2.18,0,7,10,12,1
5408,51513,-1.01,0,0,3,1,1
5409,51527,2.61,0,8,11,14,1
5410,51554,4.03,0,12,15,27,1
5411,51572,2.37,0,8,11,18,1
5412,51574,-0.52,0,1,4,2,1
5413,51584,2.3,0,7,10,10,1
5414,51613,2.81,0,10,13,29,1
5415,51627,2.06,0,7,10,14,1
5416,51629,-0.52,0,1,4,2,1
5417,51659,6.05,0,16,19,30,1
5418,51683,5.31,0,14,17,24,1
5419,51692,2.36,0,7,10,9,1
5420,51703,2.24,0,7,10,11,1
5421,51718,4.2,0,11,14,15,1
5422,51722,0.46,0,3,6,4,1
5423,51724,-0.52,0,1,4,2,1
5424,51764,4.9,0,15,18,40,1
5425,51773,0.71,0,4,7,9,1
5426,51789,4.14,0,11,14,16,1
5427,51794,0.95,0,4,7,5,1
5428,51801,1.38,0,5,8,7,1
5429,51802,-1.01,0,0,3,1,1
5430,51803,-1.01,0,0,3,1,1
5431,51812,1.26,0,5,8,9,1
5432,51825,2.67,0,8,11,13,1
5433,51830,0.4,0,3,6,5,1
5434,51851,6.04,0,15,18,21,1
5435,51868,3.53,0,10,13,17,1
5436,51879,1.69,0,6,9,11,1
5437,51884,0.95,0,4,7,5,1
5438,51891,0.83,0,4,7,7,1
5439,51906,4.2,0,11,14,15,1
5440,51908,-0.52,0,1,4,2,1
5441,51916,1.32,0,5,8,8,1
5442,51919,-0.03,0,2,5,3,1
5443,51937,4.57,0,12,15,18,1
5444,51963,4.09,0,12,15,26,1
5445,51973,2.3,0,7,10,10,1
5446,51980,0.83,0,4,7,7,1
5447,51992,1.63,0,6,9,12,1
5448,52008,4.69,0,12,15,16,1
5449,52018,0.65,0,4,7,10,1
5450,52026,1.87,0,6,9,8,1
5451,52027,-1.01,0,0,3,1,1
5452,52056,3.91,0,12,15,29,1
5453,52064,0.77,0,4,7,8,1
5454,52080,3.04,0,9,12,16,1
5455,52088,1.32,0,5,8,8,1
5456,52098,2.3,0,7,10,10,1
5457,52099,-1.01,0,0,3,1,1
5458,52102,-0.03,0,2,5,3,1
5459,52123,5.49,0,14,17,21,1
5460,52158,6.3,0,17,20,35,1
5461,52160,-0.52,0,1,4,2,1
5462,52204,5.76,0,17,20,44,1
5463,52207,-0.03,0,2,5,3,1
5464,52224,2.98,0,9,12,17,1
5465,52233,1.81,0,6,9,9,1
5466,52246,1.02,0,5,8,13,1
5467,52247,-1.01,0,0,3,1,1
5468,52248,-1.01,0,0,3,1,1
5469,52255,0.83,0,4,7,7,1
5470,52257,-0.52,0,1,4,2,1
5471,52263,0.89,0,4,7,6,1
5472,52273,0.65,0,4,7,10,1
5473,52280,0.83,0,4,7,7,1
5474,52281,-1.01,0,0,3,1,1
5475,52340,5.96,0,19,22,59,1
5476,52368,3.42,0,11,14,28,1
5477,52371,-0.03,0,2,5,3,1
5478,52390,2.86,0,9,12,19,1
5479,52405,3.1,0,9,12,15,1
5480,52417,1.63,0,6,9,12,1
5481,52419,-0.52,0,1,4,2,1
5482,52432,2.67,0,8,11,13,1
5483,52449,2.98,0,9,12,17,1
5484,52465,3.04,0,9,12,16,1
5485,52469,0.46,0,3,6,4,1
5486,52480,2.79,0,8,11,11,1
5487,52495,3.65,0,10,13,15,1
5488,52498,-0.03,0,2,5,3,1
5489,52501,-0.03,0,2,5,3,1
5490,52512,0.59,0,4,7,11,1
5491,52518,0.89,0,4,7,6,1
5492,52528,1.75,0,6,9,10,1
5493,52530,-0.52,0,1,4,2,1
5494,52533,-0.03,0,2,5,3,1
5495,52535,-0.52,0,1,4,2,1
5496,52537,-0.52,0,1,4,2,1
5497,52538,-1.01,0,0,3,1,1
5498,52542,0.46,0,3,6,4,1
5499,52568,3.54,0,11,14,26,1
5500,52585,3.53,0,10,13,17,1
5501,52588,-0.03,0,2,5,3,1
5502,52593,0.95,0,4,7,5,1
5503,52610,1.88,0,7,10,17,1
5504,52626,3.04,0,9,12,16,1
5505,52627,-1.01,0,0,3,1,1
5506,52633,0.89,0,4,7,6,1
5507,52665,4.28,0,13,16,32,1
5508,52670,0.95,0,4,7,5,1
5509,52693,3.17,0,10,13,23,1
5510,52696,-0.03,0,2,5,3,1
5511,52698,-0.52,0,1,4,2,1
5512,52707,2.36,0,7,10,9,1
5513,52772,6.15,0,20,23,65,1
5514,52778,1.44,0,5,8,6,1
5515,52796,4.02,0,11,14,18,1
5516,52798,-0.52,0,1,4,2,1
5517,52802,0.46,0,3,6,4,1
5518,52803,-1.01,0,0,3,1,1
5519,52812,1.26,0,5,8,9,1
5520,52813,-1.01,0,0,3,1,1
5521,52822,0.71,0,4,7,9,1
5522,52828,0.34,0,3,6,6,1
5523,52835,0.83,0,4,7,7,1
5524,52842,0.28,0,3,6,7,1
5525,52844,-0.52,0,1,4,2,1
5526,52845,-1.01,0,0,3,1,1
5527,52846,-1.01,0,0,3,1,1
5528,52847,-1.01,0,0,3,1,1
5529,52856,0.71,0,4,7,9,1
5530,52862,0.89,0,4,7,6,1
5531,52863,-1.01,0,0,3,1,1
5532,52881,2.37,0,8,11,18,1
5533,52910,3.36,0,11,14,29,1
5534,52944,6.36,0,17,20,34,1
5535,52945,-1.01,0,0,3,1,1
5536,52954,2.36,0,7,10,9,1
5537,52964,2.3,0,7,10,10,1
5538,52978,2.61,0,8,11,14,1
5539,52983,0.95,0,4,7,5,1
5540,52985,-0.52,0,1,4,2,1
5541,53001,4.69,0,12,15,16,1
5542,53023,3.23,0,10,13,22,1
5543,53025,-0.52,0,1,4,2,1
5544,53026,-1.01,0,0,3,1,1
5545,53030,0.46,0,3,6,4,1
5546,53038,1.87,0,6,9,8,1
5547,53046,1.32,0,5,8,8,1
5548,53047,-1.01,0,0,3,1,1
5549,53052,0.95,0,4,7,5,1
5550,53066,2.06,0,7,10,14,1
5551,53067,-1.01,0,0,3,1,1
5552,53090,5.37,0,14,17,23,1
5553,53110,3.35,0,10,13,20,1
5554,53111,-1.01,0,0,3,1,1
5555,53128,4.08,0,11,14,17,1
5556,53135,0.83,0,4,7,7,1
5557,53141,0.34,0,3,6,6,1
5558,53148,1.93,0,6,9,7,1
5559,53170,2.68,0,9,12,22,1
5560,53180,1.75,0,6,9,10,1
5561,53183,-0.03,0,2,5,3,1
5562,53184,-1.01,0,0,3,1,1
5563,53194,2.85,0,8,11,10,1
5564,53201,1.38,0,5,8,7,1
5565,53235,5.81,0,16,19,34,1
5566,53236,-1.01,0,0,3,1,1
5567,53249,1.57,0,6,9,13,1
5568,53278,3.91,0,12,15,29,1
5569,53283,0.4,0,3,6,5,1
5570,53285,-0.52,0,1,4,2,1
5571,53309,5.31,0,14,17,24,1
5572,53340,4.89,0,14,17,31,1
5573,53346,0.89,0,4,7,6,1
5574,53349,-0.03,0,2,5,3,1
5575,53355,0.89,0,4,7,6,1
5576,53367,2.73,0,8,11,12,1
5577,53379,3.28,0,9,12,12,1
5578,53381,-0.52,0,1,4,2,1
5579,53386,0.4,0,3,6,5,1
5580,53388,-0.52,0,1,4,2,1
5581,53398,2.85,0,8,11,10,1
5582,53405,0.83,0,4,7,7,1
5583,53415,1.75,0,6,9,10,1
5584,53416,-1.01,0,0,3,1,1
5585,53418,-0.52,0,1,4,2,1
5586,53423,0.95,0,4,7,5,1
5587,53427,-0.09,0,2,5,4,1
5588,53430,-0.03,0,2,5,3,1
5589,53433,-0.03,0,2,5,3,1
5590,53434,-1.01,0,0,3,1,1
5591,53435,-1.01,0,0,3,1,1
5592,53439,0.46,0,3,6,4,1
5593,53445,0.89,0,4,7,6,1
5594,53466,4.39,0,12,15,21,1
5595,53478,3.28,0,9,12,12,1
5596,53484,1.44,0,5,8,6,1
5597,53495,3.34,0,9,12,11,1
5598,53499,0.46,0,3,6,4,1
5599,53500,-1.01,0,0,3,1,1
5600,53598,4.72,0,21,24,98,1
5601,53678,4.7,0,19,22,80,1
5602,53681,-0.58,0,1,4,3,1
5603,53704,2.62,0,9,12,23,1
5604,53708,0.46,0,3,6,4,1
5605,53716,2.42,0,7,10,8,1
5606,53736,4.45,0,12,15,20,1
5607,53737,-1.01,0,0,3,1,1
5608,53756,2.86,0,9,12,19,1
5609,53758,-0.52,0,1,4,2,1
5610,53765,0.83,0,4,7,7,1
5611,53791,2.99,0,10,13,26,1
5612,53793,-0.52,0,1,4,2,1
5613,53794,-1.01,0,0,3,1,1
5614,53795,-1.01,0,0,3,1,1
5615,53796,-1.01,0,0,3,1,1
5616,53805,1.81,0,6,9,9,1
5617,53810,0.4,0,3,6,5,1
5618,53812,-0.52,0,1,4,2,1
5619,53817,0.4,0,3,6,5,1
5620,53820,-0.03,0,2,5,3,1
5621,53821,-1.01,0,0,3,1,1
5622,53826,0.4,0,3,6,5,1
5623,53836,2.3,0,7,10,10,1
5624,53838,-0.52,0,1,4,2,1
5625,53840,-0.52,0,1,4,2,1
5626,53871,3.79,0,12,15,31,1
5627,53873,-0.52,0,1,4,2,1
5628,53880,1.93,0,6,9,7,1
5629,53883,-0.03,0,2,5,3,1
5630,53887,-0.09,0,2,5,4,1
5631,53968,4.64,0,19,22,81,1
5632,53978,1.75,0,6,9,10,1
5633,53993,3.1,0,9,12,15,1
5634,54016,4.27,0,12,15,23,1
5635,54026,1.2,0,5,8,10,1
5636,54029,-0.03,0,2,5,3,1
5637,54037,1.32,0,5,8,8,1
5638,54049,1.63,0,6,9,12,1
5639,54054,0.95,0,4,7,5,1
5640,54068,2.06,0,7,10,14,1
5641,54078,1.2,0,5,8,10,1
5642,54086,1.32,0,5,8,8,1
5643,54087,-1.01,0,0,3,1,1
5644,54124,4.53,0,14,17,37,1
5645,54125,-1.01,0,0,3,1,1
5646,54126,-1.01,0,0,3,1,1
5647,54137,2.24,0,7,10,11,1
5648,54144,1.38,0,5,8,7,1
5649,54152,0.77,0,4,7,8,1
5650,54155,-0.03,0,2,5,3,1
5651,54157,-0.52,0,1,4,2,1
5652,54159,-0.52,0,1,4,2,1
5653,54171,2.18,0,7,10,12,1
5654,54177,1.44,0,5,8,6,1
5655,54186,0.16,0,3,6,9,1
5656,54192,0.89,0,4,7,6,1
5657,54197,0.4,0,3,6,5,1
5658,54198,-1.01,0,0,3,1,1
5659,54209,2.24,0,7,10,11,1
5660,54212,-0.03,0,2,5,3,1
5661,54236,3.66,0,11,14,24,1
5662,54237,-1.01,0,0,3,1,1
5663,54253,4.14,0,11,14,16,1
5664,54272,3.96,0,11,14,19,1
5665,54274,-0.52,0,1,4,2,1
5666,54284,2.85,0,8,11,10,1
5667,54298,2.06,0,7,10,14,1
5668,54301,-0.58,0,1,4,3,1
5669,54302,-1.01,0,0,3,1,1
5670,54322,3.35,0,10,13,20,1
5671,54341,3.96,0,11,14,19,1
5672,54342,-1.01,0,0,3,1,1
5673,54361,2.86,0,9,12,19,1
5674,54410,6.56,0,19,22,49,1
5675,54413,-0.03,0,2,5,3,1
5676,54421,0.77,0,4,7,8,1
5677,54448,5.13,0,14,17,27,1
5678,54450,-0.52,0,1,4,2,1
5679,54466,3.59,0,10,13,16,1
5680,54468,-0.52,0,1,4,2,1
5681,54469,-1.01,0,0,3,1,1
5682,54472,-0.03,0,2,5,3,1
5683,54474,-0.52,0,1,4,2,1
5684,54478,0.46,0,3,6,4,1
5685,54517,2.76,0,11,14,39,1
5686,54524,1.93,0,6,9,7,1
5687,54528,0.46,0,3,6,4,1
5688,54529,-1.01,0,0,3,1,1
5689,54538,1.81,0,6,9,9,1
5690,54539,-1.01,0,0,3,1,1
5691,54541,-0.52,0,1,4,2,1
5692,54544,-0.03,0,2,5,3,1
5693,54554,2.3,0,7,10,10,1
5694,54556,-0.52,0,1,4,2,1
5695,54561,0.95,0,4,7,5,1
5696,54567,0.89,0,4,7,6,1
5697,54568,-1.01,0,0,3,1,1
5698,54575,1.38,0,5,8,7,1
5699,54601,2.99,0,10,13,26,1
5700,54620,3.96,0,11,14,19,1
5701,54621,-1.01,0,0,3,1,1
5702,54631,1.75,0,6,9,10,1
5703,54634,-0.03,0,2,5,3,1
5704,54670,6.24,0,17,20,36,1
5705,54672,-0.52,0,1,4,2,1
5706,54681,1.81,0,6,9,9,1
5707,54683,-0.52,0,1,4,2,1
5708,54712,6.66,0,17,20,29,1
5709,54722,1.75,0,6,9,10,1
5710,54724,-0.52,0,1,4,2,1
5711,54740,4.69,0,12,15,16,1
5712,54761,3.84,0,11,14,21,1
5713,54771,1.75,0,6,9,10,1
5714,54772,-1.01,0,0,3,1,1
5715,54773,-1.01,0,0,3,1,1
5716,54786,3.22,0,9,12,13,1
5717,54797,2.79,0,8,11,11,1
5718,54804,1.93,0,6,9,7,1
5719,54820,4.69,0,12,15,16,1
5720,54834,3.16,0,9,12,14,1
5721,54839,0.95,0,4,7,5,1
5722,54861,3.78,0,11,14,22,1
5723,54865,0.46,0,3,6,4,1
5724,54868,-0.03,0,2,5,3,1
5725,54880,2.73,0,8,11,12,1
5726,54881,-1.01,0,0,3,1,1
5727,54906,4.15,0,12,15,25,1
5728,54925,3.41,0,10,13,19,1
5729,54929,-0.09,0,2,5,4,1
5730,54938,1.81,0,6,9,9,1
5731,54946,1.87,0,6,9,8,1
5732,54965,3.41,0,10,13,19,1
5733,54967,-0.52,0,1,4,2,1
5734,54969,-0.52,0,1,4,2,1
5735,54982,3.22,0,9,12,13,1
5736,54985,-0.03,0,2,5,3,1
5737,54987,-0.52,0,1,4,2,1
5738,54988,-1.01,0,0,3,1,1
5739,55000,2.73,0,8,11,12,1
5740,55001,-1.01,0,0,3,1,1
5741,55003,-0.52,0,1,4,2,1
5742,55037,4.71,0,14,17,34,1
5743,55063,4.64,0,13,16,26,1
5744,55075,3.28,0,9,12,12,1
5745,55076,-1.01,0,0,3,1,1
5746,55083,1.38,0,5,8,7,1
5747,55087,0.46,0,3,6,4,1
5748,55090,-0.03,0,2,5,3,1
5749,55097,1.93,0,6,9,7,1
5750,55102,0.4,0,3,6,5,1
5751,55105,-0.03,0,2,5,3,1
5752,55111,1.44,0,5,8,6,1
5753,55121,1.75,0,6,9,10,1
5754,55130,2.36,0,7,10,9,1
5755,55144,2.61,0,8,11,14,1
5756,55146,-0.52,0,1,4,2,1
5757,55149,-0.03,0,2,5,3,1
5758,55191,4.78,0,15,18,42,1
5759,55197,1.44,0,5,8,6,1
5760,55200,-0.03,0,2,5,3,1
5761,55204,-0.09,0,2,5,4,1
5762,55209,-0.7,0,1,4,5,1
5763,55212,-0.03,0,2,5,3,1
5764,55213,-1.01,0,0,3,1,1
5765,55216,-0.03,0,2,5,3,1
5766,55230,3.16,0,9,12,14,1
5767,55231,-1.01,0,0,3,1,1
5768,55234,-0.03,0,2,5,3,1
5769,55239,0.4,0,3,6,5,1
5770,55242,-0.03,0,2,5,3,1
5771,55256,2.61,0,8,11,14,1
5772,55259,-0.03,0,2,5,3,1
5773,55268,1.26,0,5,8,9,1
5774,55275,1.38,0,5,8,7,1
5775,55280,0.95,0,4,7,5,1
5776,55281,-1.01,0,0,3,1,1
5777,55287,0.89,0,4,7,6,1
5778,55292,0.4,0,3,6,5,1
5779,55297,0.95,0,4,7,5,1
5780,55306,2.36,0,7,10,9,1
5781,55316,2.3,0,7,10,10,1
5782,55321,0.4,0,3,6,5,1
5783,55324,-0.03,0,2,5,3,1
5784,55343,3.96,0,11,14,19,1
5785,55348,0.95,0,4,7,5,1
5786,55359,1.69,0,6,9,11,1
5787,55367,1.32,0,5,8,8,1
5788,55378,2.24,0,7,10,11,1
5789,55394,3.59,0,10,13,16,1
5790,55415,4.94,0,13,16,21,1
5791,55420,0.95,0,4,7,5,1
5792,55424,0.46,0,3,6,4,1
5793,55427,-0.03,0,2,5,3,1
5794,55429,-0.52,0,1,4,2,1
5795,55457,5.07,0,14,17,28,1
5796,55482,4.15,0,12,15,25,1
5797,55486,0.46,0,3,6,4,1
5798,55493,0.83,0,4,7,7,1
5799,55501,2.42,0,7,10,8,1
5800,55503,-0.52,0,1,4,2,1
5801,55505,-0.52,0,1,4,2,1
5802,55524,4.51,0,12,15,19,1
5803,55528,0.46,0,3,6,4,1
5804,55536,1.87,0,6,9,8,1
5805,55540,0.46,0,3,6,4,1
5806,55543,-0.03,0,2,5,3,1
5807,55545,-0.52,0,1,4,2,1
5808,55557,2.73,0,8,11,12,1
5809,55558,-1.01,0,0,3,1,1
5810,55567,1.26,0,5,8,9,1
5811,55571,-0.09,0,2,5,4,1
5812,55582,1.69,0,6,9,11,1
5813,55591,0.71,0,4,7,9,1
5814,55610,4.51,0,12,15,19,1
5815,55612,-0.52,0,1,4,2,1
5816,55625,2.67,0,8,11,13,1
5817,55629,0.46,0,3,6,4,1
5818,55632,-0.03,0,2,5,3,1
5819,55638,1.44,0,5,8,6,1
5820,55643,0.95,0,4,7,5,1
5821,55646,-0.03,0,2,5,3,1
5822,55654,0.77,0,4,7,8,1
5823,55663,1.81,0,6,9,9,1
5824,55664,-1.01,0,0,3,1,1
5825,55670,1.44,0,5,8,6,1
5826,55671,-1.01,0,0,3,1,1
5827,55677,0.89,0,4,7,6,1
5828,55679,-0.52,0,1,4,2,1
5829,55692,2.12,0,7,10,13,1
5830,55703,2.24,0,7,10,11,1
5831,55714,2.79,0,8,11,11,1
5832,55747,3.67,0,12,15,33,1
5833,55764,3.53,0,10,13,17,1
5834,55778,3.71,0,10,13,14,1
5835,55779,-1.01,0,0,3,1,1
5836,55785,0.34,0,3,6,6,1
5837,55790,0.95,0,4,7,5,1
5838,55805,4.2,0,11,14,15,1
5839,55819,3.16,0,9,12,14,1
5840,55843,4.76,0,13,16,24,1
5841,55848,0.95,0,4,7,5,1
5842,55852,-0.09,0,2,5,4,1
5843,55857,0.95,0,4,7,5,1
5844,55858,-1.01,0,0,3,1,1
5845,55861,-0.03,0,2,5,3,1
5846,55862,-1.01,0,0,3,1,1
5847,55863,-1.01,0,0,3,1,1
5848,55872,2.36,0,7,10,9,1
5849,55882,2.3,0,7,10,10,1
5850,55888,0.89,0,4,7,6,1
5851,55916,5.07,0,14,17,28,1
5852,55918,-0.52,0,1,4,2,1
5853,55923,0.95,0,4,7,5,1
5854,55924,-1.01,0,0,3,1,1
5855,55925,-1.01,0,0,3,1,1
5856,55929,-0.09,0,2,5,4,1
5857,55930,-1.01,0,0,3,1,1
5858,55934,0.46,0,3,6,4,1
5859,55947,2.67,0,8,11,13,1
5860,55961,3.16,0,9,12,14,1
5861,55992,5.44,0,15,18,31,1
5862,56017,5.8,0,15,18,25,1
5863,56022,0.95,0,4,7,5,1
5864,56036,4.26,0,11,14,14,1
5865,56037,-1.01,0,0,3,1,1
5866,56041,0.46,0,3,6,4,1
5867,56051,1.75,0,6,9,10,1
5868,56053,-0.52,0,1,4,2,1
5869,56059,0.89,0,4,7,6,1
5870,56071,3.28,0,9,12,12,1
5871,56074,-0.58,0,1,4,3,1
5872,56090,3.59,0,10,13,16,1
5873,56094,0.46,0,3,6,4,1
5874,56095,-1.01,0,0,3,1,1
5875,56100,0.95,0,4,7,5,1
5876,56101,-1.01,0,0,3,1,1
5877,56106,0.95,0,4,7,5,1
5878,56108,-0.52,0,1,4,2,1
5879,56110,-0.52,0,1,4,2,1
5880,56112,-0.52,0,1,4,2,1
5881,56125,1.57,0,6,9,13,1
5882,56144,2.86,0,9,12,19,1
5883,56150,1.44,0,5,8,6,1
5884,56154,0.46,0,3,6,4,1
5885,56158,0.46,0,3,6,4,1
5886,56161,-0.03,0,2,5,3,1
5887,56163,-0.52,0,1,4,2,1
5888,56168,0.95,0,4,7,5,1
5889,56174,0.89,0,4,7,6,1
5890,56176,-0.52,0,1,4,2,1
5891,56189,2.67,0,8,11,13,1
5892,56204,2.55,0,8,11,15,1
5893,56205,-1.01,0,0,3,1,1
5894,56208,-0.03,0,2,5,3,1
5895,56213,0.4,0,3,6,5,1
5896,56217,-0.09,0,2,5,4,1
5897,56233,2.49,0,8,11,16,1
5898,56245,3.28,0,9,12,12,1
5899,56249,-0.09,0,2,5,4,1
5900,56261,2.18,0,7,10,12,1
5901,56277,4.14,0,11,14,16,1
5902,56306,4.46,0,13,16,29,1
5903,56308,-0.52,0,1,4,2,1
5904,56313,0.4,0,3,6,5,1
5905,56322,1.26,0,5,8,9,1
5906,56325,-0.03,0,2,5,3,1
5907,56367,5.33,0,16,19,42,1
5908,56370,-0.03,0,2,5,3,1
5909,56402,4.83,0,14,17,32,1
5910,56436,5.26,0,15,18,34,1
5911,56437,-1.01,0,0,3,1,1
5912,56440,-0.03,0,2,5,3,1
5913,56452,2.18,0,7,10,12,1
5914,56472,1.7,0,7,10,20,1
5915,56476,0.46,0,3,6,4,1
5916,56514,5.02,0,15,18,38,1
5917,56516,-0.52,0,1,4,2,1
5918,56520,0.46,0,3,6,4,1
5919,56525,0.4,0,3,6,5,1
5920,56528,-0.03,0,2,5,3,1
5921,56531,-0.03,0,2,5,3,1
5922,56539,1.32,0,5,8,8,1
5923,56541,-0.52,0,1,4,2,1
5924,56564,4.27,0,12,15,23,1
5925,56570,1.44,0,5,8,6,1
5926,56572,-0.52,0,1,4,2,1
5927,56589,4.63,0,12,15,17,1
5928,56604,3.1,0,9,12,15,1
5929,56614,2.3,0,7,10,10,1
5930,56624,2.3,0,7,10,10,1
5931,56627,-0.58,0,1,4,3,1
5932,56628,-1.01,0,0,3,1,1
5933,56648,3.35,0,10,13,20,1
5934,56660,3.28,0,9,12,12,1
5935,56686,4.64,0,13,16,26,1
5936,56687,-1.01,0,0,3,1,1
5937,56688,-1.01,0,0,3,1,1
5938,56689,-1.01,0,0,3,1,1
5939,56692,-0.03,0,2,5,3,1
5940,56702,1.2,0,5,8,10,1
5941,56707,0.4,0,3,6,5,1
5942,56710,-0.03,0,2,5,3,1
5943,56713,-0.03,0,2,5,3,1
5944,56724,3.34,0,9,12,11,1
5945,56725,-1.01,0,0,3,1,1
5946,56726,-1.01,0,0,3,1,1
5947,56733,1.38,0,5,8,7,1
5948,56746,2.67,0,8,11,13,1
5949,56758,3.28,0,9,12,12,1
5950,56759,-1.01,0,0,3,1,1
5951,56793,5.81,0,16,19,34,1
5952,56795,-0.52,0,1,4,2,1
5953,56816,4.94,0,13,16,21,1
5954,56817,-1.01,0,0,3,1,1
5955,56822,0.95,0,4,7,5,1
5956,56825,-0.03,0,2,5,3,1
5957,56828,-0.03,0,2,5,3,1
5958,56829,-1.01,0,0,3,1,1
5959,56831,-0.52,0,1,4,2,1
5960,56833,-0.52,0,1,4,2,1
5961,56843,2.3,0,7,10,10,1
5962,56850,1.38,0,5,8,7,1
5963,56853,-0.03,0,2,5,3,1
5964,56861,1.87,0,6,9,8,1
5965,56866,0.95,0,4,7,5,1
5966,56874,0.77,0,4,7,8,1
5967,56907,5.32,0,15,18,33,1
5968,56927,3.9,0,11,14,20,1
5969,56928,-1.01,0,0,3,1,1
5970,56929,-1.01,0,0,3,1,1
5971,56934,0.95,0,4,7,5,1
5972,56939,0.4,0,3,6,5,1
5973,56948,1.26,0,5,8,9,1
5974,56952,-0.09,0,2,5,4,1
5975,56965,2.12,0,7,10,13,1
5976,56992,4.58,0,13,16,27,1
5977,56995,-0.03,0,2,5,3,1
5978,57020,6.35,0,16,19,25,1
5979,57043,3.72,0,11,14,23,1
5980,57045,-0.52,0,1,4,2,1
5981,57058,2.12,0,7,10,13,1
5982,57065,0.28,0,3,6,7,1
5983,57089,4.21,0,12,15,24,1
5984,57123,5.81,0,16,19,34,1
5985,57126,-0.03,0,2,5,3,1
5986,57130,-0.09,0,2,5,4,1
5987,57150,3.35,0,10,13,20,1
5988,57152,-0.52,0,1,4,2,1
5989,57158,0.34,0,3,6,6,1
5990,57169,2.24,0,7,10,11,1
5991,57174,0.95,0,4,7,5,1
5992,57191,4.08,0,11,14,17,1
5993,57194,-0.03,0,2,5,3,1
5994,57196,-0.52,0,1,4,2,1
5995,57206,0.65,0,4,7,10,1
5996,57209,-0.03,0,2,5,3,1
5997,57210,-1.01,0,0,3,1,1
5998,57212,-0.52,0,1,4,2,1
5999,57244,5.93,0,16,19,32,1
6000,57245,-1.01,0,0,3,1,1
6001,57265,5.55,0,14,17,20,1
6002,57273,1.32,0,5,8,8,1
6003,57292,3.96,0,11,14,19,1
6004,57302,2.3,0,7,10,10,1
6005,57305,-0.03,0,2,5,3,1
6006,57312,1.38,0,5,8,7,1
6007,57341,3.91,0,12,15,29,1
6008,57375,5.26,0,15,18,34,1
6009,57384,1.81,0,6,9,9,1
6010,57390,1.44,0,5,8,6,1
6011,57394,0.46,0,3,6,4,1
6012,57407,2.12,0,7,10,13,1
6013,57413,0.34,0,3,6,6,1
6014,57454,6.49,0,18,21,41,1
6015,57482,4.52,0,13,16,28,1
6016,57524,6.43,0,18,21,42,1
6017,57535,2.79,0,8,11,11,1
6018,57536,-1.01,0,0,3,1,1
6019,57543,1.93,0,6,9,7,1
6020,57545,-0.52,0,1,4,2,1
6021,57548,-0.03,0,2,5,3,1
6022,57551,-0.03,0,2,5,3,1
6023,57572,3.84,0,11,14,21,1
6024,57574,-0.52,0,1,4,2,1
6025,57576,-0.52,0,1,4,2,1
6026,57583,0.83,0,4,7,7,1
6027,57590,1.38,0,5,8,7,1
6028,57614,4.76,0,13,16,24,1
6029,57624,3.4,0,9,12,10,1
6030,57626,-0.52,0,1,4,2,1
6031,57631,0.95,0,4,7,5,1
6032,57638,1.93,0,6,9,7,1
6033,57641,-0.03,0,2,5,3,1
6034,57643,-0.52,0,1,4,2,1
6035,57646,-0.03,0,2,5,3,1
6036,57650,0.46,0,3,6,4,1
6037,57651,-1.01,0,0,3,1,1
6038,57656,0.95,0,4,7,5,1
6039,57661,0.4,0,3,6,5,1
6040,57696,5.75,0,16,19,35,1
6041,57698,-0.52,0,1,4,2,1
6042,57703,0.95,0,4,7,5,1
6043,57706,-0.03,0,2,5,3,1
6044,57707,-1.01,0,0,3,1,1
6045,57743,6.79,0,18,21,36,1
6046,57744,-1.01,0,0,3,1,1
6047,57750,0.34,0,3,6,6,1
6048,57765,4.2,0,11,14,15,1
6049,57772,0.83,0,4,7,7,1
6050,57776,0.46,0,3,6,4,1
6051,57787,2.24,0,7,10,11,1
6052,57790,-0.03,0,2,5,3,1
6053,57827,4.53,0,14,17,37,1
6054,57832,0.4,0,3,6,5,1
6055,57834,-0.52,0,1,4,2,1
6056,57844,1.75,0,6,9,10,1
6057,57846,-0.52,0,1,4,2,1
6058,57858,2.73,0,8,11,12,1
6059,57897,6.06,0,17,20,39,1
6060,57913,3.04,0,9,12,16,1
6061,57927,2.61,0,8,11,14,1
6062,57958,5.99,0,16,19,31,1
6063,57999,7.59,0,20,23,41,1
6064,58008,2.91,0,8,11,9,1
6065,58012,0.46,0,3,6,4,1
6066,58014,-0.52,0,1,4,2,1
6067,58016,-0.52,0,1,4,2,1
6068,58021,-0.15,0,2,5,5,1
6069,58058,6.73,0,18,21,37,1
6070,58060,-0.52,0,1,4,2,1
6071,58071,1.69,0,6,9,11,1
6072,58075,0.46,0,3,6,4,1
6073,58087,2.18,0,7,10,12,1
6074,58094,0.83,0,4,7,7,1
6075,58098,-0.64,0,1,4,4,1
6076,58129,5.99,0,16,19,31,1
6077,58133,0.46,0,3,6,4,1
6078,58136,-0.58,0,1,4,3,1
6079,58145,2.36,0,7,10,9,1
6080,58150,0.95,0,4,7,5,1
6081,58157,0.83,0,4,7,7,1
6082,58173,4.14,0,11,14,16,1
6083,58179,0.89,0,4,7,6,1
6084,58185,-0.21,0,2,5,6,1
6085,58193,2.42,0,7,10,8,1
6086,58199,0.34,0,3,6,6,1
6087,58216,3.53,0,10,13,17,1
6088,58223,1.38,0,5,8,7,1
6089,58239,4.14,0,11,14,16,1
6090,58243,0.46,0,3,6,4,1
6091,58258,3.65,0,10,13,15,1
6092,58259,-1.01,0,0,3,1,1
6093,58261,-0.52,0,1,4,2,1
6094,58263,-0.52,0,1,4,2,1
6095,58269,1.44,0,5,8,6,1
6096,58281,2.73,0,8,11,12,1
6097,58286,0.95,0,4,7,5,1
6098,58299,4.32,0,11,14,13,1
6099,58301,-0.52,0,1,4,2,1
6100,58316,3.1,0,9,12,15,1
6101,58319,-0.03,0,2,5,3,1
6102,58343,5.86,0,15,18,24,1
6103,58377,5.26,0,15,18,34,1
6104,58396,3.96,0,11,14,19,1
6105,58406,2.85,0,8,11,10,1
6106,58410,-0.09,0,2,5,4,1
6107,58411,-1.01,0,0,3,1,1
6108,58442,4.89,0,14,17,31,1
6109,58444,-0.52,0,1,4,2,1
6110,58455,2.24,0,7,10,11,1
6111,58461,1.44,0,5,8,6,1
6112,58478,3.53,0,10,13,17,1
6113,58485,1.38,0,5,8,7,1
6114,58491,0.89,0,4,7,6,1
6115,58492,-1.01,0,0,3,1,1
6116,58495,-0.03,0,2,5,3,1
6117,58514,2.86,0,9,12,19,1
6118,58538,6.41,0,16,19,24,1
6119,58541,-0.03,0,2,5,3,1
6120,58567,2.99,0,10,13,26,1
6121,58573,0.34,0,3,6,6,1
6122,58575,-0.52,0,1,4,2,1
6123,58580,0.95,0,4,7,5,1
6124,58582,-0.52,0,1,4,2,1
6125,58583,-1.01,0,0,3,1,1
6126,58585,-0.52,0,1,4,2,1
6127,58593,1.32,0,5,8,8,1
6128,58623,5.5,0,15,18,30,1
6129,58632,2.91,0,8,11,9,1
6130,58651,4.51,0,12,15,19,1
6131,58653,-0.52,0,1,4,2,1
6132,58656,-0.03,0,2,5,3,1
6133,58674,4.02,0,11,14,18,1
6134,58708,4.16,0,13,16,34,1
6135,58709,-1.01,0,0,3,1,1
6136,58731,4.33,0,12,15,22,1
6137,58735,0.46,0,3,6,4,1
6138,58763,6.17,0,16,19,28,1
6139,58787,4.21,0,12,15,24,1
6140,58792,0.4,0,3,6,5,1
6141,58805,3.22,0,9,12,13,1
6142,58807,-0.52,0,1,4,2,1
6143,58809,-0.52,0,1,4,2,1
6144,58810,-1.01,0,0,3,1,1
6145,58844,6.36,0,17,20,34,1
6146,58875,6.54,0,17,20,31,1
6147,58882,1.38,0,5,8,7,1
6148,58899,4.63,0,12,15,17,1
6149,58902,-0.03,0,2,5,3,1
6150,58905,-0.03,0,2,5,3,1
6151,58913,1.32,0,5,8,8,1
6152,58947,6.36,0,17,20,34,1
6153,58952,-0.15,0,2,5,5,1
6154,58974,5.43,0,14,17,22,1
6155,58984,2.85,0,8,11,10,1
6156,58999,2.55,0,8,11,15,1
6157,59003,0.46,0,3,6,4,1
6158,59023,3.35,0,10,13,20,1
6159,59025,-0.52,0,1,4,2,1
6160,59037,2.18,0,7,10,12,1
6161,59038,-1.01,0,0,3,1,1
6162,59046,2.42,0,7,10,8,1
6163,59047,-1.01,0,0,3,1,1
6164,59056,2.36,0,7,10,9,1
6165,59060,0.46,0,3,6,4,1
6166,59061,-1.01,0,0,3,1,1
6167,59062,-1.01,0,0,3,1,1
6168,59067,0.95,0,4,7,5,1
6169,59071,0.46,0,3,6,4,1
6170,59072,-1.01,0,0,3,1,1
6171,59073,-1.01,0,0,3,1,1
6172,59098,4.7,0,13,16,25,1
6173,59109,2.79,0,8,11,11,1
6174,59122,3.77,0,10,13,13,1
6175,59136,4.81,0,12,15,14,1
6176,59137,-1.01,0,0,3,1,1
6177,59140,-0.03,0,2,5,3,1
6178,59209,6.46,0,21,24,69,1
6179,59210,-1.01,0,0,3,1,1
6180,59219,2.36,0,7,10,9,1
6181,59258,6.06,0,17,20,39,1
6182,59259,-1.01,0,0,3,1,1
6183,59263,0.46,0,3,6,4,1
6184,59275,2.18,0,7,10,12,1
6185,59277,-0.52,0,1,4,2,1
6186,59281,0.46,0,3,6,4,1
6187,59287,0.34,0,3,6,6,1
6188,59290,-0.03,0,2,5,3,1
6189,59291,-1.01,0,0,3,1,1
6190,59303,2.73,0,8,11,12,1
6191,59307,-0.09,0,2,5,4,1
6192,59313,1.44,0,5,8,6,1
6193,59330,1.88,0,7,10,17,1
6194,59372,5.33,0,16,19,42,1
6195,59383,1.69,0,6,9,11,1
6196,59433,3.75,0,14,17,50,1
6197,59434,-1.01,0,0,3,1,1
6198,59435,-1.01,0,0,3,1,1
6199,59445,1.75,0,6,9,10,1
6200,59451,0.34,0,3,6,6,1
6201,59462,3.34,0,9,12,11,1
6202,59482,5.55,0,14,17,20,1
6203,59506,4.21,0,12,15,24,1
6204,59515,1.81,0,6,9,9,1
6205,59518,-0.03,0,2,5,3,1
6206,59524,1.44,0,5,8,6,1
6207,59531,1.38,0,5,8,7,1
6208,59534,-0.03,0,2,5,3,1
6209,59539,0.4,0,3,6,5,1
6210,59543,-0.09,0,2,5,4,1
6211,59554,2.24,0,7,10,11,1
6212,59572,4.02,0,11,14,18,1
6213,59576,0.46,0,3,6,4,1
6214,59581,0.4,0,3,6,5,1
6215,59594,2.12,0,7,10,13,1
6216,59599,0.4,0,3,6,5,1
6217,59608,1.81,0,6,9,9,1
6218,59616,1.87,0,6,9,8,1
6219,59634,4.57,0,12,15,18,1
6220,59641,0.28,0,3,6,7,1
6221,59656,3.65,0,10,13,15,1
6222,59663,1.93,0,6,9,7,1
6223,59677,3.16,0,9,12,14,1
6224,59684,0.83,0,4,7,7,1
6225,59689,0.95,0,4,7,5,1
6226,59701,2.73,0,8,11,12,1
6227,59711,1.2,0,5,8,10,1
6228,59720,2.36,0,7,10,9,1
6229,59724,0.46,0,3,6,4,1
6230,59725,-1.01,0,0,3,1,1
6231,59732,0.83,0,4,7,7,1
6232,59744,2.18,0,7,10,12,1
6233,59746,-0.52,0,1,4,2,1
6234,59756,2.85,0,8,11,10,1
6235,59758,-0.52,0,1,4,2,1
6236,59764,1.44,0,5,8,6,1
6237,59796,7.03,0,18,21,32,1
6238,59798,-0.52,0,1,4,2,1
6239,59808,2.3,0,7,10,10,1
6240,59809,-1.01,0,0,3,1,1
6241,59812,-0.03,0,2,5,3,1
6242,59816,0.46,0,3,6,4,1
6243,59819,-0.03,0,2,5,3,1
6244,59820,-1.01,0,0,3,1,1
6245,59822,-0.52,0,1,4,2,1
6246,59843,3.84,0,11,14,21,1
6247,59847,0.46,0,3,6,4,1
6248,59850,-0.03,0,2,5,3,1
6249,59888,5.57,0,16,19,38,1
6250,59897,1.81,0,6,9,9,1
6251,59900,-0.03,0,2,5,3,1
6252,59901,-1.01,0,0,3,1,1
6253,59904,-0.03,0,2,5,3,1
6254,59907,-0.03,0,2,5,3,1
6255,59928,4.39,0,12,15,21,1
6256,59941,3.22,0,9,12,13,1
6257,59943,-0.52,0,1,4,2,1
6258,59947,0.46,0,3,6,4,1
6259,59957,2.85,0,8,11,10,1
6260,59972,2.55,0,8,11,15,1
6261,59973,-1.01,0,0,3,1,1
6262,59980,1.38,0,5,8,7,1
6263,59981,-1.01,0,0,3,1,1
6264,59996,3.65,0,10,13,15,1
6265,60014,4.02,0,11,14,18,1
6266,60015,-1.01,0,0,3,1,1
6267,60019,0.46,0,3,6,4,1
6268,60020,-1.01,0,0,3,1,1
6269,60028,2.42,0,7,10,8,1
6270,60043,3.1,0,9,12,15,1
6271,60045,-0.52,0,1,4,2,1
6272,60051,1.44,0,5,8,6,1
6273,60061,1.2,0,5,8,10,1
6274,60067,0.89,0,4,7,6,1
6275,60079,1.63,0,6,9,12,1
6276,60082,-0.03,0,2,5,3,1
6277,60092,2.3,0,7,10,10,1
6278,60099,1.38,0,5,8,7,1
6279,60102,-0.03,0,2,5,3,1
6280,60120,4.02,0,11,14,18,1
6281,60121,-1.01,0,0,3,1,1
6282,60137,3.04,0,9,12,16,1
6283,60143,1.44,0,5,8,6,1
6284,60145,-0.52,0,1,4,2,1
6285,60160,2.55,0,8,11,15,1
6286,60170,2.3,0,7,10,10,1
6287,60180,3.4,0,9,12,10,1
6288,60200,5.0,0,13,16,20,1
6289,60205,0.4,0,3,6,5,1
6290,60218,2.67,0,8,11,13,1
6291,60233,4.75,0,12,15,15,1
6292,60243,1.75,0,6,9,10,1
6293,60244,-1.01,0,0,3,1,1
6294,60251,1.38,0,5,8,7,1
6295,60256,0.4,0,3,6,5,1
6296,60300,11.46,1,22,25,44,0
6297,60301,-1.01,0,0,3,1,1
6298,60310,0.71,0,4,7,9,1
6299,60349,6.06,0,17,20,39,1
6300,60350,-1.01,0,0,3,1,1
6301,60361,1.69,0,6,9,11,1
6302,60365,0.46,0,3,6,4,1
6303,60378,3.22,0,9,12,13,1
6304,60403,5.8,0,15,18,25,1
6305,60419,3.59,0,10,13,16,1
6306,60420,-1.01,0,0,3,1,1
6307,60426,0.34,0,3,6,6,1
6308,60438,1.63,0,6,9,12,1
6309,60439,-1.01,0,0,3,1,1
6310,60467,5.07,0,14,17,28,1
6311,60470,-0.03,0,2,5,3,1
6312,60474,0.46,0,3,6,4,1
6313,60479,0.4,0,3,6,5,1
6314,60526,4.48,0,15,18,47,1
6315,60549,5.37,0,14,17,23,1
6316,60550,-1.01,0,0,3,1,1
6317,60551,-1.01,0,0,3,1,1
6318,60586,7.95,0,20,23,35,1
6319,60587,-1.01,0,0,3,1,1
6320,60609,3.78,0,11,14,22,1
6321,60622,3.22,0,9,12,13,1
6322,60639,1.88,0,7,10,17,1
6323,60651,2.18,0,7,10,12,1
6324,60653,-0.52,0,1,4,2,1
6325,60654,-1.01,0,0,3,1,1
6326,60674,3.35,0,10,13,20,1
6327,60679,0.4,0,3,6,5,1
6328,60686,0.83,0,4,7,7,1
6329,60688,-0.52,0,1,4,2,1
6330,60697,2.36,0,7,10,9,1
6331,60702,0.4,0,3,6,5,1
6332,60708,0.89,0,4,7,6,1
6333,60725,2.98,0,9,12,17,1
6334,60726,-1.01,0,0,3,1,1
6335,60743,4.63,0,12,15,17,1
6336,60750,1.38,0,5,8,7,1
6337,60754,0.46,0,3,6,4,1
6338,60755,-1.01,0,0,3,1,1
6339,60758,-0.58,0,1,4,3,1
6340,60762,0.46,0,3,6,4,1
6341,60777,3.65,0,10,13,15,1
6342,60780,-0.03,0,2,5,3,1
6343,60786,0.89,0,4,7,6,1
6344,60811,3.6,0,11,14,25,1
6345,60813,-0.52,0,1,4,2,1
6346,60855,5.33,0,16,19,42,1
6347,60859,0.46,0,3,6,4,1
6348,60860,-1.01,0,0,3,1,1
6349,60879,5.06,0,13,16,19,1
6350,60884,0.95,0,4,7,5,1
6351,60888,0.46,0,3,6,4,1
6352,60908,6.65,0,16,19,20,1
6353,60916,1.87,0,6,9,8,1
6354,60924,1.87,0,6,9,8,1
6355,60931,1.38,0,5,8,7,1
6356,60936,0.95,0,4,7,5,1
6357,60937,-1.01,0,0,3,1,1
6358,60952,3.65,0,10,13,15,1
6359,60962,1.75,0,6,9,10,1
6360,60976,2.61,0,8,11,14,1
6361,61011,5.75,0,16,19,35,1
6362,61018,1.93,0,6,9,7,1
6363,61025,1.93,0,6,9,7,1
6364,61034,1.81,0,6,9,9,1
6365,61038,0.46,0,3,6,4,1
6366,61039,-1.01,0,0,3,1,1
6367,61049,2.85,0,8,11,10,1
6368,61061,3.28,0,9,12,12,1
6369,61065,0.46,0,3,6,4,1
6370,61071,0.34,0,3,6,6,1
6371,61103,6.48,0,17,20,32,1
6372,61111,2.42,0,7,10,8,1
6373,61116,-0.15,0,2,5,5,1
6374,61119,-0.03,0,2,5,3,1
6375,61140,4.39,0,12,15,21,1
6376,61142,-0.52,0,1,4,2,1
6377,61147,0.95,0,4,7,5,1
6378,61150,-0.03,0,2,5,3,1
6379,61159,1.81,0,6,9,9,1
6380,61179,2.25,0,8,11,20,1
6381,61183,0.46,0,3,6,4,1
6382,61209,4.09,0,12,15,26,1
6383,61210,-1.01,0,0,3,1,1
6384,61226,3.59,0,10,13,16,1
6385,61229,-0.03,0,2,5,3,1
6386,61241,2.18,0,7,10,12,1
6387,61244,-0.03,0,2,5,3,1
6388,61247,-0.03,0,2,5,3,1
6389,61276,5.01,0,14,17,29,1
6390,61285,1.26,0,5,8,9,1
6391,61287,-0.52,0,1,4,2,1
6392,61288,-1.01,0,0,3,1,1
6393,61290,-0.52,0,1,4,2,1
6394,61305,2.55,0,8,11,15,1
6395,61322,2.98,0,9,12,17,1
6396,61332,2.3,0,7,10,10,1
6397,61338,0.89,0,4,7,6,1
6398,61340,-0.52,0,1,4,2,1
6399,61342,-0.52,0,1,4,2,1
6400,61343,-1.01,0,0,3,1,1
6401,61351,1.32,0,5,8,8,1
6402,61360,1.81,0,6,9,9,1
6403,61372,2.18,0,7,10,12,1
6404,61381,1.81,0,6,9,9,1
6405,61386,0.95,0,4,7,5,1
6406,61389,-0.03,0,2,5,3,1
6407,61406,2.43,0,8,11,17,1
6408,61442,5.69,0,16,19,36,1
6409,61448,0.89,0,4,7,6,1
6410,61455,0.83,0,4,7,7,1
6411,61470,3.1,0,9,12,15,1
6412,61471,-1.01,0,0,3,1,1
6413,61488,2.43,0,8,11,17,1
6414,61505,4.63,0,12,15,17,1
6415,61521,1.94,0,7,10,16,1
6416,61547,4.09,0,12,15,26,1
6417,61558,1.14,0,5,8,11,1
6418,61559,-1.01,0,0,3,1,1
6419,61564,0.95,0,4,7,5,1
6420,61566,-0.52,0,1,4,2,1
6421,61572,0.89,0,4,7,6,1
6422,61577,0.4,0,3,6,5,1
6423,61580,-0.03,0,2,5,3,1
6424,61582,-0.52,0,1,4,2,1
6425,61583,-1.01,0,0,3,1,1
6426,61587,0.46,0,3,6,4,1
6427,61593,1.44,0,5,8,6,1
6428,61595,-0.52,0,1,4,2,1
6429,61598,-0.03,0,2,5,3,1
6430,61623,2.5,0,9,12,25,1
6431,61629,0.34,0,3,6,6,1
6432,61631,-0.52,0,1,4,2,1
6433,61633,-0.52,0,1,4,2,1
6434,61646,3.77,0,10,13,13,1
6435,61648,-0.52,0,1,4,2,1
6436,61650,-0.52,0,1,4,2,1
6437,61652,-0.52,0,1,4,2,1
6438,61654,-0.52,0,1,4,2,1
6439,61655,-1.01,0,0,3,1,1
6440,61659,-0.09,0,2,5,4,1
6441,61672,2.12,0,7,10,13,1
6442,61679,0.28,0,3,6,7,1
6443,61711,5.93,0,16,19,32,1
6444,61718,1.38,0,5,8,7,1
6445,61737,5.06,0,13,16,19,1
6446,61739,-0.52,0,1,4,2,1
6447,61740,-1.01,0,0,3,1,1
6448,61747,1.93,0,6,9,7,1
6449,61750,-0.03,0,2,5,3,1
6450,61767,3.53,0,10,13,17,1
6451,61790,5.92,0,15,18,23,1
6452,61798,1.87,0,6,9,8,1
6453,61808,2.85,0,8,11,10,1
6454,61811,-0.03,0,2,5,3,1
6455,61812,-1.01,0,0,3,1,1
6456,61820,1.32,0,5,8,8,1
6457,61824,0.46,0,3,6,4,1
6458,61825,-1.01,0,0,3,1,1
6459,61827,-0.52,0,1,4,2,1
6460,61833,0.34,0,3,6,6,1
6461,61857,5.86,0,15,18,24,1
6462,61865,1.87,0,6,9,8,1
6463,61872,1.93,0,6,9,7,1
6464,61877,0.4,0,3,6,5,1
6465,61878,-1.01,0,0,3,1,1
6466,61910,5.93,0,16,19,32,1
6467,61924,2.61,0,8,11,14,1
6468,61925,-1.01,0,0,3,1,1
6469,61928,-0.58,0,1,4,3,1
6470,61934,1.44,0,5,8,6,1
6471,61936,-0.52,0,1,4,2,1
6472,61953,3.53,0,10,13,17,1
6473,61960,1.38,0,5,8,7,1
6474,61961,-1.01,0,0,3,1,1
6475,61968,1.38,0,5,8,7,1
6476,61970,-0.52,0,1,4,2,1
6477,61979,2.36,0,7,10,9,1
6478,61991,1.63,0,6,9,12,1
6479,62014,3.17,0,10,13,23,1
6480,62018,-0.09,0,2,5,4,1
6481,62019,-1.01,0,0,3,1,1
6482,62021,-0.52,0,1,4,2,1
6483,62027,0.89,0,4,7,6,1
6484,62029,-0.52,0,1,4,2,1
6485,62042,2.12,0,7,10,13,1
6486,62051,2.36,0,7,10,9,1
6487,62060,2.36,0,7,10,9,1
6488,62111,5.89,0,18,21,51,1
6489,62123,2.18,0,7,10,12,1
6490,62127,-0.09,0,2,5,4,1
6491,62128,-1.01,0,0,3,1,1
6492,62143,2.0,0,7,10,15,1
6493,62150,1.38,0,5,8,7,1
6494,62153,-0.03,0,2,5,3,1
6495,62154,-1.01,0,0,3,1,1
6496,62156,-0.52,0,1,4,2,1
6497,62159,-0.58,0,1,4,3,1
6498,62167,0.77,0,4,7,8,1
6499,62184,2.98,0,9,12,17,1
6500,62186,-0.52,0,1,4,2,1
6501,62190,0.46,0,3,6,4,1
6502,62203,2.12,0,7,10,13,1
6503,62219,4.14,0,11,14,16,1
6504,62244,4.15,0,12,15,25,1
6505,62250,0.34,0,3,6,6,1
6506,62255,0.95,0,4,7,5,1
6507,62263,1.87,0,6,9,8,1
6508,62269,0.89,0,4,7,6,1
6509,62283,2.61,0,8,11,14,1
6510,62286,-0.03,0,2,5,3,1
6511,62291,0.4,0,3,6,5,1
6512,62302,2.24,0,7,10,11,1
6513,62316,4.26,0,11,14,14,1
6514,62321,0.95,0,4,7,5,1
6515,62322,-1.01,0,0,3,1,1
6516,62324,-0.52,0,1,4,2,1
6517,62328,0.46,0,3,6,4,1
6518,62334,1.44,0,5,8,6,1
6519,62335,-1.01,0,0,3,1,1
6520,62341,0.89,0,4,7,6,1
6521,62350,1.81,0,6,9,9,1
6522,62364,3.71,0,10,13,14,1
6523,62367,-0.03,0,2,5,3,1
6524,62376,1.26,0,5,8,9,1
6525,62382,1.44,0,5,8,6,1
6526,62394,3.28,0,9,12,12,1
6527,62398,0.46,0,3,6,4,1
6528,62402,0.46,0,3,6,4,1
6529,62413,2.24,0,7,10,11,1
6530,62414,-1.01,0,0,3,1,1
6531,62417,-0.03,0,2,5,3,1
6532,62425,2.42,0,7,10,8,1
6533,62428,-0.03,0,2,5,3,1
6534,62453,5.25,0,14,17,25,1
6535,62456,-0.03,0,2,5,3,1
6536,62459,-0.03,0,2,5,3,1
6537,62494,6.3,0,17,20,35,1
6538,62540,6.19,0,18,21,46,1
6539,62546,0.89,0,4,7,6,1
6540,62551,0.4,0,3,6,5,1
6541,62554,-0.03,0,2,5,3,1
6542,62555,-1.01,0,0,3,1,1
6543,62556,-1.01,0,0,3,1,1
6544,62560,0.46,0,3,6,4,1
6545,62566,1.44,0,5,8,6,1
6546,62570,0.46,0,3,6,4,1
6547,62588,4.02,0,11,14,18,1
6548,62600,2.73,0,8,11,12,1
6549,62615,2.0,0,7,10,15,1
6550,62639,5.86,0,15,18,24,1
6551,62640,-1.01,0,0,3,1,1
6552,62656,4.69,0,12,15,16,1
6553,62657,-1.01,0,0,3,1,1
6554,62671,3.16,0,9,12,14,1
6555,62674,-0.03,0,2,5,3,1
6556,62706,4.83,0,14,17,32,1
6557,62716,2.85,0,8,11,10,1
6558,62721,0.4,0,3,6,5,1
6559,62723,-0.52,0,1,4,2,1
6560,62732,1.81,0,6,9,9,1
6561,62743,1.69,0,6,9,11,1
6562,62748,0.4,0,3,6,5,1
6563,62749,-1.01,0,0,3,1,1
6564,62752,-0.03,0,2,5,3,1
6565,62763,2.79,0,8,11,11,1
6566,62788,5.25,0,14,17,25,1
6567,62795,1.38,0,5,8,7,1
6568,62797,-0.52,0,1,4,2,1
6569,62803,1.44,0,5,8,6,1
6570,62807,0.46,0,3,6,4,1
6571,62809,-0.52,0,1,4,2,1
6572,62830,5.49,0,14,17,21,1
6573,62832,-0.52,0,1,4,2,1
6574,62834,-0.52,0,1,4,2,1
6575,62835,-1.01,0,0,3,1,1
6576,62837,-0.52,0,1,4,2,1
6577,62840,-0.03,0,2,5,3,1
6578,62848,1.87,0,6,9,8,1
6579,62855,1.38,0,5,8,7,1
6580,62856,-1.01,0,0,3,1,1
6581,62866,1.75,0,6,9,10,1
6582,62867,-1.01,0,0,3,1,1
6583,62868,-1.01,0,0,3,1,1
6584,62871,-0.03,0,2,5,3,1
6585,62877,0.89,0,4,7,6,1
6586,62891,3.71,0,10,13,14,1
6587,62896,0.4,0,3,6,5,1
6588,62902,0.34,0,3,6,6,1
6589,62917,2.55,0,8,11,15,1
6590,62932,4.2,0,11,14,15,1
6591,62934,-0.52,0,1,4,2,1
6592,62935,-1.01,0,0,3,1,1
6593,62937,-0.52,0,1,4,2,1
6594,62968,7.64,0,19,22,31,1
6595,62969,-1.01,0,0,3,1,1
6596,62982,2.67,0,8,11,13,1
6597,62983,-1.01,0,0,3,1,1
6598,62991,1.87,0,6,9,8,1
6599,62998,1.38,0,5,8,7,1
6600,63007,1.81,0,6,9,9,1
6601,63026,3.41,0,10,13,19,1
6602,63055,5.01,0,14,17,29,1
6603,63072,2.43,0,8,11,17,1
6604,63076,0.46,0,3,6,4,1
6605,63078,-0.52,0,1,4,2,1
6606,63105,6.23,0,16,19,27,1
6607,63109,0.46,0,3,6,4,1
6608,63110,-1.01,0,0,3,1,1
6609,63114,0.46,0,3,6,4,1
6610,63130,4.14,0,11,14,16,1
6611,63135,0.95,0,4,7,5,1
6612,63150,3.1,0,9,12,15,1
6613,63161,3.34,0,9,12,11,1
6614,63179,2.92,0,9,12,18,1
6615,63190,2.24,0,7,10,11,1
6616,63202,3.83,0,10,13,12,1
6617,63210,1.87,0,6,9,8,1
6618,63211,-1.01,0,0,3,1,1
6619,63218,1.38,0,5,8,7,1
6620,63270,7.48,0,21,24,52,1
6621,63272,-0.52,0,1,4,2,1
6622,63277,0.95,0,4,7,5,1
6623,63287,2.3,0,7,10,10,1
6624,63298,3.34,0,9,12,11,1
6625,63299,-1.01,0,0,3,1,1
6626,63302,-0.03,0,2,5,3,1
6627,63305,-0.03,0,2,5,3,1
6628,63309,0.46,0,3,6,4,1
6629,63338,5.01,0,14,17,29,1
6630,63348,2.3,0,7,10,10,1
6631,63352,0.46,0,3,6,4,1
6632,63360,2.42,0,7,10,8,1
6633,63362,-0.52,0,1,4,2,1
6634,63366,-0.09,0,2,5,4,1
6635,63369,-0.03,0,2,5,3,1
6636,63372,-0.58,0,1,4,3,1
6637,63373,-1.01,0,0,3,1,1
6638,63378,0.95,0,4,7,5,1
6639,63398,4.45,0,12,15,20,1
6640,63411,2.12,0,7,10,13,1
6641,63427,3.59,0,10,13,16,1
6642,63440,2.67,0,8,11,13,1
6643,63446,0.34,0,3,6,6,1
6644,63451,0.95,0,4,7,5,1
6645,63459,0.22,0,3,6,8,1
6646,63460,-1.01,0,0,3,1,1
6647,63463,-0.03,0,2,5,3,1
6648,63468,0.95,0,4,7,5,1
6649,63474,0.89,0,4,7,6,1
6650,63485,1.14,0,5,8,11,1
6651,63500,2.55,0,8,11,15,1
6652,63505,0.95,0,4,7,5,1
6653,63510,0.95,0,4,7,5,1
6654,63514,-0.09,0,2,5,4,1
6655,63541,6.23,0,16,19,27,1
6656,63548,1.93,0,6,9,7,1
6657,63557,2.36,0,7,10,9,1
6658,63558,-1.01,0,0,3,1,1
6659,63571,3.77,0,10,13,13,1
6660,63581,0.65,0,4,7,10,1
6661,63586,0.95,0,4,7,5,1
6662,63589,-0.03,0,2,5,3,1
6663,63602,3.22,0,9,12,13,1
6664,63610,1.87,0,6,9,8,1
6665,63611,-1.01,0,0,3,1,1
6666,63627,1.94,0,7,10,16,1
6667,63628,-1.01,0,0,3,1,1
6668,63664,5.69,0,16,19,36,1
6669,63666,-0.52,0,1,4,2,1
6670,63669,-0.03,0,2,5,3,1
6671,63676,1.93,0,6,9,7,1
6672,63681,0.4,0,3,6,5,1
6673,63683,-0.52,0,1,4,2,1
6674,63691,1.32,0,5,8,8,1
6675,63692,-1.01,0,0,3,1,1
6676,63706,3.16,0,9,12,14,1
6677,63724,3.47,0,10,13,18,1
6678,63728,0.46,0,3,6,4,1
6679,63733,0.4,0,3,6,5,1
6680,63748,2.55,0,8,11,15,1
6681,63750,-0.52,0,1,4,2,1
6682,63759,1.81,0,6,9,9,1
6683,63760,-1.01,0,0,3,1,1
6684,63769,1.81,0,6,9,9,1
6685,63770,-1.01,0,0,3,1,1
6686,63790,5.0,0,13,16,20,1
6687,63807,4.08,0,11,14,17,1
6688,63823,3.04,0,9,12,16,1
6689,63835,2.73,0,8,11,12,1
6690,63858,4.27,0,12,15,23,1
6691,63867,1.26,0,5,8,9,1
6692,63876,2.36,0,7,10,9,1
6693,63884,1.32,0,5,8,8,1
6694,63888,-0.09,0,2,5,4,1
6695,63890,-0.52,0,1,4,2,1
6696,63906,3.04,0,9,12,16,1
6697,63913,1.93,0,6,9,7,1
6698,63928,3.1,0,9,12,15,1
6699,63931,-0.03,0,2,5,3,1
6700,63933,-0.52,0,1,4,2,1
6701,63945,2.73,0,8,11,12,1
6702,63946,-1.01,0,0,3,1,1
6703,63955,1.81,0,6,9,9,1
6704,63968,4.32,0,11,14,13,1
6705,63971,-0.03,0,2,5,3,1
6706,63972,-1.01,0,0,3,1,1
6707,63980,0.77,0,4,7,8,1
6708,63990,2.85,0,8,11,10,1
6709,64016,4.64,0,13,16,26,1
6710,64022,0.34,0,3,6,6,1
6711,64023,-1.01,0,0,3,1,1
6712,64025,-0.52,0,1,4,2,1
6713,64035,2.85,0,8,11,10,1
6714,64042,1.38,0,5,8,7,1
6715,64060,4.57,0,12,15,18,1
6716,64066,1.44,0,5,8,6,1
6717,64093,4.03,0,12,15,27,1
6718,64123,6.05,0,16,19,30,1
6719,64141,4.57,0,12,15,18,1
6720,64144,-0.03,0,2,5,3,1
6721,64162,4.57,0,12,15,18,1
6722,64167,0.4,0,3,6,5,1
6723,64179,3.83,0,10,13,12,1
6724,64188,1.81,0,6,9,9,1
6725,64202,3.71,0,10,13,14,1
6726,64203,-1.01,0,0,3,1,1
6727,64218,4.2,0,11,14,15,1
6728,64231,3.77,0,10,13,13,1
6729,64237,1.44,0,5,8,6,1
6730,64250,2.67,0,8,11,13,1
6731,64259,1.81,0,6,9,9,1
6732,64261,-0.52,0,1,4,2,1
6733,64270,1.81,0,6,9,9,1
6734,64271,-1.01,0,0,3,1,1
6735,64274,-0.03,0,2,5,3,1
6736,64278,-0.64,0,1,4,4,1
6737,64280,-0.52,0,1,4,2,1
6738,64282,-0.52,0,1,4,2,1
6739,64284,-0.52,0,1,4,2,1
6740,64290,0.89,0,4,7,6,1
6741,64294,0.46,0,3,6,4,1
6742,64295,-1.01,0,0,3,1,1
6743,64297,-0.52,0,1,4,2,1
6744,64312,2.0,0,7,10,15,1
6745,64317,0.95,0,4,7,5,1
6746,64327,2.85,0,8,11,10,1
6747,64342,2.55,0,8,11,15,1
6748,64345,-0.03,0,2,5,3,1
6749,64347,-0.52,0,1,4,2,1
6750,64356,1.81,0,6,9,9,1
6751,64375,3.41,0,10,13,19,1
6752,64387,2.73,0,8,11,12,1
6753,64397,2.85,0,8,11,10,1
6754,64407,2.3,0,7,10,10,1
6755,64415,1.32,0,5,8,8,1
6756,64418,-0.03,0,2,5,3,1
6757,64426,1.87,0,6,9,8,1
6758,64430,0.46,0,3,6,4,1
6759,64440,3.4,0,9,12,10,1
6760,64443,-0.03,0,2,5,3,1
6761,64446,-0.03,0,2,5,3,1
6762,64449,-0.03,0,2,5,3,1
6763,64452,-0.03,0,2,5,3,1
6764,64476,5.31,0,14,17,24,1
6765,64479,-0.03,0,2,5,3,1
6766,64499,5.55,0,14,17,20,1
6767,64546,6.68,0,19,22,47,1
6768,64548,-0.52,0,1,4,2,1
6769,64556,1.87,0,6,9,8,1
6770,64559,-0.03,0,2,5,3,1
6771,64563,0.46,0,3,6,4,1
6772,64565,-0.52,0,1,4,2,1
6773,64566,-1.01,0,0,3,1,1
6774,64596,5.5,0,15,18,30,1
6775,64600,-0.09,0,2,5,4,1
6776,64607,1.38,0,5,8,7,1
6777,64628,4.94,0,13,16,21,1
6778,64654,6.84,0,17,20,26,1
6779,64655,-1.01,0,0,3,1,1
6780,64657,-0.52,0,1,4,2,1
6781,64660,-0.03,0,2,5,3,1
6782,64676,6.34,0,15,18,16,1
6783,64677,-1.01,0,0,3,1,1
6784,64712,6.85,0,18,21,35,1
6785,64725,3.22,0,9,12,13,1
6786,64728,-0.58,0,1,4,3,1
6787,64730,-0.52,0,1,4,2,1
6788,64733,-0.03,0,2,5,3,1
6789,64738,0.95,0,4,7,5,1
6790,64741,-0.03,0,2,5,3,1
6791,64745,0.46,0,3,6,4,1
6792,64748,-0.03,0,2,5,3,1
6793,64763,3.1,0,9,12,15,1
6794,64764,-1.01,0,0,3,1,1
6795,64769,0.95,0,4,7,5,1
6796,64772,-0.03,0,2,5,3,1
6797,64774,-0.52,0,1,4,2,1
6798,64783,1.26,0,5,8,9,1
6799,64786,-0.03,0,2,5,3,1
6800,64790,0.46,0,3,6,4,1
6801,64792,-0.52,0,1,4,2,1
6802,64807,3.65,0,10,13,15,1
6803,64809,-0.52,0,1,4,2,1
6804,64816,1.38,0,5,8,7,1
6805,64818,-0.52,0,1,4,2,1
6806,64831,2.67,0,8,11,13,1
6807,64832,-1.01,0,0,3,1,1
6808,64845,3.77,0,10,13,13,1
6809,64850,0.95,0,4,7,5,1
6810,64857,1.93,0,6,9,7,1
6811,64862,0.95,0,4,7,5,1
6812,64864,-0.52,0,1,4,2,1
6813,64866,-0.52,0,1,4,2,1
6814,64875,2.91,0,8,11,9,1
6815,64889,1.51,0,6,9,14,1
6816,64890,-1.01,0,0,3,1,1
6817,64898,2.42,0,7,10,8,1
6818,64899,-1.01,0,0,3,1,1
6819,64902,-0.03,0,2,5,3,1
6820,64937,6.3,0,17,20,35,1
6821,64958,4.94,0,13,16,21,1
6822,64959,-1.01,0,0,3,1,1
6823,64963,0.46,0,3,6,4,1
6824,64966,-0.03,0,2,5,3,1
6825,64984,4.02,0,11,14,18,1
6826,64993,2.91,0,8,11,9,1
6827,65013,5.55,0,14,17,20,1
6828,65037,5.31,0,14,17,24,1
6829,65041,0.46,0,3,6,4,1
6830,65044,-0.03,0,2,5,3,1
6831,65051,1.38,0,5,8,7,1
6832,65062,2.79,0,8,11,11,1
6833,65068,1.44,0,5,8,6,1
6834,65087,5.61,0,14,17,19,1
6835,65090,-0.03,0,2,5,3,1
6836,65095,0.4,0,3,6,5,1
6837,65099,0.46,0,3,6,4,1
6838,65104,0.95,0,4,7,5,1
6839,65106,-0.52,0,1,4,2,1
6840,65132,5.74,0,15,18,26,1
6841,65136,0.46,0,3,6,4,1
6842,65145,2.36,0,7,10,9,1
6843,65170,4.7,0,13,16,25,1
6844,65189,3.41,0,10,13,19,1
6845,65199,2.85,0,8,11,10,1
6846,65212,2.12,0,7,10,13,1
6847,65216,0.46,0,3,6,4,1
6848,65219,-0.03,0,2,5,3,1
6849,65222,-0.03,0,2,5,3,1
6850,65226,0.46,0,3,6,4,1
6851,65251,4.7,0,13,16,25,1
6852,65256,0.95,0,4,7,5,1
6853,65267,2.79,0,8,11,11,1
6854,65269,-0.52,0,1,4,2,1
6855,65280,2.79,0,8,11,11,1
6856,65281,-1.01,0,0,3,1,1
6857,65291,2.85,0,8,11,10,1
6858,65299,2.42,0,7,10,8,1
6859,65309,3.4,0,9,12,10,1
6860,65318,1.81,0,6,9,9,1
6861,65339,3.29,0,10,13,21,1
6862,65346,1.38,0,5,8,7,1
6863,65362,3.04,0,9,12,16,1
6864,65364,-0.52,0,1,4,2,1
6865,65373,1.26,0,5,8,9,1
6866,65388,3.65,0,10,13,15,1
6867,65390,-0.52,0,1,4,2,1
6868,65394,0.46,0,3,6,4,1
6869,65414,3.9,0,11,14,20,1
6870,65415,-1.01,0,0,3,1,1
6871,65416,-1.01,0,0,3,1,1
6872,65423,1.38,0,5,8,7,1
6873,65435,3.83,0,10,13,12,1
6874,65455,4.45,0,12,15,20,1
6875,65463,2.42,0,7,10,8,1
6876,65468,0.95,0,4,7,5,1
6877,65483,3.1,0,9,12,15,1
6878,65500,3.53,0,10,13,17,1
6879,65503,-0.03,0,2,5,3,1
6880,65504,-1.01,0,0,3,1,1
6881,65511,1.93,0,6,9,7,1
6882,65518,1.38,0,5,8,7,1
6883,65541,4.27,0,12,15,23,1
6884,65548,1.38,0,5,8,7,1
6885,65550,-0.52,0,1,4,2,1
6886,65555,0.95,0,4,7,5,1
6887,65559,0.46,0,3,6,4,1
6888,65563,0.46,0,3,6,4,1
6889,65577,3.71,0,10,13,14,1
6890,65590,3.77,0,10,13,13,1
6891,65591,-1.01,0,0,3,1,1
6892,65601,0.1,0,3,6,10,1
6893,65603,-0.52,0,1,4,2,1
6894,65604,-1.01,0,0,3,1,1
6895,65625,4.94,0,13,16,21,1
6896,65643,2.92,0,9,12,18,1
6897,65652,2.91,0,8,11,9,1
6898,65653,-1.01,0,0,3,1,1
6899,65655,-0.52,0,1,4,2,1
6900,65659,0.46,0,3,6,4,1
6901,65661,-0.52,0,1,4,2,1
6902,65672,3.34,0,9,12,11,1
6903,65674,-0.52,0,1,4,2,1
6904,65680,1.44,0,5,8,6,1
6905,65685,0.95,0,4,7,5,1
6906,65697,3.28,0,9,12,12,1
6907,65699,-0.52,0,1,4,2,1
6908,65707,1.87,0,6,9,8,1
6909,65708,-1.01,0,0,3,1,1
6910,65714,0.89,0,4,7,6,1
6911,65717,-0.03,0,2,5,3,1
6912,65727,1.2,0,5,8,10,1
6913,65731,0.46,0,3,6,4,1
6914,65734,-0.03,0,2,5,3,1
6915,65740,1.44,0,5,8,6,1
6916,65745,0.95,0,4,7,5,1
6917,65752,1.38,0,5,8,7,1
6918,65757,0.4,0,3,6,5,1
6919,65763,0.89,0,4,7,6,1
6920,65765,-0.52,0,1,4,2,1
6921,65771,0.89,0,4,7,6,1
6922,65775,0.46,0,3,6,4,1
6923,65800,5.8,0,15,18,25,1
6924,65807,1.93,0,6,9,7,1
6925,65809,-0.52,0,1,4,2,1
6926,65834,5.25,0,14,17,25,1
6927,65837,-0.03,0,2,5,3,1
6928,65839,-0.52,0,1,4,2,1
6929,65853,2.61,0,8,11,14,1
6930,65858,0.4,0,3,6,5,1
6931,65859,-1.01,0,0,3,1,1
6932,65860,-1.01,0,0,3,1,1
6933,65863,-0.03,0,2,5,3,1
6934,65881,6.22,0,15,18,18,1
6935,65896,3.1,0,9,12,15,1
6936,65898,-0.52,0,1,4,2,1
6937,65900,-0.52,0,1,4,2,1
6938,65907,1.93,0,6,9,7,1
6939,65909,-0.52,0,1,4,2,1
6940,65913,0.46,0,3,6,4,1
6941,65921,1.87,0,6,9,8,1
6942,65935,3.16,0,9,12,14,1
6943,65950,3.1,0,9,12,15,1
6944,65951,-1.01,0,0,3,1,1
6945,65956,0.95,0,4,7,5,1
6946,65987,5.99,0,16,19,31,1
6947,65991,0.46,0,3,6,4,1
6948,66001,2.3,0,7,10,10,1
6949,66016,3.1,0,9,12,15,1
6950,66028,3.83,0,10,13,12,1
6951,66034,0.89,0,4,7,6,1
6952,66039,0.95,0,4,7,5,1
6953,66043,-0.09,0,2,5,4,1
6954,66088,7.35,0,20,23,45,1
6955,66104,3.04,0,9,12,16,1
6956,66119,3.65,0,10,13,15,1
6957,66134,3.1,0,9,12,15,1
6958,66143,1.81,0,6,9,9,1
6959,66152,1.26,0,5,8,9,1
6960,66163,3.89,0,10,13,11,1
6961,66170,1.93,0,6,9,7,1
6962,66172,-0.52,0,1,4,2,1
6963,66175,-0.03,0,2,5,3,1
6964,66177,-0.52,0,1,4,2,1
6965,66187,2.3,0,7,10,10,1
6966,66190,-0.03,0,2,5,3,1
6967,66248,6.57,0,20,23,58,1
6968,66260,2.73,0,8,11,12,1
6969,66268,1.32,0,5,8,8,1
6970,66278,2.3,0,7,10,10,1
6971,66284,1.44,0,5,8,6,1
6972,66287,-0.03,0,2,5,3,1
6973,66291,0.46,0,3,6,4,1
6974,66307,4.14,0,11,14,16,1
6975,66322,3.65,0,10,13,15,1
6976,66366,6.31,0,18,21,44,1
6977,66367,-1.01,0,0,3,1,1
6978,66368,-1.01,0,0,3,1,1
6979,66388,3.9,0,11,14,20,1
6980,66406,3.47,0,10,13,18,1
6981,66411,0.95,0,4,7,5,1
6982,66414,-0.03,0,2,5,3,1
6983,66428,3.71,0,10,13,14,1
6984,66448,5.0,0,13,16,20,1
6985,66517,5.91,0,20,23,69,1
6986,66522,0.95,0,4,7,5,1
6987,66530,1.32,0,5,8,8,1
6988,66541,2.79,0,8,11,11,1
6989,66579,6.67,0,18,21,38,1
6990,66584,0.95,0,4,7,5,1
6991,66595,3.34,0,9,12,11,1
6992,66607,3.83,0,10,13,12,1
6993,66619,2.73,0,8,11,12,1
6994,66624,0.95,0,4,7,5,1
6995,66627,-0.03,0,2,5,3,1
6996,66628,-1.01,0,0,3,1,1
6997,66656,5.62,0,15,18,28,1
6998,66661,0.95,0,4,7,5,1
6999,66663,-0.52,0,1,4,2,1
7000,66667,0.46,0,3,6,4,1
7001,66671,0.46,0,3,6,4,1
7002,66679,2.42,0,7,10,8,1
7003,66682,-0.03,0,2,5,3,1
7004,66695,3.77,0,10,13,13,1
7005,66728,5.87,0,16,19,33,1
7006,66747,2.86,0,9,12,19,1
7007,66765,3.47,0,10,13,18,1
7008,66779,2.61,0,8,11,14,1
7009,66786,1.38,0,5,8,7,1
7010,66789,-0.03,0,2,5,3,1
7011,66824,7.4,0,19,22,35,1
7012,66825,-1.01,0,0,3,1,1
7013,66839,3.71,0,10,13,14,1
7014,66845,0.89,0,4,7,6,1
7015,66851,0.89,0,4,7,6,1
7016,66852,-1.01,0,0,3,1,1
7017,66863,2.24,0,7,10,11,1
7018,66869,1.44,0,5,8,6,1
7019,66879,2.3,0,7,10,10,1
7020,66889,2.3,0,7,10,10,1
7021,66895,1.44,0,5,8,6,1
7022,66901,0.89,0,4,7,6,1
7023,66908,1.38,0,5,8,7,1
7024,66916,1.32,0,5,8,8,1
7025,66927,2.79,0,8,11,11,1
7026,66937,1.2,0,5,8,10,1
7027,66949,2.18,0,7,10,12,1
7028,66965,3.04,0,9,12,16,1
7029,66966,-1.01,0,0,3,1,1
7030,66967,-1.01,0,0,3,1,1
7031,66991,5.31,0,14,17,24,1
7032,67012,4.94,0,13,16,21,1
7033,67055,6.92,0,19,22,43,1
7034,67069,3.16,0,9,12,14,1
7035,67070,-1.01,0,0,3,1,1
7036,67078,0.77,0,4,7,8,1
7037,67079,-1.01,0,0,3,1,1
7038,67081,-0.52,0,1,4,2,1
7039,67082,-1.01,0,0,3,1,1
7040,67083,-1.01,0,0,3,1,1
7041,67086,-0.03,0,2,5,3,1
7042,67088,-0.52,0,1,4,2,1
7043,67104,4.14,0,11,14,16,1
7044,67125,6.04,0,15,18,21,1
7045,67131,0.89,0,4,7,6,1
7046,67140,2.36,0,7,10,9,1
7047,67141,-1.01,0,0,3,1,1
7048,67144,-0.03,0,2,5,3,1
7049,67164,3.9,0,11,14,20,1
7050,67170,1.44,0,5,8,6,1
7051,67175,0.95,0,4,7,5,1
7052,67180,0.95,0,4,7,5,1
7053,67183,-0.03,0,2,5,3,1
7054,67184,-1.01,0,0,3,1,1
7055,67192,1.87,0,6,9,8,1
7056,67200,1.87,0,6,9,8,1
7057,67202,-0.52,0,1,4,2,1
7058,67231,6.11,0,16,19,29,1
7059,67238,1.38,0,5,8,7,1
7060,67242,-0.09,0,2,5,4,1
7061,67246,-0.09,0,2,5,4,1
7062,67249,-0.03,0,2,5,3,1
7063,67250,-1.01,0,0,3,1,1
7064,67251,-1.01,0,0,3,1,1
7065,67261,1.75,0,6,9,10,1
7066,67265,0.46,0,3,6,4,1
7067,67271,0.89,0,4,7,6,1
7068,67276,0.95,0,4,7,5,1
7069,67281,0.95,0,4,7,5,1
7070,67286,0.4,0,3,6,5,1
7071,67291,0.95,0,4,7,5,1
7072,67295,0.46,0,3,6,4,1
7073,67303,1.87,0,6,9,8,1
7074,67314,3.34,0,9,12,11,1
7075,67318,0.46,0,3,6,4,1
7076,67321,-0.03,0,2,5,3,1
7077,67330,2.91,0,8,11,9,1
7078,67340,2.3,0,7,10,10,1
7079,67353,3.22,0,9,12,13,1
7080,67363,2.3,0,7,10,10,1
7081,67367,-0.09,0,2,5,4,1
7082,67382,3.1,0,9,12,15,1
7083,67386,0.46,0,3,6,4,1
7084,67403,4.63,0,12,15,17,1
7085,67415,3.28,0,9,12,12,1
7086,67422,1.93,0,6,9,7,1
7087,67425,-0.03,0,2,5,3,1
7088,67436,1.69,0,6,9,11,1
7089,67448,3.83,0,10,13,12,1
7090,67460,3.83,0,10,13,12,1
7091,67464,0.46,0,3,6,4,1
7092,67466,-0.52,0,1,4,2,1
7093,67482,4.69,0,12,15,16,1
7094,67484,-0.52,0,1,4,2,1
7095,67491,1.38,0,5,8,7,1
7096,67502,3.34,0,9,12,11,1
7097,67505,-0.03,0,2,5,3,1
7098,67516,2.79,0,8,11,11,1
7099,67529,4.32,0,11,14,13,1
7100,67535,1.44,0,5,8,6,1
7101,67537,-0.52,0,1,4,2,1
7102,67552,4.75,0,12,15,15,1
7103,67553,-1.01,0,0,3,1,1
7104,67560,0.83,0,4,7,7,1
7105,67568,1.87,0,6,9,8,1
7106,67571,-0.03,0,2,5,3,1
7107,67574,-0.03,0,2,5,3,1
7108,67604,3.85,0,12,15,30,1
7109,67613,1.26,0,5,8,9,1
7110,67632,4.51,0,12,15,19,1
7111,67655,4.27,0,12,15,23,1
7112,67659,0.46,0,3,6,4,1
7113,67680,4.39,0,12,15,21,1
7114,67683,-0.03,0,2,5,3,1
7115,67694,1.69,0,6,9,11,1
7116,67696,-0.52,0,1,4,2,1
7117,67704,1.87,0,6,9,8,1
7118,67717,2.67,0,8,11,13,1
7119,67723,0.89,0,4,7,6,1
7120,67728,0.95,0,4,7,5,1
7121,67742,3.71,0,10,13,14,1
7122,67743,-1.01,0,0,3,1,1
7123,67746,-0.03,0,2,5,3,1
7124,67781,7.95,0,20,23,35,1
7125,67784,-0.03,0,2,5,3,1
7126,67785,-1.01,0,0,3,1,1
7127,67791,1.44,0,5,8,6,1
7128,67797,1.44,0,5,8,6,1
7129,67805,0.77,0,4,7,8,1
7130,67808,-0.03,0,2,5,3,1
7131,67810,-0.52,0,1,4,2,1
7132,67823,3.77,0,10,13,13,1
7133,67828,-0.15,0,2,5,5,1
7134,67833,0.95,0,4,7,5,1
7135,67838,0.4,0,3,6,5,1
7136,67843,0.4,0,3,6,5,1
7137,67846,-0.03,0,2,5,3,1
7138,67853,1.38,0,5,8,7,1
7139,67856,-0.03,0,2,5,3,1
7140,67858,-0.52,0,1,4,2,1
7141,67865,1.93,0,6,9,7,1
7142,67879,3.71,0,10,13,14,1
7143,67884,0.4,0,3,6,5,1
7144,67885,-1.01,0,0,3,1,1
7145,67894,1.26,0,5,8,9,1
7146,67896,-0.52,0,1,4,2,1
7147,67912,3.59,0,10,13,16,1
7148,67914,-0.52,0,1,4,2,1
7149,67917,-0.03,0,2,5,3,1
7150,67930,3.22,0,9,12,13,1
7151,67943,4.87,0,12,15,13,1
7152,67944,-1.01,0,0,3,1,1
7153,67951,1.38,0,5,8,7,1
7154,67953,-0.52,0,1,4,2,1
7155,67955,-0.52,0,1,4,2,1
7156,67957,-0.52,0,1,4,2,1
7157,67964,0.83,0,4,7,7,1
7158,67972,1.32,0,5,8,8,1
7159,67991,3.96,0,11,14,19,1
7160,68011,5.0,0,13,16,20,1
7161,68056,6.25,0,18,21,45,1
7162,68063,1.38,0,5,8,7,1
7163,68070,1.38,0,5,8,7,1
7164,68073,-0.03,0,2,5,3,1
7165,68082,1.81,0,6,9,9,1
7166,68087,0.95,0,4,7,5,1
7167,68094,1.38,0,5,8,7,1
7168,68098,0.46,0,3,6,4,1
7169,68106,1.87,0,6,9,8,1
7170,68115,2.36,0,7,10,9,1
7171,68119,0.46,0,3,6,4,1
7172,68120,-1.01,0,0,3,1,1
7173,68123,-0.03,0,2,5,3,1
7174,68124,-1.01,0,0,3,1,1
7175,68127,-0.58,0,1,4,3,1
7176,68141,3.16,0,9,12,14,1
7177,68143,-0.52,0,1,4,2,1
7178,68149,1.44,0,5,8,6,1
7179,68153,0.46,0,3,6,4,1
7180,68167,3.16,0,9,12,14,1
7181,68178,2.79,0,8,11,11,1
7182,68179,-1.01,0,0,3,1,1
7183,68180,-1.01,0,0,3,1,1
7184,68182,-0.52,0,1,4,2,1
7185,68189,1.93,0,6,9,7,1
7186,68193,0.46,0,3,6,4,1
7187,68195,-0.52,0,1,4,2,1
7188,68208,3.22,0,9,12,13,1
7189,68211,-0.03,0,2,5,3,1
7190,68234,3.72,0,11,14,23,1
7191,68265,6.54,0,17,20,31,1
7192,68268,-0.03,0,2,5,3,1
7193,68280,3.83,0,10,13,12,1
7194,68285,0.95,0,4,7,5,1
7195,68297,3.28,0,9,12,12,1
7196,68310,2.67,0,8,11,13,1
7197,68314,0.46,0,3,6,4,1
7198,68327,3.77,0,10,13,13,1
7199,68336,1.81,0,6,9,9,1
7200,68342,1.44,0,5,8,6,1
7201,68344,-0.52,0,1,4,2,1
7202,68346,-0.52,0,1,4,2,1
7203,68375,5.56,0,15,18,29,1
7204,68379,0.46,0,3,6,4,1
7205,68382,-0.58,0,1,4,3,1
7206,68387,0.95,0,4,7,5,1
7207,68404,2.98,0,9,12,17,1
7208,68410,0.89,0,4,7,6,1
7209,68437,4.58,0,13,16,27,1
7210,68444,1.93,0,6,9,7,1
7211,68446,-0.52,0,1,4,2,1
7212,68455,2.36,0,7,10,9,1
7213,68460,0.95,0,4,7,5,1
7214,68477,4.63,0,12,15,17,1
7215,68484,1.93,0,6,9,7,1
7216,68485,-1.01,0,0,3,1,1
7217,68490,0.4,0,3,6,5,1
7218,68491,-1.01,0,0,3,1,1
7219,68492,-1.01,0,0,3,1,1
7220,68496,-0.09,0,2,5,4,1
7221,68504,2.42,0,7,10,8,1
7222,68506,-0.52,0,1,4,2,1
7223,68525,3.96,0,11,14,19,1
7224,68551,5.74,0,15,18,26,1
7225,68553,-0.52,0,1,4,2,1
7226,68558,0.4,0,3,6,5,1
7227,68578,4.45,0,12,15,20,1
7228,68595,4.08,0,11,14,17,1
7229,68624,5.01,0,14,17,29,1
7230,68627,-0.03,0,2,5,3,1
7231,68628,-1.01,0,0,3,1,1
7232,68650,3.78,0,11,14,22,1
7233,68662,2.18,0,7,10,12,1
7234,68674,4.38,0,11,14,12,1
7235,68675,-1.01,0,0,3,1,1
7236,68721,5.64,0,17,20,46,1
7237,68726,0.4,0,3,6,5,1
7238,68729,-0.03,0,2,5,3,1
7239,68735,0.34,0,3,6,6,1
7240,68738,-0.03,0,2,5,3,1
7241,68747,1.26,0,5,8,9,1
7242,68751,-0.09,0,2,5,4,1
7243,68761,2.3,0,7,10,10,1
7244,68762,-1.01,0,0,3,1,1
7245,68769,1.38,0,5,8,7,1
7246,68770,-1.01,0,0,3,1,1
7247,68800,4.4,0,13,16,30,1
7248,68814,3.16,0,9,12,14,1
7249,68818,0.46,0,3,6,4,1
7250,68822,0.46,0,3,6,4,1
7251,68827,0.95,0,4,7,5,1
7252,68845,4.57,0,12,15,18,1
7253,68849,0.46,0,3,6,4,1
7254,68856,1.38,0,5,8,7,1
7255,68860,-0.09,0,2,5,4,1
7256,68864,0.46,0,3,6,4,1
7257,68869,0.95,0,4,7,5,1
7258,68870,-1.01,0,0,3,1,1
7259,68880,2.3,0,7,10,10,1
7260,68895,3.1,0,9,12,15,1
7261,68896,-1.01,0,0,3,1,1
7262,68918,3.23,0,10,13,22,1
7263,68919,-1.01,0,0,3,1,1
7264,68929,1.75,0,6,9,10,1
7265,68931,-0.52,0,1,4,2,1
7266,68936,0.95,0,4,7,5,1
7267,68945,1.81,0,6,9,9,1
7268,68948,-0.03,0,2,5,3,1
7269,68969,4.39,0,12,15,21,1
7270,68975,1.44,0,5,8,6,1
7271,68979,-0.09,0,2,5,4,1
7272,68980,-1.01,0,0,3,1,1
7273,68981,-1.01,0,0,3,1,1
7274,68992,3.89,0,10,13,11,1
7275,69016,4.76,0,13,16,24,1
7276,69018,-0.52,0,1,4,2,1
7277,69035,4.08,0,11,14,17,1
7278,69037,-0.52,0,1,4,2,1
7279,69043,1.44,0,5,8,6,1
7280,69051,1.87,0,6,9,8,1
7281,69055,0.46,0,3,6,4,1
7282,69056,-1.01,0,0,3,1,1
7283,69073,3.53,0,10,13,17,1
7284,69078,0.95,0,4,7,5,1
7285,69081,-0.03,0,2,5,3,1
7286,69098,2.98,0,9,12,17,1
7287,69160,6.33,0,20,23,62,1
7288,69164,0.46,0,3,6,4,1
7289,69165,-1.01,0,0,3,1,1
7290,69173,1.87,0,6,9,8,1
7291,69175,-0.52,0,1,4,2,1
7292,69177,-0.52,0,1,4,2,1
7293,69178,-1.01,0,0,3,1,1
7294,69183,0.95,0,4,7,5,1
7295,69184,-1.01,0,0,3,1,1
7296,69191,1.93,0,6,9,7,1
7297,69202,2.24,0,7,10,11,1
7298,69219,3.53,0,10,13,17,1
7299,69229,2.85,0,8,11,10,1
7300,69230,-1.01,0,0,3,1,1
7301,69231,-1.01,0,0,3,1,1
7302,69254,4.27,0,12,15,23,1
7303,69259,-0.15,0,2,5,5,1
7304,69268,2.36,0,7,10,9,1
7305,69269,-1.01,0,0,3,1,1
7306,69274,0.95,0,4,7,5,1
7307,69277,-0.03,0,2,5,3,1
7308,69287,2.85,0,8,11,10,1
7309,69289,-0.52,0,1,4,2,1
7310,69295,1.44,0,5,8,6,1
7311,69299,0.46,0,3,6,4,1
7312,69314,3.1,0,9,12,15,1
7313,69325,3.34,0,9,12,11,1
7314,69347,5.98,0,15,18,22,1
7315,69387,7.1,0,19,22,40,1
7316,69398,2.24,0,7,10,11,1
7317,69418,3.9,0,11,14,20,1
7318,69421,-0.03,0,2,5,3,1
7319,69422,-1.01,0,0,3,1,1
7320,69425,-0.03,0,2,5,3,1
7321,69455,4.95,0,14,17,30,1
7322,69462,1.93,0,6,9,7,1
7323,69481,5.06,0,13,16,19,1
7324,69484,-0.03,0,2,5,3,1
7325,69492,0.77,0,4,7,8,1
7326,69493,-1.01,0,0,3,1,1
7327,69496,-0.03,0,2,5,3,1
7328,69510,2.61,0,8,11,14,1
7329,69515,0.95,0,4,7,5,1
7330,69546,5.99,0,16,19,31,1
7331,69548,-0.52,0,1,4,2,1
7332,69554,0.34,0,3,6,6,1
7333,69556,-0.52,0,1,4,2,1
7334,69557,-1.01,0,0,3,1,1
7335,69567,1.75,0,6,9,10,1
7336,69570,-0.03,0,2,5,3,1
7337,69571,-1.01,0,0,3,1,1
7338,69579,1.87,0,6,9,8,1
7339,69589,2.3,0,7,10,10,1
7340,69604,4.2,0,11,14,15,1
7341,69610,1.44,0,5,8,6,1
7342,69611,-1.01,0,0,3,1,1
7343,69617,0.89,0,4,7,6,1
7344,69618,-1.01,0,0,3,1,1
7345,69648,8.25,0,20,23,30,1
7346,69651,-0.03,0,2,5,3,1
7347,69653,-0.52,0,1,4,2,1
7348,69664,1.14,0,5,8,11,1
7349,69665,-1.01,0,0,3,1,1
7350,69671,1.44,0,5,8,6,1
7351,69678,1.93,0,6,9,7,1
7352,69682,0.46,0,3,6,4,1
7353,69700,4.57,0,12,15,18,1
7354,69702,-0.52,0,1,4,2,1
7355,69714,2.73,0,8,11,12,1
7356,69716,-0.52,0,1,4,2,1
7357,69728,3.28,0,9,12,12,1
7358,69733,0.95,0,4,7,5,1
7359,69738,0.95,0,4,7,5,1
7360,69741,-0.03,0,2,5,3,1
7361,69766,4.7,0,13,16,25,1
7362,69773,1.93,0,6,9,7,1
7363,69777,-0.09,0,2,5,4,1
7364,69779,-0.52,0,1,4,2,1
7365,69793,2.61,0,8,11,14,1
7366,69795,-0.52,0,1,4,2,1
7367,69799,0.46,0,3,6,4,1
7368,69802,-0.03,0,2,5,3,1
7369,69811,1.26,0,5,8,9,1
7370,69820,2.36,0,7,10,9,1
7371,69833,3.77,0,10,13,13,1
7372,69836,-0.03,0,2,5,3,1
7373,69850,3.16,0,9,12,14,1
7374,69851,-1.01,0,0,3,1,1
7375,69866,3.65,0,10,13,15,1
7376,69868,-0.52,0,1,4,2,1
7377,69878,2.3,0,7,10,10,1
7378,69890,1.63,0,6,9,12,1
7379,69902,2.73,0,8,11,12,1
7380,69909,1.38,0,5,8,7,1
7381,69950,5.39,0,16,19,41,1
7382,69963,3.77,0,10,13,13,1
7383,69965,-0.52,0,1,4,2,1
7384,69967,-0.52,0,1,4,2,1
7385,69968,-1.01,0,0,3,1,1
7386,69974,1.44,0,5,8,6,1
7387,70000,3.54,0,11,14,26,1
7388,70031,7.64,0,19,22,31,1
7389,70032,-1.01,0,0,3,1,1
7390,70036,0.46,0,3,6,4,1
7391,70042,1.44,0,5,8,6,1
7392,70056,2.61,0,8,11,14,1
7393,70063,1.38,0,5,8,7,1
7394,70074,2.79,0,8,11,11,1
7395,70080,1.44,0,5,8,6,1
7396,70091,3.89,0,10,13,11,1
7397,70096,0.95,0,4,7,5,1
7398,70115,3.96,0,11,14,19,1
7399,70121,0.89,0,4,7,6,1
7400,70125,-0.09,0,2,5,4,1
7401,70131,1.44,0,5,8,6,1
7402,70134,-0.03,0,2,5,3,1
7403,70153,4.51,0,12,15,19,1
7404,70157,0.46,0,3,6,4,1
7405,70168,2.79,0,8,11,11,1
7406,70173,0.4,0,3,6,5,1
7407,70174,-1.01,0,0,3,1,1
7408,70184,2.85,0,8,11,10,1
7409,70197,2.12,0,7,10,13,1
7410,70198,-1.01,0,0,3,1,1
7411,70200,-0.52,0,1,4,2,1
7412,70205,-0.15,0,2,5,5,1
7413,70221,4.14,0,11,14,16,1
7414,70233,3.83,0,10,13,12,1
7415,70239,0.89,0,4,7,6,1
7416,70247,2.42,0,7,10,8,1
7417,70259,2.18,0,7,10,12,1
7418,70266,0.83,0,4,7,7,1
7419,70283,2.98,0,9,12,17,1
7420,70286,-0.03,0,2,5,3,1
7421,70295,0.71,0,4,7,9,1
7422,70296,-1.01,0,0,3,1,1
7423,70306,2.85,0,8,11,10,1
7424,70313,1.38,0,5,8,7,1
7425,70316,-0.03,0,2,5,3,1
7426,70319,-0.03,0,2,5,3,1
7427,70322,-0.03,0,2,5,3,1
7428,70328,1.44,0,5,8,6,1
7429,70339,2.24,0,7,10,11,1
7430,70344,0.4,0,3,6,5,1
7431,70350,1.44,0,5,8,6,1
7432,70361,1.69,0,6,9,11,1
7433,70377,2.49,0,8,11,16,1
7434,70379,-0.52,0,1,4,2,1
7435,70380,-1.01,0,0,3,1,1
7436,70387,1.93,0,6,9,7,1
7437,70409,4.33,0,12,15,22,1
7438,70416,0.83,0,4,7,7,1
7439,70439,7.02,0,17,20,23,1
7440,70441,-0.52,0,1,4,2,1
7441,70449,2.42,0,7,10,8,1
7442,70463,3.16,0,9,12,14,1
7443,70465,-0.52,0,1,4,2,1
7444,70488,4.27,0,12,15,23,1
7445,70494,0.89,0,4,7,6,1
7446,70505,3.34,0,9,12,11,1
7447,70522,3.53,0,10,13,17,1
7448,70526,0.46,0,3,6,4,1
7449,70533,1.38,0,5,8,7,1
7450,70536,-0.03,0,2,5,3,1
7451,70540,0.46,0,3,6,4,1
7452,70542,-0.52,0,1,4,2,1
7453,70552,1.2,0,5,8,10,1
7454,70556,0.46,0,3,6,4,1
7455,70557,-1.01,0,0,3,1,1
7456,70561,0.46,0,3,6,4,1
7457,70572,3.34,0,9,12,11,1
7458,70578,1.44,0,5,8,6,1
7459,70598,5.0,0,13,16,20,1
7460,70615,2.98,0,9,12,17,1
7461,70619,0.46,0,3,6,4,1
7462,70626,1.93,0,6,9,7,1
7463,70644,5.12,0,13,16,18,1
7464,70647,-0.03,0,2,5,3,1
7465,70685,5.02,0,15,18,38,1
7466,70696,2.79,0,8,11,11,1
7467,70705,0.71,0,4,7,9,1
7468,70709,0.46,0,3,6,4,1
7469,70721,2.18,0,7,10,12,1
7470,70728,1.93,0,6,9,7,1
7471,70743,2.55,0,8,11,15,1
7472,70759,5.24,0,13,16,16,1
7473,70768,2.91,0,8,11,9,1
7474,70771,-0.03,0,2,5,3,1
7475,70776,0.95,0,4,7,5,1
7476,70778,-0.52,0,1,4,2,1
7477,70802,5.31,0,14,17,24,1
7478,70803,-1.01,0,0,3,1,1
7479,70807,0.46,0,3,6,4,1
7480,70814,0.83,0,4,7,7,1
7481,70820,1.44,0,5,8,6,1
7482,70823,-0.03,0,2,5,3,1
7483,70832,1.81,0,6,9,9,1
7484,70834,-0.52,0,1,4,2,1
7485,70838,-0.09,0,2,5,4,1
7486,70841,-0.03,0,2,5,3,1
7487,70869,7.27,0,18,21,28,1
7488,70880,1.69,0,6,9,11,1
7489,70881,-1.01,0,0,3,1,1
7490,70891,1.75,0,6,9,10,1
7491,70894,-0.03,0,2,5,3,1
7492,70913,3.96,0,11,14,19,1
7493,70915,-0.52,0,1,4,2,1
7494,70919,0.46,0,3,6,4,1
7495,70924,0.95,0,4,7,5,1
7496,70925,-1.01,0,0,3,1,1
7497,70926,-1.01,0,0,3,1,1
7498,70936,1.75,0,6,9,10,1
7499,70940,-0.09,0,2,5,4,1
7500,70945,0.95,0,4,7,5,1
7501,70956,1.69,0,6,9,11,1
7502,70961,0.4,0,3,6,5,1
7503,70962,-1.01,0,0,3,1,1
7504,71003,6.49,0,18,21,41,1
7505,71029,6.84,0,17,20,26,1
7506,71037,0.77,0,4,7,8,1
7507,71062,4.7,0,13,16,25,1
7508,71063,-1.01,0,0,3,1,1
7509,71079,4.14,0,11,14,16,1
7510,71081,-0.52,0,1,4,2,1
7511,71105,5.31,0,14,17,24,1
7512,71108,-0.03,0,2,5,3,1
7513,71117,2.36,0,7,10,9,1
7514,71119,-0.52,0,1,4,2,1
7515,71122,-0.03,0,2,5,3,1
7516,71142,3.9,0,11,14,20,1
7517,71160,3.47,0,10,13,18,1
7518,71169,2.91,0,8,11,9,1
7519,71171,-0.52,0,1,4,2,1
7520,71185,2.61,0,8,11,14,1
7521,71211,5.74,0,15,18,26,1
7522,71213,-0.52,0,1,4,2,1
7523,71235,3.23,0,10,13,22,1
7524,71236,-1.01,0,0,3,1,1
7525,71243,1.38,0,5,8,7,1
7526,71245,-0.52,0,1,4,2,1
7527,71261,4.14,0,11,14,16,1
7528,71264,-0.03,0,2,5,3,1
7529,71290,4.64,0,13,16,26,1
7530,71297,1.93,0,6,9,7,1
7531,71307,2.3,0,7,10,10,1
7532,71308,-1.01,0,0,3,1,1
7533,71311,-0.03,0,2,5,3,1
7534,71314,-0.03,0,2,5,3,1
7535,71324,1.75,0,6,9,10,1
7536,71334,3.4,0,9,12,10,1
7537,71336,-0.52,0,1,4,2,1
7538,71364,7.27,0,18,21,28,1
7539,71372,1.87,0,6,9,8,1
7540,71376,-0.09,0,2,5,4,1
7541,71382,0.89,0,4,7,6,1
7542,71413,5.99,0,16,19,31,1
7543,71415,-0.52,0,1,4,2,1
7544,71418,-0.03,0,2,5,3,1
7545,71419,-1.01,0,0,3,1,1
7546,71424,0.4,0,3,6,5,1
7547,71444,3.9,0,11,14,20,1
7548,71460,2.49,0,8,11,16,1
7549,71466,0.89,0,4,7,6,1
7550,71476,3.4,0,9,12,10,1
7551,71485,2.36,0,7,10,9,1
7552,71487,-0.52,0,1,4,2,1
7553,71489,-0.52,0,1,4,2,1
7554,71491,-0.52,0,1,4,2,1
7555,71498,1.38,0,5,8,7,1
7556,71511,1.57,0,6,9,13,1
7557,71531,5.0,0,13,16,20,1
7558,71543,2.18,0,7,10,12,1
7559,71545,-0.52,0,1,4,2,1
7560,71550,0.95,0,4,7,5,1
7561,71552,-0.52,0,1,4,2,1
7562,71561,2.36,0,7,10,9,1
7563,71562,-1.01,0,0,3,1,1
7564,71569,1.93,0,6,9,7,1
7565,71587,3.47,0,10,13,18,1
7566,71590,-0.03,0,2,5,3,1
7567,71594,0.46,0,3,6,4,1
7568,71614,5.55,0,14,17,20,1
7569,71617,-0.03,0,2,5,3,1
7570,71622,0.4,0,3,6,5,1
7571,71631,1.81,0,6,9,9,1
7572,71633,-0.52,0,1,4,2,1
7573,71636,-0.03,0,2,5,3,1
7574,71640,0.46,0,3,6,4,1
7575,71651,2.79,0,8,11,11,1
7576,71653,-0.52,0,1,4,2,1
7577,71660,0.83,0,4,7,7,1
7578,71668,2.42,0,7,10,8,1
7579,71674,1.44,0,5,8,6,1
7580,71675,-1.01,0,0,3,1,1
7581,71691,2.49,0,8,11,16,1
7582,71701,2.3,0,7,10,10,1
7583,71703,-0.52,0,1,4,2,1
7584,71719,3.59,0,10,13,16,1
7585,71723,-0.09,0,2,5,4,1
7586,71738,3.1,0,9,12,15,1
7587,71760,5.43,0,14,17,22,1
7588,71767,1.93,0,6,9,7,1
7589,71771,0.46,0,3,6,4,1
7590,71793,4.33,0,12,15,22,1
7591,71794,-1.01,0,0,3,1,1
7592,71812,4.02,0,11,14,18,1
7593,71816,0.46,0,3,6,4,1
7594,71818,-0.52,0,1,4,2,1
7595,71821,-0.58,0,1,4,3,1
7596,71839,3.47,0,10,13,18,1
7597,71843,0.46,0,3,6,4,1
7598,71868,6.9,0,17,20,25,1
7599,71871,-0.03,0,2,5,3,1
7600,71894,5.37,0,14,17,23,1
7601,71906,2.73,0,8,11,12,1
7602,71915,2.91,0,8,11,9,1
7603,71941,5.74,0,15,18,26,1
7604,71948,1.38,0,5,8,7,1
7605,71949,-1.01,0,0,3,1,1
7606,71977,6.17,0,16,19,28,1
7607,72024,6.13,0,18,21,47,1
7608,72026,-0.52,0,1,4,2,1
7609,72031,0.4,0,3,6,5,1
7610,72039,1.32,0,5,8,8,1
7611,72049,2.3,0,7,10,10,1
7612,72056,1.93,0,6,9,7,1
7613,72071,2.55,0,8,11,15,1
7614,72072,-1.01,0,0,3,1,1
7615,72074,-0.52,0,1,4,2,1
7616,72082,1.87,0,6,9,8,1
7617,72089,1.38,0,5,8,7,1
7618,72119,5.5,0,15,18,30,1
7619,72152,5.32,0,15,18,33,1
7620,72160,2.42,0,7,10,8,1
7621,72163,-0.03,0,2,5,3,1
7622,72166,-0.03,0,2,5,3,1
7623,72170,0.46,0,3,6,4,1
7624,72179,1.26,0,5,8,9,1
7625,72191,2.73,0,8,11,12,1
7626,72203,2.73,0,8,11,12,1
7627,72206,-0.03,0,2,5,3,1
7628,72234,5.62,0,15,18,28,1
7629,72238,0.46,0,3,6,4,1
7630,72239,-1.01,0,0,3,1,1
7631,72242,-0.03,0,2,5,3,1
7632,72246,0.46,0,3,6,4,1
7633,72251,0.95,0,4,7,5,1
7634,72254,-0.03,0,2,5,3,1
7635,72257,-0.03,0,2,5,3,1
7636,72258,-1.01,0,0,3,1,1
7637,72266,1.87,0,6,9,8,1
7638,72268,-0.52,0,1,4,2,1
7639,72276,1.32,0,5,8,8,1
7640,72279,-0.03,0,2,5,3,1
7641,72282,-0.03,0,2,5,3,1
7642,72314,5.38,0,15,18,32,1
7643,72323,1.81,0,6,9,9,1
7644,72324,-1.01,0,0,3,1,1
7645,72338,3.71,0,10,13,14,1
7646,72342,0.46,0,3,6,4,1
7647,72345,-0.03,0,2,5,3,1
7648,72348,-0.03,0,2,5,3,1
7649,72349,-1.01,0,0,3,1,1
7650,72371,3.23,0,10,13,22,1
7651,72383,3.83,0,10,13,12,1
7652,72384,-1.01,0,0,3,1,1
7653,72387,-0.58,0,1,4,3,1
7654,72400,4.32,0,11,14,13,1
7655,72404,0.46,0,3,6,4,1
7656,72406,-0.52,0,1,4,2,1
7657,72418,2.73,0,8,11,12,1
7658,72422,0.46,0,3,6,4,1
7659,72434,3.28,0,9,12,12,1
7660,72451,3.53,0,10,13,17,1
7661,72457,0.34,0,3,6,6,1
7662,72474,4.08,0,11,14,17,1
7663,72484,2.3,0,7,10,10,1
7664,72487,-0.03,0,2,5,3,1
7665,72489,-0.52,0,1,4,2,1
7666,72496,0.83,0,4,7,7,1
7667,72504,1.32,0,5,8,8,1
7668,72508,-0.09,0,2,5,4,1
7669,72527,3.96,0,11,14,19,1
7670,72529,-0.52,0,1,4,2,1
7671,72532,-0.03,0,2,5,3,1
7672,72537,0.4,0,3,6,5,1
7673,72545,1.32,0,5,8,8,1
7674,72546,-1.01,0,0,3,1,1
7675,72551,-0.15,0,2,5,5,1
7676,72558,1.38,0,5,8,7,1
7677,72566,1.32,0,5,8,8,1
7678,72576,2.3,0,7,10,10,1
7679,72580,0.46,0,3,6,4,1
7680,72594,2.61,0,8,11,14,1
7681,72597,-0.03,0,2,5,3,1
7682,72615,3.47,0,10,13,18,1
7683,72651,7.89,0,20,23,36,1
7684,72674,3.72,0,11,14,23,1
7685,72691,4.08,0,11,14,17,1
7686,72709,4.02,0,11,14,18,1
7687,72713,-0.09,0,2,5,4,1
7688,72777,10.26,1,22,25,64,0
7689,72779,-0.52,0,1,4,2,1
7690,72786,1.38,0,5,8,7,1
7691,72790,0.46,0,3,6,4,1
7692,72813,3.72,0,11,14,23,1
7693,72814,-1.01,0,0,3,1,1
7694,72841,4.58,0,13,16,27,1
7695,72866,3.6,0,11,14,25,1
7696,72871,0.95,0,4,7,5,1
7697,72874,-0.03,0,2,5,3,1
7698,72884,1.75,0,6,9,10,1
7699,72889,0.4,0,3,6,5,1
7700,72906,3.53,0,10,13,17,1
7701,72908,-0.52,0,1,4,2,1
7702,72914,0.89,0,4,7,6,1
7703,72918,-0.09,0,2,5,4,1
7704,72922,0.46,0,3,6,4,1
7705,72931,1.81,0,6,9,9,1
7706,72935,-0.09,0,2,5,4,1
7707,72954,4.51,0,12,15,19,1
7708,72970,3.04,0,9,12,16,1
7709,72974,0.46,0,3,6,4,1
7710,72982,1.87,0,6,9,8,1
7711,72987,0.95,0,4,7,5,1
7712,72995,1.87,0,6,9,8,1
7713,73005,3.4,0,9,12,10,1
7714,73020,3.65,0,10,13,15,1
7715,73021,-1.01,0,0,3,1,1
7716,73031,2.3,0,7,10,10,1
7717,73036,0.4,0,3,6,5,1
7718,73041,0.95,0,4,7,5,1
7719,73043,-0.52,0,1,4,2,1
7720,73047,0.46,0,3,6,4,1
7721,73056,2.91,0,8,11,9,1
7722,73065,1.81,0,6,9,9,1
7723,73070,0.4,0,3,6,5,1
7724,73073,-0.03,0,2,5,3,1
7725,73078,0.95,0,4,7,5,1
7726,73088,2.3,0,7,10,10,1
7727,73090,-0.52,0,1,4,2,1
7728,73094,0.46,0,3,6,4,1
7729,73101,1.93,0,6,9,7,1
7730,73102,-1.01,0,0,3,1,1
7731,73126,5.86,0,15,18,24,1
7732,73133,1.93,0,6,9,7,1
7733,73162,5.01,0,14,17,29,1
7734,73178,4.14,0,11,14,16,1
7735,73192,3.16,0,9,12,14,1
7736,73196,-0.09,0,2,5,4,1
7737,73201,0.4,0,3,6,5,1
7738,73221,5.55,0,14,17,20,1
7739,73222,-1.01,0,0,3,1,1
7740,73224,-0.52,0,1,4,2,1
7741,73258,4.71,0,14,17,34,1
7742,73266,1.87,0,6,9,8,1
7743,73278,2.18,0,7,10,12,1
7744,73281,-0.03,0,2,5,3,1
7745,73331,7.6,0,21,24,50,1
7746,73341,2.3,0,7,10,10,1
7747,73344,-0.03,0,2,5,3,1
7748,73346,-0.52,0,1,4,2,1
7749,73347,-1.01,0,0,3,1,1
7750,73348,-1.01,0,0,3,1,1
7751,73350,-0.52,0,1,4,2,1
7752,73351,-1.01,0,0,3,1,1
7753,73352,-1.01,0,0,3,1,1
7754,73361,2.36,0,7,10,9,1
7755,73365,0.46,0,3,6,4,1
7756,73377,3.83,0,10,13,12,1
7757,73387,2.3,0,7,10,10,1
7758,73398,3.89,0,10,13,11,1
7759,73410,2.18,0,7,10,12,1
7760,73412,-0.52,0,1,4,2,1
7761,73418,1.44,0,5,8,6,1
7762,73420,-0.52,0,1,4,2,1
7763,73426,0.89,0,4,7,6,1
7764,73436,1.75,0,6,9,10,1
7765,73456,4.45,0,12,15,20,1
7766,73460,0.46,0,3,6,4,1
7767,73464,0.46,0,3,6,4,1
7768,73475,2.79,0,8,11,11,1
7769,73482,0.28,0,3,6,7,1
7770,73485,-0.03,0,2,5,3,1
7771,73497,2.73,0,8,11,12,1
7772,73501,0.46,0,3,6,4,1
7773,73505,-0.09,0,2,5,4,1
7774,73509,0.46,0,3,6,4,1
7775,73510,-1.01,0,0,3,1,1
7776,73513,-0.58,0,1,4,3,1
7777,73517,-0.09,0,2,5,4,1
7778,73542,3.6,0,11,14,25,1
7779,73548,0.89,0,4,7,6,1
7780,73559,1.14,0,5,8,11,1
7781,73563,0.46,0,3,6,4,1
7782,73566,-0.03,0,2,5,3,1
7783,73589,4.27,0,12,15,23,1
7784,73590,-1.01,0,0,3,1,1
7785,73593,-0.03,0,2,5,3,1
7786,73594,-1.01,0,0,3,1,1
7787,73596,-0.52,0,1,4,2,1
7788,73597,-1.01,0,0,3,1,1
7789,73598,-1.01,0,0,3,1,1
7790,73599,-1.01,0,0,3,1,1
7791,73601,-0.52,0,1,4,2,1
7792,73613,1.63,0,6,9,12,1
7793,73629,5.24,0,13,16,16,1
7794,73636,1.38,0,5,8,7,1
7795,73644,1.87,0,6,9,8,1
7796,73662,3.47,0,10,13,18,1
7797,73667,0.95,0,4,7,5,1
7798,73668,-1.01,0,0,3,1,1
7799,73679,3.34,0,9,12,11,1
7800,73682,-0.03,0,2,5,3,1
7801,73684,-0.52,0,1,4,2,1
7802,73696,2.73,0,8,11,12,1
7803,73700,0.46,0,3,6,4,1
7804,73704,0.46,0,3,6,4,1
7805,73717,2.12,0,7,10,13,1
7806,73719,-0.52,0,1,4,2,1
7807,73733,4.26,0,11,14,14,1
7808,73740,1.38,0,5,8,7,1
7809,73755,3.65,0,10,13,15,1
7810,73771,1.94,0,7,10,16,1
7811,73776,0.95,0,4,7,5,1
7812,73777,-1.01,0,0,3,1,1
7813,73789,1.63,0,6,9,12,1
7814,73801,2.73,0,8,11,12,1
7815,73834,5.87,0,16,19,33,1
7816,73845,2.79,0,8,11,11,1
7817,73846,-1.01,0,0,3,1,1
7818,73857,3.34,0,9,12,11,1
7819,73859,-0.52,0,1,4,2,1
7820,73864,0.4,0,3,6,5,1
7821,73871,1.38,0,5,8,7,1
7822,73882,3.34,0,9,12,11,1
7823,73889,0.83,0,4,7,7,1
7824,73893,0.46,0,3,6,4,1
7825,73898,0.95,0,4,7,5,1
7826,73909,1.14,0,5,8,11,1
7827,73917,2.42,0,7,10,8,1
7828,73920,-0.03,0,2,5,3,1
7829,73925,0.95,0,4,7,5,1
7830,73972,6.13,0,18,21,47,1
7831,73983,2.79,0,8,11,11,1
7832,73990,0.83,0,4,7,7,1
7833,74004,4.26,0,11,14,14,1
7834,74007,-0.03,0,2,5,3,1
7835,74044,6.18,0,17,20,37,1
7836,74055,2.24,0,7,10,11,1
7837,74057,-0.52,0,1,4,2,1
7838,74059,-0.52,0,1,4,2,1
7839,74070,1.69,0,6,9,11,1
7840,74074,0.46,0,3,6,4,1
7841,74100,6.29,0,16,19,26,1
7842,74158,5.47,0,18,21,58,1
7843,74178,5.55,0,14,17,20,1
7844,74191,3.22,0,9,12,13,1
7845,74193,-0.52,0,1,4,2,1
7846,74197,0.46,0,3,6,4,1
7847,74198,-1.01,0,0,3,1,1
7848,74217,5.06,0,13,16,19,1
7849,74219,-0.52,0,1,4,2,1
7850,74220,-1.01,0,0,3,1,1
7851,74221,-1.01,0,0,3,1,1
7852,74230,0.16,0,3,6,9,1
7853,74235,0.95,0,4,7,5,1
7854,74240,0.95,0,4,7,5,1
7855,74250,1.75,0,6,9,10,1
7856,74269,2.86,0,9,12,19,1
7857,74283,4.26,0,11,14,14,1
7858,74292,2.36,0,7,10,9,1
7859,74299,-0.27,0,2,5,7,1
7860,74302,-0.58,0,1,4,3,1
7861,74316,3.16,0,9,12,14,1
7862,74318,-0.52,0,1,4,2,1
7863,74319,-1.01,0,0,3,1,1
7864,74335,2.49,0,8,11,16,1
7865,74347,2.73,0,8,11,12,1
7866,74351,0.46,0,3,6,4,1
7867,74352,-1.01,0,0,3,1,1
7868,74360,2.42,0,7,10,8,1
7869,74364,0.46,0,3,6,4,1
7870,74380,4.69,0,12,15,16,1
7871,74382,-0.52,0,1,4,2,1
7872,74384,-0.52,0,1,4,2,1
7873,74386,-0.52,0,1,4,2,1
7874,74412,6.29,0,16,19,26,1
7875,74413,-1.01,0,0,3,1,1
7876,74435,4.88,0,13,16,22,1
7877,74457,6.53,0,16,19,22,1
7878,74468,2.79,0,8,11,11,1
7879,74474,1.44,0,5,8,6,1
7880,74480,0.89,0,4,7,6,1
7881,74492,2.73,0,8,11,12,1
7882,74508,3.04,0,9,12,16,1
7883,74509,-1.01,0,0,3,1,1
7884,74511,-0.52,0,1,4,2,1
7885,74524,2.67,0,8,11,13,1
7886,74526,-0.52,0,1,4,2,1
7887,74541,4.2,0,11,14,15,1
7888,74549,0.77,0,4,7,8,1
7889,74567,4.57,0,12,15,18,1
7890,74568,-1.01,0,0,3,1,1
7891,74571,-0.03,0,2,5,3,1
7892,74573,-0.52,0,1,4,2,1
7893,74585,2.18,0,7,10,12,1
7894,74598,2.67,0,8,11,13,1
7895,74605,0.83,0,4,7,7,1
7896,74635,6.6,0,17,20,30,1
7897,74637,-0.52,0,1,4,2,1
7898,74645,1.87,0,6,9,8,1
7899,74647,-0.52,0,1,4,2,1
7900,74656,1.81,0,6,9,9,1
7901,74669,3.22,0,9,12,13,1
7902,74679,2.3,0,7,10,10,1
7903,74680,-1.01,0,0,3,1,1
7904,74709,6.66,0,17,20,29,1
7905,74723,3.16,0,9,12,14,1
7906,74751,5.62,0,15,18,28,1
7907,74752,-1.01,0,0,3,1,1
7908,74761,2.36,0,7,10,9,1
7909,74770,1.26,0,5,8,9,1
7910,74771,-1.01,0,0,3,1,1
7911,74783,2.73,0,8,11,12,1
7912,74787,0.46,0,3,6,4,1
7913,74790,-0.58,0,1,4,3,1
7914,74794,0.46,0,3,6,4,1
7915,74800,0.89,0,4,7,6,1
7916,74815,3.65,0,10,13,15,1
7917,74821,0.89,0,4,7,6,1
7918,74823,-0.52,0,1,4,2,1
7919,74829,0.89,0,4,7,6,1
7920,74831,-0.52,0,1,4,2,1
7921,74837,0.89,0,4,7,6,1
7922,74844,1.38,0,5,8,7,1
7923,74851,0.83,0,4,7,7,1
7924,74861,2.85,0,8,11,10,1
7925,74868,1.93,0,6,9,7,1
7926,74871,-0.03,0,2,5,3,1
7927,74875,0.46,0,3,6,4,1
7928,74909,7.46,0,19,22,34,1
7929,74911,-0.52,0,1,4,2,1
7930,74927,5.79,0,14,17,16,1
7931,74932,0.95,0,4,7,5,1
7932,74956,4.76,0,13,16,24,1
7933,74968,2.18,0,7,10,12,1
7934,74973,0.4,0,3,6,5,1
7935,74990,3.53,0,10,13,17,1
7936,74993,-0.03,0,2,5,3,1
7937,74995,-0.52,0,1,4,2,1
7938,75009,4.26,0,11,14,14,1
7939,75012,-0.03,0,2,5,3,1
7940,75014,-0.52,0,1,4,2,1
7941,75027,4.87,0,12,15,13,1
7942,75031,-0.09,0,2,5,4,1
7943,75036,0.95,0,4,7,5,1
7944,75039,-0.03,0,2,5,3,1
7945,75050,2.24,0,7,10,11,1
7946,75065,4.2,0,11,14,15,1
7947,75071,0.89,0,4,7,6,1
7948,75073,-0.52,0,1,4,2,1
7949,75075,-0.52,0,1,4,2,1
7950,75076,-1.01,0,0,3,1,1
7951,75084,0.77,0,4,7,8,1
7952,75087,-0.58,0,1,4,3,1
7953,75088,-1.01,0,0,3,1,1
7954,75091,-0.03,0,2,5,3,1
7955,75092,-1.01,0,0,3,1,1
7956,75101,1.81,0,6,9,9,1
7957,75110,2.91,0,8,11,9,1
7958,75119,2.36,0,7,10,9,1
7959,75128,1.26,0,5,8,9,1
7960,75137,1.81,0,6,9,9,1
7961,75157,5.55,0,14,17,20,1
7962,75163,1.44,0,5,8,6,1
7963,75170,1.93,0,6,9,7,1
7964,75173,-0.03,0,2,5,3,1
7965,75187,3.16,0,9,12,14,1
7966,75191,0.46,0,3,6,4,1
7967,75214,6.47,0,16,19,23,1
7968,75224,3.4,0,9,12,10,1
7969,75235,2.79,0,8,11,11,1
7970,75236,-1.01,0,0,3,1,1
7971,75237,-1.01,0,0,3,1,1
7972,75256,3.96,0,11,14,19,1
7973,75273,2.98,0,9,12,17,1
7974,75277,0.46,0,3,6,4,1
7975,75278,-1.01,0,0,3,1,1
7976,75301,5.37,0,14,17,23,1
7977,75302,-1.01,0,0,3,1,1
7978,75307,0.95,0,4,7,5,1
7979,75316,2.36,0,7,10,9,1
7980,75326,1.75,0,6,9,10,1
7981,75348,4.33,0,12,15,22,1
7982,75350,-0.52,0,1,4,2,1
7983,75353,-0.03,0,2,5,3,1
7984,75354,-1.01,0,0,3,1,1
7985,75356,-0.52,0,1,4,2,1
7986,75389,4.77,0,14,17,33,1
7987,75403,3.16,0,9,12,14,1
7988,75406,-0.03,0,2,5,3,1
7989,75407,-1.01,0,0,3,1,1
7990,75414,1.38,0,5,8,7,1
7991,75415,-1.01,0,0,3,1,1
7992,75434,2.86,0,9,12,19,1
7993,75439,0.95,0,4,7,5,1
7994,75453,3.16,0,9,12,14,1
7995,75459,0.34,0,3,6,6,1
7996,75461,-0.52,0,1,4,2,1
7997,75479,4.02,0,11,14,18,1
7998,75480,-1.01,0,0,3,1,1
7999,75494,4.26,0,11,14,14,1
8000,75496,-0.52,0,1,4,2,1
8001,75501,0.95,0,4,7,5,1
8002,75512,2.79,0,8,11,11,1
8003,75517,0.95,0,4,7,5,1
8004,75524,1.93,0,6,9,7,1
8005,75539,3.1,0,9,12,15,1
8006,75541,-0.52,0,1,4,2,1
8007,75558,4.63,0,12,15,17,1
8008,75559,-1.01,0,0,3,1,1
8009,75560,-1.01,0,0,3,1,1
8010,75566,1.44,0,5,8,6,1
8011,75583,4.08,0,11,14,17,1
8012,75585,-0.52,0,1,4,2,1
8013,75616,5.44,0,15,18,31,1
8014,75630,3.71,0,10,13,14,1
8015,75632,-0.52,0,1,4,2,1
8016,75636,0.46,0,3,6,4,1
8017,75649,3.22,0,9,12,13,1
8018,75658,1.81,0,6,9,9,1
8019,75661,-0.03,0,2,5,3,1
8020,75685,3.66,0,11,14,24,1
8021,75703,5.12,0,13,16,18,1
8022,75718,4.2,0,11,14,15,1
8023,75720,-0.52,0,1,4,2,1
8024,75721,-1.01,0,0,3,1,1
8025,75723,-0.52,0,1,4,2,1
8026,75724,-1.01,0,0,3,1,1
8027,75731,0.83,0,4,7,7,1
8028,75755,4.76,0,13,16,24,1
8029,75766,1.69,0,6,9,11,1
8030,75770,0.46,0,3,6,4,1
8031,75773,-0.03,0,2,5,3,1
8032,75781,1.87,0,6,9,8,1
8033,75799,4.02,0,11,14,18,1
8034,75801,-0.52,0,1,4,2,1
8035,75807,0.89,0,4,7,6,1
8036,75808,-1.01,0,0,3,1,1
8037,75809,-1.01,0,0,3,1,1
8038,75828,5.06,0,13,16,19,1
8039,75831,-0.03,0,2,5,3,1
8040,75856,5.8,0,15,18,25,1
8041,75857,-1.01,0,0,3,1,1
8042,75863,0.89,0,4,7,6,1
8043,75872,2.36,0,7,10,9,1
8044,75873,-1.01,0,0,3,1,1
8045,75888,1.45,0,6,9,15,1
8046,75889,-1.01,0,0,3,1,1
8047,75911,5.43,0,14,17,22,1
8048,75928,2.43,0,8,11,17,1
8049,75939,3.34,0,9,12,11,1
8050,75942,-0.03,0,2,5,3,1
8051,75962,3.9,0,11,14,20,1
8052,75966,0.46,0,3,6,4,1
8053,75967,-1.01,0,0,3,1,1
8054,75980,3.22,0,9,12,13,1
8055,75985,0.95,0,4,7,5,1
8056,76012,5.68,0,15,18,27,1
8057,76023,2.79,0,8,11,11,1
8058,76051,5.07,0,14,17,28,1
8059,76052,-1.01,0,0,3,1,1
8060,76057,0.4,0,3,6,5,1
8061,76069,2.18,0,7,10,12,1
8062,76074,0.95,0,4,7,5,1
8063,76075,-1.01,0,0,3,1,1
8064,76108,5.32,0,15,18,33,1
8065,76136,6.17,0,16,19,28,1
8066,76139,-0.03,0,2,5,3,1
8067,76142,-0.58,0,1,4,3,1
8068,76155,3.22,0,9,12,13,1
8069,76174,4.51,0,12,15,19,1
8070,76177,-0.03,0,2,5,3,1
8071,76178,-1.01,0,0,3,1,1
8072,76190,2.73,0,8,11,12,1
8073,76204,3.16,0,9,12,14,1
8074,76216,2.73,0,8,11,12,1
8075,76217,-1.01,0,0,3,1,1
8076,76230,2.12,0,7,10,13,1
8077,76252,4.33,0,12,15,22,1
8078,76253,-1.01,0,0,3,1,1
8079,76260,1.38,0,5,8,7,1
8080,76265,0.95,0,4,7,5,1
8081,76298,4.77,0,14,17,33,1
8082,76299,-1.01,0,0,3,1,1
8083,76307,2.42,0,7,10,8,1
8084,76313,1.44,0,5,8,6,1
8085,76314,-1.01,0,0,3,1,1
8086,76317,-0.03,0,2,5,3,1
8087,76321,0.46,0,3,6,4,1
8088,76339,5.12,0,13,16,18,1
8089,76347,1.87,0,6,9,8,1
8090,76353,1.44,0,5,8,6,1
8091,76360,0.83,0,4,7,7,1
8092,76372,3.28,0,9,12,12,1
8093,76373,-1.01,0,0,3,1,1
8094,76376,-0.03,0,2,5,3,1
8095,76379,-0.03,0,2,5,3,1
8096,76382,-0.03,0,2,5,3,1
8097,76388,1.44,0,5,8,6,1
8098,76397,1.81,0,6,9,9,1
8099,76408,3.89,0,10,13,11,1
8100,76415,1.38,0,5,8,7,1
8101,76418,-0.03,0,2,5,3,1
8102,76436,3.47,0,10,13,18,1
8103,76453,5.18,0,13,16,17,1
8104,76471,3.47,0,10,13,18,1
8105,76477,0.34,0,3,6,6,1
8106,76485,2.42,0,7,10,8,1
8107,76493,2.42,0,7,10,8,1
8108,76502,1.81,0,6,9,9,1
8109,76508,1.44,0,5,8,6,1
8110,76517,1.81,0,6,9,9,1
8111,76534,4.63,0,12,15,17,1
8112,76542,2.42,0,7,10,8,1
8113,76556,3.71,0,10,13,14,1
8114,76574,4.57,0,12,15,18,1
8115,76589,4.2,0,11,14,15,1
8116,76599,2.3,0,7,10,10,1
8117,76600,-1.01,0,0,3,1,1
8118,76606,1.44,0,5,8,6,1
8119,76615,1.81,0,6,9,9,1
8120,76617,-0.52,0,1,4,2,1
8121,76618,-1.01,0,0,3,1,1
8122,76626,1.32,0,5,8,8,1
8123,76629,-0.03,0,2,5,3,1
8124,76705,4.94,0,19,22,76,1
8125,76706,-1.01,0,0,3,1,1
8126,76709,-0.03,0,2,5,3,1
8127,76723,4.26,0,11,14,14,1
8128,76728,0.95,0,4,7,5,1
8129,76742,2.06,0,7,10,14,1
8130,76749,1.93,0,6,9,7,1
8131,76750,-1.01,0,0,3,1,1
8132,76753,-0.03,0,2,5,3,1
8133,76761,1.32,0,5,8,8,1
8134,76767,0.89,0,4,7,6,1
8135,76775,1.87,0,6,9,8,1
8136,76781,1.44,0,5,8,6,1
8137,76789,1.87,0,6,9,8,1
8138,76814,5.8,0,15,18,25,1
8139,76838,6.41,0,16,19,24,1
8140,76840,-0.52,0,1,4,2,1
8141,76845,0.95,0,4,7,5,1
8142,76854,1.81,0,6,9,9,1
8143,76859,0.95,0,4,7,5,1
8144,76865,1.44,0,5,8,6,1
8145,76876,1.14,0,5,8,11,1
8146,76889,3.77,0,10,13,13,1
8147,76890,-1.01,0,0,3,1,1
8148,76895,-0.15,0,2,5,5,1
8149,76900,0.95,0,4,7,5,1
8150,76902,-0.52,0,1,4,2,1
8151,76906,0.46,0,3,6,4,1
8152,76918,3.28,0,9,12,12,1
8153,76946,6.72,0,17,20,28,1
8154,76958,3.28,0,9,12,12,1
8155,76959,-1.01,0,0,3,1,1
8156,76966,1.38,0,5,8,7,1
8157,76969,-0.03,0,2,5,3,1
8158,76987,4.02,0,11,14,18,1
8159,76989,-0.52,0,1,4,2,1
8160,76994,0.4,0,3,6,5,1
8161,76999,0.4,0,3,6,5,1
8162,77009,2.3,0,7,10,10,1
8163,77010,-1.01,0,0,3,1,1
8164,77016,1.44,0,5,8,6,1
8165,77021,0.95,0,4,7,5,1
8166,77025,-0.09,0,2,5,4,1
8167,77028,-0.03,0,2,5,3,1
8168,77087,5.96,0,19,22,59,1
8169,77098,2.79,0,8,11,11,1
8170,77099,-1.01,0,0,3,1,1
8171,77102,-0.03,0,2,5,3,1
8172,77104,-0.52,0,1,4,2,1
8173,77112,1.32,0,5,8,8,1
8174,77123,2.24,0,7,10,11,1
8175,77130,1.38,0,5,8,7,1
8176,77131,-1.01,0,0,3,1,1
8177,77137,0.34,0,3,6,6,1
8178,77140,-0.03,0,2,5,3,1
8179,77162,5.98,0,15,18,22,1
8180,77166,-0.09,0,2,5,4,1
8181,77169,-0.03,0,2,5,3,1
8182,77171,-0.52,0,1,4,2,1
8183,77178,1.38,0,5,8,7,1
8184,77188,2.85,0,8,11,10,1
8185,77191,-0.03,0,2,5,3,1
8186,77192,-1.01,0,0,3,1,1
8187,77194,-0.52,0,1,4,2,1
8188,77214,6.1,0,15,18,20,1
8189,77234,6.1,0,15,18,20,1
8190,77243,2.36,0,7,10,9,1
8191,77248,0.4,0,3,6,5,1
8192,77255,1.38,0,5,8,7,1
8193,77275,5.0,0,13,16,20,1
8194,77297,4.33,0,12,15,22,1
8195,77300,-0.03,0,2,5,3,1
8196,77317,2.98,0,9,12,17,1
8197,77321,0.46,0,3,6,4,1
8198,77328,1.93,0,6,9,7,1
8199,77346,2.92,0,9,12,18,1
8200,77354,0.77,0,4,7,8,1
8201,77362,0.77,0,4,7,8,1
8202,77379,4.08,0,11,14,17,1
8203,77380,-1.01,0,0,3,1,1
8204,77385,0.95,0,4,7,5,1
8205,77408,3.17,0,10,13,23,1
8206,77410,-0.52,0,1,4,2,1
8207,77420,2.3,0,7,10,10,1
8208,77484,6.76,0,21,24,64,1
8209,77489,0.95,0,4,7,5,1
8210,77495,0.89,0,4,7,6,1
8211,77514,4.51,0,12,15,19,1
8212,77516,-0.52,0,1,4,2,1
8213,77518,-0.52,0,1,4,2,1
8214,77540,4.33,0,12,15,22,1
8215,77544,-0.09,0,2,5,4,1
8216,77546,-0.52,0,1,4,2,1
8217,77574,5.62,0,15,18,28,1
8218,77581,0.83,0,4,7,7,1
8219,77591,2.85,0,8,11,10,1
8220,77616,5.8,0,15,18,25,1
8221,77622,-0.21,0,2,5,6,1
8222,77626,0.46,0,3,6,4,1
8223,77629,-0.03,0,2,5,3,1
8224,77630,-1.01,0,0,3,1,1
8225,77637,1.38,0,5,8,7,1
8226,77638,-1.01,0,0,3,1,1
8227,77643,0.4,0,3,6,5,1
8228,77653,2.3,0,7,10,10,1
8229,77673,5.55,0,14,17,20,1
8230,77674,-1.01,0,0,3,1,1
8231,77677,-0.03,0,2,5,3,1
8232,77692,4.75,0,12,15,15,1
8233,77696,0.46,0,3,6,4,1
8234,77703,0.83,0,4,7,7,1
8235,77707,0.46,0,3,6,4,1
8236,77709,-0.52,0,1,4,2,1
8237,77726,4.63,0,12,15,17,1
8238,77736,3.4,0,9,12,10,1
8239,77738,-0.52,0,1,4,2,1
8240,77745,1.93,0,6,9,7,1
8241,77772,3.48,0,11,14,27,1
8242,77782,1.75,0,6,9,10,1
8243,77788,0.89,0,4,7,6,1
8244,77805,3.53,0,10,13,17,1
8245,77806,-1.01,0,0,3,1,1
8246,77809,-0.03,0,2,5,3,1
8247,77812,-0.03,0,2,5,3,1
8248,77820,1.32,0,5,8,8,1
8249,77822,-0.52,0,1,4,2,1
8250,77850,5.07,0,14,17,28,1
8251,77888,7.22,0,19,22,38,1
8252,77902,3.16,0,9,12,14,1
8253,77915,3.22,0,9,12,13,1
8254,77924,1.81,0,6,9,9,1
8255,77931,0.83,0,4,7,7,1
8256,77937,0.89,0,4,7,6,1
8257,77953,5.24,0,13,16,16,1
8258,77960,1.38,0,5,8,7,1
8259,77974,2.06,0,7,10,14,1
8260,78004,4.95,0,14,17,30,1
8261,78031,5.13,0,14,17,27,1
8262,78039,1.87,0,6,9,8,1
8263,78054,4.75,0,12,15,15,1
8264,78082,3.97,0,12,15,28,1
8265,78091,1.81,0,6,9,9,1
8266,78104,3.77,0,10,13,13,1
8267,78116,2.18,0,7,10,12,1
8268,78118,-0.52,0,1,4,2,1
8269,78123,0.95,0,4,7,5,1
8270,78127,0.46,0,3,6,4,1
8271,78130,-0.03,0,2,5,3,1
8272,78145,4.75,0,12,15,15,1
8273,78156,3.34,0,9,12,11,1
8274,78169,3.22,0,9,12,13,1
8275,78180,1.69,0,6,9,11,1
8276,78184,0.46,0,3,6,4,1
8277,78186,-0.52,0,1,4,2,1
8278,78191,0.95,0,4,7,5,1
8279,78195,-0.09,0,2,5,4,1
8280,78201,-0.21,0,2,5,6,1
8281,78211,2.3,0,7,10,10,1
8282,78215,0.46,0,3,6,4,1
8283,78226,1.69,0,6,9,11,1
8284,78232,1.44,0,5,8,6,1
8285,78234,-0.52,0,1,4,2,1
8286,78236,-0.52,0,1,4,2,1
8287,78242,0.89,0,4,7,6,1
8288,78255,2.67,0,8,11,13,1
8289,78261,1.44,0,5,8,6,1
8290,78302,7.59,0,20,23,41,1
8291,78307,0.95,0,4,7,5,1
8292,78322,3.1,0,9,12,15,1
8293,78323,-1.01,0,0,3,1,1
8294,78326,-0.03,0,2,5,3,1
8295,78342,4.14,0,11,14,16,1
8296,78347,0.95,0,4,7,5,1
8297,78350,-0.03,0,2,5,3,1
8298,78357,0.83,0,4,7,7,1
8299,78364,1.38,0,5,8,7,1
8300,78382,4.57,0,12,15,18,1
8301,78420,3.92,0,13,16,38,1
8302,78422,-0.52,0,1,4,2,1
8303,78431,2.36,0,7,10,9,1
8304,78444,3.77,0,10,13,13,1
8305,78446,-0.52,0,1,4,2,1
8306,78449,-0.03,0,2,5,3,1
8307,78471,5.43,0,14,17,22,1
8308,78473,-0.52,0,1,4,2,1
8309,78474,-1.01,0,0,3,1,1
8310,78488,3.71,0,10,13,14,1
8311,78494,0.89,0,4,7,6,1
8312,78500,0.34,0,3,6,6,1
8313,78507,1.38,0,5,8,7,1
8314,78512,0.4,0,3,6,5,1
8315,78516,0.46,0,3,6,4,1
8316,78529,3.77,0,10,13,13,1
8317,78536,1.93,0,6,9,7,1
8318,78546,2.3,0,7,10,10,1
8319,78549,-0.03,0,2,5,3,1
8320,78552,-0.03,0,2,5,3,1
8321,78597,5.7,0,17,20,45,1
8322,78605,1.32,0,5,8,8,1
8323,78606,-1.01,0,0,3,1,1
8324,78625,2.31,0,8,11,19,1
8325,78642,4.08,0,11,14,17,1
8326,78644,-0.52,0,1,4,2,1
8327,78649,0.95,0,4,7,5,1
8328,78657,2.42,0,7,10,8,1
8329,78661,0.46,0,3,6,4,1
8330,78667,0.89,0,4,7,6,1
8331,78673,0.89,0,4,7,6,1
8332,78698,4.15,0,12,15,25,1
8333,78704,1.44,0,5,8,6,1
8334,78706,-0.52,0,1,4,2,1
8335,78707,-1.01,0,0,3,1,1
8336,78715,1.32,0,5,8,8,1
8337,78720,0.4,0,3,6,5,1
8338,78727,1.38,0,5,8,7,1
8339,78763,5.69,0,16,19,36,1
8340,78766,-0.03,0,2,5,3,1
8341,78795,5.01,0,14,17,29,1
8342,78811,3.59,0,10,13,16,1
8343,78814,-0.58,0,1,4,3,1
8344,78825,1.69,0,6,9,11,1
8345,78831,1.44,0,5,8,6,1
8346,78843,2.73,0,8,11,12,1
8347,78844,-1.01,0,0,3,1,1
8348,78848,-0.09,0,2,5,4,1
8349,78867,3.96,0,11,14,19,1
8350,78869,-0.52,0,1,4,2,1
8351,78880,2.79,0,8,11,11,1
8352,78885,0.95,0,4,7,5,1
8353,78888,-0.03,0,2,5,3,1
8354,78893,0.95,0,4,7,5,1
8355,78895,-0.52,0,1,4,2,1
8356,78904,1.81,0,6,9,9,1
8357,78940,5.14,0,15,18,36,1
8358,78958,4.57,0,12,15,18,1
8359,78960,-0.52,0,1,4,2,1
8360,78967,1.93,0,6,9,7,1
8361,78971,0.46,0,3,6,4,1
8362,78979,1.87,0,6,9,8,1
8363,78984,0.4,0,3,6,5,1
8364,78986,-0.52,0,1,4,2,1
8365,79001,4.2,0,11,14,15,1
8366,79002,-1.01,0,0,3,1,1
8367,79005,-0.03,0,2,5,3,1
8368,79009,-0.09,0,2,5,4,1
8369,79013,0.46,0,3,6,4,1
8370,79017,0.46,0,3,6,4,1
8371,79019,-0.52,0,1,4,2,1
8372,79020,-1.01,0,0,3,1,1
8373,79022,-0.52,0,1,4,2,1
8374,79042,3.9,0,11,14,20,1
8375,79051,2.36,0,7,10,9,1
8376,79057,1.44,0,5,8,6,1
8377,79059,-0.52,0,1,4,2,1
8378,79060,-1.01,0,0,3,1,1
8379,79070,1.2,0,5,8,10,1
8380,79071,-1.01,0,0,3,1,1
8381,79073,-0.52,0,1,4,2,1
8382,79074,-1.01,0,0,3,1,1
8383,79076,-0.52,0,1,4,2,1
8384,79085,0.71,0,4,7,9,1
8385,79091,0.89,0,4,7,6,1
8386,79102,2.24,0,7,10,11,1
8387,79183,3.54,0,17,20,81,1
8388,79197,3.16,0,9,12,14,1
8389,79214,4.08,0,11,14,17,1
8390,79220,0.89,0,4,7,6,1
8391,79239,5.61,0,14,17,19,1
8392,79240,-1.01,0,0,3,1,1
8393,79251,3.34,0,9,12,11,1
8394,79254,-0.03,0,2,5,3,1
8395,79262,1.32,0,5,8,8,1
8396,79283,4.94,0,13,16,21,1
8397,79300,4.63,0,12,15,17,1
8398,79301,-1.01,0,0,3,1,1
8399,79303,-0.52,0,1,4,2,1
8400,79313,2.3,0,7,10,10,1
8401,79328,3.65,0,10,13,15,1
8402,79345,4.63,0,12,15,17,1
8403,79358,2.67,0,8,11,13,1
8404,79363,0.4,0,3,6,5,1
8405,79374,1.69,0,6,9,11,1
8406,79377,-0.03,0,2,5,3,1
8407,79392,4.75,0,12,15,15,1
8408,79401,1.81,0,6,9,9,1
8409,79410,1.81,0,6,9,9,1
8410,79439,6.11,0,16,19,29,1
8411,79446,1.93,0,6,9,7,1
8412,79447,-1.01,0,0,3,1,1
8413,79451,0.46,0,3,6,4,1
8414,79453,-0.52,0,1,4,2,1
8415,79457,0.46,0,3,6,4,1
8416,79477,3.9,0,11,14,20,1
8417,79481,0.46,0,3,6,4,1
8418,79482,-1.01,0,0,3,1,1
8419,79486,0.46,0,3,6,4,1
8420,79504,4.02,0,11,14,18,1
8421,79517,3.22,0,9,12,13,1
8422,79538,6.04,0,15,18,21,1
8423,79539,-1.01,0,0,3,1,1
8424,79541,-0.52,0,1,4,2,1
8425,79548,0.83,0,4,7,7,1
8426,79561,2.67,0,8,11,13,1
8427,79594,6.42,0,17,20,33,1
8428,79595,-1.01,0,0,3,1,1
8429,79597,-0.52,0,1,4,2,1
8430,79599,-0.52,0,1,4,2,1
8431,79600,-1.01,0,0,3,1,1
8432,79619,4.51,0,12,15,19,1
8433,79628,1.81,0,6,9,9,1
8434,79639,2.24,0,7,10,11,1
8435,79651,3.83,0,10,13,12,1
8436,79662,2.79,0,8,11,11,1
8437,79678,3.59,0,10,13,16,1
8438,79686,1.87,0,6,9,8,1
8439,79700,3.16,0,9,12,14,1
8440,79716,4.14,0,11,14,16,1
8441,79723,0.28,0,3,6,7,1
8442,79753,7.15,0,18,21,30,1
8443,79755,-0.52,0,1,4,2,1
8444,79761,0.89,0,4,7,6,1
8445,79764,-0.03,0,2,5,3,1
8446,79770,0.89,0,4,7,6,1
8447,79777,1.93,0,6,9,7,1
8448,79780,-0.03,0,2,5,3,1
8449,79781,-1.01,0,0,3,1,1
8450,79789,1.32,0,5,8,8,1
8451,79820,7.09,0,18,21,31,1
8452,79848,5.07,0,14,17,28,1
8453,79849,-1.01,0,0,3,1,1
8454,79850,-1.01,0,0,3,1,1
8455,79851,-1.01,0,0,3,1,1
8456,79859,1.87,0,6,9,8,1
8457,79862,-0.58,0,1,4,3,1
8458,79863,-1.01,0,0,3,1,1
8459,79875,2.18,0,7,10,12,1
8460,79889,2.61,0,8,11,14,1
8461,79890,-1.01,0,0,3,1,1
8462,79894,0.46,0,3,6,4,1
8463,79910,3.04,0,9,12,16,1
8464,79913,-0.03,0,2,5,3,1
8465,79915,-0.52,0,1,4,2,1
8466,79919,0.46,0,3,6,4,1
8467,79952,5.87,0,16,19,33,1
8468,79956,0.46,0,3,6,4,1
8469,79968,2.18,0,7,10,12,1
8470,79972,0.46,0,3,6,4,1
8471,79974,-0.52,0,1,4,2,1
8472,79996,4.33,0,12,15,22,1
8473,80009,3.77,0,10,13,13,1
8474,80015,0.89,0,4,7,6,1
8475,80016,-1.01,0,0,3,1,1
8476,80021,0.4,0,3,6,5,1
8477,80026,0.95,0,4,7,5,1
8478,80041,1.45,0,6,9,15,1
8479,80048,1.93,0,6,9,7,1
8480,80054,1.44,0,5,8,6,1
8481,80055,-1.01,0,0,3,1,1
8482,80056,-1.01,0,0,3,1,1
8483,80090,4.16,0,13,16,34,1
8484,80091,-1.01,0,0,3,1,1
8485,80109,4.02,0,11,14,18,1
8486,80119,2.3,0,7,10,10,1
8487,80127,1.32,0,5,8,8,1
8488,80131,0.46,0,3,6,4,1
8489,80148,1.33,0,6,9,17,1
8490,80151,-0.03,0,2,5,3,1
8491,80159,2.42,0,7,10,8,1
8492,80164,0.95,0,4,7,5,1
8493,80199,5.2,0,15,18,35,1
8494,80200,-1.01,0,0,3,1,1
8495,80205,0.95,0,4,7,5,1
8496,80231,4.64,0,13,16,26,1
8497,80244,3.77,0,10,13,13,1
8498,80266,3.23,0,10,13,22,1
8499,80269,-0.03,0,2,5,3,1
8500,80276,0.83,0,4,7,7,1
8501,80285,1.81,0,6,9,9,1
8502,80301,1.94,0,7,10,16,1
8503,80314,2.67,0,8,11,13,1
8504,80326,1.63,0,6,9,12,1
8505,80337,2.24,0,7,10,11,1
8506,80351,3.16,0,9,12,14,1
8507,80367,3.59,0,10,13,16,1
8508,80368,-1.01,0,0,3,1,1
8509,80372,0.46,0,3,6,4,1
8510,80384,2.73,0,8,11,12,1
8511,80387,-0.03,0,2,5,3,1
8512,80400,2.12,0,7,10,13,1
8513,80402,-0.52,0,1,4,2,1
8514,80403,-1.01,0,0,3,1,1
8515,80411,1.32,0,5,8,8,1
8516,80416,0.4,0,3,6,5,1
8517,80423,1.93,0,6,9,7,1
8518,80431,1.87,0,6,9,8,1
8519,80435,0.46,0,3,6,4,1
8520,80437,-0.52,0,1,4,2,1
8521,80441,0.46,0,3,6,4,1
8522,80442,-1.01,0,0,3,1,1
8523,80446,0.46,0,3,6,4,1
8524,80448,-0.52,0,1,4,2,1
8525,80451,-0.03,0,2,5,3,1
8526,80456,-0.15,0,2,5,5,1
8527,80458,-0.52,0,1,4,2,1
8528,80473,2.55,0,8,11,15,1
8529,80483,2.85,0,8,11,10,1
8530,80503,6.65,0,16,19,20,1
8531,80507,-0.09,0,2,5,4,1
8532,80510,-0.03,0,2,5,3,1
8533,80520,2.85,0,8,11,10,1
8534,80528,1.32,0,5,8,8,1
8535,80534,0.89,0,4,7,6,1
8536,80535,-1.01,0,0,3,1,1
8537,80545,1.75,0,6,9,10,1
8538,80546,-1.01,0,0,3,1,1
8539,80575,6.11,0,16,19,29,1
8540,80576,-1.01,0,0,3,1,1
8541,80578,-0.52,0,1,4,2,1
8542,80589,3.89,0,10,13,11,1
8543,80590,-1.01,0,0,3,1,1
8544,80595,0.95,0,4,7,5,1
8545,80613,5.12,0,13,16,18,1
8546,80616,-0.03,0,2,5,3,1
8547,80638,4.88,0,13,16,22,1
8548,80639,-1.01,0,0,3,1,1
8549,80649,1.75,0,6,9,10,1
8550,80651,-0.52,0,1,4,2,1
8551,80663,2.18,0,7,10,12,1
8552,80666,-0.03,0,2,5,3,1
8553,80676,2.3,0,7,10,10,1
8554,80684,2.42,0,7,10,8,1
8555,80689,0.4,0,3,6,5,1
8556,80690,-1.01,0,0,3,1,1
8557,80693,-0.03,0,2,5,3,1
8558,80695,-0.52,0,1,4,2,1
8559,80701,1.44,0,5,8,6,1
8560,80702,-1.01,0,0,3,1,1
8561,80717,2.0,0,7,10,15,1
8562,80743,5.19,0,14,17,26,1
8563,80753,2.85,0,8,11,10,1
8564,80755,-0.52,0,1,4,2,1
8565,80759,-0.09,0,2,5,4,1
8566,80761,-0.52,0,1,4,2,1
8567,80774,2.12,0,7,10,13,1
8568,80791,4.08,0,11,14,17,1
8569,80797,1.44,0,5,8,6,1
8570,80815,4.02,0,11,14,18,1
8571,80820,0.95,0,4,7,5,1
8572,80824,-0.09,0,2,5,4,1
8573,80847,5.92,0,15,18,23,1
8574,80851,-0.09,0,2,5,4,1
8575,80875,4.21,0,12,15,24,1
8576,80904,5.01,0,14,17,29,1
8577,80909,0.4,0,3,6,5,1
8578,80914,0.95,0,4,7,5,1
8579,80916,-0.52,0,1,4,2,1
8580,80924,2.42,0,7,10,8,1
8581,80934,2.3,0,7,10,10,1
8582,80937,-0.03,0,2,5,3,1
8583,80958,3.84,0,11,14,21,1
8584,81002,6.86,0,19,22,44,1
8585,81014,3.28,0,9,12,12,1
8586,81018,-0.09,0,2,5,4,1
8587,81056,5.57,0,16,19,38,1
8588,81064,0.77,0,4,7,8,1
8589,81070,1.44,0,5,8,6,1
8590,81082,3.28,0,9,12,12,1
8591,81084,-0.52,0,1,4,2,1
8592,81098,3.71,0,10,13,14,1
8593,81107,0.71,0,4,7,9,1
8594,81143,4.04,0,13,16,36,1
8595,81165,5.43,0,14,17,22,1
8596,81181,2.49,0,8,11,16,1
8597,81238,6.08,0,19,22,57,1
8598,81244,0.89,0,4,7,6,1
8599,81261,2.43,0,8,11,17,1
8600,81299,6.67,0,18,21,38,1
8601,81302,-0.03,0,2,5,3,1
8602,81305,-0.03,0,2,5,3,1
8603,81308,-0.03,0,2,5,3,1
8604,81315,1.38,0,5,8,7,1
8605,81321,1.44,0,5,8,6,1
8606,81322,-1.01,0,0,3,1,1
8607,81329,1.38,0,5,8,7,1
8608,81353,3.66,0,11,14,24,1
8609,81369,3.04,0,9,12,16,1
8610,81370,-1.01,0,0,3,1,1
8611,81375,0.95,0,4,7,5,1
8612,81380,0.4,0,3,6,5,1
8613,81384,0.46,0,3,6,4,1
8614,81385,-1.01,0,0,3,1,1
8615,81397,2.18,0,7,10,12,1
8616,81404,0.83,0,4,7,7,1
8617,81412,1.87,0,6,9,8,1
8618,81416,0.46,0,3,6,4,1
8619,81428,3.83,0,10,13,12,1
8620,81435,1.93,0,6,9,7,1
8621,81436,-1.01,0,0,3,1,1
8622,81439,-0.58,0,1,4,3,1
8623,81441,-0.52,0,1,4,2,1
8624,81459,4.57,0,12,15,18,1
8625,81465,-0.21,0,2,5,6,1
8626,81476,2.24,0,7,10,11,1
8627,81477,-1.01,0,0,3,1,1
8628,81479,-0.52,0,1,4,2,1
8629,81484,0.95,0,4,7,5,1
8630,81485,-1.01,0,0,3,1,1
8631,81495,2.3,0,7,10,10,1
8632,81513,3.47,0,10,13,18,1
8633,81515,-0.52,0,1,4,2,1
8634,81518,-0.03,0,2,5,3,1
8635,81530,1.63,0,6,9,12,1
8636,81542,3.83,0,10,13,12,1
8637,81543,-1.01,0,0,3,1,1
8638,81549,0.89,0,4,7,6,1
8639,81550,-1.01,0,0,3,1,1
8640,81554,0.46,0,3,6,4,1
8641,81588,5.81,0,16,19,34,1
8642,81590,-0.52,0,1,4,2,1
8643,81596,0.34,0,3,6,6,1
8644,81626,6.05,0,16,19,30,1
8645,81627,-1.01,0,0,3,1,1
8646,81632,0.95,0,4,7,5,1
8647,81663,5.99,0,16,19,31,1
8648,81666,-0.03,0,2,5,3,1
8649,81684,4.02,0,11,14,18,1
8650,81688,0.46,0,3,6,4,1
8651,81690,-0.52,0,1,4,2,1
8652,81696,1.44,0,5,8,6,1
8653,81715,3.96,0,11,14,19,1
8654,81746,7.64,0,19,22,31,1
8655,81761,3.1,0,9,12,15,1
8656,81795,4.16,0,13,16,34,1
8657,81797,-0.52,0,1,4,2,1
8658,81803,1.44,0,5,8,6,1
8659,81807,-0.09,0,2,5,4,1
8660,81814,1.38,0,5,8,7,1
8661,81816,-0.52,0,1,4,2,1
8662,81829,3.22,0,9,12,13,1
8663,81838,2.36,0,7,10,9,1
8664,81840,-0.52,0,1,4,2,1
8665,81844,0.46,0,3,6,4,1
8666,81853,1.81,0,6,9,9,1
8667,81855,-0.52,0,1,4,2,1
8668,81861,1.44,0,5,8,6,1
8669,81874,3.22,0,9,12,13,1
8670,81876,-0.52,0,1,4,2,1
8671,81880,0.46,0,3,6,4,1
8672,81909,5.56,0,15,18,29,1
8673,81910,-1.01,0,0,3,1,1
8674,81932,4.88,0,13,16,22,1
8675,81935,-0.03,0,2,5,3,1
8676,81944,2.36,0,7,10,9,1
8677,81947,-0.03,0,2,5,3,1
8678,81952,0.4,0,3,6,5,1
8679,81971,3.96,0,11,14,19,1
8680,81989,4.57,0,12,15,18,1
8681,81991,-0.52,0,1,4,2,1
8682,81992,-1.01,0,0,3,1,1
8683,82000,1.87,0,6,9,8,1
8684,82001,-1.01,0,0,3,1,1
8685,82002,-1.01,0,0,3,1,1
8686,82008,1.44,0,5,8,6,1
8687,82031,3.72,0,11,14,23,1
8688,82033,-0.52,0,1,4,2,1
8689,82035,-0.52,0,1,4,2,1
8690,82039,-0.09,0,2,5,4,1
8691,82041,-0.52,0,1,4,2,1
8692,82044,-0.03,0,2,5,3,1
8693,82050,0.89,0,4,7,6,1
8694,82054,0.46,0,3,6,4,1
8695,82063,0.71,0,4,7,9,1
8696,82075,2.73,0,8,11,12,1
8697,82076,-1.01,0,0,3,1,1
8698,82078,-0.52,0,1,4,2,1
8699,82093,2.55,0,8,11,15,1
8700,82099,0.89,0,4,7,6,1
8701,82111,2.73,0,8,11,12,1
8702,82129,4.02,0,11,14,18,1
8703,82131,-0.52,0,1,4,2,1
8704,82154,4.27,0,12,15,23,1
8705,82168,4.26,0,11,14,14,1
8706,82169,-1.01,0,0,3,1,1
8707,82175,0.89,0,4,7,6,1
8708,82192,2.43,0,8,11,17,1
8709,82215,4.82,0,13,16,23,1
8710,82224,1.81,0,6,9,9,1
8711,82233,2.36,0,7,10,9,1
8712,82234,-1.01,0,0,3,1,1
8713,82236,-0.52,0,1,4,2,1
8714,82250,2.61,0,8,11,14,1
8715,82255,0.4,0,3,6,5,1
8716,82257,-0.52,0,1,4,2,1
8717,82274,3.53,0,10,13,17,1
8718,82275,-1.01,0,0,3,1,1
8719,82284,1.26,0,5,8,9,1
8720,82307,4.82,0,13,16,23,1
8721,82320,3.22,0,9,12,13,1
8722,82329,1.26,0,5,8,9,1
8723,82348,5.61,0,14,17,19,1
8724,82356,1.32,0,5,8,8,1
8725,82358,-0.52,0,1,4,2,1
8726,82362,-0.09,0,2,5,4,1
8727,82366,0.46,0,3,6,4,1
8728,82384,4.57,0,12,15,18,1
8729,82400,2.49,0,8,11,16,1
8730,82415,3.1,0,9,12,15,1
8731,82418,-0.03,0,2,5,3,1
8732,82420,-0.52,0,1,4,2,1
8733,82422,-0.52,0,1,4,2,1
8734,82453,4.89,0,14,17,31,1
8735,82480,5.13,0,14,17,27,1
8736,82483,-0.03,0,2,5,3,1
8737,82487,0.46,0,3,6,4,1
8738,82488,-1.01,0,0,3,1,1
8739,82497,0.71,0,4,7,9,1
8740,82498,-1.01,0,0,3,1,1
8741,82509,1.69,0,6,9,11,1
8742,82512,-0.03,0,2,5,3,1
8743,82520,1.32,0,5,8,8,1
8744,82538,2.92,0,9,12,18,1
8745,82543,0.95,0,4,7,5,1
8746,82546,-0.03,0,2,5,3,1
8747,82561,3.1,0,9,12,15,1
8748,82563,-0.52,0,1,4,2,1
8749,82565,-0.52,0,1,4,2,1
8750,82567,-0.52,0,1,4,2,1
8751,82570,-0.03,0,2,5,3,1
8752,82572,-0.52,0,1,4,2,1
8753,82591,5.06,0,13,16,19,1
8754,82647,5.04,0,17,20,56,1
8755,82653,1.44,0,5,8,6,1
8756,82656,-0.03,0,2,5,3,1
8757,82661,0.4,0,3,6,5,1
8758,82662,-1.01,0,0,3,1,1
8759,82663,-1.01,0,0,3,1,1
8760,82665,-0.52,0,1,4,2,1
8761,82674,1.26,0,5,8,9,1
8762,82683,0.71,0,4,7,9,1
8763,82687,0.46,0,3,6,4,1
8764,82706,3.41,0,10,13,19,1
8765,82721,3.1,0,9,12,15,1
8766,82723,-0.52,0,1,4,2,1
8767,82735,1.08,0,5,8,12,1
8768,82742,1.38,0,5,8,7,1
8769,82750,1.87,0,6,9,8,1
8770,82753,-0.03,0,2,5,3,1
8771,82765,2.73,0,8,11,12,1
8772,82777,2.73,0,8,11,12,1
8773,82789,2.18,0,7,10,12,1
8774,82794,0.95,0,4,7,5,1
8775,82801,1.38,0,5,8,7,1
8776,82853,4.73,0,16,19,52,1
8777,82858,0.4,0,3,6,5,1
8778,82872,2.06,0,7,10,14,1
8779,82900,5.07,0,14,17,28,1
8780,82902,-0.52,0,1,4,2,1
8781,82903,-1.01,0,0,3,1,1
8782,82923,3.9,0,11,14,20,1
8783,82928,0.95,0,4,7,5,1
8784,82933,0.95,0,4,7,5,1
8785,82936,-0.03,0,2,5,3,1
8786,82949,3.77,0,10,13,13,1
8787,82982,6.42,0,17,20,33,1
8788,82988,0.89,0,4,7,6,1
8789,83002,2.61,0,8,11,14,1
8790,83012,2.3,0,7,10,10,1
8791,83032,2.8,0,9,12,20,1
8792,83036,-0.09,0,2,5,4,1
8793,83043,0.83,0,4,7,7,1
8794,83058,0.9,0,5,8,15,1
8795,83069,2.79,0,8,11,11,1
8796,83081,2.73,0,8,11,12,1
8797,83087,0.34,0,3,6,6,1
8798,83102,2.0,0,7,10,15,1
8799,83106,0.46,0,3,6,4,1
8800,83123,2.43,0,8,11,17,1
8801,83125,-0.52,0,1,4,2,1
8802,83141,3.04,0,9,12,16,1
8803,83148,1.93,0,6,9,7,1
8804,83173,4.7,0,13,16,25,1
8805,83176,-0.03,0,2,5,3,1
8806,83177,-1.01,0,0,3,1,1
8807,83178,-1.01,0,0,3,1,1
8808,83188,1.75,0,6,9,10,1
8809,83193,0.4,0,3,6,5,1
8810,83209,3.59,0,10,13,16,1
8811,83214,0.95,0,4,7,5,1
8812,83239,6.9,0,17,20,25,1
8813,83240,-1.01,0,0,3,1,1
8814,83241,-1.01,0,0,3,1,1
8815,83242,-1.01,0,0,3,1,1
8816,83267,3.6,0,11,14,25,1
8817,83272,0.4,0,3,6,5,1
8818,83281,0.71,0,4,7,9,1
8819,83282,-1.01,0,0,3,1,1
8820,83287,0.4,0,3,6,5,1
8821,83298,2.79,0,8,11,11,1
8822,83299,-1.01,0,0,3,1,1
8823,83357,5.47,0,18,21,58,1
8824,83360,-0.03,0,2,5,3,1
8825,83363,-0.03,0,2,5,3,1
8826,83365,-0.52,0,1,4,2,1
8827,83368,-0.03,0,2,5,3,1
8828,83370,-0.52,0,1,4,2,1
8829,83371,-1.01,0,0,3,1,1
8830,83386,3.65,0,10,13,15,1
8831,83387,-1.01,0,0,3,1,1
8832,83388,-1.01,0,0,3,1,1
8833,83394,1.44,0,5,8,6,1
8834,83408,4.26,0,11,14,14,1
8835,83411,-0.03,0,2,5,3,1
8836,83424,2.67,0,8,11,13,1
8837,83427,-0.03,0,2,5,3,1
8838,83429,-0.52,0,1,4,2,1
8839,83430,-1.01,0,0,3,1,1
8840,83432,-0.52,0,1,4,2,1
8841,83464,5.93,0,16,19,32,1
8842,83483,5.06,0,13,16,19,1
8843,83503,3.35,0,10,13,20,1
8844,83521,1.82,0,7,10,18,1
8845,83558,5.08,0,15,18,37,1
8846,83564,0.89,0,4,7,6,1
8847,83574,2.85,0,8,11,10,1
8848,83575,-1.01,0,0,3,1,1
8849,83576,-1.01,0,0,3,1,1
8850,83580,0.46,0,3,6,4,1
8851,83598,3.47,0,10,13,18,1
8852,83631,6.42,0,17,20,33,1
8853,83637,0.89,0,4,7,6,1
8854,83652,3.65,0,10,13,15,1
8855,83654,-0.52,0,1,4,2,1
8856,83661,1.38,0,5,8,7,1
8857,83666,0.4,0,3,6,5,1
8858,83667,-1.01,0,0,3,1,1
8859,83688,4.39,0,12,15,21,1
8860,83721,4.77,0,14,17,33,1
8861,83723,-0.52,0,1,4,2,1
8862,83725,-0.52,0,1,4,2,1
8863,83749,4.21,0,12,15,24,1
8864,83753,-0.09,0,2,5,4,1
8865,83767,4.81,0,12,15,14,1
8866,83795,3.97,0,12,15,28,1
8867,83797,-0.52,0,1,4,2,1
8868,83800,-0.03,0,2,5,3,1
8869,83809,1.26,0,5,8,9,1
8870,83817,0.77,0,4,7,8,1
8871,83834,4.08,0,11,14,17,1
8872,83837,-0.03,0,2,5,3,1
8873,83864,4.03,0,12,15,27,1
8874,83869,0.95,0,4,7,5,1
8875,83880,2.79,0,8,11,11,1
8876,83887,1.38,0,5,8,7,1
8877,83901,2.06,0,7,10,14,1
8878,83904,-0.03,0,2,5,3,1
8879,83905,-1.01,0,0,3,1,1
8880,83906,-1.01,0,0,3,1,1
8881,83924,2.92,0,9,12,18,1
8882,83925,-1.01,0,0,3,1,1
8883,83931,0.89,0,4,7,6,1
8884,83936,0.4,0,3,6,5,1
8885,83939,-0.03,0,2,5,3,1
8886,83956,4.08,0,11,14,17,1
8887,83959,-0.03,0,2,5,3,1
8888,83980,6.04,0,15,18,21,1
8889,83989,1.81,0,6,9,9,1
8890,84011,3.78,0,11,14,22,1
8891,84013,-0.52,0,1,4,2,1
8892,84044,5.99,0,16,19,31,1
8893,84049,0.95,0,4,7,5,1
8894,84056,1.93,0,6,9,7,1
8895,84057,-1.01,0,0,3,1,1
8896,84058,-1.01,0,0,3,1,1
8897,84063,0.95,0,4,7,5,1
8898,84065,-0.52,0,1,4,2,1
8899,84071,1.44,0,5,8,6,1
8900,84076,0.95,0,4,7,5,1
8901,84088,2.73,0,8,11,12,1
8902,84092,0.46,0,3,6,4,1
8903,84094,-0.52,0,1,4,2,1
8904,84102,1.87,0,6,9,8,1
8905,84140,6.12,0,17,20,38,1
8906,84160,3.9,0,11,14,20,1
8907,84177,5.18,0,13,16,17,1
8908,84183,0.34,0,3,6,6,1
8909,84197,3.16,0,9,12,14,1
8910,84200,-0.03,0,2,5,3,1
8911,84203,-0.03,0,2,5,3,1
8912,84212,2.36,0,7,10,9,1
8913,84273,5.29,0,18,21,61,1
8914,84279,1.44,0,5,8,6,1
8915,84280,-1.01,0,0,3,1,1
8916,84294,3.71,0,10,13,14,1
8917,84315,4.94,0,13,16,21,1
8918,84327,3.28,0,9,12,12,1
8919,84328,-1.01,0,0,3,1,1
8920,84333,0.4,0,3,6,5,1
8921,84336,-0.03,0,2,5,3,1
8922,84345,1.81,0,6,9,9,1
8923,84349,0.46,0,3,6,4,1
8924,84351,-0.52,0,1,4,2,1
8925,84387,7.34,0,19,22,36,1
8926,84389,-0.52,0,1,4,2,1
8927,84402,2.67,0,8,11,13,1
8928,84413,2.79,0,8,11,11,1
8929,84432,3.96,0,11,14,19,1
8930,84437,0.4,0,3,6,5,1
8931,84451,3.16,0,9,12,14,1
8932,84469,3.47,0,10,13,18,1
8933,84473,0.46,0,3,6,4,1
8934,84484,2.79,0,8,11,11,1
8935,84492,1.87,0,6,9,8,1
8936,84496,0.46,0,3,6,4,1
8937,84500,0.46,0,3,6,4,1
8938,84501,-1.01,0,0,3,1,1
8939,84502,-1.01,0,0,3,1,1
8940,84504,-0.52,0,1,4,2,1
8941,84514,1.75,0,6,9,10,1
8942,84517,-0.03,0,2,5,3,1
8943,84543,5.74,0,15,18,26,1
8944,84565,4.33,0,12,15,22,1
8945,84586,4.94,0,13,16,21,1
8946,84587,-1.01,0,0,3,1,1
8947,84589,-0.52,0,1,4,2,1
8948,84612,4.27,0,12,15,23,1
8949,84634,4.33,0,12,15,22,1
8950,84648,3.16,0,9,12,14,1
8951,84650,-0.52,0,1,4,2,1
8952,84665,2.55,0,8,11,15,1
8953,84667,-0.52,0,1,4,2,1
8954,84676,1.26,0,5,8,9,1
8955,84692,3.59,0,10,13,16,1
8956,84700,1.32,0,5,8,8,1
8957,84714,2.61,0,8,11,14,1
8958,84722,1.32,0,5,8,8,1
8959,84726,-0.09,0,2,5,4,1
8960,84730,-0.09,0,2,5,4,1
8961,84734,0.46,0,3,6,4,1
8962,84748,3.16,0,9,12,14,1
8963,84751,-0.03,0,2,5,3,1
8964,84776,4.7,0,13,16,25,1
8965,84787,3.34,0,9,12,11,1
8966,84804,2.98,0,9,12,17,1
8967,84809,0.95,0,4,7,5,1
8968,84827,3.47,0,10,13,18,1
8969,84828,-1.01,0,0,3,1,1
8970,84829,-1.01,0,0,3,1,1
8971,84843,3.16,0,9,12,14,1
8972,84844,-1.01,0,0,3,1,1
8973,84845,-1.01,0,0,3,1,1
8974,84869,3.11,0,10,13,24,1
8975,84881,2.18,0,7,10,12,1
8976,84883,-0.52,0,1,4,2,1
8977,84891,1.32,0,5,8,8,1
8978,84893,-0.52,0,1,4,2,1
8979,84896,-0.03,0,2,5,3,1
8980,84903,1.93,0,6,9,7,1
8981,84910,1.93,0,6,9,7,1
8982,84912,-0.52,0,1,4,2,1
8983,84914,-0.52,0,1,4,2,1
8984,84947,5.87,0,16,19,33,1
8985,84974,5.68,0,15,18,27,1
8986,84992,4.57,0,12,15,18,1
8987,84996,-0.09,0,2,5,4,1
8988,85001,0.95,0,4,7,5,1
8989,85004,-0.03,0,2,5,3,1
8990,85023,3.41,0,10,13,19,1
8991,85028,0.4,0,3,6,5,1
8992,85030,-0.52,0,1,4,2,1
8993,85045,4.75,0,12,15,15,1
8994,85050,0.95,0,4,7,5,1
8995,85060,1.75,0,6,9,10,1
8996,85100,5.45,0,16,19,40,1
8997,85102,-0.52,0,1,4,2,1
8998,85117,4.75,0,12,15,15,1
8999,85119,-0.52,0,1,4,2,1
9000,85124,0.4,0,3,6,5,1
9001,85131,1.38,0,5,8,7,1
9002,85144,2.12,0,7,10,13,1
9003,85150,1.44,0,5,8,6,1
9004,85157,1.38,0,5,8,7,1
9005,85163,0.34,0,3,6,6,1
9006,85168,0.95,0,4,7,5,1
9007,85195,5.13,0,14,17,27,1
9008,85196,-1.01,0,0,3,1,1
9009,85221,4.15,0,12,15,25,1
9010,85235,3.16,0,9,12,14,1
9011,85244,1.81,0,6,9,9,1
9012,85254,1.75,0,6,9,10,1
9013,85275,4.94,0,13,16,21,1
9014,85278,-0.03,0,2,5,3,1
9015,85295,4.63,0,12,15,17,1
9016,85316,2.74,0,9,12,21,1
9017,85317,-1.01,0,0,3,1,1
9018,85325,1.87,0,6,9,8,1
9019,85328,-0.03,0,2,5,3,1
9020,85342,0.96,0,5,8,14,1
9021,85348,0.89,0,4,7,6,1
9022,85349,-1.01,0,0,3,1,1
9023,85359,1.2,0,5,8,10,1
9024,85363,0.46,0,3,6,4,1
9025,85369,0.89,0,4,7,6,1
9026,85376,1.38,0,5,8,7,1
9027,85385,2.36,0,7,10,9,1
9028,85404,3.96,0,11,14,19,1
9029,85406,-0.52,0,1,4,2,1
9030,85408,-0.52,0,1,4,2,1
9031,85422,2.61,0,8,11,14,1
9032,85424,-0.52,0,1,4,2,1
9033,85432,0.77,0,4,7,8,1
9034,85440,2.42,0,7,10,8,1
9035,85451,2.24,0,7,10,11,1
9036,85457,0.89,0,4,7,6,1
9037,85473,3.59,0,10,13,16,1
9038,85478,0.95,0,4,7,5,1
9039,85480,-0.52,0,1,4,2,1
9040,85488,1.87,0,6,9,8,1
9041,85489,-1.01,0,0,3,1,1
9042,85491,-0.52,0,1,4,2,1
9043,85511,5.0,0,13,16,20,1
9044,85512,-1.01,0,0,3,1,1
9045,85538,5.19,0,14,17,26,1
9046,85559,4.94,0,13,16,21,1
9047,85565,1.44,0,5,8,6,1
9048,85566,-1.01,0,0,3,1,1
9049,85567,-1.01,0,0,3,1,1
9050,85569,-0.52,0,1,4,2,1
9051,85572,-0.03,0,2,5,3,1
9052,85573,-1.01,0,0,3,1,1
9053,85574,-1.01,0,0,3,1,1
9054,85575,-1.01,0,0,3,1,1
9055,85576,-1.01,0,0,3,1,1
9056,85578,-0.52,0,1,4,2,1
9057,85586,1.87,0,6,9,8,1
9058,85599,2.12,0,7,10,13,1
9059,85603,0.46,0,3,6,4,1
9060,85609,0.34,0,3,6,6,1
9061,85610,-1.01,0,0,3,1,1
9062,85613,-0.03,0,2,5,3,1
9063,85620,0.83,0,4,7,7,1
9064,85622,-0.52,0,1,4,2,1
9065,85626,0.46,0,3,6,4,1
9066,85633,0.83,0,4,7,7,1
9067,85655,5.43,0,14,17,22,1
9068,85677,5.98,0,15,18,22,1
9069,85690,2.12,0,7,10,13,1
9070,85692,-0.52,0,1,4,2,1
9071,85694,-0.52,0,1,4,2,1
9072,85697,-0.03,0,2,5,3,1
9073,85741,6.31,0,18,21,44,1
9074,85751,2.3,0,7,10,10,1
9075,85757,1.44,0,5,8,6,1
9076,85764,0.83,0,4,7,7,1
9077,85771,1.38,0,5,8,7,1
9078,85787,3.59,0,10,13,16,1
9079,85796,1.81,0,6,9,9,1
9080,85804,2.42,0,7,10,8,1
9081,85814,1.75,0,6,9,10,1
9082,85818,0.46,0,3,6,4,1
9083,85836,4.02,0,11,14,18,1
9084,85842,1.44,0,5,8,6,1
9085,85851,1.26,0,5,8,9,1
9086,85882,6.54,0,17,20,31,1
9087,85885,-0.03,0,2,5,3,1
9088,85898,2.67,0,8,11,13,1
9089,85900,-0.52,0,1,4,2,1
9090,85914,3.16,0,9,12,14,1
9091,85931,4.08,0,11,14,17,1
9092,85933,-0.52,0,1,4,2,1
9093,85937,-0.09,0,2,5,4,1
9094,85942,0.95,0,4,7,5,1
9095,85954,2.73,0,8,11,12,1
9096,85955,-1.01,0,0,3,1,1
9097,85976,4.39,0,12,15,21,1
9098,85995,3.96,0,11,14,19,1
9099,86018,3.72,0,11,14,23,1
9100,86028,1.75,0,6,9,10,1
9101,86030,-0.52,0,1,4,2,1
9102,86031,-1.01,0,0,3,1,1
9103,86032,-1.01,0,0,3,1,1
9104,86034,-0.52,0,1,4,2,1
9105,86044,1.2,0,5,8,10,1
9106,86051,1.38,0,5,8,7,1
9107,86052,-1.01,0,0,3,1,1
9108,86054,-0.52,0,1,4,2,1
9109,86068,4.26,0,11,14,14,1
9110,86070,-0.52,0,1,4,2,1
9111,86073,-0.03,0,2,5,3,1
9112,86074,-1.01,0,0,3,1,1
9113,86102,6.72,0,17,20,28,1
9114,86116,4.81,0,12,15,14,1
9115,86119,-0.03,0,2,5,3,1
9116,86123,-0.09,0,2,5,4,1
9117,86143,5.55,0,14,17,20,1
9118,86148,0.4,0,3,6,5,1
9119,86149,-1.01,0,0,3,1,1
9120,86165,4.14,0,11,14,16,1
9121,86168,-0.03,0,2,5,3,1
9122,86179,1.69,0,6,9,11,1
9123,86188,1.81,0,6,9,9,1
9124,86193,0.4,0,3,6,5,1
9125,86196,-0.03,0,2,5,3,1
9126,86200,0.46,0,3,6,4,1
9127,86211,2.24,0,7,10,11,1
9128,86221,2.85,0,8,11,10,1
9129,86249,6.72,0,17,20,28,1
9130,86254,0.4,0,3,6,5,1
9131,86255,-1.01,0,0,3,1,1
9132,86257,-0.52,0,1,4,2,1
9133,86312,6.2,0,19,22,55,1
9134,86322,2.85,0,8,11,10,1
9135,86327,0.4,0,3,6,5,1
9136,86330,-0.03,0,2,5,3,1
9137,86339,2.36,0,7,10,9,1
9138,86340,-1.01,0,0,3,1,1
9139,86346,0.89,0,4,7,6,1
9140,86370,5.31,0,14,17,24,1
9141,86377,1.38,0,5,8,7,1
9142,86380,-0.03,0,2,5,3,1
9143,86381,-1.01,0,0,3,1,1
9144,86382,-1.01,0,0,3,1,1
9145,86390,1.32,0,5,8,8,1
9146,86404,3.71,0,10,13,14,1
9147,86409,0.95,0,4,7,5,1
9148,86419,1.75,0,6,9,10,1
9149,86465,6.19,0,18,21,46,1
9150,86473,2.42,0,7,10,8,1
9151,86476,-0.03,0,2,5,3,1
9152,86477,-1.01,0,0,3,1,1
9153,86478,-1.01,0,0,3,1,1
9154,86485,1.38,0,5,8,7,1
9155,86494,1.26,0,5,8,9,1
9156,86496,-0.52,0,1,4,2,1
9157,86533,3.98,0,13,16,37,1
9158,86547,3.71,0,10,13,14,1
9159,86556,1.26,0,5,8,9,1
9160,86558,-0.52,0,1,4,2,1
9161,86560,-0.52,0,1,4,2,1
9162,86581,4.94,0,13,16,21,1
9163,86599,4.02,0,11,14,18,1
9164,86601,-0.52,0,1,4,2,1
9165,86618,4.08,0,11,14,17,1
9166,86622,0.46,0,3,6,4,1
9167,86626,-0.09,0,2,5,4,1
9168,86642,4.14,0,11,14,16,1
9169,86650,1.32,0,5,8,8,1
9170,86651,-1.01,0,0,3,1,1
9171,86659,1.32,0,5,8,8,1
9172,86662,-0.58,0,1,4,3,1
9173,86671,2.36,0,7,10,9,1
9174,86684,4.32,0,11,14,13,1
9175,86685,-1.01,0,0,3,1,1
9176,86692,1.38,0,5,8,7,1
9177,86712,3.9,0,11,14,20,1
9178,86730,4.57,0,12,15,18,1
9179,86767,6.73,0,18,21,37,1
9180,86769,-0.52,0,1,4,2,1
9181,86777,1.87,0,6,9,8,1
9182,86778,-1.01,0,0,3,1,1
9183,86785,1.93,0,6,9,7,1
9184,86794,2.36,0,7,10,9,1
9185,86798,0.46,0,3,6,4,1
9186,86799,-1.01,0,0,3,1,1
9187,86803,0.46,0,3,6,4,1
9188,86807,0.46,0,3,6,4,1
9189,86822,4.2,0,11,14,15,1
9190,86834,3.28,0,9,12,12,1
9191,86840,0.89,0,4,7,6,1
9192,86909,4.81,0,18,21,69,1
9193,86910,-1.01,0,0,3,1,1
9194,86916,1.44,0,5,8,6,1
9195,86932,4.14,0,11,14,16,1
9196,86935,-0.58,0,1,4,3,1
9197,86936,-1.01,0,0,3,1,1
9198,86948,1.63,0,6,9,12,1
9199,86949,-1.01,0,0,3,1,1
9200,86953,0.46,0,3,6,4,1
9201,86954,-1.01,0,0,3,1,1
9202,86981,5.13,0,14,17,27,1
9203,87000,3.96,0,11,14,19,1
9204,87008,1.87,0,6,9,8,1
9205,87014,1.44,0,5,8,6,1
9206,87030,2.49,0,8,11,16,1
9207,87031,-1.01,0,0,3,1,1
9208,87034,-0.03,0,2,5,3,1
9209,87039,0.95,0,4,7,5,1
9210,87047,1.87,0,6,9,8,1
9211,87058,3.89,0,10,13,11,1
9212,87060,-0.52,0,1,4,2,1
9213,87067,1.38,0,5,8,7,1
9214,87069,-0.52,0,1,4,2,1
9215,87076,1.93,0,6,9,7,1
9216,87102,4.64,0,13,16,26,1
9217,87103,-1.01,0,0,3,1,1
9218,87108,-0.15,0,2,5,5,1
9219,87116,1.32,0,5,8,8,1
9220,87117,-1.01,0,0,3,1,1
9221,87129,3.28,0,9,12,12,1
9222,87130,-1.01,0,0,3,1,1
9223,87135,0.95,0,4,7,5,1
9224,87140,0.4,0,3,6,5,1
9225,87141,-1.01,0,0,3,1,1
9226,87147,0.89,0,4,7,6,1
9227,87158,2.24,0,7,10,11,1
9228,87177,4.51,0,12,15,19,1
9229,87192,3.65,0,10,13,15,1
9230,87195,-0.03,0,2,5,3,1
9231,87198,-0.03,0,2,5,3,1
9232,87213,2.0,0,7,10,15,1
9233,87228,3.1,0,9,12,15,1
9234,87248,5.0,0,13,16,20,1
9235,87249,-1.01,0,0,3,1,1
9236,87250,-1.01,0,0,3,1,1
9237,87263,3.77,0,10,13,13,1
9238,87271,1.87,0,6,9,8,1
9239,87276,0.95,0,4,7,5,1
9240,87300,4.76,0,13,16,24,1
9241,87301,-1.01,0,0,3,1,1
9242,87305,0.46,0,3,6,4,1
9243,87319,3.71,0,10,13,14,1
9244,87342,5.37,0,14,17,23,1
9245,87350,1.32,0,5,8,8,1
9246,87352,-0.52,0,1,4,2,1
9247,87360,1.87,0,6,9,8,1
9248,87372,2.73,0,8,11,12,1
9249,87373,-1.01,0,0,3,1,1
9250,87379,0.89,0,4,7,6,1
9251,87383,-0.09,0,2,5,4,1
9252,87385,-0.52,0,1,4,2,1
9253,87436,7.54,0,21,24,51,1
9254,87453,3.53,0,10,13,17,1
9255,87483,5.5,0,15,18,30,1
9256,87519,7.34,0,19,22,36,1
9257,87520,-1.01,0,0,3,1,1
9258,87530,2.3,0,7,10,10,1
9259,87533,-0.03,0,2,5,3,1
9260,87534,-1.01,0,0,3,1,1
9261,87537,-0.03,0,2,5,3,1
9262,87539,-0.52,0,1,4,2,1
9263,87567,5.07,0,14,17,28,1
9264,87583,3.04,0,9,12,16,1
9265,87593,2.85,0,8,11,10,1
9266,87596,-0.03,0,2,5,3,1
9267,87598,-0.52,0,1,4,2,1
9268,87601,-0.03,0,2,5,3,1
9269,87605,-0.09,0,2,5,4,1
9270,87607,-0.52,0,1,4,2,1
9271,87610,-0.58,0,1,4,3,1
9272,87616,-0.21,0,2,5,6,1
9273,87617,-1.01,0,0,3,1,1
9274,87623,1.44,0,5,8,6,1
9275,87631,1.32,0,5,8,8,1
9276,87632,-1.01,0,0,3,1,1
9277,87654,4.88,0,13,16,22,1
9278,87656,-0.52,0,1,4,2,1
9279,87660,-0.09,0,2,5,4,1
9280,87665,0.4,0,3,6,5,1
9281,87671,1.44,0,5,8,6,1
9282,87673,-0.52,0,1,4,2,1
9283,87675,-0.52,0,1,4,2,1
9284,87682,1.38,0,5,8,7,1
9285,87684,-0.52,0,1,4,2,1
9286,87689,0.4,0,3,6,5,1
9287,87695,1.44,0,5,8,6,1
9288,87712,4.08,0,11,14,17,1
9289,87735,3.72,0,11,14,23,1
9290,87737,-0.52,0,1,4,2,1
9291,87739,-0.52,0,1,4,2,1
9292,87740,-1.01,0,0,3,1,1
9293,87741,-1.01,0,0,3,1,1
9294,87744,-0.03,0,2,5,3,1
9295,87748,0.46,0,3,6,4,1
9296,87751,-0.03,0,2,5,3,1
9297,87773,4.88,0,13,16,22,1
9298,87785,2.18,0,7,10,12,1
9299,87786,-1.01,0,0,3,1,1
9300,87789,-0.03,0,2,5,3,1
9301,87799,1.75,0,6,9,10,1
9302,87806,1.93,0,6,9,7,1
9303,87808,-0.52,0,1,4,2,1
9304,87816,1.87,0,6,9,8,1
9305,87819,-0.03,0,2,5,3,1
9306,87820,-1.01,0,0,3,1,1
9307,87849,5.56,0,15,18,29,1
9308,87860,2.79,0,8,11,11,1
9309,87880,3.9,0,11,14,20,1
9310,87892,2.73,0,8,11,12,1
9311,87906,3.71,0,10,13,14,1
9312,87911,0.95,0,4,7,5,1
9313,87912,-1.01,0,0,3,1,1
9314,87917,0.95,0,4,7,5,1
9315,87921,0.46,0,3,6,4,1
9316,87928,1.38,0,5,8,7,1
9317,87943,3.65,0,10,13,15,1
9318,87952,2.36,0,7,10,9,1
9319,87955,-0.03,0,2,5,3,1
9320,87982,5.13,0,14,17,27,1
9321,87983,-1.01,0,0,3,1,1
9322,87984,-1.01,0,0,3,1,1
9323,87996,2.18,0,7,10,12,1
9324,88009,2.12,0,7,10,13,1
9325,88016,0.83,0,4,7,7,1
9326,88022,1.44,0,5,8,6,1
9327,88025,-0.03,0,2,5,3,1
9328,88034,1.26,0,5,8,9,1
9329,88059,4.15,0,12,15,25,1
9330,88082,4.82,0,13,16,23,1
9331,88089,1.38,0,5,8,7,1
9332,88106,3.53,0,10,13,17,1
9333,88152,6.74,0,19,22,46,1
9334,88156,0.46,0,3,6,4,1
9335,88158,-0.52,0,1,4,2,1
9336,88168,1.2,0,5,8,10,1
9337,88184,3.04,0,9,12,16,1
9338,88190,0.89,0,4,7,6,1
9339,88194,-0.09,0,2,5,4,1
9340,88234,6.0,0,17,20,40,1
9341,88244,2.85,0,8,11,10,1
9342,88253,1.26,0,5,8,9,1
9343,88275,3.78,0,11,14,22,1
9344,88286,2.24,0,7,10,11,1
9345,88302,5.24,0,13,16,16,1
9346,88309,1.38,0,5,8,7,1
9347,88311,-0.52,0,1,4,2,1
9348,88313,-0.52,0,1,4,2,1
9349,88327,2.61,0,8,11,14,1
9350,88348,4.94,0,13,16,21,1
9351,88351,-0.03,0,2,5,3,1
9352,88352,-1.01,0,0,3,1,1
9353,88356,0.46,0,3,6,4,1
9354,88363,1.93,0,6,9,7,1
9355,88392,6.11,0,16,19,29,1
9356,88431,5.51,0,16,19,39,1
9357,88438,1.93,0,6,9,7,1
9358,88440,-0.52,0,1,4,2,1
9359,88451,3.34,0,9,12,11,1
9360,88453,-0.52,0,1,4,2,1
9361,88456,-0.03,0,2,5,3,1
9362,88478,3.78,0,11,14,22,1
9363,88484,0.89,0,4,7,6,1
9364,88485,-1.01,0,0,3,1,1
9365,88489,-0.09,0,2,5,4,1
9366,88507,4.57,0,12,15,18,1
9367,88510,-0.03,0,2,5,3,1
9368,88525,3.1,0,9,12,15,1
9369,88536,2.24,0,7,10,11,1
9370,88538,-0.52,0,1,4,2,1
9371,88562,3.11,0,10,13,24,1
9372,88565,-0.03,0,2,5,3,1
9373,88567,-0.52,0,1,4,2,1
9374,88591,4.21,0,12,15,24,1
9375,88592,-1.01,0,0,3,1,1
9376,88621,5.01,0,14,17,29,1
9377,88624,-0.03,0,2,5,3,1
9378,88625,-1.01,0,0,3,1,1
9379,88638,2.67,0,8,11,13,1
9380,88648,2.3,0,7,10,10,1
9381,88654,1.44,0,5,8,6,1
9382,88667,3.77,0,10,13,13,1
9383,88674,1.93,0,6,9,7,1
9384,88679,0.4,0,3,6,5,1
9385,88737,6.57,0,20,23,58,1
9386,88746,1.81,0,6,9,9,1
9387,88757,3.89,0,10,13,11,1
9388,88773,3.59,0,10,13,16,1
9389,88785,2.73,0,8,11,12,1
9390,88786,-1.01,0,0,3,1,1
9391,88790,0.46,0,3,6,4,1
9392,88798,1.32,0,5,8,8,1
9393,88800,-0.52,0,1,4,2,1
9394,88805,0.95,0,4,7,5,1
9395,88817,2.73,0,8,11,12,1
9396,88822,0.95,0,4,7,5,1
9397,88866,5.21,0,16,19,44,1
9398,88869,-0.03,0,2,5,3,1
9399,88877,1.32,0,5,8,8,1
9400,88880,-0.03,0,2,5,3,1
9401,88888,1.87,0,6,9,8,1
9402,88891,-0.03,0,2,5,3,1
9403,88902,2.24,0,7,10,11,1
9404,88904,-0.52,0,1,4,2,1
9405,88909,0.95,0,4,7,5,1
9406,88912,-0.03,0,2,5,3,1
9407,88916,-0.09,0,2,5,4,1
9408,88919,-0.03,0,2,5,3,1
9409,88928,2.91,0,8,11,9,1
9410,88933,0.95,0,4,7,5,1
9411,88943,1.75,0,6,9,10,1
9412,88944,-1.01,0,0,3,1,1
9413,88946,-0.52,0,1,4,2,1
9414,88950,0.46,0,3,6,4,1
9415,88965,3.65,0,10,13,15,1
9416,88981,5.79,0,14,17,16,1
9417,89002,3.84,0,11,14,21,1
9418,89004,-0.52,0,1,4,2,1
9419,89019,4.2,0,11,14,15,1
9420,89065,7.84,0,21,24,46,1
9421,89067,-0.52,0,1,4,2,1
9422,89073,1.44,0,5,8,6,1
9423,89078,0.4,0,3,6,5,1
9424,89084,0.89,0,4,7,6,1
9425,89087,-0.03,0,2,5,3,1
9426,89100,3.77,0,10,13,13,1
9427,89104,0.46,0,3,6,4,1
9428,89145,6.49,0,18,21,41,1
9429,89158,2.67,0,8,11,13,1
9430,89160,-0.52,0,1,4,2,1
9431,89167,1.38,0,5,8,7,1
9432,89169,-0.52,0,1,4,2,1
9433,89172,-0.03,0,2,5,3,1
9434,89173,-1.01,0,0,3,1,1
9435,89185,3.28,0,9,12,12,1
9436,89192,1.38,0,5,8,7,1
9437,89204,2.73,0,8,11,12,1
9438,89208,0.46,0,3,6,4,1
9439,89246,7.22,0,19,22,38,1
9440,89249,-0.03,0,2,5,3,1
9441,89259,2.85,0,8,11,10,1
9442,89262,-0.03,0,2,5,3,1
9443,89272,1.2,0,5,8,10,1
9444,89279,1.38,0,5,8,7,1
9445,89284,0.95,0,4,7,5,1
9446,89285,-1.01,0,0,3,1,1
9447,89328,5.27,0,16,19,43,1
9448,89346,6.22,0,15,18,18,1
9449,89366,5.55,0,14,17,20,1
9450,89374,2.42,0,7,10,8,1
9451,89377,-0.03,0,2,5,3,1
9452,89378,-1.01,0,0,3,1,1
9453,89390,2.18,0,7,10,12,1
9454,89400,2.85,0,8,11,10,1
9455,89419,3.96,0,11,14,19,1
9456,89422,-0.03,0,2,5,3,1
9457,89430,2.42,0,7,10,8,1
9458,89434,0.46,0,3,6,4,1
9459,89444,1.2,0,5,8,10,1
9460,89452,1.87,0,6,9,8,1
9461,89504,4.73,0,16,19,52,1
9462,89511,1.93,0,6,9,7,1
9463,89524,3.22,0,9,12,13,1
9464,89534,2.85,0,8,11,10,1
9465,89535,-1.01,0,0,3,1,1
9466,89539,0.46,0,3,6,4,1
9467,89543,0.46,0,3,6,4,1
9468,89545,-0.52,0,1,4,2,1
9469,89546,-1.01,0,0,3,1,1
9470,89578,7.03,0,18,21,32,1
9471,89582,0.46,0,3,6,4,1
9472,89591,2.36,0,7,10,9,1
9473,89610,4.51,0,12,15,19,1
9474,89613,-0.03,0,2,5,3,1
9475,89617,0.46,0,3,6,4,1
9476,89619,-0.52,0,1,4,2,1
9477,89626,0.83,0,4,7,7,1
9478,89631,0.95,0,4,7,5,1
9479,89633,-0.52,0,1,4,2,1
9480,89644,2.79,0,8,11,11,1
9481,89657,2.67,0,8,11,13,1
9482,89666,1.81,0,6,9,9,1
9483,89674,1.32,0,5,8,8,1
9484,89675,-1.01,0,0,3,1,1
9485,89679,0.46,0,3,6,4,1
9486,89714,5.2,0,15,18,35,1
9487,89718,0.46,0,3,6,4,1
9488,89726,1.32,0,5,8,8,1
9489,89738,2.73,0,8,11,12,1
9490,89759,5.49,0,14,17,21,1
9491,89768,1.26,0,5,8,9,1
9492,89771,-0.03,0,2,5,3,1
9493,89772,-1.01,0,0,3,1,1
9494,89775,-0.03,0,2,5,3,1
9495,89808,5.32,0,15,18,33,1
9496,89814,0.34,0,3,6,6,1
9497,89818,-0.09,0,2,5,4,1
9498,89826,0.77,0,4,7,8,1
9499,89842,3.04,0,9,12,16,1
9500,89845,-0.03,0,2,5,3,1
9501,89846,-1.01,0,0,3,1,1
9502,89848,-0.52,0,1,4,2,1
9503,89855,0.83,0,4,7,7,1
9504,89874,4.51,0,12,15,19,1
9505,89885,2.79,0,8,11,11,1
9506,89890,0.4,0,3,6,5,1
9507,89891,-1.01,0,0,3,1,1
9508,89898,1.38,0,5,8,7,1
9509,89907,1.81,0,6,9,9,1
9510,89920,2.67,0,8,11,13,1
9511,89921,-1.01,0,0,3,1,1
9512,89926,0.95,0,4,7,5,1
9513,89934,2.42,0,7,10,8,1
9514,89935,-1.01,0,0,3,1,1
9515,89938,-0.03,0,2,5,3,1
9516,89946,0.77,0,4,7,8,1
9517,89965,4.51,0,12,15,19,1
9518,89970,0.95,0,4,7,5,1
9519,89971,-1.01,0,0,3,1,1
9520,89973,-0.52,0,1,4,2,1
9521,89990,4.63,0,12,15,17,1
9522,89991,-1.01,0,0,3,1,1
9523,89997,1.44,0,5,8,6,1
9524,90000,-0.03,0,2,5,3,1
9525,90013,3.77,0,10,13,13,1
9526,90014,-1.01,0,0,3,1,1
9527,90015,-1.01,0,0,3,1,1
9528,90025,2.85,0,8,11,10,1
9529,90055,6.6,0,17,20,30,1
9530,90059,0.46,0,3,6,4,1
9531,90062,-0.03,0,2,5,3,1
9532,90071,2.36,0,7,10,9,1
9533,90077,1.44,0,5,8,6,1
9534,90095,3.47,0,10,13,18,1
9535,90101,0.89,0,4,7,6,1
9536,90121,4.45,0,12,15,20,1
9537,90145,5.31,0,14,17,24,1
9538,90153,2.42,0,7,10,8,1
9539,90175,3.23,0,10,13,22,1
9540,90181,1.44,0,5,8,6,1
9541,90182,-1.01,0,0,3,1,1
9542,90188,0.34,0,3,6,6,1
9543,90192,-0.09,0,2,5,4,1
9544,90199,1.38,0,5,8,7,1
9545,90211,2.73,0,8,11,12,1
9546,90229,5.12,0,13,16,18,1
9547,90233,0.46,0,3,6,4,1
9548,90245,2.18,0,7,10,12,1
9549,90249,0.46,0,3,6,4,1
9550,90257,1.87,0,6,9,8,1
9551,90290,4.77,0,14,17,33,1
9552,90292,-0.52,0,1,4,2,1
9553,90309,4.08,0,11,14,17,1
9554,90311,-0.52,0,1,4,2,1
9555,90316,0.95,0,4,7,5,1
9556,90317,-1.01,0,0,3,1,1
9557,90319,-0.52,0,1,4,2,1
9558,90322,-0.03,0,2,5,3,1
9559,90328,0.89,0,4,7,6,1
9560,90337,2.36,0,7,10,9,1
9561,90342,0.95,0,4,7,5,1
9562,90364,4.88,0,13,16,22,1
9563,90366,-0.52,0,1,4,2,1
9564,90384,5.12,0,13,16,18,1
9565,90411,5.68,0,15,18,27,1
9566,90414,-0.03,0,2,5,3,1
9567,90418,0.46,0,3,6,4,1
9568,90427,1.81,0,6,9,9,1
9569,90430,-0.03,0,2,5,3,1
9570,90436,0.89,0,4,7,6,1
9571,90438,-0.52,0,1,4,2,1
9572,90445,1.38,0,5,8,7,1
9573,90447,-0.52,0,1,4,2,1
9574,90449,-0.52,0,1,4,2,1
9575,90450,-1.01,0,0,3,1,1
9576,90451,-1.01,0,0,3,1,1
9577,90467,3.59,0,10,13,16,1
9578,90470,-0.03,0,2,5,3,1
9579,90479,2.36,0,7,10,9,1
9580,90481,-0.52,0,1,4,2,1
9581,90502,3.84,0,11,14,21,1
9582,90503,-1.01,0,0,3,1,1
9583,90518,3.1,0,9,12,15,1
9584,90538,5.55,0,14,17,20,1
9585,90540,-0.52,0,1,4,2,1
9586,90554,3.71,0,10,13,14,1
9587,90583,5.01,0,14,17,29,1
9588,90588,0.95,0,4,7,5,1
9589,90589,-1.01,0,0,3,1,1
9590,90595,0.89,0,4,7,6,1
9591,90602,1.93,0,6,9,7,1
9592,90624,5.98,0,15,18,22,1
9593,90627,-0.03,0,2,5,3,1
9594,90639,2.73,0,8,11,12,1
9595,90645,0.89,0,4,7,6,1
9596,90648,-0.03,0,2,5,3,1
9597,90670,5.43,0,14,17,22,1
9598,90678,1.32,0,5,8,8,1
9599,90679,-1.01,0,0,3,1,1
9600,90683,0.46,0,3,6,4,1
9601,90692,1.26,0,5,8,9,1
9602,90693,-1.01,0,0,3,1,1
9603,90696,-0.03,0,2,5,3,1
9604,90718,6.53,0,16,19,22,1
9605,90721,-0.03,0,2,5,3,1
9606,90729,2.42,0,7,10,8,1
9607,90742,2.67,0,8,11,13,1
9608,90758,2.49,0,8,11,16,1
9609,90761,-0.03,0,2,5,3,1
9610,90765,0.46,0,3,6,4,1
9611,90770,0.95,0,4,7,5,1
9612,90780,2.85,0,8,11,10,1
9613,90815,6.3,0,17,20,35,1
9614,90819,0.46,0,3,6,4,1
9615,90821,-0.52,0,1,4,2,1
9616,90824,-0.03,0,2,5,3,1
9617,90844,5.55,0,14,17,20,1
9618,90864,5.0,0,13,16,20,1
9619,90866,-0.52,0,1,4,2,1
9620,90869,-0.03,0,2,5,3,1
9621,90878,1.81,0,6,9,9,1
9622,90880,-0.52,0,1,4,2,1
9623,90922,6.98,0,19,22,42,1
9624,90923,-1.01,0,0,3,1,1
9625,90936,3.77,0,10,13,13,1
9626,90939,-0.03,0,2,5,3,1
9627,90980,7.59,0,20,23,41,1
9628,91003,5.92,0,15,18,23,1
9629,91025,3.23,0,10,13,22,1
9630,91075,6.5,0,19,22,50,1
9631,91077,-0.52,0,1,4,2,1
9632,91080,-0.03,0,2,5,3,1
9633,91081,-1.01,0,0,3,1,1
9634,91085,0.46,0,3,6,4,1
9635,91086,-1.01,0,0,3,1,1
9636,91088,-0.52,0,1,4,2,1
9637,91115,6.78,0,17,20,27,1
9638,91117,-0.52,0,1,4,2,1
9639,91119,-0.52,0,1,4,2,1
9640,91121,-0.52,0,1,4,2,1
9641,91125,0.46,0,3,6,4,1
9642,91129,0.46,0,3,6,4,1
9643,91133,0.46,0,3,6,4,1
9644,91149,3.04,0,9,12,16,1
9645,91171,2.13,0,8,11,22,1
9646,91181,2.85,0,8,11,10,1
9647,91190,2.91,0,8,11,9,1
9648,91219,6.66,0,17,20,29,1
9649,91229,1.2,0,5,8,10,1
9650,91253,5.86,0,15,18,24,1
9651,91255,-0.52,0,1,4,2,1
9652,91278,4.27,0,12,15,23,1
9653,91279,-1.01,0,0,3,1,1
9654,91289,1.75,0,6,9,10,1
9655,91308,5.61,0,14,17,19,1
9656,91309,-1.01,0,0,3,1,1
9657,91327,2.92,0,9,12,18,1
9658,91341,3.16,0,9,12,14,1
9659,91343,-0.52,0,1,4,2,1
9660,91349,1.44,0,5,8,6,1
9661,91362,3.77,0,10,13,13,1
9662,91376,3.16,0,9,12,14,1
9663,91388,3.83,0,10,13,12,1
9664,91390,-0.52,0,1,4,2,1
9665,91397,1.38,0,5,8,7,1
9666,91399,-0.52,0,1,4,2,1
9667,91402,-0.03,0,2,5,3,1
9668,91404,-0.52,0,1,4,2,1
9669,91407,-0.03,0,2,5,3,1
9670,91419,3.83,0,10,13,12,1
9671,91425,0.89,0,4,7,6,1
9672,91427,-0.52,0,1,4,2,1
9673,91432,0.4,0,3,6,5,1
9674,91435,-0.58,0,1,4,3,1
9675,91448,3.22,0,9,12,13,1
9676,91468,5.0,0,13,16,20,1
9677,91495,5.68,0,15,18,27,1
9678,91501,1.44,0,5,8,6,1
9679,91515,4.26,0,11,14,14,1
9680,91518,-0.03,0,2,5,3,1
9681,91527,2.36,0,7,10,9,1
9682,91531,0.46,0,3,6,4,1
9683,91532,-1.01,0,0,3,1,1
9684,91536,-0.09,0,2,5,4,1
9685,91545,1.81,0,6,9,9,1
9686,91551,0.89,0,4,7,6,1
9687,91575,5.31,0,14,17,24,1
9688,91580,0.95,0,4,7,5,1
9689,91586,0.89,0,4,7,6,1
9690,91598,3.83,0,10,13,12,1
9691,91599,-1.01,0,0,3,1,1
9692,91605,0.89,0,4,7,6,1
9693,91611,0.89,0,4,7,6,1
9694,91628,4.08,0,11,14,17,1
9695,91631,-0.03,0,2,5,3,1
9696,91633,-0.52,0,1,4,2,1
9697,91671,6.12,0,17,20,38,1
9698,91693,4.88,0,13,16,22,1
9699,91706,3.22,0,9,12,13,1
9700,91715,0.71,0,4,7,9,1
9701,91718,-0.03,0,2,5,3,1
9702,91725,1.38,0,5,8,7,1
9703,91727,-0.52,0,1,4,2,1
9704,91733,1.44,0,5,8,6,1
9705,91736,-0.03,0,2,5,3,1
9706,91757,3.84,0,11,14,21,1
9707,91759,-0.52,0,1,4,2,1
9708,91767,1.87,0,6,9,8,1
9709,91769,-0.52,0,1,4,2,1
9710,91774,0.4,0,3,6,5,1
9711,91809,3.55,0,12,15,35,1
9712,91812,-0.03,0,2,5,3,1
9713,91815,-0.03,0,2,5,3,1
9714,91821,1.44,0,5,8,6,1
9715,91829,1.32,0,5,8,8,1
9716,91830,-1.01,0,0,3,1,1
9717,91836,0.89,0,4,7,6,1
9718,91841,0.95,0,4,7,5,1
9719,91843,-0.52,0,1,4,2,1
9720,91846,-0.03,0,2,5,3,1
9721,91860,2.61,0,8,11,14,1
9722,91865,0.4,0,3,6,5,1
9723,91866,-1.01,0,0,3,1,1
9724,91875,2.36,0,7,10,9,1
9725,91876,-1.01,0,0,3,1,1
9726,91892,3.04,0,9,12,16,1
9727,91893,-1.01,0,0,3,1,1
9728,91897,0.46,0,3,6,4,1
9729,91900,-0.03,0,2,5,3,1
9730,91909,2.91,0,8,11,9,1
9731,91914,0.95,0,4,7,5,1
9732,91915,-1.01,0,0,3,1,1
9733,91916,-1.01,0,0,3,1,1
9734,91919,-0.03,0,2,5,3,1
9735,91953,7.46,0,19,22,34,1
9736,91963,2.85,0,8,11,10,1
9737,91973,1.75,0,6,9,10,1
9738,91995,4.33,0,12,15,22,1
9739,92012,3.53,0,10,13,17,1
9740,92030,4.57,0,12,15,18,1
9741,92036,1.44,0,5,8,6,1
9742,92038,-0.52,0,1,4,2,1
9743,92040,-0.52,0,1,4,2,1
9744,92047,1.93,0,6,9,7,1
9745,92057,1.75,0,6,9,10,1
9746,92066,0.71,0,4,7,9,1
9747,92117,4.24,0,15,18,51,1
9748,92120,-0.03,0,2,5,3,1
9749,92125,0.4,0,3,6,5,1
9750,92147,3.78,0,11,14,22,1
9751,92158,2.24,0,7,10,11,1
9752,92165,1.38,0,5,8,7,1
9753,92183,4.02,0,11,14,18,1
9754,92192,0.71,0,4,7,9,1
9755,92193,-1.01,0,0,3,1,1
9756,92203,1.75,0,6,9,10,1
9757,92225,3.78,0,11,14,22,1
9758,92242,5.18,0,13,16,17,1
9759,92260,2.92,0,9,12,18,1
9760,92306,4.54,0,15,18,46,1
9761,92307,-1.01,0,0,3,1,1
9762,92339,5.93,0,16,19,32,1
9763,92363,5.31,0,14,17,24,1
9764,92364,-1.01,0,0,3,1,1
9765,92380,4.14,0,11,14,16,1
9766,92385,0.95,0,4,7,5,1
9767,92390,0.95,0,4,7,5,1
9768,92398,1.87,0,6,9,8,1
9769,92402,0.46,0,3,6,4,1
9770,92419,3.53,0,10,13,17,1
9771,92420,-1.01,0,0,3,1,1
9772,92424,0.46,0,3,6,4,1
9773,92433,2.36,0,7,10,9,1
9774,92434,-1.01,0,0,3,1,1
9775,92438,0.46,0,3,6,4,1
9776,92441,-0.03,0,2,5,3,1
9777,92443,-0.52,0,1,4,2,1
9778,92449,1.44,0,5,8,6,1
9779,92467,4.02,0,11,14,18,1
9780,92470,-0.03,0,2,5,3,1
9781,92486,4.69,0,12,15,16,1
9782,92491,0.95,0,4,7,5,1
9783,92515,5.86,0,15,18,24,1
9784,92520,0.4,0,3,6,5,1
9785,92542,5.98,0,15,18,22,1
9786,92565,5.37,0,14,17,23,1
9787,92566,-1.01,0,0,3,1,1
9788,92574,1.32,0,5,8,8,1
9789,92577,-0.03,0,2,5,3,1
9790,92600,5.37,0,14,17,23,1
9791,92607,0.83,0,4,7,7,1
9792,92621,3.71,0,10,13,14,1
9793,92622,-1.01,0,0,3,1,1
9794,92626,-0.09,0,2,5,4,1
9795,92632,0.89,0,4,7,6,1
9796,92636,-0.09,0,2,5,4,1
9797,92646,2.85,0,8,11,10,1
9798,92656,2.3,0,7,10,10,1
9799,92663,0.83,0,4,7,7,1
9800,92670,0.83,0,4,7,7,1
9801,92684,3.71,0,10,13,14,1
9802,92690,1.44,0,5,8,6,1
9803,92691,-1.01,0,0,3,1,1
9804,92692,-1.01,0,0,3,1,1
9805,92694,-0.52,0,1,4,2,1
9806,92700,1.44,0,5,8,6,1
9807,92709,2.91,0,8,11,9,1
9808,92711,-0.52,0,1,4,2,1
9809,92718,1.38,0,5,8,7,1
9810,92721,-0.03,0,2,5,3,1
9811,92722,-1.01,0,0,3,1,1
9812,92724,-0.52,0,1,4,2,1
9813,92733,1.81,0,6,9,9,1
9814,92742,2.36,0,7,10,9,1
9815,92750,0.77,0,4,7,8,1
9816,92751,-1.01,0,0,3,1,1
9817,92760,2.36,0,7,10,9,1
9818,92761,-1.01,0,0,3,1,1
9819,92777,4.69,0,12,15,16,1
9820,92782,0.95,0,4,7,5,1
9821,92808,5.74,0,15,18,26,1
9822,92825,6.28,0,15,18,17,1
9823,92835,2.85,0,8,11,10,1
9824,92839,0.46,0,3,6,4,1
9825,92884,7.35,0,20,23,45,1
9826,92912,6.17,0,16,19,28,1
9827,92921,1.26,0,5,8,9,1
9828,92922,-1.01,0,0,3,1,1
9829,92940,4.57,0,12,15,18,1
9830,92942,-0.52,0,1,4,2,1
9831,92963,3.84,0,11,14,21,1
9832,92965,-0.52,0,1,4,2,1
9833,92975,2.3,0,7,10,10,1
9834,92998,2.62,0,9,12,23,1
9835,93006,1.87,0,6,9,8,1
9836,93013,1.93,0,6,9,7,1
9837,93028,4.2,0,11,14,15,1
9838,93038,2.3,0,7,10,10,1
9839,93046,1.87,0,6,9,8,1
9840,93061,4.75,0,12,15,15,1
9841,93066,0.95,0,4,7,5,1
9842,93078,2.18,0,7,10,12,1
9843,93084,0.89,0,4,7,6,1
9844,93101,4.08,0,11,14,17,1
9845,93115,4.81,0,12,15,14,1
9846,93119,0.46,0,3,6,4,1
9847,93124,0.95,0,4,7,5,1
9848,93125,-1.01,0,0,3,1,1
9849,93127,-0.52,0,1,4,2,1
9850,93180,7.42,0,21,24,53,1
9851,93184,-0.09,0,2,5,4,1
9852,93193,2.91,0,8,11,9,1
9853,93203,2.85,0,8,11,10,1
9854,93212,2.36,0,7,10,9,1
9855,93213,-1.01,0,0,3,1,1
9856,93222,1.81,0,6,9,9,1
9857,93231,2.36,0,7,10,9,1
9858,93260,6.11,0,16,19,29,1
9859,93269,1.81,0,6,9,9,1
9860,93284,3.65,0,10,13,15,1
9861,93308,4.76,0,13,16,24,1
9862,93311,-0.03,0,2,5,3,1
9863,93354,6.92,0,19,22,43,1
9864,93356,-0.52,0,1,4,2,1
9865,93362,1.44,0,5,8,6,1
9866,93365,-0.03,0,2,5,3,1
9867,93377,3.28,0,9,12,12,1
9868,93400,5.37,0,14,17,23,1
9869,93406,1.44,0,5,8,6,1
9870,93412,0.89,0,4,7,6,1
9871,93413,-1.01,0,0,3,1,1
9872,93416,-0.03,0,2,5,3,1
9873,93417,-1.01,0,0,3,1,1
9874,93419,-0.52,0,1,4,2,1
9875,93440,5.49,0,14,17,21,1
9876,93452,1.63,0,6,9,12,1
9877,93467,3.65,0,10,13,15,1
9878,93468,-1.01,0,0,3,1,1
9879,93472,0.46,0,3,6,4,1
9880,93481,2.36,0,7,10,9,1
9881,93483,-0.52,0,1,4,2,1
9882,93494,2.24,0,7,10,11,1
9883,93497,-0.58,0,1,4,3,1
9884,93500,-0.03,0,2,5,3,1
9885,93524,6.96,0,17,20,24,1
9886,93528,0.46,0,3,6,4,1
9887,93531,-0.03,0,2,5,3,1
9888,93536,0.4,0,3,6,5,1
9889,93552,4.14,0,11,14,16,1
9890,93556,0.46,0,3,6,4,1
9891,93561,0.95,0,4,7,5,1
9892,93563,-0.52,0,1,4,2,1
9893,93566,-0.03,0,2,5,3,1
9894,93573,1.93,0,6,9,7,1
9895,93580,1.38,0,5,8,7,1
9896,93610,6.6,0,17,20,30,1
9897,93613,-0.03,0,2,5,3,1
9898,93621,1.87,0,6,9,8,1
9899,93633,3.28,0,9,12,12,1
9900,93638,0.4,0,3,6,5,1
9901,93656,4.02,0,11,14,18,1
9902,93667,2.24,0,7,10,11,1
9903,93674,1.93,0,6,9,7,1
9904,93681,1.93,0,6,9,7,1
9905,93689,1.87,0,6,9,8,1
9906,93696,1.38,0,5,8,7,1
9907,93706,2.3,0,7,10,10,1
9908,93710,0.46,0,3,6,4,1
9909,93713,-0.03,0,2,5,3,1
9910,93717,-0.09,0,2,5,4,1
9911,93724,0.83,0,4,7,7,1
9912,93732,0.77,0,4,7,8,1
9913,93738,0.89,0,4,7,6,1
9914,93747,2.36,0,7,10,9,1
9915,93749,-0.52,0,1,4,2,1
9916,93751,-0.52,0,1,4,2,1
9917,93755,0.46,0,3,6,4,1
9918,93785,4.95,0,14,17,30,1
9919,93786,-1.01,0,0,3,1,1
9920,93799,3.22,0,9,12,13,1
9921,93810,2.79,0,8,11,11,1
9922,93821,2.24,0,7,10,11,1
9923,93822,-1.01,0,0,3,1,1
9924,93834,3.28,0,9,12,12,1
9925,93836,-0.52,0,1,4,2,1
9926,93850,2.06,0,7,10,14,1
9927,93851,-1.01,0,0,3,1,1
9928,93863,2.73,0,8,11,12,1
9929,93872,2.36,0,7,10,9,1
9930,93883,2.79,0,8,11,11,1
9931,93890,1.38,0,5,8,7,1
9932,93897,1.38,0,5,8,7,1
9933,93933,6.24,0,17,20,36,1
9934,93964,5.99,0,16,19,31,1
9935,93965,-1.01,0,0,3,1,1
9936,93966,-1.01,0,0,3,1,1
9937,93967,-1.01,0,0,3,1,1
9938,93968,-1.01,0,0,3,1,1
9939,93975,1.38,0,5,8,7,1
9940,93977,-0.52,0,1,4,2,1
9941,93978,-1.01,0,0,3,1,1
9942,93993,3.65,0,10,13,15,1
9943,94005,3.28,0,9,12,12,1
9944,94017,3.28,0,9,12,12,1
9945,94022,0.95,0,4,7,5,1
9946,94029,0.83,0,4,7,7,1
9947,94039,3.4,0,9,12,10,1
9948,94044,0.95,0,4,7,5,1
9949,94045,-1.01,0,0,3,1,1
9950,94056,2.79,0,8,11,11,1
9951,94065,1.26,0,5,8,9,1
9952,94069,0.46,0,3,6,4,1
9953,94072,-0.03,0,2,5,3,1
9954,94084,3.28,0,9,12,12,1
9955,94089,0.95,0,4,7,5,1
9956,94092,-0.03,0,2,5,3,1
9957,94097,-0.15,0,2,5,5,1
9958,94112,2.55,0,8,11,15,1
9959,94130,4.57,0,12,15,18,1
9960,94165,6.85,0,18,21,35,1
9961,94174,2.36,0,7,10,9,1
9962,94176,-0.52,0,1,4,2,1
9963,94203,5.68,0,15,18,27,1
9964,94205,-0.52,0,1,4,2,1
9965,94231,5.74,0,15,18,26,1
9966,94239,1.87,0,6,9,8,1
9967,94246,1.93,0,6,9,7,1
9968,94250,0.46,0,3,6,4,1
9969,94255,0.4,0,3,6,5,1
9970,94261,0.89,0,4,7,6,1
9971,94274,2.12,0,7,10,13,1
9972,94304,6.6,0,17,20,30,1
9973,94317,2.67,0,8,11,13,1
9974,94325,1.32,0,5,8,8,1
9975,94331,0.89,0,4,7,6,1
9976,94343,2.73,0,8,11,12,1
9977,94346,-0.03,0,2,5,3,1
9978,94363,4.08,0,11,14,17,1
9979,94373,3.4,0,9,12,10,1
9980,94383,1.75,0,6,9,10,1
9981,94385,-0.52,0,1,4,2,1
9982,94435,5.95,0,18,21,50,1
9983,94461,5.74,0,15,18,26,1
9984,94465,0.46,0,3,6,4,1
9985,94474,2.36,0,7,10,9,1
9986,94475,-1.01,0,0,3,1,1
9987,94485,2.85,0,8,11,10,1
9988,94488,-0.03,0,2,5,3,1
9989,94489,-1.01,0,0,3,1,1
9990,94492,-0.03,0,2,5,3,1
9991,94494,-0.52,0,1,4,2,1
9992,94498,-0.09,0,2,5,4,1
9993,94518,5.0,0,13,16,20,1
9994,94519,-1.01,0,0,3,1,1
9995,94526,1.38,0,5,8,7,1
9996,94535,2.91,0,8,11,9,1
9997,94536,-1.01,0,0,3,1,1
9998,94552,4.69,0,12,15,16,1
9999,94586,5.81,0,16,19,34,1
10000,94593,1.38,0,5,8,7,1
10001,94614,4.39,0,12,15,21,1
10002,94624,1.2,0,5,8,10,1
10003,94626,-0.52,0,1,4,2,1
10004,94632,1.44,0,5,8,6,1
10005,94640,1.87,0,6,9,8,1
10006,94649,1.81,0,6,9,9,1
10007,94657,1.87,0,6,9,8,1
10008,94658,-1.01,0,0,3,1,1
10009,94668,1.2,0,5,8,10,1
10010,94670,-0.52,0,1,4,2,1
10011,94674,0.46,0,3,6,4,1
10012,94682,1.87,0,6,9,8,1
10013,94717,6.3,0,17,20,35,1
10014,94726,1.81,0,6,9,9,1
10015,94735,2.36,0,7,10,9,1
10016,94763,5.62,0,15,18,28,1
10017,94768,0.95,0,4,7,5,1
10018,94773,-0.15,0,2,5,5,1
10019,94783,2.85,0,8,11,10,1
10020,94785,-0.52,0,1,4,2,1
10021,94793,2.42,0,7,10,8,1
10022,94801,0.77,0,4,7,8,1
10023,94809,2.42,0,7,10,8,1
10024,94818,1.81,0,6,9,9,1
10025,94831,3.22,0,9,12,13,1
10026,94836,0.95,0,4,7,5,1
10027,94844,1.87,0,6,9,8,1
10028,94845,-1.01,0,0,3,1,1
10029,94847,-0.52,0,1,4,2,1
10030,94848,-1.01,0,0,3,1,1
10031,94853,0.95,0,4,7,5,1
10032,94856,-0.03,0,2,5,3,1
10033,94857,-1.01,0,0,3,1,1
10034,94898,5.94,0,17,20,41,1
10035,94900,-0.52,0,1,4,2,1
10036,94915,5.3,0,13,16,15,1
10037,94929,3.71,0,10,13,14,1
10038,94955,4.64,0,13,16,26,1
10039,94958,-0.03,0,2,5,3,1
10040,94961,-0.03,0,2,5,3,1
10041,94973,2.73,0,8,11,12,1
10042,94974,-1.01,0,0,3,1,1
10043,94992,4.57,0,12,15,18,1
10044,95025,6.97,0,18,21,33,1
10045,95030,0.95,0,4,7,5,1
10046,95034,0.46,0,3,6,4,1
10047,95040,1.44,0,5,8,6,1
10048,95042,-0.52,0,1,4,2,1
10049,95043,-1.01,0,0,3,1,1
10050,95050,1.38,0,5,8,7,1
10051,95069,3.96,0,11,14,19,1
10052,95081,2.73,0,8,11,12,1
10053,95084,-0.58,0,1,4,3,1
10054,95112,5.62,0,15,18,28,1
10055,95124,2.73,0,8,11,12,1
10056,95146,4.33,0,12,15,22,1
10057,95150,0.46,0,3,6,4,1
10058,95155,0.4,0,3,6,5,1
10059,95158,-0.03,0,2,5,3,1
10060,95162,-0.09,0,2,5,4,1
10061,95167,0.95,0,4,7,5,1
10062,95169,-0.52,0,1,4,2,1
10063,95184,4.2,0,11,14,15,1
10064,95185,-1.01,0,0,3,1,1
10065,95188,-0.03,0,2,5,3,1
10066,95196,1.87,0,6,9,8,1
10067,95202,1.44,0,5,8,6,1
10068,95225,4.82,0,13,16,23,1
10069,95228,-0.03,0,2,5,3,1
10070,95229,-1.01,0,0,3,1,1
10071,95231,-0.52,0,1,4,2,1
10072,95265,6.91,0,18,21,34,1
10073,95273,1.32,0,5,8,8,1
10074,95282,2.36,0,7,10,9,1
10075,95296,3.71,0,10,13,14,1
10076,95315,4.51,0,12,15,19,1
10077,95323,2.42,0,7,10,8,1
10078,95337,3.16,0,9,12,14,1
10079,95339,-0.52,0,1,4,2,1
10080,95345,1.44,0,5,8,6,1
10081,95352,1.93,0,6,9,7,1
10082,95353,-1.01,0,0,3,1,1
10083,95389,7.34,0,19,22,36,1
10084,95400,2.79,0,8,11,11,1
10085,95401,-1.01,0,0,3,1,1
10086,95414,3.22,0,9,12,13,1
10087,95440,5.19,0,14,17,26,1
10088,95451,2.79,0,8,11,11,1
10089,95455,0.46,0,3,6,4,1
10090,95458,-0.03,0,2,5,3,1
10091,95459,-1.01,0,0,3,1,1
10092,95461,-0.52,0,1,4,2,1
10093,95483,5.43,0,14,17,22,1
10094,95507,4.76,0,13,16,24,1
10095,95511,0.46,0,3,6,4,1
10096,95522,3.34,0,9,12,11,1
10097,95526,0.46,0,3,6,4,1
10098,95541,3.1,0,9,12,15,1
10099,95561,6.65,0,16,19,20,1
10100,95586,4.15,0,12,15,25,1
10101,95588,-0.52,0,1,4,2,1
10102,95591,-0.03,0,2,5,3,1
10103,95594,-0.03,0,2,5,3,1
10104,95608,3.71,0,10,13,14,1
10105,95616,2.42,0,7,10,8,1
10106,95623,0.28,0,3,6,7,1
10107,95633,2.3,0,7,10,10,1
10108,95646,2.67,0,8,11,13,1
10109,95659,3.77,0,10,13,13,1
10110,95674,4.75,0,12,15,15,1
10111,95692,4.02,0,11,14,18,1
10112,95701,2.36,0,7,10,9,1
10113,95704,-0.03,0,2,5,3,1
10114,95711,1.93,0,6,9,7,1
10115,95715,0.46,0,3,6,4,1
10116,95759,6.31,0,18,21,44,1
10117,95766,1.38,0,5,8,7,1
10118,95767,-1.01,0,0,3,1,1
10119,95772,-0.15,0,2,5,5,1
10120,95773,-1.01,0,0,3,1,1
10121,95783,3.4,0,9,12,10,1
10122,95805,5.98,0,15,18,22,1
10123,95806,-1.01,0,0,3,1,1
10124,95807,-1.01,0,0,3,1,1
10125,95814,1.38,0,5,8,7,1
10126,95815,-1.01,0,0,3,1,1
10127,95820,0.4,0,3,6,5,1
10128,95824,0.46,0,3,6,4,1
10129,95838,4.81,0,12,15,14,1
10130,95861,4.82,0,13,16,23,1
10131,95868,1.38,0,5,8,7,1
10132,95869,-1.01,0,0,3,1,1
10133,95879,2.85,0,8,11,10,1
10134,95898,4.51,0,12,15,19,1
10135,95918,5.0,0,13,16,20,1
10136,95926,0.77,0,4,7,8,1
10137,95946,5.55,0,14,17,20,1
10138,95947,-1.01,0,0,3,1,1
10139,95949,-0.52,0,1,4,2,1
10140,95969,3.9,0,11,14,20,1
10141,95985,4.14,0,11,14,16,1
10142,95990,0.95,0,4,7,5,1
10143,95994,0.46,0,3,6,4,1
10144,96023,7.21,0,18,21,29,1
10145,96024,-1.01,0,0,3,1,1
10146,96032,2.42,0,7,10,8,1
10147,96041,2.91,0,8,11,9,1
10148,96067,4.64,0,13,16,26,1
10149,96075,1.87,0,6,9,8,1
10150,96080,0.95,0,4,7,5,1
10151,96100,6.1,0,15,18,20,1
10152,96108,2.42,0,7,10,8,1
10153,96112,0.46,0,3,6,4,1
10154,96121,2.91,0,8,11,9,1
10155,96130,1.81,0,6,9,9,1
10156,96149,5.06,0,13,16,19,1
10157,96168,4.51,0,12,15,19,1
10158,96169,-1.01,0,0,3,1,1
10159,96173,0.46,0,3,6,4,1
10160,96186,3.77,0,10,13,13,1
10161,96188,-0.52,0,1,4,2,1
10162,96190,-0.52,0,1,4,2,1
10163,96196,0.89,0,4,7,6,1
10164,96207,2.79,0,8,11,11,1
10165,96216,1.81,0,6,9,9,1
10166,96219,-0.03,0,2,5,3,1
10167,96233,2.61,0,8,11,14,1
10168,96247,3.16,0,9,12,14,1
10169,96255,1.87,0,6,9,8,1
10170,96256,-1.01,0,0,3,1,1
10171,96261,0.95,0,4,7,5,1
10172,96267,1.44,0,5,8,6,1
10173,96269,-0.52,0,1,4,2,1
10174,96271,-0.52,0,1,4,2,1
10175,96276,0.95,0,4,7,5,1
10176,96283,1.93,0,6,9,7,1
10177,96285,-0.52,0,1,4,2,1
10178,96288,-0.03,0,2,5,3,1
10179,96293,0.4,0,3,6,5,1
10180,96296,-0.03,0,2,5,3,1
10181,96297,-1.01,0,0,3,1,1
10182,96307,2.85,0,8,11,10,1
10183,96312,0.95,0,4,7,5,1
10184,96332,5.0,0,13,16,20,1
10185,96335,-0.03,0,2,5,3,1
10186,96338,-0.03,0,2,5,3,1
10187,96356,4.57,0,12,15,18,1
10188,96364,1.87,0,6,9,8,1
10189,96365,-1.01,0,0,3,1,1
10190,96367,-0.52,0,1,4,2,1
10191,96374,1.38,0,5,8,7,1
10192,96381,0.83,0,4,7,7,1
10193,96404,5.37,0,14,17,23,1
10194,96406,-0.52,0,1,4,2,1
10195,96428,4.88,0,13,16,22,1
10196,96444,4.14,0,11,14,16,1
10197,96487,8.02,0,21,24,43,1
10198,96488,-1.01,0,0,3,1,1
10199,96502,4.26,0,11,14,14,1
10200,96505,-0.03,0,2,5,3,1
10201,96507,-0.52,0,1,4,2,1
10202,96508,-1.01,0,0,3,1,1
10203,96509,-1.01,0,0,3,1,1
10204,96526,3.53,0,10,13,17,1
10205,96541,3.65,0,10,13,15,1
10206,96545,0.46,0,3,6,4,1
10207,96555,2.3,0,7,10,10,1
10208,96561,1.44,0,5,8,6,1
10209,96581,5.55,0,14,17,20,1
10210,96582,-1.01,0,0,3,1,1
10211,96586,-0.64,0,1,4,4,1
10212,96597,3.34,0,9,12,11,1
10213,96627,7.15,0,18,21,30,1
10214,96636,2.36,0,7,10,9,1
10215,96640,0.46,0,3,6,4,1
10216,96655,3.65,0,10,13,15,1
10217,96661,0.89,0,4,7,6,1
10218,96672,2.79,0,8,11,11,1
10219,96693,4.39,0,12,15,21,1
10220,96707,3.71,0,10,13,14,1
10221,96708,-1.01,0,0,3,1,1
10222,96716,1.87,0,6,9,8,1
10223,96718,-0.52,0,1,4,2,1
10224,96753,5.75,0,16,19,35,1
10225,96775,5.43,0,14,17,22,1
10226,96783,1.87,0,6,9,8,1
10227,96793,2.3,0,7,10,10,1
10228,96796,-0.03,0,2,5,3,1
10229,96803,1.93,0,6,9,7,1
10230,96804,-1.01,0,0,3,1,1
10231,96806,-0.52,0,1,4,2,1
10232,96812,1.44,0,5,8,6,1
10233,96831,4.51,0,12,15,19,1
10234,96832,-1.01,0,0,3,1,1
10235,96833,-1.01,0,0,3,1,1
10236,96838,0.95,0,4,7,5,1
10237,96840,-0.52,0,1,4,2,1
10238,96873,6.97,0,18,21,33,1
10239,96876,-0.03,0,2,5,3,1
10240,96878,-0.52,0,1,4,2,1
10241,96888,2.3,0,7,10,10,1
10242,96891,-0.03,0,2,5,3,1
10243,96914,5.37,0,14,17,23,1
10244,96916,-0.52,0,1,4,2,1
10245,96927,3.34,0,9,12,11,1
10246,96994,6.03,0,20,23,67,1
10247,97010,3.59,0,10,13,16,1
10248,97026,3.04,0,9,12,16,1
10249,97029,-0.03,0,2,5,3,1
10250,97041,2.18,0,7,10,12,1
10251,97044,-0.03,0,2,5,3,1
10252,97059,4.2,0,11,14,15,1
10253,97061,-0.52,0,1,4,2,1
10254,97062,-1.01,0,0,3,1,1
10255,97064,-0.52,0,1,4,2,1
10256,97070,0.89,0,4,7,6,1
10257,97076,1.44,0,5,8,6,1
10258,97077,-1.01,0,0,3,1,1
10259,97095,4.02,0,11,14,18,1
10260,97120,5.8,0,15,18,25,1
10261,97138,4.02,0,11,14,18,1
10262,97163,6.35,0,16,19,25,1
10263,97165,-0.52,0,1,4,2,1
10264,97170,0.95,0,4,7,5,1
10265,97175,0.95,0,4,7,5,1
10266,97176,-1.01,0,0,3,1,1
10267,97187,2.79,0,8,11,11,1
10268,97192,0.95,0,4,7,5,1
10269,97193,-1.01,0,0,3,1,1
10270,97203,2.85,0,8,11,10,1
10271,97209,0.89,0,4,7,6,1
10272,97210,-1.01,0,0,3,1,1
10273,97215,-0.15,0,2,5,5,1
10274,97222,0.83,0,4,7,7,1
10275,97253,5.44,0,15,18,31,1
10276,97256,-0.03,0,2,5,3,1
10277,97257,-1.01,0,0,3,1,1
10278,97274,3.53,0,10,13,17,1
10279,97275,-1.01,0,0,3,1,1
10280,97297,5.43,0,14,17,22,1
10281,97318,4.39,0,12,15,21,1
10282,97331,2.67,0,8,11,13,1
10283,97338,1.93,0,6,9,7,1
10284,97340,-0.52,0,1,4,2,1
10285,97372,6.48,0,17,20,32,1
10286,97386,3.71,0,10,13,14,1
10287,97388,-0.52,0,1,4,2,1
10288,97389,-1.01,0,0,3,1,1
10289,97390,-1.01,0,0,3,1,1
10290,97391,-1.01,0,0,3,1,1
10291,97412,4.39,0,12,15,21,1
10292,97413,-1.01,0,0,3,1,1
10293,97428,1.45,0,6,9,15,1
10294,97438,2.85,0,8,11,10,1
10295,97451,3.77,0,10,13,13,1
10296,97473,4.88,0,13,16,22,1
10297,97479,0.89,0,4,7,6,1
10298,97485,0.89,0,4,7,6,1
10299,97530,7.35,0,20,23,45,1
10300,97531,-1.01,0,0,3,1,1
10301,97545,2.61,0,8,11,14,1
10302,97551,1.44,0,5,8,6,1
10303,97573,5.43,0,14,17,22,1
10304,97579,0.89,0,4,7,6,1
10305,97585,1.44,0,5,8,6,1
10306,97592,1.93,0,6,9,7,1
10307,97599,1.93,0,6,9,7,1
10308,97613,3.71,0,10,13,14,1
10309,97616,-0.58,0,1,4,3,1
10310,97631,4.2,0,11,14,15,1
10311,97634,-0.03,0,2,5,3,1
10312,97637,-0.03,0,2,5,3,1
10313,97643,1.44,0,5,8,6,1
10314,97644,-1.01,0,0,3,1,1
10315,97648,-0.09,0,2,5,4,1
10316,97650,-0.52,0,1,4,2,1
10317,97656,0.89,0,4,7,6,1
10318,97664,0.77,0,4,7,8,1
10319,97671,1.38,0,5,8,7,1
10320,97700,6.11,0,16,19,29,1
10321,97719,3.96,0,11,14,19,1
10322,97722,-0.03,0,2,5,3,1
10323,97723,-1.01,0,0,3,1,1
10324,97730,0.83,0,4,7,7,1
10325,97732,-0.52,0,1,4,2,1
10326,97744,3.28,0,9,12,12,1
10327,97752,2.42,0,7,10,8,1
10328,97760,1.32,0,5,8,8,1
10329,97775,3.65,0,10,13,15,1
10330,97782,1.93,0,6,9,7,1
10331,97788,1.44,0,5,8,6,1
10332,97789,-1.01,0,0,3,1,1
10333,97794,0.95,0,4,7,5,1
10334,97803,2.36,0,7,10,9,1
10335,97819,3.59,0,10,13,16,1
10336,97832,3.77,0,10,13,13,1
10337,97834,-0.52,0,1,4,2,1
10338,97842,2.42,0,7,10,8,1
10339,97864,4.88,0,13,16,22,1
10340,97872,1.87,0,6,9,8,1
10341,97878,0.89,0,4,7,6,1
10342,97884,1.44,0,5,8,6,1
10343,97890,1.44,0,5,8,6,1
10344,97891,-1.01,0,0,3,1,1
10345,97893,-0.52,0,1,4,2,1
10346,97899,0.89,0,4,7,6,1
10347,97907,2.42,0,7,10,8,1
10348,97912,0.95,0,4,7,5,1
10349,97917,0.95,0,4,7,5,1
10350,97919,-0.52,0,1,4,2,1
10351,97935,4.14,0,11,14,16,1
10352,97939,0.46,0,3,6,4,1
10353,97944,0.95,0,4,7,5,1
10354,97945,-1.01,0,0,3,1,1
10355,97947,-0.52,0,1,4,2,1
10356,97956,2.91,0,8,11,9,1
10357,97963,1.38,0,5,8,7,1
10358,97989,4.09,0,12,15,26,1
10359,98007,4.02,0,11,14,18,1
10360,98025,4.02,0,11,14,18,1
10361,98026,-1.01,0,0,3,1,1
10362,98027,-1.01,0,0,3,1,1
10363,98031,0.46,0,3,6,4,1
10364,98036,0.95,0,4,7,5,1
10365,98037,-1.01,0,0,3,1,1
10366,98038,-1.01,0,0,3,1,1
10367,98041,-0.03,0,2,5,3,1
10368,98055,4.81,0,12,15,14,1
10369,98056,-1.01,0,0,3,1,1
10370,98058,-0.52,0,1,4,2,1
10371,98060,-0.52,0,1,4,2,1
10372,98061,-1.01,0,0,3,1,1
10373,98073,2.18,0,7,10,12,1
10374,98082,1.81,0,6,9,9,1
10375,98090,1.87,0,6,9,8,1
10376,98105,3.1,0,9,12,15,1
10377,98129,3.11,0,10,13,24,1
10378,98135,0.89,0,4,7,6,1
10379,98158,5.37,0,14,17,23,1
10380,98165,0.83,0,4,7,7,1
10381,98166,-1.01,0,0,3,1,1
10382,98170,0.46,0,3,6,4,1
10383,98172,-0.52,0,1,4,2,1
10384,98180,2.42,0,7,10,8,1
10385,98190,1.75,0,6,9,10,1
10386,98191,-1.01,0,0,3,1,1
10387,98194,-0.03,0,2,5,3,1
10388,98197,-0.03,0,2,5,3,1
10389,98200,-0.03,0,2,5,3,1
10390,98214,4.81,0,12,15,14,1
10391,98217,-0.03,0,2,5,3,1
10392,98221,-0.09,0,2,5,4,1
10393,98235,2.06,0,7,10,14,1
10394,98253,4.57,0,12,15,18,1
10395,98261,1.87,0,6,9,8,1
10396,98263,-0.52,0,1,4,2,1
10397,98268,0.95,0,4,7,5,1
10398,98269,-1.01,0,0,3,1,1
10399,98297,6.17,0,16,19,28,1
10400,98307,2.85,0,8,11,10,1
10401,98310,-0.03,0,2,5,3,1
10402,98318,0.77,0,4,7,8,1
10403,98323,0.95,0,4,7,5,1
10404,98330,0.28,0,3,6,7,1
10405,98332,-0.52,0,1,4,2,1
10406,98356,5.31,0,14,17,24,1
10407,98359,-0.03,0,2,5,3,1
10408,98360,-1.01,0,0,3,1,1
10409,98363,-0.03,0,2,5,3,1
10410,98374,2.24,0,7,10,11,1
10411,98414,8.2,0,21,24,40,1
10412,98429,4.75,0,12,15,15,1
10413,98430,-1.01,0,0,3,1,1
10414,98437,1.38,0,5,8,7,1
10415,98443,-0.21,0,2,5,6,1
10416,98460,4.08,0,11,14,17,1
10417,98490,4.4,0,13,16,30,1
10418,98495,0.95,0,4,7,5,1
10419,98498,-0.03,0,2,5,3,1
10420,98501,-0.03,0,2,5,3,1
10421,98505,0.46,0,3,6,4,1
10422,98509,-0.09,0,2,5,4,1
10423,98512,-0.03,0,2,5,3,1
10424,98514,-0.52,0,1,4,2,1
10425,98520,1.44,0,5,8,6,1
10426,98521,-1.01,0,0,3,1,1
10427,98522,-1.01,0,0,3,1,1
10428,98525,-0.03,0,2,5,3,1
10429,98531,1.44,0,5,8,6,1
10430,98533,-0.52,0,1,4,2,1
10431,98536,-0.03,0,2,5,3,1
10432,98539,-0.03,0,2,5,3,1
10433,98546,1.93,0,6,9,7,1
10434,98556,2.3,0,7,10,10,1
10435,98568,2.18,0,7,10,12,1
10436,98577,2.91,0,8,11,9,1
10437,98632,7.3,0,21,24,55,1
10438,98642,2.3,0,7,10,10,1
10439,98653,2.79,0,8,11,11,1
10440,98655,-0.52,0,1,4,2,1
10441,98668,3.22,0,9,12,13,1
10442,98691,5.92,0,15,18,23,1
10443,98712,4.94,0,13,16,21,1
10444,98722,1.75,0,6,9,10,1
10445,98726,0.46,0,3,6,4,1
10446,98738,3.28,0,9,12,12,1
10447,98739,-1.01,0,0,3,1,1
10448,98744,0.95,0,4,7,5,1
10449,98755,2.24,0,7,10,11,1
10450,98758,-0.03,0,2,5,3,1
10451,98759,-1.01,0,0,3,1,1
10452,98761,-0.52,0,1,4,2,1
10453,98762,-1.01,0,0,3,1,1
10454,98763,-1.01,0,0,3,1,1
10455,98774,2.24,0,7,10,11,1
10456,98777,-0.03,0,2,5,3,1
10457,98778,-1.01,0,0,3,1,1
10458,98789,2.24,0,7,10,11,1
10459,98809,4.45,0,12,15,20,1
10460,98813,0.46,0,3,6,4,1
10461,98815,-0.52,0,1,4,2,1
10462,98832,2.98,0,9,12,17,1
10463,98834,-0.52,0,1,4,2,1
10464,98837,-0.58,0,1,4,3,1
10465,98840,-0.03,0,2,5,3,1
10466,98865,5.25,0,14,17,25,1
10467,98891,5.19,0,14,17,26,1
10468,98893,-0.52,0,1,4,2,1
10469,98917,5.31,0,14,17,24,1
10470,98920,-0.03,0,2,5,3,1
10471,98922,-0.52,0,1,4,2,1
10472,98926,0.46,0,3,6,4,1
10473,98927,-1.01,0,0,3,1,1
10474,98930,-0.03,0,2,5,3,1
10475,98935,0.95,0,4,7,5,1
10476,98954,5.61,0,14,17,19,1
10477,98955,-1.01,0,0,3,1,1
10478,98960,0.95,0,4,7,5,1
10479,98967,1.93,0,6,9,7,1
10480,98991,5.31,0,14,17,24,1
10481,98999,1.87,0,6,9,8,1
10482,99020,3.84,0,11,14,21,1
10483,99035,4.2,0,11,14,15,1
10484,99041,1.44,0,5,8,6,1
10485,99046,0.4,0,3,6,5,1
10486,99051,0.95,0,4,7,5,1
10487,99052,-1.01,0,0,3,1,1
10488,99079,4.58,0,13,16,27,1
10489,99102,4.27,0,12,15,23,1
10490,99105,-0.03,0,2,5,3,1
10491,99110,0.95,0,4,7,5,1
10492,99124,3.71,0,10,13,14,1
10493,99144,4.45,0,12,15,20,1
10494,99148,-0.09,0,2,5,4,1
10495,99151,-0.03,0,2,5,3,1
10496,99155,0.46,0,3,6,4,1
10497,99161,1.44,0,5,8,6,1
10498,99165,0.46,0,3,6,4,1
10499,99172,1.93,0,6,9,7,1
10500,99176,0.46,0,3,6,4,1
10501,99184,1.87,0,6,9,8,1
10502,99200,4.69,0,12,15,16,1
10503,99213,3.22,0,9,12,13,1
10504,99217,0.46,0,3,6,4,1
10505,99241,5.31,0,14,17,24,1
10506,99248,1.93,0,6,9,7,1
10507,99249,-1.01,0,0,3,1,1
10508,99268,3.41,0,10,13,19,1
10509,99279,1.69,0,6,9,11,1
10510,99295,4.14,0,11,14,16,1
10511,99297,-0.52,0,1,4,2,1
10512,99300,-0.03,0,2,5,3,1
10513,99301,-1.01,0,0,3,1,1
10514,99305,0.46,0,3,6,4,1
10515,99312,0.28,0,3,6,7,1
10516,99322,1.75,0,6,9,10,1
10517,99330,1.87,0,6,9,8,1
10518,99354,6.96,0,17,20,24,1
10519,99356,-0.52,0,1,4,2,1
10520,99358,-0.52,0,1,4,2,1
10521,99360,-0.52,0,1,4,2,1
10522,99371,2.79,0,8,11,11,1
10523,99389,4.57,0,12,15,18,1
10524,99413,5.31,0,14,17,24,1
10525,99425,2.73,0,8,11,12,1
10526,99437,2.18,0,7,10,12,1
10527,99454,4.63,0,12,15,17,1
10528,99457,-0.03,0,2,5,3,1
10529,99458,-1.01,0,0,3,1,1
10530,99463,0.4,0,3,6,5,1
10531,99470,0.83,0,4,7,7,1
10532,99481,1.69,0,6,9,11,1
10533,99488,1.38,0,5,8,7,1
10534,99504,2.49,0,8,11,16,1
10535,99505,-1.01,0,0,3,1,1
10536,99593,5.32,0,21,24,88,1
10537,99601,1.87,0,6,9,8,1
10538,99602,-1.01,0,0,3,1,1
10539,99604,-0.52,0,1,4,2,1
10540,99610,1.44,0,5,8,6,1
10541,99630,3.35,0,10,13,20,1
10542,99639,2.91,0,8,11,9,1
10543,99640,-1.01,0,0,3,1,1
10544,99656,3.59,0,10,13,16,1
10545,99660,0.46,0,3,6,4,1
10546,99664,0.46,0,3,6,4,1
10547,99669,0.95,0,4,7,5,1
10548,99687,5.67,0,14,17,18,1
10549,99689,-0.52,0,1,4,2,1
10550,99692,-0.03,0,2,5,3,1
10551,99720,6.72,0,17,20,28,1
10552,99724,0.46,0,3,6,4,1
10553,99732,2.42,0,7,10,8,1
10554,99754,3.78,0,11,14,22,1
10555,99755,-1.01,0,0,3,1,1
10556,99762,1.93,0,6,9,7,1
10557,99763,-1.01,0,0,3,1,1
10558,99766,-0.03,0,2,5,3,1
10559,99793,4.03,0,12,15,27,1
10560,99798,0.95,0,4,7,5,1
10561,99839,7.59,0,20,23,41,1
10562,99842,-0.03,0,2,5,3,1
10563,99850,1.87,0,6,9,8,1
10564,99860,2.3,0,7,10,10,1
10565,99862,-0.52,0,1,4,2,1
10566,99883,4.94,0,13,16,21,1
10567,99884,-1.01,0,0,3,1,1
10568,99885,-1.01,0,0,3,1,1
10569,99890,0.95,0,4,7,5,1
10570,99900,1.75,0,6,9,10,1
10571,99905,0.4,0,3,6,5,1
10572,99912,1.93,0,6,9,7,1
10573,99917,0.95,0,4,7,5,1
10574,99922,0.4,0,3,6,5,1
10575,99925,-0.03,0,2,5,3,1
10576,99941,3.59,0,10,13,16,1
10577,99950,2.36,0,7,10,9,1
10578,99965,3.65,0,10,13,15,1
10579,99967,-0.52,0,1,4,2,1
10580,99984,4.08,0,11,14,17,1
10581,99989,0.95,0,4,7,5,1
10582,99993,-0.09,0,2,5,4,1
10583,100003,2.85,0,8,11,10,1
10584,100014,2.79,0,8,11,11,1
10585,100025,1.69,0,6,9,11,1
10586,100034,2.36,0,7,10,9,1
10587,100051,4.08,0,11,14,17,1
10588,100059,1.87,0,6,9,8,1
10589,100062,-0.03,0,2,5,3,1
10590,100066,0.46,0,3,6,4,1
10591,100072,0.34,0,3,6,6,1
10592,100128,6.14,0,19,22,56,1
10593,100129,-1.01,0,0,3,1,1
10594,100136,1.38,0,5,8,7,1
10595,100152,2.49,0,8,11,16,1
10596,100155,-0.03,0,2,5,3,1
10597,100186,4.89,0,14,17,31,1
10598,100187,-1.01,0,0,3,1,1
10599,100188,-1.01,0,0,3,1,1
10600,100195,0.83,0,4,7,7,1
10601,100224,4.46,0,13,16,29,1
10602,100234,1.75,0,6,9,10,1
10603,100237,-0.03,0,2,5,3,1
10604,100242,-0.15,0,2,5,5,1
10605,100276,7.46,0,19,22,34,1
10606,100283,1.38,0,5,8,7,1
10607,100291,1.87,0,6,9,8,1
10608,100299,2.42,0,7,10,8,1
10609,100327,7.27,0,18,21,28,1
10610,100333,0.89,0,4,7,6,1
10611,100339,1.44,0,5,8,6,1
10612,100342,-0.58,0,1,4,3,1
10613,100345,-0.03,0,2,5,3,1
10614,100377,7.03,0,18,21,32,1
10615,100385,2.42,0,7,10,8,1
10616,100386,-1.01,0,0,3,1,1
10617,100387,-1.01,0,0,3,1,1
10618,100398,2.79,0,8,11,11,1
10619,100426,3.97,0,12,15,28,1
10620,100435,1.81,0,6,9,9,1
10621,100450,4.2,0,11,14,15,1
10622,100451,-1.01,0,0,3,1,1
10623,100467,3.59,0,10,13,16,1
10624,100471,0.46,0,3,6,4,1
10625,100474,-0.03,0,2,5,3,1
10626,100475,-1.01,0,0,3,1,1
10627,100483,1.32,0,5,8,8,1
10628,100490,1.93,0,6,9,7,1
10629,100493,-0.58,0,1,4,3,1
10630,100499,1.44,0,5,8,6,1
10631,100500,-1.01,0,0,3,1,1
10632,100514,4.81,0,12,15,14,1
10633,100523,2.36,0,7,10,9,1
10634,100525,-0.52,0,1,4,2,1
10635,100541,4.14,0,11,14,16,1
10636,100548,1.93,0,6,9,7,1
10637,100553,0.4,0,3,6,5,1
10638,100586,5.87,0,16,19,33,1
10639,100599,2.12,0,7,10,13,1
10640,100602,-0.03,0,2,5,3,1
10641,100603,-1.01,0,0,3,1,1
10642,100641,6.12,0,17,20,38,1
10643,100644,-0.03,0,2,5,3,1
10644,100647,-0.03,0,2,5,3,1
10645,100654,1.38,0,5,8,7,1
10646,100660,1.44,0,5,8,6,1
10647,100664,0.46,0,3,6,4,1
10648,100668,0.46,0,3,6,4,1
10649,100679,3.89,0,10,13,11,1
10650,100681,-0.52,0,1,4,2,1
10651,100686,0.4,0,3,6,5,1
10652,100691,0.95,0,4,7,5,1
10653,100692,-1.01,0,0,3,1,1
10654,100714,5.98,0,15,18,22,1
10655,100715,-1.01,0,0,3,1,1
10656,100734,4.51,0,12,15,19,1
10657,100742,2.42,0,7,10,8,1
10658,100795,6.87,0,20,23,53,1
10659,100807,4.38,0,11,14,12,1
10660,100808,-1.01,0,0,3,1,1
10661,100811,-0.03,0,2,5,3,1
10662,100820,1.81,0,6,9,9,1
10663,100833,3.22,0,9,12,13,1
10664,100837,0.46,0,3,6,4,1
10665,100852,3.1,0,9,12,15,1
10666,100853,-1.01,0,0,3,1,1
10667,100864,2.24,0,7,10,11,1
10668,100871,1.93,0,6,9,7,1
10669,100880,1.81,0,6,9,9,1
10670,100883,-0.03,0,2,5,3,1
10671,100919,6.79,0,18,21,36,1
10672,100927,1.87,0,6,9,8,1
10673,100929,-0.52,0,1,4,2,1
10674,100936,1.93,0,6,9,7,1
10675,100942,0.34,0,3,6,6,1
10676,100966,3.11,0,10,13,24,1
10677,100980,3.71,0,10,13,14,1
10678,100995,4.75,0,12,15,15,1
10679,101004,1.81,0,6,9,9,1
10680,101017,2.67,0,8,11,13,1
10681,101027,2.85,0,8,11,10,1
10682,101030,-0.03,0,2,5,3,1
10683,101050,5.0,0,13,16,20,1
10684,101053,-0.03,0,2,5,3,1
10685,101071,3.47,0,10,13,18,1
10686,101129,7.12,0,21,24,58,1
10687,101130,-1.01,0,0,3,1,1
10688,101140,2.3,0,7,10,10,1
10689,101142,-0.52,0,1,4,2,1
10690,101147,0.95,0,4,7,5,1
10691,101166,3.96,0,11,14,19,1
10692,101171,0.95,0,4,7,5,1
10693,101172,-1.01,0,0,3,1,1
10694,101176,0.46,0,3,6,4,1
10695,101183,1.38,0,5,8,7,1
10696,101198,4.2,0,11,14,15,1
10697,101226,6.17,0,16,19,28,1
10698,101233,1.93,0,6,9,7,1
10699,101244,2.24,0,7,10,11,1
10700,101251,1.38,0,5,8,7,1
10701,101265,4.81,0,12,15,14,1
10702,101268,-0.03,0,2,5,3,1
10703,101279,2.79,0,8,11,11,1
10704,101282,-0.03,0,2,5,3,1
10705,101297,4.2,0,11,14,15,1
10706,101339,5.88,0,17,20,42,1
10707,101353,3.16,0,9,12,14,1
10708,101354,-1.01,0,0,3,1,1
10709,101356,-0.52,0,1,4,2,1
10710,101366,2.3,0,7,10,10,1
10711,101367,-1.01,0,0,3,1,1
10712,101372,0.4,0,3,6,5,1
10713,101382,2.85,0,8,11,10,1
10714,101385,-0.03,0,2,5,3,1
10715,101396,1.69,0,6,9,11,1
10716,101397,-1.01,0,0,3,1,1
10717,101399,-0.52,0,1,4,2,1
10718,101410,2.79,0,8,11,11,1
10719,101411,-1.01,0,0,3,1,1
10720,101422,3.34,0,9,12,11,1
10721,101445,4.27,0,12,15,23,1
10722,101452,0.83,0,4,7,7,1
10723,101461,2.91,0,8,11,9,1
10724,101464,-0.03,0,2,5,3,1
10725,101476,2.73,0,8,11,12,1
10726,101481,0.95,0,4,7,5,1
10727,101484,-0.03,0,2,5,3,1
10728,101486,-0.52,0,1,4,2,1
10729,101499,4.32,0,11,14,13,1
10730,101501,-0.52,0,1,4,2,1
10731,101505,0.46,0,3,6,4,1
10732,101520,2.55,0,8,11,15,1
10733,101527,1.93,0,6,9,7,1
10734,101529,-0.52,0,1,4,2,1
10735,101536,1.38,0,5,8,7,1
10736,101538,-0.52,0,1,4,2,1
10737,101563,5.8,0,15,18,25,1
10738,101584,5.49,0,14,17,21,1
10739,101585,-1.01,0,0,3,1,1
10740,101590,0.95,0,4,7,5,1
10741,101608,5.12,0,13,16,18,1
10742,101609,-1.01,0,0,3,1,1
10743,101616,1.93,0,6,9,7,1
10744,101617,-1.01,0,0,3,1,1
10745,101627,3.4,0,9,12,10,1
10746,101636,2.36,0,7,10,9,1
10747,101637,-1.01,0,0,3,1,1
10748,101638,-1.01,0,0,3,1,1
10749,101646,1.32,0,5,8,8,1
10750,101649,-0.03,0,2,5,3,1
10751,101673,6.41,0,16,19,24,1
10752,101676,-0.03,0,2,5,3,1
10753,101677,-1.01,0,0,3,1,1
10754,101678,-1.01,0,0,3,1,1
10755,101684,0.89,0,4,7,6,1
10756,101685,-1.01,0,0,3,1,1
10757,101692,1.93,0,6,9,7,1
10758,101694,-0.52,0,1,4,2,1
10759,101704,2.3,0,7,10,10,1
10760,101716,2.73,0,8,11,12,1
10761,101718,-0.52,0,1,4,2,1
10762,101729,2.24,0,7,10,11,1
10763,101735,1.44,0,5,8,6,1
10764,101744,2.36,0,7,10,9,1
10765,101780,6.24,0,17,20,36,1
10766,101797,5.73,0,14,17,17,1
10767,101801,-0.09,0,2,5,4,1
10768,101806,0.4,0,3,6,5,1
10769,101814,1.87,0,6,9,8,1
10770,101815,-1.01,0,0,3,1,1
10771,101824,2.91,0,8,11,9,1
10772,101829,-0.15,0,2,5,5,1
10773,101831,-0.52,0,1,4,2,1
10774,101834,-0.03,0,2,5,3,1
10775,101838,0.46,0,3,6,4,1
10776,101841,-0.03,0,2,5,3,1
10777,101857,4.69,0,12,15,16,1
10778,101859,-0.52,0,1,4,2,1
10779,101860,-1.01,0,0,3,1,1
10780,101884,5.86,0,15,18,24,1
10781,101915,5.99,0,16,19,31,1
10782,101923,2.42,0,7,10,8,1
10783,101925,-0.52,0,1,4,2,1
10784,101933,2.42,0,7,10,8,1
10785,101941,1.87,0,6,9,8,1
10786,101942,-1.01,0,0,3,1,1
10787,101944,-0.52,0,1,4,2,1
10788,101947,-0.03,0,2,5,3,1
10789,101948,-1.01,0,0,3,1,1
10790,101953,0.4,0,3,6,5,1
10791,101971,4.02,0,11,14,18,1
10792,101984,3.22,0,9,12,13,1
10793,101986,-0.52,0,1,4,2,1
10794,102000,4.26,0,11,14,14,1
10795,102017,5.18,0,13,16,17,1
10796,102021,0.46,0,3,6,4,1
10797,102050,5.01,0,14,17,29,1
10798,102055,0.4,0,3,6,5,1
10799,102058,-0.03,0,2,5,3,1
10800,102064,0.89,0,4,7,6,1
10801,102067,-0.03,0,2,5,3,1
10802,102068,-1.01,0,0,3,1,1
10803,102071,-0.58,0,1,4,3,1
10804,102092,4.39,0,12,15,21,1
10805,102094,-0.52,0,1,4,2,1
10806,102113,4.51,0,12,15,19,1
10807,102116,-0.03,0,2,5,3,1
10808,102120,0.46,0,3,6,4,1
10809,102121,-1.01,0,0,3,1,1
10810,102134,3.22,0,9,12,13,1
10811,102139,0.95,0,4,7,5,1
10812,102176,5.63,0,16,19,37,1
10813,102180,0.46,0,3,6,4,1
10814,102188,2.42,0,7,10,8,1
10815,102191,-0.03,0,2,5,3,1
10816,102199,1.32,0,5,8,8,1
10817,102201,-0.52,0,1,4,2,1
10818,102211,2.85,0,8,11,10,1
10819,102222,1.69,0,6,9,11,1
10820,102223,-1.01,0,0,3,1,1
10821,102236,1.57,0,6,9,13,1
10822,102240,0.46,0,3,6,4,1
10823,102249,2.36,0,7,10,9,1
10824,102262,2.67,0,8,11,13,1
10825,102264,-0.52,0,1,4,2,1
10826,102286,5.43,0,14,17,22,1
10827,102288,-0.52,0,1,4,2,1
10828,102315,4.03,0,12,15,27,1
10829,102320,0.95,0,4,7,5,1
10830,102329,2.36,0,7,10,9,1
10831,102342,3.22,0,9,12,13,1
10832,102351,2.36,0,7,10,9,1
10833,102353,-0.52,0,1,4,2,1
10834,102366,2.67,0,8,11,13,1
10835,102429,6.27,0,20,23,63,1
10836,102431,-0.52,0,1,4,2,1
10837,102434,-0.58,0,1,4,3,1
10838,102446,2.18,0,7,10,12,1
10839,102456,1.75,0,6,9,10,1
10840,102461,0.95,0,4,7,5,1
10841,102463,-0.52,0,1,4,2,1
10842,102477,4.81,0,12,15,14,1
10843,102482,0.4,0,3,6,5,1
10844,102496,3.71,0,10,13,14,1
10845,102498,-0.52,0,1,4,2,1
10846,102502,-0.09,0,2,5,4,1
10847,102517,3.65,0,10,13,15,1
10848,102525,1.32,0,5,8,8,1
10849,102532,1.38,0,5,8,7,1
10850,102583,5.89,0,18,21,51,1
10851,102589,1.44,0,5,8,6,1
10852,102602,3.22,0,9,12,13,1
10853,102608,1.44,0,5,8,6,1
10854,102623,3.1,0,9,12,15,1
10855,102633,2.85,0,8,11,10,1
10856,102636,-0.03,0,2,5,3,1
10857,102644,1.87,0,6,9,8,1
10858,102686,6.98,0,19,22,42,1
10859,102688,-0.52,0,1,4,2,1
10860,102691,-0.58,0,1,4,3,1
10861,102707,4.14,0,11,14,16,1
10862,102724,4.08,0,11,14,17,1
10863,102742,3.47,0,10,13,18,1
10864,102747,-0.15,0,2,5,5,1
10865,102750,-0.03,0,2,5,3,1
10866,102775,4.7,0,13,16,25,1
10867,102786,2.79,0,8,11,11,1
10868,102789,-0.58,0,1,4,3,1
10869,102793,0.46,0,3,6,4,1
10870,102801,1.87,0,6,9,8,1
10871,102808,0.83,0,4,7,7,1
10872,102810,-0.52,0,1,4,2,1
10873,102827,4.63,0,12,15,17,1
10874,102843,5.24,0,13,16,16,1
10875,102844,-1.01,0,0,3,1,1
10876,102849,0.95,0,4,7,5,1
10877,102858,1.81,0,6,9,9,1
10878,102870,2.73,0,8,11,12,1
10879,102875,0.95,0,4,7,5,1
10880,102876,-1.01,0,0,3,1,1
10881,102881,0.95,0,4,7,5,1
10882,102891,2.3,0,7,10,10,1
10883,102901,1.2,0,5,8,10,1
10884,102906,0.4,0,3,6,5,1
10885,102908,-0.52,0,1,4,2,1
10886,102910,-0.52,0,1,4,2,1
10887,102923,3.22,0,9,12,13,1
10888,102934,1.69,0,6,9,11,1
10889,102940,1.44,0,5,8,6,1
10890,102959,4.51,0,12,15,19,1
10891,102964,0.4,0,3,6,5,1
10892,102968,0.46,0,3,6,4,1
10893,102972,0.46,0,3,6,4,1
10894,102984,1.63,0,6,9,12,1
10895,102993,2.36,0,7,10,9,1
10896,102994,-1.01,0,0,3,1,1
10897,102996,-0.52,0,1,4,2,1
10898,103001,0.95,0,4,7,5,1
10899,103016,2.55,0,8,11,15,1
10900,103018,-0.52,0,1,4,2,1
10901,103022,0.46,0,3,6,4,1
10902,103027,0.4,0,3,6,5,1
10903,103032,0.4,0,3,6,5,1
10904,103046,3.71,0,10,13,14,1
10905,103054,1.32,0,5,8,8,1
10906,103061,1.38,0,5,8,7,1
10907,103065,-0.09,0,2,5,4,1
10908,103071,0.89,0,4,7,6,1
10909,103084,3.77,0,10,13,13,1
10910,103087,-0.03,0,2,5,3,1
10911,103089,-0.52,0,1,4,2,1
10912,103092,-0.03,0,2,5,3,1
10913,103103,3.34,0,9,12,11,1
10914,103115,3.28,0,9,12,12,1
10915,103119,0.46,0,3,6,4,1
10916,103127,1.87,0,6,9,8,1
10917,103132,0.4,0,3,6,5,1
10918,103144,2.73,0,8,11,12,1
10919,103145,-1.01,0,0,3,1,1
10920,103147,-0.52,0,1,4,2,1
10921,103148,-1.01,0,0,3,1,1
10922,103150,-0.52,0,1,4,2,1
10923,103152,-0.52,0,1,4,2,1
10924,103159,1.93,0,6,9,7,1
10925,103167,2.42,0,7,10,8,1
10926,103175,1.87,0,6,9,8,1
10927,103178,-0.03,0,2,5,3,1
10928,103198,5.0,0,13,16,20,1
10929,103212,4.26,0,11,14,14,1
10930,103216,-0.09,0,2,5,4,1
10931,103232,2.49,0,8,11,16,1
10932,103234,-0.52,0,1,4,2,1
10933,103243,0.71,0,4,7,9,1
10934,103269,4.09,0,12,15,26,1
10935,103279,0.65,0,4,7,10,1
10936,103282,-0.03,0,2,5,3,1
10937,103283,-1.01,0,0,3,1,1
10938,103287,0.46,0,3,6,4,1
10939,103288,-1.01,0,0,3,1,1
10940,103293,0.4,0,3,6,5,1
10941,103319,2.99,0,10,13,26,1
10942,103321,-0.52,0,1,4,2,1
10943,103328,1.38,0,5,8,7,1
10944,103330,-0.52,0,1,4,2,1
10945,103352,3.23,0,10,13,22,1
10946,103354,-0.52,0,1,4,2,1
10947,103371,2.98,0,9,12,17,1
10948,103383,2.73,0,8,11,12,1
10949,103410,6.23,0,16,19,27,1
10950,103418,2.42,0,7,10,8,1
10951,103427,2.36,0,7,10,9,1
10952,103436,1.81,0,6,9,9,1
10953,103476,6.0,0,17,20,40,1
10954,103487,2.24,0,7,10,11,1
10955,103502,4.75,0,12,15,15,1
10956,103513,2.79,0,8,11,11,1
10957,103525,3.28,0,9,12,12,1
10958,103530,0.95,0,4,7,5,1
10959,103538,0.77,0,4,7,8,1
10960,103540,-0.52,0,1,4,2,1
10961,103555,3.65,0,10,13,15,1
10962,103565,1.75,0,6,9,10,1
10963,103571,0.34,0,3,6,6,1
10964,103572,-1.01,0,0,3,1,1
10965,103585,3.77,0,10,13,13,1
10966,103592,1.38,0,5,8,7,1
10967,103614,5.43,0,14,17,22,1
10968,103626,3.28,0,9,12,12,1
10969,103633,1.38,0,5,8,7,1
10970,103651,4.57,0,12,15,18,1
10971,103662,2.79,0,8,11,11,1
10972,103684,4.88,0,13,16,22,1
10973,103685,-1.01,0,0,3,1,1
10974,103688,-0.03,0,2,5,3,1
10975,103692,-0.09,0,2,5,4,1
10976,103693,-1.01,0,0,3,1,1
10977,103705,2.73,0,8,11,12,1
10978,103707,-0.52,0,1,4,2,1
10979,103710,-0.03,0,2,5,3,1
10980,103712,-0.52,0,1,4,2,1
10981,103714,-0.52,0,1,4,2,1
10982,103732,4.02,0,11,14,18,1
10983,103733,-1.01,0,0,3,1,1
10984,103740,1.93,0,6,9,7,1
10985,103743,-0.03,0,2,5,3,1
10986,103744,-1.01,0,0,3,1,1
10987,103767,5.92,0,15,18,23,1
10988,103775,1.32,0,5,8,8,1
10989,103788,3.77,0,10,13,13,1
10990,103793,0.95,0,4,7,5,1
10991,103798,0.95,0,4,7,5,1
10992,103811,3.22,0,9,12,13,1
10993,103822,1.69,0,6,9,11,1
10994,103826,0.46,0,3,6,4,1
10995,103831,0.95,0,4,7,5,1
10996,103844,3.77,0,10,13,13,1
10997,103846,-0.52,0,1,4,2,1
10998,103848,-0.52,0,1,4,2,1
10999,103854,1.44,0,5,8,6,1
11000,103859,0.95,0,4,7,5,1
11001,103860,-1.01,0,0,3,1,1
11002,103874,2.61,0,8,11,14,1
11003,103877,-0.03,0,2,5,3,1
11004,103891,1.51,0,6,9,14,1
11005,103893,-0.52,0,1,4,2,1
11006,103896,-0.03,0,2,5,3,1
11007,103903,1.38,0,5,8,7,1
11008,103907,0.46,0,3,6,4,1
11009,103915,1.32,0,5,8,8,1
11010,103919,0.46,0,3,6,4,1
11011,103925,0.89,0,4,7,6,1
11012,103943,4.57,0,12,15,18,1
11013,103946,-0.03,0,2,5,3,1
11014,103949,-0.03,0,2,5,3,1
11015,103952,-0.03,0,2,5,3,1
11016,103965,3.77,0,10,13,13,1
11017,103975,2.85,0,8,11,10,1
11018,103982,1.93,0,6,9,7,1
11019,103989,1.93,0,6,9,7,1
11020,104001,3.28,0,9,12,12,1
11021,104003,-0.52,0,1,4,2,1
11022,104026,4.27,0,12,15,23,1
11023,104029,-0.03,0,2,5,3,1
11024,104033,0.46,0,3,6,4,1
11025,104063,6.6,0,17,20,30,1
11026,104066,-0.03,0,2,5,3,1
11027,104068,-0.52,0,1,4,2,1
11028,104070,-0.52,0,1,4,2,1
11029,104071,-1.01,0,0,3,1,1
11030,104074,-0.03,0,2,5,3,1
11031,104083,2.91,0,8,11,9,1
11032,104101,3.47,0,10,13,18,1
11033,104107,1.44,0,5,8,6,1
11034,104115,1.87,0,6,9,8,1
11035,104143,6.17,0,16,19,28,1
11036,104167,4.76,0,13,16,24,1
11037,104170,-0.03,0,2,5,3,1
11038,104171,-1.01,0,0,3,1,1
11039,104172,-1.01,0,0,3,1,1
11040,104183,3.34,0,9,12,11,1
11041,104199,3.59,0,10,13,16,1
11042,104208,1.26,0,5,8,9,1
11043,104217,1.26,0,5,8,9,1
11044,104226,2.91,0,8,11,9,1
11045,104253,5.68,0,15,18,27,1
11046,104298,5.7,0,17,20,45,1
11047,104310,3.83,0,10,13,12,1
11048,104330,5.0,0,13,16,20,1
11049,104332,-0.52,0,1,4,2,1
11050,104334,-0.52,0,1,4,2,1
11051,104344,1.2,0,5,8,10,1
11052,104368,7.51,0,18,21,24,1
11053,104389,6.59,0,16,19,21,1
11054,104401,3.83,0,10,13,12,1
11055,104417,4.14,0,11,14,16,1
11056,104423,1.44,0,5,8,6,1
11057,104444,2.74,0,9,12,21,1
11058,104445,-1.01,0,0,3,1,1
11059,104448,-0.03,0,2,5,3,1
11060,104450,-0.52,0,1,4,2,1
11061,104470,4.45,0,12,15,20,1
11062,104477,0.83,0,4,7,7,1
11063,104481,0.46,0,3,6,4,1
11064,104506,5.25,0,14,17,25,1
11065,104509,-0.03,0,2,5,3,1
11066,104512,-0.03,0,2,5,3,1
11067,104514,-0.52,0,1,4,2,1
11068,104540,4.64,0,13,16,26,1
11069,104550,2.3,0,7,10,10,1
11070,104552,-0.52,0,1,4,2,1
11071,104554,-0.52,0,1,4,2,1
11072,104557,-0.03,0,2,5,3,1
11073,104562,0.95,0,4,7,5,1
11074,104567,0.95,0,4,7,5,1
11075,104597,5.5,0,15,18,30,1
11076,104600,-0.03,0,2,5,3,1
11077,104602,-0.52,0,1,4,2,1
11078,104608,0.89,0,4,7,6,1
11079,104614,0.89,0,4,7,6,1
11080,104617,-0.03,0,2,5,3,1
11081,104622,0.4,0,3,6,5,1
11082,104626,0.46,0,3,6,4,1
11083,104633,1.38,0,5,8,7,1
11084,104652,2.31,0,8,11,19,1
11085,104655,-0.03,0,2,5,3,1
11086,104659,-0.09,0,2,5,4,1
11087,104661,-0.52,0,1,4,2,1
11088,104667,0.89,0,4,7,6,1
11089,104675,1.87,0,6,9,8,1
11090,104677,-0.52,0,1,4,2,1
11091,104679,-0.52,0,1,4,2,1
11092,104684,0.4,0,3,6,5,1
11093,104698,2.61,0,8,11,14,1
11094,104701,-0.03,0,2,5,3,1
11095,104708,1.38,0,5,8,7,1
11096,104716,2.42,0,7,10,8,1
11097,104732,3.04,0,9,12,16,1
11098,104748,5.24,0,13,16,16,1
11099,104756,1.87,0,6,9,8,1
11100,104760,0.46,0,3,6,4,1
11101,104762,-0.52,0,1,4,2,1
11102,104763,-1.01,0,0,3,1,1
11103,104771,2.42,0,7,10,8,1
11104,104779,1.87,0,6,9,8,1
11105,104784,0.95,0,4,7,5,1
11106,104805,4.94,0,13,16,21,1
11107,104809,0.46,0,3,6,4,1
11108,104810,-1.01,0,0,3,1,1
11109,104821,2.24,0,7,10,11,1
11110,104830,2.36,0,7,10,9,1
11111,104838,2.42,0,7,10,8,1
11112,104845,1.38,0,5,8,7,1
11113,104866,5.49,0,14,17,21,1
11114,104870,0.46,0,3,6,4,1
11115,104872,-0.52,0,1,4,2,1
11116,104879,1.38,0,5,8,7,1
11117,104884,0.4,0,3,6,5,1
11118,104886,-0.52,0,1,4,2,1
11119,104888,-0.52,0,1,4,2,1
11120,104895,1.93,0,6,9,7,1
11121,104920,4.7,0,13,16,25,1
11122,104935,4.2,0,11,14,15,1
11123,104937,-0.52,0,1,4,2,1
11124,104946,1.81,0,6,9,9,1
11125,104948,-0.52,0,1,4,2,1
11126,104986,5.02,0,15,18,38,1
11127,104987,-1.01,0,0,3,1,1
11128,104998,2.79,0,8,11,11,1
11129,105017,5.61,0,14,17,19,1
11130,105020,-0.03,0,2,5,3,1
11131,105021,-1.01,0,0,3,1,1
11132,105023,-0.52,0,1,4,2,1
11133,105027,0.46,0,3,6,4,1
11134,105061,5.26,0,15,18,34,1
11135,105069,2.42,0,7,10,8,1
11136,105075,0.89,0,4,7,6,1
11137,105093,5.12,0,13,16,18,1
11138,105094,-1.01,0,0,3,1,1
11139,105114,4.45,0,12,15,20,1
11140,105123,1.81,0,6,9,9,1
11141,105124,-1.01,0,0,3,1,1
11142,105127,-0.03,0,2,5,3,1
11143,105129,-0.52,0,1,4,2,1
11144,105135,0.89,0,4,7,6,1
11145,105142,1.93,0,6,9,7,1
11146,105152,2.3,0,7,10,10,1
11147,105153,-1.01,0,0,3,1,1
11148,105164,2.24,0,7,10,11,1
11149,105187,4.82,0,13,16,23,1
11150,105207,5.55,0,14,17,20,1
11151,105208,-1.01,0,0,3,1,1
11152,105212,0.46,0,3,6,4,1
11153,105214,-0.52,0,1,4,2,1
11154,105217,-0.03,0,2,5,3,1
11155,105219,-0.52,0,1,4,2,1
11156,105224,0.95,0,4,7,5,1
11157,105225,-1.01,0,0,3,1,1
11158,105229,0.46,0,3,6,4,1
11159,105236,1.93,0,6,9,7,1
11160,105241,0.4,0,3,6,5,1
11161,105245,0.46,0,3,6,4,1
11162,105254,2.36,0,7,10,9,1
11163,105258,-0.09,0,2,5,4,1
11164,105264,1.44,0,5,8,6,1
11165,105279,4.2,0,11,14,15,1
11166,105283,0.46,0,3,6,4,1
11167,105285,-0.52,0,1,4,2,1
11168,105316,4.89,0,14,17,31,1
11169,105381,5.6,0,19,22,65,1
11170,105391,1.75,0,6,9,10,1
11171,105399,1.87,0,6,9,8,1
11172,105400,-1.01,0,0,3,1,1
11173,105403,-0.03,0,2,5,3,1
11174,105418,4.75,0,12,15,15,1
11175,105429,2.24,0,7,10,11,1
11176,105441,3.28,0,9,12,12,1
11177,105483,4.78,0,15,18,42,1
11178,105493,2.85,0,8,11,10,1
11179,105496,-0.03,0,2,5,3,1
11180,105507,2.24,0,7,10,11,1
11181,105512,0.95,0,4,7,5,1
11182,105514,-0.52,0,1,4,2,1
11183,105521,1.38,0,5,8,7,1
11184,105524,-0.03,0,2,5,3,1
11185,105525,-1.01,0,0,3,1,1
11186,105537,3.28,0,9,12,12,1
11187,105547,1.2,0,5,8,10,1
11188,105552,0.95,0,4,7,5,1
11189,105565,3.77,0,10,13,13,1
11190,105566,-1.01,0,0,3,1,1
11191,105569,-0.03,0,2,5,3,1
11192,105582,3.22,0,9,12,13,1
11193,105583,-1.01,0,0,3,1,1
11194,105596,3.22,0,9,12,13,1
11195,105603,1.38,0,5,8,7,1
11196,105605,-0.52,0,1,4,2,1
11197,105610,0.95,0,4,7,5,1
11198,105631,4.39,0,12,15,21,1
11199,105636,0.95,0,4,7,5,1
11200,105662,4.64,0,13,16,26,1
11201,105665,-0.03,0,2,5,3,1
11202,105670,0.4,0,3,6,5,1
11203,105671,-1.01,0,0,3,1,1
11204,105672,-1.01,0,0,3,1,1
11205,105675,-0.03,0,2,5,3,1
11206,105680,0.95,0,4,7,5,1
11207,105692,1.63,0,6,9,12,1
11208,105694,-0.52,0,1,4,2,1
11209,105697,-0.58,0,1,4,3,1
11210,105700,-0.03,0,2,5,3,1
11211,105703,-0.03,0,2,5,3,1
11212,105709,1.44,0,5,8,6,1
11213,105715,1.44,0,5,8,6,1
11214,105729,3.16,0,9,12,14,1
11215,105732,-0.03,0,2,5,3,1
11216,105733,-1.01,0,0,3,1,1
11217,105751,5.12,0,13,16,18,1
11218,105772,3.29,0,10,13,21,1
11219,105786,4.26,0,11,14,14,1
11220,105798,2.73,0,8,11,12,1
11221,105805,1.38,0,5,8,7,1
11222,105807,-0.52,0,1,4,2,1
11223,105809,-0.52,0,1,4,2,1
11224,105820,1.69,0,6,9,11,1
11225,105825,0.95,0,4,7,5,1
11226,105834,2.91,0,8,11,9,1
11227,105856,5.98,0,15,18,22,1
11228,105859,-0.03,0,2,5,3,1
11229,105865,0.89,0,4,7,6,1
11230,105872,1.38,0,5,8,7,1
11231,105892,5.0,0,13,16,20,1
11232,105925,5.87,0,16,19,33,1
11233,105932,1.93,0,6,9,7,1
11234,105940,2.42,0,7,10,8,1
11235,105952,2.18,0,7,10,12,1
11236,105958,1.44,0,5,8,6,1
11237,105968,2.85,0,8,11,10,1
11238,105969,-1.01,0,0,3,1,1
11239,105979,2.3,0,7,10,10,1
11240,106000,4.94,0,13,16,21,1
11241,106002,-0.52,0,1,4,2,1
11242,106004,-0.52,0,1,4,2,1
11243,106008,0.46,0,3,6,4,1
11244,106015,1.38,0,5,8,7,1
11245,106018,-0.03,0,2,5,3,1
11246,106020,-0.52,0,1,4,2,1
11247,106029,2.36,0,7,10,9,1
11248,106051,4.88,0,13,16,22,1
11249,106054,-0.03,0,2,5,3,1
11250,106077,4.27,0,12,15,23,1
11251,106078,-1.01,0,0,3,1,1
11252,106092,3.71,0,10,13,14,1
11253,106103,3.89,0,10,13,11,1
11254,106111,1.32,0,5,8,8,1
11255,106112,-1.01,0,0,3,1,1
11256,106121,1.26,0,5,8,9,1
11257,106129,1.87,0,6,9,8,1
11258,106134,-0.15,0,2,5,5,1
11259,106135,-1.01,0,0,3,1,1
11260,106138,-0.03,0,2,5,3,1
11261,106148,2.85,0,8,11,10,1
11262,106174,4.64,0,13,16,26,1
11263,106177,-0.03,0,2,5,3,1
11264,106180,-0.03,0,2,5,3,1
11265,106182,-0.52,0,1,4,2,1
11266,106189,1.38,0,5,8,7,1
11267,106194,0.95,0,4,7,5,1
11268,106198,0.46,0,3,6,4,1
11269,106217,3.41,0,10,13,19,1
11270,106222,0.95,0,4,7,5,1
11271,106224,-0.52,0,1,4,2,1
11272,106238,2.06,0,7,10,14,1
11273,106239,-1.01,0,0,3,1,1
11274,106244,0.95,0,4,7,5,1
11275,106245,-1.01,0,0,3,1,1
11276,106249,0.46,0,3,6,4,1
11277,106257,2.42,0,7,10,8,1
11278,106267,2.85,0,8,11,10,1
11279,106272,0.95,0,4,7,5,1
11280,106281,2.36,0,7,10,9,1
11281,106289,1.32,0,5,8,8,1
11282,106306,4.08,0,11,14,17,1
11283,106310,0.46,0,3,6,4,1
11284,106314,0.46,0,3,6,4,1
11285,106316,-0.52,0,1,4,2,1
11286,106317,-1.01,0,0,3,1,1
11287,106335,4.02,0,11,14,18,1
11288,106338,-0.03,0,2,5,3,1
11289,106344,0.89,0,4,7,6,1
11290,106348,0.46,0,3,6,4,1
11291,106376,5.07,0,14,17,28,1
11292,106393,2.98,0,9,12,17,1
11293,106405,2.73,0,8,11,12,1
11294,106411,1.44,0,5,8,6,1
11295,106433,4.33,0,12,15,22,1
11296,106452,3.41,0,10,13,19,1
11297,106459,1.93,0,6,9,7,1
11298,106464,0.4,0,3,6,5,1
11299,106482,3.47,0,10,13,18,1
11300,106513,5.44,0,15,18,31,1
11301,106518,0.95,0,4,7,5,1
11302,106522,0.46,0,3,6,4,1
11303,106523,-1.01,0,0,3,1,1
11304,106526,-0.03,0,2,5,3,1
11305,106529,-0.03,0,2,5,3,1
11306,106546,3.53,0,10,13,17,1
11307,106547,-1.01,0,0,3,1,1
11308,106552,0.4,0,3,6,5,1
11309,106554,-0.52,0,1,4,2,1
11310,106557,-0.03,0,2,5,3,1
11311,106572,3.1,0,9,12,15,1
11312,106576,0.46,0,3,6,4,1
11313,106593,3.53,0,10,13,17,1
11314,106603,2.3,0,7,10,10,1
11315,106632,7.21,0,18,21,29,1
11316,106634,-0.52,0,1,4,2,1
11317,106637,-0.03,0,2,5,3,1
11318,106644,1.93,0,6,9,7,1
11319,106648,0.46,0,3,6,4,1
11320,106656,1.32,0,5,8,8,1
11321,106663,1.38,0,5,8,7,1
11322,106676,2.67,0,8,11,13,1
11323,106691,3.65,0,10,13,15,1
11324,106707,3.59,0,10,13,16,1
11325,106722,3.1,0,9,12,15,1
11326,106724,-0.52,0,1,4,2,1
11327,106726,-0.52,0,1,4,2,1
11328,106743,3.53,0,10,13,17,1
11329,106750,1.93,0,6,9,7,1
11330,106755,0.95,0,4,7,5,1
11331,106760,0.95,0,4,7,5,1
11332,106762,-0.52,0,1,4,2,1
11333,106768,1.44,0,5,8,6,1
11334,106779,2.24,0,7,10,11,1
11335,106780,-1.01,0,0,3,1,1
11336,106792,3.83,0,10,13,12,1
11337,106805,4.32,0,11,14,13,1
11338,106814,2.91,0,8,11,9,1
11339,106816,-0.52,0,1,4,2,1
11340,106829,3.22,0,9,12,13,1
11341,106831,-0.52,0,1,4,2,1
11342,106837,0.89,0,4,7,6,1
11343,106844,1.93,0,6,9,7,1
11344,106863,3.96,0,11,14,19,1
11345,106865,-0.52,0,1,4,2,1
11346,106868,-0.58,0,1,4,3,1
11347,106881,3.22,0,9,12,13,1
11348,106887,1.44,0,5,8,6,1
11349,106898,1.69,0,6,9,11,1
11350,106923,4.7,0,13,16,25,1
11351,106933,1.75,0,6,9,10,1
11352,106935,-0.52,0,1,4,2,1
11353,106938,-0.03,0,2,5,3,1
11354,106945,1.38,0,5,8,7,1
11355,106975,6.05,0,16,19,30,1
11356,106981,1.44,0,5,8,6,1
11357,106984,-0.03,0,2,5,3,1
11358,106985,-1.01,0,0,3,1,1
11359,106999,3.71,0,10,13,14,1
11360,107001,-0.52,0,1,4,2,1
11361,107005,0.46,0,3,6,4,1
11362,107011,1.44,0,5,8,6,1
11363,107019,0.77,0,4,7,8,1
11364,107020,-1.01,0,0,3,1,1
11365,107024,-0.09,0,2,5,4,1
11366,107025,-1.01,0,0,3,1,1
11367,107033,1.87,0,6,9,8,1
11368,107044,1.69,0,6,9,11,1
11369,107049,0.4,0,3,6,5,1
11370,107069,4.45,0,12,15,20,1
11371,107074,0.95,0,4,7,5,1
11372,107082,2.42,0,7,10,8,1
11373,107085,-0.03,0,2,5,3,1
11374,107095,2.85,0,8,11,10,1
11375,107098,-0.03,0,2,5,3,1
11376,107118,3.9,0,11,14,20,1
11377,107120,-0.52,0,1,4,2,1
11378,107127,0.83,0,4,7,7,1
11379,107136,2.36,0,7,10,9,1
11380,107138,-0.52,0,1,4,2,1
11381,107182,7.41,0,20,23,44,1
11382,107196,4.26,0,11,14,14,1
11383,107221,4.7,0,13,16,25,1
11384,107224,-0.03,0,2,5,3,1
11385,107230,0.34,0,3,6,6,1
11386,107231,-1.01,0,0,3,1,1
11387,107236,0.95,0,4,7,5,1
11388,107237,-1.01,0,0,3,1,1
11389,107260,6.47,0,16,19,23,1
11390,107261,-1.01,0,0,3,1,1
11391,107262,-1.01,0,0,3,1,1
11392,107268,1.44,0,5,8,6,1
11393,107270,-0.52,0,1,4,2,1
11394,107279,2.36,0,7,10,9,1
11395,107286,1.93,0,6,9,7,1
11396,107288,-0.52,0,1,4,2,1
11397,107289,-1.01,0,0,3,1,1
11398,107294,0.95,0,4,7,5,1
11399,107301,1.38,0,5,8,7,1
11400,107306,0.95,0,4,7,5,1
11401,107310,0.46,0,3,6,4,1
11402,107311,-1.01,0,0,3,1,1
11403,107315,0.46,0,3,6,4,1
11404,107318,-0.03,0,2,5,3,1
11405,107319,-1.01,0,0,3,1,1
11406,107321,-0.52,0,1,4,2,1
11407,107327,1.44,0,5,8,6,1
11408,107332,-0.15,0,2,5,5,1
11409,107333,-1.01,0,0,3,1,1
11410,107337,0.46,0,3,6,4,1
11411,107341,0.46,0,3,6,4,1
11412,107344,-0.03,0,2,5,3,1
11413,107346,-0.52,0,1,4,2,1
11414,107353,1.38,0,5,8,7,1
11415,107360,1.93,0,6,9,7,1
11416,107376,4.69,0,12,15,16,1
11417,107381,0.4,0,3,6,5,1
11418,107388,1.93,0,6,9,7,1
11419,107391,-0.03,0,2,5,3,1
11420,107392,-1.01,0,0,3,1,1
11421,107393,-1.01,0,0,3,1,1
11422,107409,4.14,0,11,14,16,1
11423,107431,4.88,0,13,16,22,1
11424,107458,5.68,0,15,18,27,1
11425,107461,-0.03,0,2,5,3,1
11426,107492,6.54,0,17,20,31,1
11427,107494,-0.52,0,1,4,2,1
11428,107504,2.85,0,8,11,10,1
11429,107512,1.87,0,6,9,8,1
11430,107544,5.93,0,16,19,32,1
11431,107545,-1.01,0,0,3,1,1
11432,107551,0.89,0,4,7,6,1
11433,107553,-0.52,0,1,4,2,1
11434,107562,2.36,0,7,10,9,1
11435,107567,0.95,0,4,7,5,1
11436,107571,0.46,0,3,6,4,1
11437,107585,4.81,0,12,15,14,1
11438,107587,-0.52,0,1,4,2,1
11439,107624,6.18,0,17,20,37,1
11440,107632,1.87,0,6,9,8,1
11441,107650,4.57,0,12,15,18,1
11442,107656,0.34,0,3,6,6,1
11443,107659,-0.03,0,2,5,3,1
11444,107661,-0.52,0,1,4,2,1
11445,107663,-0.52,0,1,4,2,1
11446,107669,0.89,0,4,7,6,1
11447,107684,4.2,0,11,14,15,1
11448,107686,-0.52,0,1,4,2,1
11449,107689,-0.03,0,2,5,3,1
11450,107700,3.89,0,10,13,11,1
11451,107702,-0.52,0,1,4,2,1
11452,107711,1.81,0,6,9,9,1
11453,107742,6.54,0,17,20,31,1
11454,107755,3.22,0,9,12,13,1
11455,107760,0.95,0,4,7,5,1
11456,107767,1.38,0,5,8,7,1
11457,107791,5.86,0,15,18,24,1
11458,107796,0.95,0,4,7,5,1
11459,107819,5.37,0,14,17,23,1
11460,107837,5.12,0,13,16,18,1
11461,107838,-1.01,0,0,3,1,1
11462,107845,1.38,0,5,8,7,1
11463,107849,0.46,0,3,6,4,1
11464,107853,-0.09,0,2,5,4,1
11465,107867,3.16,0,9,12,14,1
11466,107871,0.46,0,3,6,4,1
11467,107876,0.95,0,4,7,5,1
11468,107877,-1.01,0,0,3,1,1
11469,107885,1.87,0,6,9,8,1
11470,107890,0.4,0,3,6,5,1
11471,107892,-0.52,0,1,4,2,1
11472,107900,2.42,0,7,10,8,1
11473,107903,-0.03,0,2,5,3,1
11474,107915,3.28,0,9,12,12,1
11475,107941,7.39,0,18,21,26,1
11476,107946,0.95,0,4,7,5,1
11477,107949,-0.03,0,2,5,3,1
11478,107954,0.95,0,4,7,5,1
11479,107961,1.38,0,5,8,7,1
11480,107967,1.44,0,5,8,6,1
11481,107968,-1.01,0,0,3,1,1
11482,107970,-0.52,0,1,4,2,1
11483,107972,-0.52,0,1,4,2,1
11484,107980,2.42,0,7,10,8,1
11485,107990,2.85,0,8,11,10,1
11486,108001,3.89,0,10,13,11,1
11487,108007,0.89,0,4,7,6,1
11488,108008,-1.01,0,0,3,1,1
11489,108034,4.09,0,12,15,26,1
11490,108041,1.93,0,6,9,7,1
11491,108047,1.44,0,5,8,6,1
11492,108055,1.87,0,6,9,8,1
11493,108068,4.32,0,11,14,13,1
11494,108091,3.72,0,11,14,23,1
11495,108108,3.53,0,10,13,17,1
11496,108129,3.84,0,11,14,21,1
11497,108138,2.91,0,8,11,9,1
11498,108139,-1.01,0,0,3,1,1
11499,108142,-0.03,0,2,5,3,1
11500,108144,-0.52,0,1,4,2,1
11501,108149,0.95,0,4,7,5,1
11502,108157,1.87,0,6,9,8,1
11503,108169,3.28,0,9,12,12,1
11504,108181,4.38,0,11,14,12,1
11505,108191,2.85,0,8,11,10,1
11506,108213,5.43,0,14,17,22,1
11507,108224,2.79,0,8,11,11,1
11508,108226,-0.52,0,1,4,2,1
11509,108228,-0.52,0,1,4,2,1
11510,108233,0.4,0,3,6,5,1
11511,108235,-0.52,0,1,4,2,1
11512,108247,3.28,0,9,12,12,1
11513,108252,0.95,0,4,7,5,1
11514,108261,2.36,0,7,10,9,1
11515,108284,5.37,0,14,17,23,1
11516,108288,0.46,0,3,6,4,1
11517,108307,5.61,0,14,17,19,1
11518,108315,1.32,0,5,8,8,1
11519,108348,6.42,0,17,20,33,1
11520,108354,1.44,0,5,8,6,1
11521,108356,-0.52,0,1,4,2,1
11522,108361,0.95,0,4,7,5,1
11523,108366,0.95,0,4,7,5,1
11524,108379,3.22,0,9,12,13,1
11525,108382,-0.03,0,2,5,3,1
11526,108387,0.4,0,3,6,5,1
11527,108396,1.81,0,6,9,9,1
11528,108402,1.44,0,5,8,6,1
11529,108406,0.46,0,3,6,4,1
11530,108408,-0.52,0,1,4,2,1
11531,108443,5.75,0,16,19,35,1
11532,108448,0.95,0,4,7,5,1
11533,108468,5.0,0,13,16,20,1
11534,108486,4.02,0,11,14,18,1
11535,108497,2.79,0,8,11,11,1
11536,108498,-1.01,0,0,3,1,1
11537,108508,2.3,0,7,10,10,1
11538,108511,-0.03,0,2,5,3,1
11539,108520,1.81,0,6,9,9,1
11540,108524,0.46,0,3,6,4,1
11541,108531,1.38,0,5,8,7,1
11542,108534,-0.03,0,2,5,3,1
11543,108535,-1.01,0,0,3,1,1
11544,108545,2.3,0,7,10,10,1
11545,108568,5.92,0,15,18,23,1
11546,108579,3.89,0,10,13,11,1
11547,108586,1.93,0,6,9,7,1
11548,108600,2.61,0,8,11,14,1
11549,108610,2.3,0,7,10,10,1
11550,108624,5.36,0,13,16,14,1
11551,108625,-1.01,0,0,3,1,1
11552,108651,6.29,0,16,19,26,1
11553,108670,3.41,0,10,13,19,1
11554,108675,0.4,0,3,6,5,1
11555,108680,0.95,0,4,7,5,1
11556,108697,5.18,0,13,16,17,1
11557,108699,-0.52,0,1,4,2,1
11558,108703,0.46,0,3,6,4,1
11559,108704,-1.01,0,0,3,1,1
11560,108705,-1.01,0,0,3,1,1
11561,108725,5.55,0,14,17,20,1
11562,108728,-0.03,0,2,5,3,1
11563,108743,4.2,0,11,14,15,1
11564,108745,-0.52,0,1,4,2,1
11565,108748,-0.03,0,2,5,3,1
11566,108766,5.12,0,13,16,18,1
11567,108773,1.93,0,6,9,7,1
11568,108787,3.71,0,10,13,14,1
11569,108803,4.69,0,12,15,16,1
11570,108813,2.85,0,8,11,10,1
11571,108821,1.87,0,6,9,8,1
11572,108828,1.38,0,5,8,7,1
11573,108847,4.51,0,12,15,19,1
11574,108868,4.94,0,13,16,21,1
11575,108870,-0.52,0,1,4,2,1
11576,108879,1.81,0,6,9,9,1
11577,108888,1.81,0,6,9,9,1
11578,108911,8.12,0,19,22,23,1
11579,108917,0.89,0,4,7,6,1
11580,108921,0.46,0,3,6,4,1
11581,108924,-0.03,0,2,5,3,1
11582,108926,-0.52,0,1,4,2,1
11583,108932,0.89,0,4,7,6,1
11584,108946,4.26,0,11,14,14,1
11585,108969,2.62,0,9,12,23,1
11586,108990,4.39,0,12,15,21,1
11587,108992,-0.52,0,1,4,2,1
11588,109003,3.34,0,9,12,11,1
11589,109004,-1.01,0,0,3,1,1
11590,109012,2.42,0,7,10,8,1
11591,109013,-1.01,0,0,3,1,1
11592,109020,1.93,0,6,9,7,1
11593,109028,1.87,0,6,9,8,1
11594,109036,2.42,0,7,10,8,1
11595,109045,2.36,0,7,10,9,1
11596,109046,-1.01,0,0,3,1,1
11597,109047,-1.01,0,0,3,1,1
11598,109048,-1.01,0,0,3,1,1
11599,109051,-0.03,0,2,5,3,1
11600,109053,-0.52,0,1,4,2,1
11601,109064,2.24,0,7,10,11,1
11602,109076,3.83,0,10,13,12,1
11603,109077,-1.01,0,0,3,1,1
11604,109084,1.93,0,6,9,7,1
11605,109090,1.44,0,5,8,6,1
11606,109096,1.44,0,5,8,6,1
11607,109098,-0.52,0,1,4,2,1
11608,109122,8.06,0,19,22,24,1
11609,109128,1.44,0,5,8,6,1
11610,109131,-0.03,0,2,5,3,1
11611,109137,1.44,0,5,8,6,1
11612,109152,3.65,0,10,13,15,1
11613,109153,-1.01,0,0,3,1,1
11614,109159,1.44,0,5,8,6,1
11615,109167,2.42,0,7,10,8,1
11616,109192,5.25,0,14,17,25,1
11617,109196,0.46,0,3,6,4,1
11618,109202,0.89,0,4,7,6,1
11619,109208,1.44,0,5,8,6,1
11620,109219,1.69,0,6,9,11,1
11621,109238,3.96,0,11,14,19,1
11622,109266,6.72,0,17,20,28,1
11623,109269,-0.03,0,2,5,3,1
11624,109288,4.51,0,12,15,19,1
11625,109305,5.18,0,13,16,17,1
11626,109306,-1.01,0,0,3,1,1
11627,109307,-1.01,0,0,3,1,1
11628,109311,0.46,0,3,6,4,1
11629,109321,3.4,0,9,12,10,1
11630,109329,1.32,0,5,8,8,1
11631,109330,-1.01,0,0,3,1,1
11632,109332,-0.52,0,1,4,2,1
11633,109336,0.46,0,3,6,4,1
11634,109341,0.95,0,4,7,5,1
11635,109352,2.79,0,8,11,11,1
11636,109371,5.61,0,14,17,19,1
11637,109381,2.85,0,8,11,10,1
11638,109384,-0.03,0,2,5,3,1
11639,109405,4.94,0,13,16,21,1
11640,109409,0.46,0,3,6,4,1
11641,109417,1.87,0,6,9,8,1
11642,109419,-0.52,0,1,4,2,1
11643,109421,-0.52,0,1,4,2,1
11644,109425,0.46,0,3,6,4,1
11645,109430,0.95,0,4,7,5,1
11646,109438,2.42,0,7,10,8,1
11647,109439,-1.01,0,0,3,1,1
11648,109440,-1.01,0,0,3,1,1
11649,109441,-1.01,0,0,3,1,1
11650,109447,1.44,0,5,8,6,1
11651,109449,-0.52,0,1,4,2,1
11652,109464,4.2,0,11,14,15,1
11653,109475,2.24,0,7,10,11,1
11654,109478,-0.03,0,2,5,3,1
11655,109489,1.69,0,6,9,11,1
11656,109497,1.32,0,5,8,8,1
11657,109512,3.1,0,9,12,15,1
11658,109527,3.65,0,10,13,15,1
11659,109542,3.1,0,9,12,15,1
11660,109544,-0.52,0,1,4,2,1
11661,109550,1.44,0,5,8,6,1
11662,109559,2.91,0,8,11,9,1
11663,109566,0.83,0,4,7,7,1
11664,109597,3.79,0,12,15,31,1
11665,109599,-0.52,0,1,4,2,1
11666,109601,-0.52,0,1,4,2,1
11667,109603,-0.52,0,1,4,2,1
11668,109654,5.89,0,18,21,51,1
11669,109658,-0.09,0,2,5,4,1
11670,109660,-0.52,0,1,4,2,1
11671,109662,-0.52,0,1,4,2,1
11672,109677,2.55,0,8,11,15,1
11673,109703,4.64,0,13,16,26,1
11674,109716,2.67,0,8,11,13,1
11675,109719,-0.03,0,2,5,3,1
11676,109746,6.23,0,16,19,27,1
11677,109754,2.42,0,7,10,8,1
11678,109757,-0.03,0,2,5,3,1
11679,109760,-0.03,0,2,5,3,1
11680,109762,-0.52,0,1,4,2,1
11681,109783,3.84,0,11,14,21,1
11682,109792,1.26,0,5,8,9,1
11683,109804,2.73,0,8,11,12,1
11684,109817,3.77,0,10,13,13,1
11685,109819,-0.52,0,1,4,2,1
11686,109827,1.87,0,6,9,8,1
11687,109829,-0.52,0,1,4,2,1
11688,109839,3.4,0,9,12,10,1
11689,109845,1.44,0,5,8,6,1
11690,109858,4.32,0,11,14,13,1
11691,109864,0.34,0,3,6,6,1
11692,109870,1.44,0,5,8,6,1
11693,109872,-0.52,0,1,4,2,1
11694,109873,-1.01,0,0,3,1,1
11695,109877,0.46,0,3,6,4,1
11696,109884,0.83,0,4,7,7,1
11697,109891,1.38,0,5,8,7,1
11698,109893,-0.52,0,1,4,2,1
11699,109895,-0.52,0,1,4,2,1
11700,109921,6.84,0,17,20,26,1
11701,109922,-1.01,0,0,3,1,1
11702,109929,1.38,0,5,8,7,1
11703,109937,1.87,0,6,9,8,1
11704,109939,-0.52,0,1,4,2,1
11705,109942,-0.03,0,2,5,3,1
11706,109952,2.85,0,8,11,10,1
11707,109960,1.87,0,6,9,8,1
11708,109961,-1.01,0,0,3,1,1
11709,109963,-0.52,0,1,4,2,1
11710,109965,-0.52,0,1,4,2,1
11711,109966,-1.01,0,0,3,1,1
11712,109967,-1.01,0,0,3,1,1
11713,109971,0.46,0,3,6,4,1
11714,109972,-1.01,0,0,3,1,1
11715,109974,-0.52,0,1,4,2,1
11716,109977,-0.03,0,2,5,3,1
11717,109990,3.77,0,10,13,13,1
11718,109996,0.89,0,4,7,6,1
11719,110013,3.53,0,10,13,17,1
11720,110025,3.28,0,9,12,12,1
11721,110027,-0.52,0,1,4,2,1
11722,110039,2.18,0,7,10,12,1
11723,110043,0.46,0,3,6,4,1
11724,110045,-0.52,0,1,4,2,1
11725,110058,3.77,0,10,13,13,1
11726,110069,3.89,0,10,13,11,1
11727,110071,-0.52,0,1,4,2,1
11728,110075,0.46,0,3,6,4,1
11729,110081,1.44,0,5,8,6,1
11730,110084,-0.03,0,2,5,3,1
11731,110085,-1.01,0,0,3,1,1
11732,110090,0.4,0,3,6,5,1
11733,110109,5.06,0,13,16,19,1
11734,110116,1.38,0,5,8,7,1
11735,110124,2.42,0,7,10,8,1
11736,110144,5.55,0,14,17,20,1
11737,110153,2.36,0,7,10,9,1
11738,110157,0.46,0,3,6,4,1
11739,110163,0.89,0,4,7,6,1
11740,110171,2.42,0,7,10,8,1
11741,110191,2.8,0,9,12,20,1
11742,110195,-0.09,0,2,5,4,1
11743,110199,0.46,0,3,6,4,1
11744,110211,3.28,0,9,12,12,1
11745,110212,-1.01,0,0,3,1,1
11746,110219,1.93,0,6,9,7,1
11747,110220,-1.01,0,0,3,1,1
11748,110238,3.47,0,10,13,18,1
11749,110255,4.63,0,12,15,17,1
11750,110269,3.16,0,9,12,14,1
11751,110270,-1.01,0,0,3,1,1
11752,110280,2.85,0,8,11,10,1
11753,110298,5.12,0,13,16,18,1
11754,110340,6.98,0,19,22,42,1
11755,110341,-1.01,0,0,3,1,1
11756,110349,1.87,0,6,9,8,1
11757,110362,3.77,0,10,13,13,1
11758,110368,0.89,0,4,7,6,1
11759,110372,-0.09,0,2,5,4,1
11760,110376,-0.09,0,2,5,4,1
11761,110379,-0.03,0,2,5,3,1
11762,110381,-0.52,0,1,4,2,1
11763,110389,1.87,0,6,9,8,1
11764,110390,-1.01,0,0,3,1,1
11765,110393,-0.03,0,2,5,3,1
11766,110402,1.81,0,6,9,9,1
11767,110409,1.93,0,6,9,7,1
11768,110410,-1.01,0,0,3,1,1
11769,110427,4.08,0,11,14,17,1
11770,110451,4.21,0,12,15,24,1
11771,110465,2.61,0,8,11,14,1
11772,110469,0.46,0,3,6,4,1
11773,110470,-1.01,0,0,3,1,1
11774,110473,-0.03,0,2,5,3,1
11775,110474,-1.01,0,0,3,1,1
11776,110489,3.1,0,9,12,15,1
11777,110497,1.87,0,6,9,8,1
11778,110498,-1.01,0,0,3,1,1
11779,110510,2.73,0,8,11,12,1
11780,110529,4.51,0,12,15,19,1
11781,110531,-0.52,0,1,4,2,1
11782,110535,0.46,0,3,6,4,1
11783,110555,2.8,0,9,12,20,1
11784,110565,1.75,0,6,9,10,1
11785,110566,-1.01,0,0,3,1,1
11786,110571,0.4,0,3,6,5,1
11787,110572,-1.01,0,0,3,1,1
11788,110577,0.95,0,4,7,5,1
11789,110585,2.42,0,7,10,8,1
11790,110586,-1.01,0,0,3,1,1
11791,110598,3.28,0,9,12,12,1
11792,110624,5.19,0,14,17,26,1
11793,110649,6.35,0,16,19,25,1
11794,110659,2.3,0,7,10,10,1
11795,110664,0.95,0,4,7,5,1
11796,110671,1.93,0,6,9,7,1
11797,110702,8.19,0,20,23,31,1
11798,110706,0.46,0,3,6,4,1
11799,110709,-0.03,0,2,5,3,1
11800,110717,1.87,0,6,9,8,1
11801,110720,-0.03,0,2,5,3,1
11802,110725,0.95,0,4,7,5,1
11803,110727,-0.52,0,1,4,2,1
11804,110729,-0.52,0,1,4,2,1
11805,110741,3.28,0,9,12,12,1
11806,110742,-1.01,0,0,3,1,1
11807,110749,1.93,0,6,9,7,1
11808,110756,1.93,0,6,9,7,1
11809,110757,-1.01,0,0,3,1,1
11810,110774,4.63,0,12,15,17,1
11811,110784,2.85,0,8,11,10,1
11812,110805,6.04,0,15,18,21,1
11813,110810,0.95,0,4,7,5,1
11814,110814,0.46,0,3,6,4,1
11815,110826,2.18,0,7,10,12,1
11816,110832,1.44,0,5,8,6,1
11817,110833,-1.01,0,0,3,1,1
11818,110837,-0.09,0,2,5,4,1
11819,110842,0.95,0,4,7,5,1
11820,110863,4.94,0,13,16,21,1
11821,110871,1.87,0,6,9,8,1
11822,110886,4.2,0,11,14,15,1
11823,110895,1.26,0,5,8,9,1
11824,110898,-0.03,0,2,5,3,1
11825,110907,1.26,0,5,8,9,1
11826,110919,3.28,0,9,12,12,1
11827,110927,1.87,0,6,9,8,1
11828,110931,0.46,0,3,6,4,1
11829,110934,-0.03,0,2,5,3,1
11830,110938,0.46,0,3,6,4,1
11831,110949,3.34,0,9,12,11,1
11832,110966,3.53,0,10,13,17,1
11833,110969,-0.03,0,2,5,3,1
11834,110970,-1.01,0,0,3,1,1
11835,110977,1.38,0,5,8,7,1
11836,110982,0.95,0,4,7,5,1
11837,110983,-1.01,0,0,3,1,1
11838,110986,-0.03,0,2,5,3,1
11839,111003,4.08,0,11,14,17,1
11840,111013,2.3,0,7,10,10,1
11841,111025,3.83,0,10,13,12,1
11842,111026,-1.01,0,0,3,1,1
11843,111027,-1.01,0,0,3,1,1
11844,111037,3.4,0,9,12,10,1
11845,111043,1.44,0,5,8,6,1
11846,111052,2.36,0,7,10,9,1
11847,111054,-0.52,0,1,4,2,1
11848,111057,-0.03,0,2,5,3,1
11849,111063,1.44,0,5,8,6,1
11850,111065,-0.52,0,1,4,2,1
11851,111071,1.44,0,5,8,6,1
11852,111079,2.42,0,7,10,8,1
11853,111090,3.34,0,9,12,11,1
11854,111092,-0.52,0,1,4,2,1
11855,111095,-0.03,0,2,5,3,1
11856,111109,4.26,0,11,14,14,1
11857,111122,3.77,0,10,13,13,1
11858,111128,0.89,0,4,7,6,1
11859,111135,1.38,0,5,8,7,1
11860,111136,-1.01,0,0,3,1,1
11861,111143,1.93,0,6,9,7,1
11862,111150,1.93,0,6,9,7,1
11863,111188,5.57,0,16,19,38,1
11864,111196,1.87,0,6,9,8,1
11865,111213,4.63,0,12,15,17,1
11866,111216,-0.03,0,2,5,3,1
11867,111220,0.46,0,3,6,4,1
11868,111227,0.83,0,4,7,7,1
11869,111229,-0.52,0,1,4,2,1
11870,111230,-1.01,0,0,3,1,1
11871,111231,-1.01,0,0,3,1,1
11872,111248,4.08,0,11,14,17,1
11873,111259,3.34,0,9,12,11,1
11874,111264,0.4,0,3,6,5,1
11875,111265,-1.01,0,0,3,1,1
11876,111272,1.38,0,5,8,7,1
11877,111280,0.77,0,4,7,8,1
11878,111281,-1.01,0,0,3,1,1
11879,111288,1.38,0,5,8,7,1
11880,111292,0.46,0,3,6,4,1
11881,111332,4.9,0,15,18,40,1
11882,111358,5.74,0,15,18,26,1
11883,111368,2.85,0,8,11,10,1
11884,111375,0.28,0,3,6,7,1
11885,111376,-1.01,0,0,3,1,1
11886,111386,2.85,0,8,11,10,1
11887,111389,-0.03,0,2,5,3,1
11888,111410,4.94,0,13,16,21,1
11889,111462,6.38,0,19,22,52,1
11890,111463,-1.01,0,0,3,1,1
11891,111467,-0.09,0,2,5,4,1
11892,111488,5.49,0,14,17,21,1
11893,111491,-0.03,0,2,5,3,1
11894,111493,-0.52,0,1,4,2,1
11895,111500,1.38,0,5,8,7,1
11896,111508,1.32,0,5,8,8,1
11897,111520,3.28,0,9,12,12,1
11898,111540,5.0,0,13,16,20,1
11899,111541,-1.01,0,0,3,1,1
11900,111545,0.46,0,3,6,4,1
11901,111547,-0.52,0,1,4,2,1
11902,111562,4.2,0,11,14,15,1
11903,111566,0.46,0,3,6,4,1
11904,111568,-0.52,0,1,4,2,1
11905,111570,-0.52,0,1,4,2,1
11906,111598,4.52,0,13,16,28,1
11907,111602,0.46,0,3,6,4,1
11908,111622,3.9,0,11,14,20,1
11909,111631,1.81,0,6,9,9,1
11910,111643,3.83,0,10,13,12,1
11911,111647,-0.09,0,2,5,4,1
11912,111665,5.12,0,13,16,18,1
11913,111678,3.77,0,10,13,13,1
11914,111679,-1.01,0,0,3,1,1
11915,111689,2.85,0,8,11,10,1
11916,111692,-0.03,0,2,5,3,1
11917,111707,4.75,0,12,15,15,1
11918,111720,2.67,0,8,11,13,1
11919,111724,0.46,0,3,6,4,1
11920,111737,3.22,0,9,12,13,1
11921,111746,1.26,0,5,8,9,1
11922,111749,-0.03,0,2,5,3,1
11923,111759,2.85,0,8,11,10,1
11924,111776,4.63,0,12,15,17,1
11925,111787,2.79,0,8,11,11,1
11926,111793,1.44,0,5,8,6,1
11927,111808,2.55,0,8,11,15,1
11928,111815,1.38,0,5,8,7,1
11929,111816,-1.01,0,0,3,1,1
11930,111817,-1.01,0,0,3,1,1
11931,111831,3.16,0,9,12,14,1
11932,111847,4.69,0,12,15,16,1
11933,111849,-0.52,0,1,4,2,1
11934,111868,6.71,0,16,19,19,1
11935,111869,-1.01,0,0,3,1,1
11936,111874,0.95,0,4,7,5,1
11937,111906,7.03,0,18,21,32,1
11938,111908,-0.52,0,1,4,2,1
11939,111917,2.91,0,8,11,9,1
11940,111930,3.22,0,9,12,13,1
11941,111931,-1.01,0,0,3,1,1
11942,111937,1.44,0,5,8,6,1
11943,111950,4.32,0,11,14,13,1
11944,111958,1.87,0,6,9,8,1
11945,111972,2.61,0,8,11,14,1
11946,111974,-0.52,0,1,4,2,1
11947,111978,-0.09,0,2,5,4,1
11948,111979,-1.01,0,0,3,1,1
11949,111985,1.44,0,5,8,6,1
11950,111996,1.69,0,6,9,11,1
11951,112005,2.36,0,7,10,9,1
11952,112011,1.44,0,5,8,6,1
11953,112013,-0.52,0,1,4,2,1
11954,112029,4.14,0,11,14,16,1
11955,112038,1.26,0,5,8,9,1
11956,112047,1.81,0,6,9,9,1
11957,112056,2.36,0,7,10,9,1
11958,112059,-0.03,0,2,5,3,1
11959,112063,0.46,0,3,6,4,1
11960,112070,1.38,0,5,8,7,1
11961,112079,1.26,0,5,8,9,1
11962,112081,-0.52,0,1,4,2,1
11963,112089,1.87,0,6,9,8,1
11964,112095,1.44,0,5,8,6,1
11965,112098,-0.03,0,2,5,3,1
11966,112105,1.93,0,6,9,7,1
11967,112110,0.4,0,3,6,5,1
11968,112111,-1.01,0,0,3,1,1
11969,112116,0.95,0,4,7,5,1
11970,112129,4.32,0,11,14,13,1
11971,112132,-0.03,0,2,5,3,1
11972,112133,-1.01,0,0,3,1,1
11973,112152,5.06,0,13,16,19,1
11974,112154,-0.52,0,1,4,2,1
11975,112156,-0.52,0,1,4,2,1
11976,112168,3.28,0,9,12,12,1
11977,112172,0.46,0,3,6,4,1
11978,112176,0.46,0,3,6,4,1
11979,112198,4.33,0,12,15,22,1
11980,112206,1.32,0,5,8,8,1
11981,112252,6.19,0,18,21,46,1
11982,112257,0.95,0,4,7,5,1
11983,112268,3.34,0,9,12,11,1
11984,112269,-1.01,0,0,3,1,1
11985,112277,2.42,0,7,10,8,1
11986,112289,4.38,0,11,14,12,1
11987,112307,5.12,0,13,16,18,1
11988,112317,2.85,0,8,11,10,1
11989,112334,3.53,0,10,13,17,1
11990,112342,1.87,0,6,9,8,1
11991,112346,0.46,0,3,6,4,1
11992,112350,0.46,0,3,6,4,1
11993,112370,5.0,0,13,16,20,1
11994,112401,6.54,0,17,20,31,1
11995,112402,-1.01,0,0,3,1,1
11996,112412,1.75,0,6,9,10,1
11997,112429,4.63,0,12,15,17,1
11998,112431,-0.52,0,1,4,2,1
11999,112434,-0.03,0,2,5,3,1
12000,112437,-0.03,0,2,5,3,1
12001,112450,2.12,0,7,10,13,1
12002,112466,3.04,0,9,12,16,1
12003,112467,-1.01,0,0,3,1,1
12004,112469,-0.52,0,1,4,2,1
12005,112491,4.33,0,12,15,22,1
12006,112500,2.91,0,8,11,9,1
12007,112504,0.46,0,3,6,4,1
12008,112510,0.89,0,4,7,6,1
12009,112511,-1.01,0,0,3,1,1
12010,112519,1.87,0,6,9,8,1
12011,112521,-0.52,0,1,4,2,1
12012,112539,4.57,0,12,15,18,1
12013,112544,0.95,0,4,7,5,1
12014,112549,0.95,0,4,7,5,1
12015,112563,2.61,0,8,11,14,1
12016,112566,-0.03,0,2,5,3,1
12017,112568,-0.52,0,1,4,2,1
12018,112576,1.87,0,6,9,8,1
12019,112578,-0.52,0,1,4,2,1
12020,112588,2.85,0,8,11,10,1
12021,112593,0.95,0,4,7,5,1
12022,112619,5.74,0,15,18,26,1
12023,112626,1.93,0,6,9,7,1
12024,112663,5.63,0,16,19,37,1
12025,112667,0.46,0,3,6,4,1
12026,112669,-0.52,0,1,4,2,1
12027,112684,3.65,0,10,13,15,1
12028,112690,1.44,0,5,8,6,1
12029,112692,-0.52,0,1,4,2,1
12030,112693,-1.01,0,0,3,1,1
12031,112694,-1.01,0,0,3,1,1
12032,112697,-0.03,0,2,5,3,1
12033,112698,-1.01,0,0,3,1,1
12034,112699,-1.01,0,0,3,1,1
12035,112721,4.33,0,12,15,22,1
12036,112727,1.44,0,5,8,6,1
12037,112728,-1.01,0,0,3,1,1
12038,112736,1.87,0,6,9,8,1
12039,112739,-0.03,0,2,5,3,1
12040,112740,-1.01,0,0,3,1,1
12041,112743,-0.03,0,2,5,3,1
12042,112750,1.38,0,5,8,7,1
12043,112753,-0.03,0,2,5,3,1
12044,112766,4.32,0,11,14,13,1
12045,112779,2.67,0,8,11,13,1
12046,112783,0.46,0,3,6,4,1
12047,112833,7.6,0,21,24,50,1
12048,112849,4.14,0,11,14,16,1
12049,112852,-0.03,0,2,5,3,1
12050,112853,-1.01,0,0,3,1,1
12051,112880,5.68,0,15,18,27,1
12052,112889,1.81,0,6,9,9,1
12053,112894,0.95,0,4,7,5,1
12054,112897,-0.58,0,1,4,3,1
12055,112902,0.95,0,4,7,5,1
12056,112912,2.3,0,7,10,10,1
12057,112914,-0.52,0,1,4,2,1
12058,112948,7.46,0,19,22,34,1
12059,112970,5.98,0,15,18,22,1
12060,112982,3.28,0,9,12,12,1
12061,112999,2.43,0,8,11,17,1
12062,113008,2.36,0,7,10,9,1
12063,113031,5.92,0,15,18,23,1
12064,113044,3.22,0,9,12,13,1
12065,113050,1.44,0,5,8,6,1
12066,113053,-0.03,0,2,5,3,1
12067,113057,0.46,0,3,6,4,1
12068,113061,0.46,0,3,6,4,1
12069,113062,-1.01,0,0,3,1,1
12070,113083,4.94,0,13,16,21,1
12071,113086,-0.03,0,2,5,3,1
12072,113095,2.91,0,8,11,9,1
12073,113103,1.32,0,5,8,8,1
12074,113107,0.46,0,3,6,4,1
12075,113115,1.32,0,5,8,8,1
12076,113119,0.46,0,3,6,4,1
12077,113122,-0.03,0,2,5,3,1
12078,113123,-1.01,0,0,3,1,1
12079,113127,0.46,0,3,6,4,1
12080,113130,-0.03,0,2,5,3,1
12081,113132,-0.52,0,1,4,2,1
12082,113137,0.95,0,4,7,5,1
12083,113146,2.36,0,7,10,9,1
12084,113147,-1.01,0,0,3,1,1
12085,113157,2.85,0,8,11,10,1
12086,113163,1.44,0,5,8,6,1
12087,113170,1.93,0,6,9,7,1
12088,113172,-0.52,0,1,4,2,1
12089,113173,-1.01,0,0,3,1,1
12090,113178,0.95,0,4,7,5,1
12091,113183,0.95,0,4,7,5,1
12092,113190,0.83,0,4,7,7,1
12093,113199,1.81,0,6,9,9,1
12094,113204,0.95,0,4,7,5,1
12095,113213,1.81,0,6,9,9,1
12096,113255,4.78,0,15,18,42,1
12097,113260,0.95,0,4,7,5,1
12098,113271,2.79,0,8,11,11,1
12099,113275,0.46,0,3,6,4,1
12100,113282,1.93,0,6,9,7,1
12101,113294,3.28,0,9,12,12,1
12102,113296,-0.52,0,1,4,2,1
12103,113312,4.14,0,11,14,16,1
12104,113319,0.83,0,4,7,7,1
12105,113324,0.95,0,4,7,5,1
12106,113328,0.46,0,3,6,4,1
12107,113332,0.46,0,3,6,4,1
12108,113343,1.69,0,6,9,11,1
12109,113346,-0.03,0,2,5,3,1
12110,113350,0.46,0,3,6,4,1
12111,113364,3.16,0,9,12,14,1
12112,113375,2.24,0,7,10,11,1
12113,113389,3.16,0,9,12,14,1
12114,113407,4.02,0,11,14,18,1
12115,113411,0.46,0,3,6,4,1
12116,113424,3.22,0,9,12,13,1
12117,113425,-1.01,0,0,3,1,1
12118,113427,-0.52,0,1,4,2,1
12119,113432,0.95,0,4,7,5,1
12120,113455,4.82,0,13,16,23,1
12121,113458,-0.03,0,2,5,3,1
12122,113485,4.03,0,12,15,27,1
12123,113486,-1.01,0,0,3,1,1
12124,113490,0.46,0,3,6,4,1
12125,113491,-1.01,0,0,3,1,1
12126,113493,-0.52,0,1,4,2,1
12127,113495,-0.52,0,1,4,2,1
12128,113504,2.91,0,8,11,9,1
12129,113506,-0.52,0,1,4,2,1
12130,113507,-1.01,0,0,3,1,1
12131,113514,0.83,0,4,7,7,1
12132,113523,2.91,0,8,11,9,1
12133,113543,5.0,0,13,16,20,1
12134,113552,1.81,0,6,9,9,1
12135,113564,3.28,0,9,12,12,1
12136,113571,1.38,0,5,8,7,1
12137,113573,-0.52,0,1,4,2,1
12138,113577,0.46,0,3,6,4,1
12139,113586,2.91,0,8,11,9,1
12140,113598,2.73,0,8,11,12,1
12141,113599,-1.01,0,0,3,1,1
12142,113608,2.91,0,8,11,9,1
12143,113612,0.46,0,3,6,4,1
12144,113620,1.87,0,6,9,8,1
12145,113630,2.3,0,7,10,10,1
12146,113636,1.44,0,5,8,6,1
12147,113644,1.87,0,6,9,8,1
12148,113646,-0.52,0,1,4,2,1
12149,113648,-0.52,0,1,4,2,1
12150,113651,-0.03,0,2,5,3,1
12151,113653,-0.52,0,1,4,2,1
12152,113684,5.99,0,16,19,31,1
12153,113707,5.37,0,14,17,23,1
12154,113709,-0.52,0,1,4,2,1
12155,113711,-0.52,0,1,4,2,1
12156,113757,5.64,0,17,20,46,1
12157,113776,4.51,0,12,15,19,1
12158,113785,2.36,0,7,10,9,1
12159,113859,5.06,0,19,22,74,1
12160,113867,1.87,0,6,9,8,1
12161,113870,-0.03,0,2,5,3,1
12162,113875,0.95,0,4,7,5,1
12163,113876,-1.01,0,0,3,1,1
12164,113878,-0.52,0,1,4,2,1
12165,113882,0.46,0,3,6,4,1
12166,113883,-1.01,0,0,3,1,1
12167,113884,-1.01,0,0,3,1,1
12168,113890,1.44,0,5,8,6,1
12169,113901,2.24,0,7,10,11,1
12170,113904,-0.03,0,2,5,3,1
12171,113905,-1.01,0,0,3,1,1
12172,113914,2.36,0,7,10,9,1
12173,113935,4.94,0,13,16,21,1
12174,113938,-0.03,0,2,5,3,1
12175,113943,0.4,0,3,6,5,1
12176,113970,6.78,0,17,20,27,1
12177,113981,2.24,0,7,10,11,1
12178,113990,1.81,0,6,9,9,1
12179,113995,0.95,0,4,7,5,1
12180,113999,-0.09,0,2,5,4,1
12181,114002,-0.03,0,2,5,3,1
12182,114017,4.2,0,11,14,15,1
12183,114027,2.85,0,8,11,10,1
12184,114030,-0.03,0,2,5,3,1
12185,114032,-0.52,0,1,4,2,1
12186,114034,-0.52,0,1,4,2,1
12187,114050,2.49,0,8,11,16,1
12188,114065,4.75,0,12,15,15,1
12189,114078,1.57,0,6,9,13,1
12190,114106,5.62,0,15,18,28,1
12191,114108,-0.52,0,1,4,2,1
12192,114119,1.69,0,6,9,11,1
12193,114140,2.74,0,9,12,21,1
12194,114147,1.38,0,5,8,7,1
12195,114152,0.95,0,4,7,5,1
12196,114157,0.95,0,4,7,5,1
12197,114173,4.14,0,11,14,16,1
12198,114178,0.95,0,4,7,5,1
12199,114179,-1.01,0,0,3,1,1
12200,114197,4.57,0,12,15,18,1
12201,114216,3.96,0,11,14,19,1
12202,114228,2.73,0,8,11,12,1
12203,114238,2.85,0,8,11,10,1
12204,114244,0.89,0,4,7,6,1
12205,114286,6.98,0,19,22,42,1
12206,114294,2.42,0,7,10,8,1
12207,114305,2.24,0,7,10,11,1
12208,114306,-1.01,0,0,3,1,1
12209,114309,-0.03,0,2,5,3,1
12210,114310,-1.01,0,0,3,1,1
12211,114317,1.38,0,5,8,7,1
12212,114334,4.08,0,11,14,17,1
12213,114336,-0.52,0,1,4,2,1
12214,114339,-0.03,0,2,5,3,1
12215,114346,1.93,0,6,9,7,1
12216,114349,-0.03,0,2,5,3,1
12217,114356,0.83,0,4,7,7,1
12218,114358,-0.52,0,1,4,2,1
12219,114359,-1.01,0,0,3,1,1
12220,114363,0.46,0,3,6,4,1
12221,114370,0.83,0,4,7,7,1
12222,114372,-0.52,0,1,4,2,1
12223,114373,-1.01,0,0,3,1,1
12224,114381,1.87,0,6,9,8,1
12225,114382,-1.01,0,0,3,1,1
12226,114388,1.44,0,5,8,6,1
12227,114410,4.88,0,13,16,22,1
12228,114411,-1.01,0,0,3,1,1
12229,114420,2.36,0,7,10,9,1
12230,114424,0.46,0,3,6,4,1
12231,114430,1.44,0,5,8,6,1
12232,114444,3.16,0,9,12,14,1
12233,114446,-0.52,0,1,4,2,1
12234,114452,0.89,0,4,7,6,1
12235,114456,0.46,0,3,6,4,1
12236,114457,-1.01,0,0,3,1,1
12237,114468,2.24,0,7,10,11,1
12238,114480,2.73,0,8,11,12,1
12239,114484,0.46,0,3,6,4,1
12240,114494,2.85,0,8,11,10,1
12241,114513,5.61,0,14,17,19,1
12242,114515,-0.52,0,1,4,2,1
12243,114520,0.95,0,4,7,5,1
12244,114530,2.3,0,7,10,10,1
12245,114546,3.59,0,10,13,16,1
12246,114548,-0.52,0,1,4,2,1
12247,114550,-0.52,0,1,4,2,1
12248,114569,4.51,0,12,15,19,1
12249,114579,3.4,0,9,12,10,1
12250,114581,-0.52,0,1,4,2,1
12251,114593,3.83,0,10,13,12,1
12252,114603,1.75,0,6,9,10,1
12253,114605,-0.52,0,1,4,2,1
12254,114608,-0.58,0,1,4,3,1
12255,114611,-0.03,0,2,5,3,1
12256,114614,-0.03,0,2,5,3,1
12257,114618,0.46,0,3,6,4,1
12258,114619,-1.01,0,0,3,1,1
12259,114620,-1.01,0,0,3,1,1
12260,114627,1.38,0,5,8,7,1
12261,114665,6.12,0,17,20,38,1
12262,114668,-0.03,0,2,5,3,1
12263,114679,2.24,0,7,10,11,1
12264,114703,5.31,0,14,17,24,1
12265,114726,5.92,0,15,18,23,1
12266,114728,-0.52,0,1,4,2,1
12267,114734,0.89,0,4,7,6,1
12268,114746,2.73,0,8,11,12,1
12269,114749,-0.03,0,2,5,3,1
12270,114751,-0.52,0,1,4,2,1
12271,114755,0.46,0,3,6,4,1
12272,114756,-1.01,0,0,3,1,1
12273,114759,-0.03,0,2,5,3,1
12274,114783,5.86,0,15,18,24,1
12275,114788,0.95,0,4,7,5,1
12276,114790,-0.52,0,1,4,2,1
12277,114797,1.93,0,6,9,7,1
12278,114806,2.91,0,8,11,9,1
12279,114808,-0.52,0,1,4,2,1
12280,114827,3.41,0,10,13,19,1
12281,114832,0.95,0,4,7,5,1
12282,114866,8.01,0,20,23,34,1
12283,114869,-0.03,0,2,5,3,1
12284,114870,-1.01,0,0,3,1,1
12285,114872,-0.52,0,1,4,2,1
12286,114873,-1.01,0,0,3,1,1
12287,114874,-1.01,0,0,3,1,1
12288,114894,3.9,0,11,14,20,1
12289,114902,2.42,0,7,10,8,1
12290,114917,5.3,0,13,16,15,1
12291,114925,2.42,0,7,10,8,1
12292,114932,1.38,0,5,8,7,1
12293,114934,-0.52,0,1,4,2,1
12294,114941,1.93,0,6,9,7,1
12295,114946,0.95,0,4,7,5,1
12296,115006,7.0,0,21,24,60,1
12297,115008,-0.52,0,1,4,2,1
12298,115010,-0.52,0,1,4,2,1
12299,115011,-1.01,0,0,3,1,1
12300,115036,6.9,0,17,20,25,1
12301,115038,-0.52,0,1,4,2,1
12302,115039,-1.01,0,0,3,1,1
12303,115045,1.44,0,5,8,6,1
12304,115047,-0.52,0,1,4,2,1
12305,115065,5.12,0,13,16,18,1
12306,115067,-0.52,0,1,4,2,1
12307,115073,0.89,0,4,7,6,1
12308,115080,1.38,0,5,8,7,1
12309,115081,-1.01,0,0,3,1,1
12310,115083,-0.52,0,1,4,2,1
12311,115084,-1.01,0,0,3,1,1
12312,115096,3.28,0,9,12,12,1
12313,115105,2.36,0,7,10,9,1
12314,115106,-1.01,0,0,3,1,1
12315,115115,2.36,0,7,10,9,1
12316,115129,4.26,0,11,14,14,1
12317,115134,0.95,0,4,7,5,1
12318,115135,-1.01,0,0,3,1,1
12319,115159,6.41,0,16,19,24,1
12320,115178,2.86,0,9,12,19,1
12321,115182,0.46,0,3,6,4,1
12322,115185,-0.03,0,2,5,3,1
12323,115195,1.75,0,6,9,10,1
12324,115222,5.68,0,15,18,27,1
12325,115227,0.4,0,3,6,5,1
12326,115242,3.1,0,9,12,15,1
12327,115249,1.93,0,6,9,7,1
12328,115254,0.95,0,4,7,5,1
12329,115284,6.6,0,17,20,30,1
12330,115288,0.46,0,3,6,4,1
12331,115300,3.28,0,9,12,12,1
12332,115302,-0.52,0,1,4,2,1
12333,115305,-0.03,0,2,5,3,1
12334,115310,0.95,0,4,7,5,1
12335,115362,5.83,0,18,21,52,1
12336,115368,0.89,0,4,7,6,1
12337,115412,6.86,0,19,22,44,1
12338,115413,-1.01,0,0,3,1,1
12339,115416,-0.03,0,2,5,3,1
12340,115436,4.45,0,12,15,20,1
12341,115437,-1.01,0,0,3,1,1
12342,115451,2.06,0,7,10,14,1
12343,115452,-1.01,0,0,3,1,1
12344,115459,1.93,0,6,9,7,1
12345,115469,2.85,0,8,11,10,1
12346,115475,0.34,0,3,6,6,1
12347,115495,3.35,0,10,13,20,1
12348,115524,6.66,0,17,20,29,1
12349,115527,-0.03,0,2,5,3,1
12350,115530,-0.03,0,2,5,3,1
12351,115534,0.46,0,3,6,4,1
12352,115537,-0.03,0,2,5,3,1
12353,115545,2.42,0,7,10,8,1
12354,115548,-0.03,0,2,5,3,1
12355,115577,5.01,0,14,17,29,1
12356,115584,1.38,0,5,8,7,1
12357,115587,-0.03,0,2,5,3,1
12358,115594,1.38,0,5,8,7,1
12359,115602,1.87,0,6,9,8,1
12360,115607,0.4,0,3,6,5,1
12361,115609,-0.52,0,1,4,2,1
12362,115612,-0.58,0,1,4,3,1
12363,115624,2.18,0,7,10,12,1
12364,115630,0.89,0,4,7,6,1
12365,115633,-0.03,0,2,5,3,1
12366,115661,5.07,0,14,17,28,1
12367,115670,1.26,0,5,8,9,1
12368,115678,2.42,0,7,10,8,1
12369,115693,3.1,0,9,12,15,1
12370,115698,0.95,0,4,7,5,1
12371,115713,3.65,0,10,13,15,1
12372,115714,-1.01,0,0,3,1,1
12373,115720,0.89,0,4,7,6,1
12374,115721,-1.01,0,0,3,1,1
12375,115727,0.89,0,4,7,6,1
12376,115730,-0.03,0,2,5,3,1
12377,115732,-0.52,0,1,4,2,1
12378,115734,-0.52,0,1,4,2,1
12379,115759,4.7,0,13,16,25,1
12380,115760,-1.01,0,0,3,1,1
12381,115762,-0.52,0,1,4,2,1
12382,115763,-1.01,0,0,3,1,1
12383,115766,-0.03,0,2,5,3,1
12384,115786,5.55,0,14,17,20,1
12385,115818,5.38,0,15,18,32,1
12386,115841,2.62,0,9,12,23,1
12387,115849,2.42,0,7,10,8,1
12388,115854,0.95,0,4,7,5,1
12389,115856,-0.52,0,1,4,2,1
12390,115876,3.9,0,11,14,20,1
12391,115884,1.87,0,6,9,8,1
12392,115892,1.32,0,5,8,8,1
12393,115905,3.77,0,10,13,13,1
12394,115919,4.26,0,11,14,14,1
12395,115927,0.77,0,4,7,8,1
12396,115933,1.44,0,5,8,6,1
12397,115935,-0.52,0,1,4,2,1
12398,115942,1.93,0,6,9,7,1
12399,115958,3.59,0,10,13,16,1
12400,115963,0.95,0,4,7,5,1
12401,115977,2.61,0,8,11,14,1
12402,115978,-1.01,0,0,3,1,1
12403,115983,0.95,0,4,7,5,1
12404,115984,-1.01,0,0,3,1,1
12405,115989,0.95,0,4,7,5,1
12406,115990,-1.01,0,0,3,1,1
12407,115991,-1.01,0,0,3,1,1
12408,116000,1.81,0,6,9,9,1
12409,116012,3.28,0,9,12,12,1
12410,116019,1.93,0,6,9,7,1
12411,116028,2.36,0,7,10,9,1
12412,116029,-1.01,0,0,3,1,1
12413,116046,5.73,0,14,17,17,1
12414,116054,1.87,0,6,9,8,1
12415,116055,-1.01,0,0,3,1,1
12416,116064,2.36,0,7,10,9,1
12417,116070,1.44,0,5,8,6,1
12418,116074,0.46,0,3,6,4,1
12419,116075,-1.01,0,0,3,1,1
12420,116083,1.87,0,6,9,8,1
12421,116086,-0.58,0,1,4,3,1
12422,116094,1.87,0,6,9,8,1
12423,116099,0.95,0,4,7,5,1
12424,116104,0.95,0,4,7,5,1
12425,116123,5.06,0,13,16,19,1
12426,116126,-0.03,0,2,5,3,1
12427,116131,0.95,0,4,7,5,1
12428,116134,-0.03,0,2,5,3,1
12429,116140,0.89,0,4,7,6,1
12430,116154,3.71,0,10,13,14,1
12431,116160,0.89,0,4,7,6,1
12432,116168,1.87,0,6,9,8,1
12433,116182,3.71,0,10,13,14,1
12434,116185,-0.03,0,2,5,3,1
12435,116205,5.55,0,14,17,20,1
12436,116207,-0.52,0,1,4,2,1
12437,116215,1.87,0,6,9,8,1
12438,116218,-0.03,0,2,5,3,1
12439,116232,4.26,0,11,14,14,1
12440,116234,-0.52,0,1,4,2,1
12441,116244,1.75,0,6,9,10,1
12442,116248,0.46,0,3,6,4,1
12443,116259,2.24,0,7,10,11,1
12444,116264,0.4,0,3,6,5,1
12445,116266,-0.52,0,1,4,2,1
12446,116271,0.95,0,4,7,5,1
12447,116276,0.4,0,3,6,5,1
12448,116278,-0.52,0,1,4,2,1
12449,116294,3.04,0,9,12,16,1
12450,116305,1.69,0,6,9,11,1
12451,116328,4.82,0,13,16,23,1
12452,116341,2.12,0,7,10,13,1
12453,116351,2.85,0,8,11,10,1
12454,116369,4.02,0,11,14,18,1
12455,116393,4.76,0,13,16,24,1
12456,116404,2.79,0,8,11,11,1
12457,116413,1.81,0,6,9,9,1
12458,116423,2.3,0,7,10,10,1
12459,116460,6.18,0,17,20,37,1
12460,116467,1.38,0,5,8,7,1
12461,116468,-1.01,0,0,3,1,1
12462,116474,0.34,0,3,6,6,1
12463,116477,-0.03,0,2,5,3,1
12464,116487,1.2,0,5,8,10,1
12465,116497,2.85,0,8,11,10,1
12466,116500,-0.03,0,2,5,3,1
12467,116506,1.44,0,5,8,6,1
12468,116508,-0.52,0,1,4,2,1
12469,116528,4.45,0,12,15,20,1
12470,116536,1.87,0,6,9,8,1
12471,116539,-0.03,0,2,5,3,1
12472,116540,-1.01,0,0,3,1,1
12473,116574,6.91,0,18,21,34,1
12474,116580,1.44,0,5,8,6,1
12475,116581,-1.01,0,0,3,1,1
12476,116607,4.64,0,13,16,26,1
12477,116610,-0.03,0,2,5,3,1
12478,116618,1.87,0,6,9,8,1
12479,116634,4.69,0,12,15,16,1
12480,116651,3.53,0,10,13,17,1
12481,116652,-1.01,0,0,3,1,1
12482,116654,-0.52,0,1,4,2,1
12483,116672,4.57,0,12,15,18,1
12484,116680,2.42,0,7,10,8,1
12485,116689,2.36,0,7,10,9,1
12486,116700,2.79,0,8,11,11,1
12487,116709,1.81,0,6,9,9,1
12488,116720,2.79,0,8,11,11,1
12489,116723,-0.03,0,2,5,3,1
12490,116737,3.71,0,10,13,14,1
12491,116739,-0.52,0,1,4,2,1
12492,116742,-0.03,0,2,5,3,1
12493,116746,0.46,0,3,6,4,1
12494,116750,0.46,0,3,6,4,1
12495,116756,1.44,0,5,8,6,1
12496,116757,-1.01,0,0,3,1,1
12497,116766,2.91,0,8,11,9,1
12498,116772,1.44,0,5,8,6,1
12499,116786,2.61,0,8,11,14,1
12500,116796,2.3,0,7,10,10,1
12501,116807,2.24,0,7,10,11,1
12502,116815,1.87,0,6,9,8,1
12503,116825,3.4,0,9,12,10,1
12504,116835,3.4,0,9,12,10,1
12505,116837,-0.52,0,1,4,2,1
12506,116838,-1.01,0,0,3,1,1
12507,116846,2.42,0,7,10,8,1
12508,116847,-1.01,0,0,3,1,1
12509,116849,-0.52,0,1,4,2,1
12510,116854,0.95,0,4,7,5,1
12511,116867,2.67,0,8,11,13,1
12512,116872,0.95,0,4,7,5,1
12513,116876,0.46,0,3,6,4,1
12514,116891,4.2,0,11,14,15,1
12515,116908,4.63,0,12,15,17,1
12516,116914,0.89,0,4,7,6,1
12517,116922,1.87,0,6,9,8,1
12518,116935,1.57,0,6,9,13,1
12519,116953,2.92,0,9,12,18,1
12520,116955,-0.52,0,1,4,2,1
12521,116961,0.89,0,4,7,6,1
12522,117017,3.94,0,15,18,56,1
12523,117019,-0.52,0,1,4,2,1
12524,117028,2.36,0,7,10,9,1
12525,117034,0.89,0,4,7,6,1
12526,117054,5.55,0,14,17,20,1
12527,117055,-1.01,0,0,3,1,1
12528,117056,-1.01,0,0,3,1,1
12529,117058,-0.52,0,1,4,2,1
12530,117060,-0.52,0,1,4,2,1
12531,117077,1.33,0,6,9,17,1
12532,117090,3.77,0,10,13,13,1
12533,117103,4.32,0,11,14,13,1
12534,117109,1.44,0,5,8,6,1
12535,117141,5.38,0,15,18,32,1
12536,117145,0.46,0,3,6,4,1
12537,117150,0.95,0,4,7,5,1
12538,117157,1.93,0,6,9,7,1
12539,117169,3.83,0,10,13,12,1
12540,117188,4.51,0,12,15,19,1
12541,117191,-0.03,0,2,5,3,1
12542,117200,2.36,0,7,10,9,1
12543,117212,3.28,0,9,12,12,1
12544,117228,4.69,0,12,15,16,1
12545,117259,4.34,0,13,16,31,1
12546,117274,4.2,0,11,14,15,1
12547,117276,-0.52,0,1,4,2,1
12548,117305,6.11,0,16,19,29,1
12549,117311,1.44,0,5,8,6,1
12550,117335,4.76,0,13,16,24,1
12551,117373,6.12,0,17,20,38,1
12552,117374,-1.01,0,0,3,1,1
12553,117398,5.86,0,15,18,24,1
12554,117400,-0.52,0,1,4,2,1
12555,117402,-0.52,0,1,4,2,1
12556,117424,5.43,0,14,17,22,1
12557,117463,4.41,0,14,17,39,1
12558,117466,-0.03,0,2,5,3,1
12559,117472,1.44,0,5,8,6,1
12560,117476,0.46,0,3,6,4,1
12561,117484,2.42,0,7,10,8,1
12562,117487,-0.03,0,2,5,3,1
12563,117491,0.46,0,3,6,4,1
12564,117494,-0.03,0,2,5,3,1
12565,117503,1.81,0,6,9,9,1
12566,117516,2.67,0,8,11,13,1
12567,117532,3.59,0,10,13,16,1
12568,117534,-0.52,0,1,4,2,1
12569,117536,-0.52,0,1,4,2,1
12570,117540,0.46,0,3,6,4,1
12571,117541,-1.01,0,0,3,1,1
12572,117544,-0.03,0,2,5,3,1
12573,117562,4.02,0,11,14,18,1
12574,117617,5.65,0,18,21,55,1
12575,117618,-1.01,0,0,3,1,1
12576,117630,3.83,0,10,13,12,1
12577,117641,3.34,0,9,12,11,1
12578,117649,1.32,0,5,8,8,1
12579,117663,3.71,0,10,13,14,1
12580,117673,2.85,0,8,11,10,1
12581,117680,1.93,0,6,9,7,1
12582,117682,-0.52,0,1,4,2,1
12583,117688,1.44,0,5,8,6,1
12584,117690,-0.52,0,1,4,2,1
12585,117696,0.34,0,3,6,6,1
12586,117706,2.85,0,8,11,10,1
12587,117707,-1.01,0,0,3,1,1
12588,117708,-1.01,0,0,3,1,1
12589,117723,4.75,0,12,15,15,1
12590,117734,3.34,0,9,12,11,1
12591,117750,5.79,0,14,17,16,1
12592,117775,4.15,0,12,15,25,1
12593,117794,3.96,0,11,14,19,1
12594,117835,5.39,0,16,19,41,1
12595,117837,-0.52,0,1,4,2,1
12596,117839,-0.52,0,1,4,2,1
12597,117850,2.24,0,7,10,11,1
12598,117854,0.46,0,3,6,4,1
12599,117875,2.19,0,8,11,21,1
12600,117893,4.02,0,11,14,18,1
12601,117898,0.4,0,3,6,5,1
12602,117904,0.89,0,4,7,6,1
12603,117905,-1.01,0,0,3,1,1
12604,117908,-0.03,0,2,5,3,1
12605,117912,0.46,0,3,6,4,1
12606,117914,-0.52,0,1,4,2,1
12607,117923,2.36,0,7,10,9,1
12608,117932,2.36,0,7,10,9,1
12609,117937,0.95,0,4,7,5,1
12610,117950,4.32,0,11,14,13,1
12611,117952,-0.52,0,1,4,2,1
12612,117956,0.46,0,3,6,4,1
12613,117968,2.18,0,7,10,12,1
12614,117972,0.46,0,3,6,4,1
12615,117973,-1.01,0,0,3,1,1
12616,117985,2.18,0,7,10,12,1
12617,117986,-1.01,0,0,3,1,1
12618,117987,-1.01,0,0,3,1,1
12619,118003,3.04,0,9,12,16,1
12620,118012,1.81,0,6,9,9,1
12621,118017,0.95,0,4,7,5,1
12622,118039,4.33,0,12,15,22,1
12623,118051,2.18,0,7,10,12,1
12624,118084,5.32,0,15,18,33,1
12625,118100,3.04,0,9,12,16,1
12626,118111,2.79,0,8,11,11,1
12627,118113,-0.52,0,1,4,2,1
12628,118128,3.65,0,10,13,15,1
12629,118155,3.48,0,11,14,27,1
12630,118156,-1.01,0,0,3,1,1
12631,118158,-0.52,0,1,4,2,1
12632,118164,1.44,0,5,8,6,1
12633,118165,-1.01,0,0,3,1,1
12634,118166,-1.01,0,0,3,1,1
12635,118170,0.46,0,3,6,4,1
12636,118179,2.91,0,8,11,9,1
12637,118189,2.3,0,7,10,10,1
12638,118195,1.44,0,5,8,6,1
12639,118197,-0.52,0,1,4,2,1
12640,118209,3.28,0,9,12,12,1
12641,118247,6.67,0,18,21,38,1
12642,118249,-0.52,0,1,4,2,1
12643,118257,1.32,0,5,8,8,1
12644,118260,-0.03,0,2,5,3,1
12645,118265,0.95,0,4,7,5,1
12646,118269,0.46,0,3,6,4,1
12647,118272,-0.03,0,2,5,3,1
12648,118280,1.87,0,6,9,8,1
12649,118296,3.59,0,10,13,16,1
12650,118302,1.44,0,5,8,6,1
12651,118310,2.42,0,7,10,8,1
12652,118325,2.55,0,8,11,15,1
12653,118328,-0.03,0,2,5,3,1
12654,118330,-0.52,0,1,4,2,1
12655,118331,-1.01,0,0,3,1,1
12656,118334,-0.03,0,2,5,3,1
12657,118359,6.9,0,17,20,25,1
12658,118365,1.44,0,5,8,6,1
12659,118368,-0.03,0,2,5,3,1
12660,118395,3.48,0,11,14,27,1
12661,118407,2.73,0,8,11,12,1
12662,118418,3.89,0,10,13,11,1
12663,118419,-1.01,0,0,3,1,1
12664,118425,0.89,0,4,7,6,1
12665,118426,-1.01,0,0,3,1,1
12666,118449,4.27,0,12,15,23,1
12667,118454,0.95,0,4,7,5,1
12668,118459,0.95,0,4,7,5,1
12669,118474,3.65,0,10,13,15,1
12670,118492,5.67,0,14,17,18,1
12671,118500,2.42,0,7,10,8,1
12672,118509,1.81,0,6,9,9,1
12673,118512,-0.03,0,2,5,3,1
12674,118519,1.93,0,6,9,7,1
12675,118535,4.14,0,11,14,16,1
12676,118546,3.34,0,9,12,11,1
12677,118563,5.18,0,13,16,17,1
12678,118574,2.79,0,8,11,11,1
12679,118576,-0.52,0,1,4,2,1
12680,118586,1.75,0,6,9,10,1
12681,118589,-0.03,0,2,5,3,1
12682,118595,0.89,0,4,7,6,1
12683,118608,3.22,0,9,12,13,1
12684,118616,1.87,0,6,9,8,1
12685,118618,-0.52,0,1,4,2,1
12686,118623,0.95,0,4,7,5,1
12687,118629,1.44,0,5,8,6,1
12688,118632,-0.03,0,2,5,3,1
12689,118636,-0.09,0,2,5,4,1
12690,118651,3.65,0,10,13,15,1
12691,118655,0.46,0,3,6,4,1
12692,118656,-1.01,0,0,3,1,1
12693,118659,-0.03,0,2,5,3,1
12694,118683,4.76,0,13,16,24,1
12695,118684,-1.01,0,0,3,1,1
12696,118687,-0.03,0,2,5,3,1
12697,118693,1.44,0,5,8,6,1
12698,118700,1.38,0,5,8,7,1
12699,118706,1.44,0,5,8,6,1
12700,118712,1.44,0,5,8,6,1
12701,118734,5.43,0,14,17,22,1
12702,118737,-0.03,0,2,5,3,1
12703,118740,-0.03,0,2,5,3,1
12704,118760,3.35,0,10,13,20,1
12705,118771,3.89,0,10,13,11,1
12706,118774,-0.03,0,2,5,3,1
12707,118777,-0.03,0,2,5,3,1
12708,118781,0.46,0,3,6,4,1
12709,118801,4.45,0,12,15,20,1
12710,118802,-1.01,0,0,3,1,1
12711,118807,0.95,0,4,7,5,1
12712,118840,6.42,0,17,20,33,1
12713,118841,-1.01,0,0,3,1,1
12714,118849,2.42,0,7,10,8,1
12715,118853,0.46,0,3,6,4,1
12716,118859,0.89,0,4,7,6,1
12717,118862,-0.03,0,2,5,3,1
12718,118887,5.8,0,15,18,25,1
12719,118891,0.46,0,3,6,4,1
12720,118896,0.95,0,4,7,5,1
12721,118912,3.59,0,10,13,16,1
12722,118918,1.44,0,5,8,6,1
12723,118922,0.46,0,3,6,4,1
12724,118924,-0.52,0,1,4,2,1
12725,118947,5.37,0,14,17,23,1
12726,118952,0.95,0,4,7,5,1
12727,118967,4.2,0,11,14,15,1
12728,118969,-0.52,0,1,4,2,1
12729,118971,-0.52,0,1,4,2,1
12730,118989,4.02,0,11,14,18,1
12731,118994,0.4,0,3,6,5,1
12732,118999,0.4,0,3,6,5,1
12733,119018,5.06,0,13,16,19,1
12734,119021,-0.03,0,2,5,3,1
12735,119033,3.83,0,10,13,12,1
12736,119046,3.77,0,10,13,13,1
12737,119049,-0.03,0,2,5,3,1
12738,119062,4.32,0,11,14,13,1
12739,119063,-1.01,0,0,3,1,1
12740,119064,-1.01,0,0,3,1,1
12741,119069,0.4,0,3,6,5,1
12742,119072,-0.03,0,2,5,3,1
12743,119081,2.36,0,7,10,9,1
12744,119126,6.25,0,18,21,45,1
12745,119138,3.83,0,10,13,12,1
12746,119181,5.82,0,17,20,43,1
12747,119182,-1.01,0,0,3,1,1
12748,119183,-1.01,0,0,3,1,1
12749,119187,0.46,0,3,6,4,1
12750,119198,1.69,0,6,9,11,1
12751,119202,0.46,0,3,6,4,1
12752,119204,-0.52,0,1,4,2,1
12753,119208,0.46,0,3,6,4,1
12754,119219,2.24,0,7,10,11,1
12755,119223,0.46,0,3,6,4,1
12756,119248,4.15,0,12,15,25,1
12757,119253,-0.15,0,2,5,5,1
12758,119260,1.93,0,6,9,7,1
12759,119277,3.53,0,10,13,17,1
12760,119280,-0.03,0,2,5,3,1
12761,119284,-0.09,0,2,5,4,1
12762,119311,6.78,0,17,20,27,1
12763,119323,3.83,0,10,13,12,1
12764,119334,2.79,0,8,11,11,1
12765,119342,1.87,0,6,9,8,1
12766,119358,3.59,0,10,13,16,1
12767,119369,2.79,0,8,11,11,1
12768,119370,-1.01,0,0,3,1,1
12769,119371,-1.01,0,0,3,1,1
12770,119375,0.46,0,3,6,4,1
12771,119395,3.35,0,10,13,20,1
12772,119397,-0.52,0,1,4,2,1
12773,119410,3.77,0,10,13,13,1
12774,119411,-1.01,0,0,3,1,1
12775,119413,-0.52,0,1,4,2,1
12776,119418,0.95,0,4,7,5,1
12777,119426,2.42,0,7,10,8,1
12778,119427,-1.01,0,0,3,1,1
12779,119472,6.8,0,19,22,45,1
12780,119488,3.59,0,10,13,16,1
12781,119492,0.46,0,3,6,4,1
12782,119522,6.6,0,17,20,30,1
12783,119534,4.38,0,11,14,12,1
12784,119535,-1.01,0,0,3,1,1
12785,119544,2.36,0,7,10,9,1
12786,119564,5.0,0,13,16,20,1
12787,119571,1.93,0,6,9,7,1
12788,119573,-0.52,0,1,4,2,1
12789,119584,3.34,0,9,12,11,1
12790,119586,-0.52,0,1,4,2,1
12791,119588,-0.52,0,1,4,2,1
12792,119592,0.46,0,3,6,4,1
12793,119593,-1.01,0,0,3,1,1
12794,119601,1.87,0,6,9,8,1
12795,119604,-0.03,0,2,5,3,1
12796,119611,1.38,0,5,8,7,1
12797,119614,-0.03,0,2,5,3,1
12798,119617,-0.03,0,2,5,3,1
12799,119628,2.79,0,8,11,11,1
12800,119636,1.32,0,5,8,8,1
12801,119642,1.44,0,5,8,6,1
12802,119643,-1.01,0,0,3,1,1
12803,119664,5.49,0,14,17,21,1
12804,119670,0.89,0,4,7,6,1
12805,119676,1.44,0,5,8,6,1
12806,119695,3.96,0,11,14,19,1
12807,119709,3.71,0,10,13,14,1
12808,119719,2.3,0,7,10,10,1
12809,119728,2.36,0,7,10,9,1
12810,119737,1.81,0,6,9,9,1
12811,119744,1.93,0,6,9,7,1
12812,119746,-0.52,0,1,4,2,1
12813,119757,2.24,0,7,10,11,1
12814,119761,0.46,0,3,6,4,1
12815,119766,0.4,0,3,6,5,1
12816,119820,6.26,0,19,22,54,1
12817,119821,-1.01,0,0,3,1,1
12818,119855,5.81,0,16,19,34,1
12819,119860,0.4,0,3,6,5,1
12820,119862,-0.52,0,1,4,2,1
12821,119909,6.68,0,19,22,47,1
12822,119913,0.46,0,3,6,4,1
12823,119917,0.46,0,3,6,4,1
12824,119921,0.46,0,3,6,4,1
12825,119924,-0.03,0,2,5,3,1
12826,119932,1.87,0,6,9,8,1
12827,119936,-0.09,0,2,5,4,1
12828,119937,-1.01,0,0,3,1,1
12829,119939,-0.52,0,1,4,2,1
12830,119948,1.81,0,6,9,9,1
12831,119950,-0.52,0,1,4,2,1
12832,119953,-0.03,0,2,5,3,1
12833,119967,3.71,0,10,13,14,1
12834,119975,2.42,0,7,10,8,1
12835,119980,0.95,0,4,7,5,1
12836,119988,1.87,0,6,9,8,1
12837,120009,4.39,0,12,15,21,1
12838,120021,3.83,0,10,13,12,1
12839,120043,5.98,0,15,18,22,1
12840,120047,0.46,0,3,6,4,1
12841,120055,2.42,0,7,10,8,1
12842,120087,5.93,0,16,19,32,1
12843,120089,-0.52,0,1,4,2,1
12844,120095,0.89,0,4,7,6,1
12845,120099,0.46,0,3,6,4,1
12846,120104,0.95,0,4,7,5,1
12847,120106,-0.52,0,1,4,2,1
12848,120107,-1.01,0,0,3,1,1
12849,120128,5.49,0,14,17,21,1
12850,120140,3.83,0,10,13,12,1
12851,120150,2.85,0,8,11,10,1
12852,120155,0.4,0,3,6,5,1
12853,120170,3.1,0,9,12,15,1
12854,120174,0.46,0,3,6,4,1
12855,120177,-0.03,0,2,5,3,1
12856,120180,-0.03,0,2,5,3,1
12857,120195,4.75,0,12,15,15,1
12858,120202,1.93,0,6,9,7,1
12859,120208,1.44,0,5,8,6,1
12860,120211,-0.03,0,2,5,3,1
12861,120224,2.67,0,8,11,13,1
12862,120225,-1.01,0,0,3,1,1
12863,120234,2.36,0,7,10,9,1
12864,120243,2.36,0,7,10,9,1
12865,120261,4.02,0,11,14,18,1
12866,120263,-0.52,0,1,4,2,1
12867,120267,0.46,0,3,6,4,1
12868,120280,2.67,0,8,11,13,1
12869,120293,4.32,0,11,14,13,1
12870,120301,1.32,0,5,8,8,1
12871,120306,0.4,0,3,6,5,1
12872,120327,4.39,0,12,15,21,1
12873,120328,-1.01,0,0,3,1,1
12874,120332,0.46,0,3,6,4,1
12875,120341,2.91,0,8,11,9,1
12876,120342,-1.01,0,0,3,1,1
12877,120344,-0.52,0,1,4,2,1
12878,120355,2.79,0,8,11,11,1
12879,120363,2.42,0,7,10,8,1
12880,120385,5.43,0,14,17,22,1
12881,120405,5.0,0,13,16,20,1
12882,120407,-0.52,0,1,4,2,1
12883,120410,-0.03,0,2,5,3,1
12884,120411,-1.01,0,0,3,1,1
12885,120416,0.95,0,4,7,5,1
12886,120418,-0.52,0,1,4,2,1
12887,120420,-0.52,0,1,4,2,1
12888,120424,0.46,0,3,6,4,1
12889,120429,0.95,0,4,7,5,1
12890,120433,0.46,0,3,6,4,1
12891,120447,3.16,0,9,12,14,1
12892,120454,1.38,0,5,8,7,1
12893,120459,0.95,0,4,7,5,1
12894,120467,1.87,0,6,9,8,1
12895,120474,1.38,0,5,8,7,1
12896,120481,1.93,0,6,9,7,1
12897,120490,2.36,0,7,10,9,1
12898,120498,2.42,0,7,10,8,1
12899,120501,-0.03,0,2,5,3,1
12900,120510,1.26,0,5,8,9,1
12901,120512,-0.52,0,1,4,2,1
12902,120513,-1.01,0,0,3,1,1
12903,120524,3.34,0,9,12,11,1
12904,120531,1.93,0,6,9,7,1
12905,120535,0.46,0,3,6,4,1
12906,120536,-1.01,0,0,3,1,1
12907,120539,-0.03,0,2,5,3,1
12908,120544,0.95,0,4,7,5,1
12909,120550,1.44,0,5,8,6,1
12910,120558,1.87,0,6,9,8,1
12911,120560,-0.52,0,1,4,2,1
12912,120565,0.4,0,3,6,5,1
12913,120575,2.3,0,7,10,10,1
12914,120597,5.98,0,15,18,22,1
12915,120608,3.89,0,10,13,11,1
12916,120611,-0.03,0,2,5,3,1
12917,120632,2.74,0,9,12,21,1
12918,120633,-1.01,0,0,3,1,1
12919,120635,-0.52,0,1,4,2,1
12920,120653,4.02,0,11,14,18,1
12921,120656,-0.03,0,2,5,3,1
12922,120662,1.44,0,5,8,6,1
12923,120665,-0.03,0,2,5,3,1
12924,120692,4.03,0,12,15,27,1
12925,120694,-0.52,0,1,4,2,1
12926,120697,-0.03,0,2,5,3,1
12927,120702,0.4,0,3,6,5,1
12928,120711,2.91,0,8,11,9,1
12929,120721,1.75,0,6,9,10,1
12930,120728,1.93,0,6,9,7,1
12931,120746,4.57,0,12,15,18,1
12932,120749,-0.03,0,2,5,3,1
12933,120753,0.46,0,3,6,4,1
12934,120761,2.42,0,7,10,8,1
12935,120769,1.87,0,6,9,8,1
12936,120785,4.69,0,12,15,16,1
12937,120795,2.3,0,7,10,10,1
12938,120805,1.75,0,6,9,10,1
12939,120808,-0.03,0,2,5,3,1
12940,120816,2.42,0,7,10,8,1
12941,120837,5.49,0,14,17,21,1
12942,120848,2.79,0,8,11,11,1
12943,120852,0.46,0,3,6,4,1
12944,120863,3.89,0,10,13,11,1
12945,120894,7.64,0,19,22,31,1
12946,120920,5.74,0,15,18,26,1
12947,120957,5.63,0,16,19,37,1
12948,120964,1.93,0,6,9,7,1
12949,120966,-0.52,0,1,4,2,1
12950,120982,3.59,0,10,13,16,1
12951,120985,-0.03,0,2,5,3,1
12952,120994,2.91,0,8,11,9,1
12953,121002,2.42,0,7,10,8,1
12954,121016,3.71,0,10,13,14,1
12955,121023,1.93,0,6,9,7,1
12956,121024,-1.01,0,0,3,1,1
12957,121030,0.89,0,4,7,6,1
12958,121032,-0.52,0,1,4,2,1
12959,121038,0.89,0,4,7,6,1
12960,121047,2.36,0,7,10,9,1
12961,121063,3.59,0,10,13,16,1
12962,121068,0.4,0,3,6,5,1
12963,121070,-0.52,0,1,4,2,1
12964,121072,-0.52,0,1,4,2,1
12965,121073,-1.01,0,0,3,1,1
12966,121075,-0.52,0,1,4,2,1
12967,121093,4.57,0,12,15,18,1
12968,121094,-1.01,0,0,3,1,1
12969,121097,-0.03,0,2,5,3,1
12970,121098,-1.01,0,0,3,1,1
12971,121113,4.75,0,12,15,15,1
12972,121114,-1.01,0,0,3,1,1
12973,121121,1.38,0,5,8,7,1
12974,121132,2.79,0,8,11,11,1
12975,121152,4.45,0,12,15,20,1
12976,121153,-1.01,0,0,3,1,1
12977,121158,0.95,0,4,7,5,1
12978,121161,-0.03,0,2,5,3,1
12979,121167,1.44,0,5,8,6,1
12980,121197,6.6,0,17,20,30,1
12981,121203,1.44,0,5,8,6,1
12982,121209,0.89,0,4,7,6,1
12983,121217,2.42,0,7,10,8,1
12984,121238,4.39,0,12,15,21,1
12985,121242,0.46,0,3,6,4,1
12986,121250,1.32,0,5,8,8,1
12987,121251,-1.01,0,0,3,1,1
12988,121256,0.95,0,4,7,5,1
12989,121258,-0.52,0,1,4,2,1
12990,121259,-1.01,0,0,3,1,1
12991,121261,-0.52,0,1,4,2,1
12992,121265,-0.09,0,2,5,4,1
12993,121272,1.93,0,6,9,7,1
12994,121278,0.89,0,4,7,6,1
12995,121294,5.24,0,13,16,16,1
12996,121303,1.81,0,6,9,9,1
12997,121311,1.87,0,6,9,8,1
12998,121321,1.2,0,5,8,10,1
12999,121328,1.93,0,6,9,7,1
13000,121330,-0.52,0,1,4,2,1
13001,121334,0.46,0,3,6,4,1
13002,121348,3.71,0,10,13,14,1
13003,121374,4.64,0,13,16,26,1
13004,121385,3.34,0,9,12,11,1
13005,121396,2.79,0,8,11,11,1
13006,121397,-1.01,0,0,3,1,1
13007,121403,0.34,0,3,6,6,1
13008,121408,0.95,0,4,7,5,1
13009,121426,4.02,0,11,14,18,1
13010,121446,5.0,0,13,16,20,1
13011,121450,0.46,0,3,6,4,1
13012,121482,7.58,0,19,22,32,1
13013,121483,-1.01,0,0,3,1,1
13014,121486,-0.03,0,2,5,3,1
13015,121506,5.55,0,14,17,20,1
13016,121509,-0.03,0,2,5,3,1
13017,121524,4.75,0,12,15,15,1
13018,121554,6.6,0,17,20,30,1
13019,121556,-0.52,0,1,4,2,1
13020,121570,2.61,0,8,11,14,1
13021,121606,5.69,0,16,19,36,1
13022,121621,4.2,0,11,14,15,1
13023,121626,0.95,0,4,7,5,1
13024,121643,4.63,0,12,15,17,1
13025,121673,5.5,0,15,18,30,1
13026,121675,-0.52,0,1,4,2,1
13027,121678,-0.03,0,2,5,3,1
13028,121684,0.89,0,4,7,6,1
13029,121687,-0.03,0,2,5,3,1
13030,121700,2.67,0,8,11,13,1
13031,121703,-0.03,0,2,5,3,1
13032,121711,2.42,0,7,10,8,1
13033,121714,-0.03,0,2,5,3,1
13034,121727,2.12,0,7,10,13,1
13035,121735,1.32,0,5,8,8,1
13036,121744,1.81,0,6,9,9,1
13037,121797,10.92,1,22,25,53,0
13038,121801,0.46,0,3,6,4,1
13039,121808,1.93,0,6,9,7,1
13040,121815,1.93,0,6,9,7,1
13041,121823,1.87,0,6,9,8,1
13042,121825,-0.52,0,1,4,2,1
13043,121830,0.95,0,4,7,5,1
13044,121832,-0.52,0,1,4,2,1
13045,121834,-0.52,0,1,4,2,1
13046,121837,-0.03,0,2,5,3,1
13047,121848,2.24,0,7,10,11,1
13048,121867,5.61,0,14,17,19,1
13049,121873,1.44,0,5,8,6,1
13050,121875,-0.52,0,1,4,2,1
13051,121881,1.44,0,5,8,6,1
13052,121882,-1.01,0,0,3,1,1
13053,121894,3.28,0,9,12,12,1
13054,121895,-1.01,0,0,3,1,1
13055,121927,6.48,0,17,20,32,1
13056,121934,1.38,0,5,8,7,1
13057,121949,4.75,0,12,15,15,1
13058,121974,6.35,0,16,19,25,1
13059,121998,5.86,0,15,18,24,1
13060,122004,0.89,0,4,7,6,1
13061,122011,1.93,0,6,9,7,1
13062,122012,-1.01,0,0,3,1,1
13063,122019,1.38,0,5,8,7,1
13064,122021,-0.52,0,1,4,2,1
13065,122029,2.42,0,7,10,8,1
13066,122035,1.44,0,5,8,6,1
13067,122058,5.92,0,15,18,23,1
13068,122066,1.87,0,6,9,8,1
13069,122072,1.44,0,5,8,6,1
13070,122077,0.95,0,4,7,5,1
13071,122082,0.95,0,4,7,5,1
13072,122086,0.46,0,3,6,4,1
13073,122088,-0.52,0,1,4,2,1
13074,122105,4.63,0,12,15,17,1
13075,122109,0.46,0,3,6,4,1
13076,122119,2.85,0,8,11,10,1
13077,122126,1.38,0,5,8,7,1
13078,122129,-0.03,0,2,5,3,1
13079,122133,0.46,0,3,6,4,1
13080,122135,-0.52,0,1,4,2,1
13081,122137,-0.52,0,1,4,2,1
13082,122139,-0.52,0,1,4,2,1
13083,122149,2.85,0,8,11,10,1
13084,122159,2.3,0,7,10,10,1
13085,122160,-1.01,0,0,3,1,1
13086,122173,3.77,0,10,13,13,1
13087,122182,2.36,0,7,10,9,1
13088,122190,1.87,0,6,9,8,1
13089,122197,1.93,0,6,9,7,1
13090,122200,-0.03,0,2,5,3,1
13091,122208,1.87,0,6,9,8,1
13092,122212,0.46,0,3,6,4,1
13093,122214,-0.52,0,1,4,2,1
13094,122228,4.81,0,12,15,14,1
13095,122240,3.28,0,9,12,12,1
13096,122241,-1.01,0,0,3,1,1
13097,122242,-1.01,0,0,3,1,1
13098,122249,1.93,0,6,9,7,1
13099,122278,5.56,0,15,18,29,1
13100,122282,0.46,0,3,6,4,1
13101,122290,1.87,0,6,9,8,1
13102,122299,2.36,0,7,10,9,1
13103,122305,0.89,0,4,7,6,1
13104,122308,-0.03,0,2,5,3,1
13105,122314,1.44,0,5,8,6,1
13106,122325,2.79,0,8,11,11,1
13107,122349,5.31,0,14,17,24,1
13108,122359,3.4,0,9,12,10,1
13109,122388,7.21,0,18,21,29,1
13110,122406,4.57,0,12,15,18,1
13111,122408,-0.52,0,1,4,2,1
13112,122410,-0.52,0,1,4,2,1
13113,122434,3.66,0,11,14,24,1
13114,122441,0.83,0,4,7,7,1
13115,122454,3.77,0,10,13,13,1
13116,122457,-0.03,0,2,5,3,1
13117,122458,-1.01,0,0,3,1,1
13118,122465,1.93,0,6,9,7,1
13119,122470,0.95,0,4,7,5,1
13120,122472,-0.52,0,1,4,2,1
13121,122476,0.46,0,3,6,4,1
13122,122504,3.97,0,12,15,28,1
13123,122505,-1.01,0,0,3,1,1
13124,122508,-0.03,0,2,5,3,1
13125,122515,1.38,0,5,8,7,1
13126,122521,1.44,0,5,8,6,1
13127,122528,1.93,0,6,9,7,1
13128,122531,-0.03,0,2,5,3,1
13129,122537,1.44,0,5,8,6,1
13130,122538,-1.01,0,0,3,1,1
13131,122545,1.93,0,6,9,7,1
13132,122553,1.87,0,6,9,8,1
13133,122564,2.79,0,8,11,11,1
13134,122570,1.44,0,5,8,6,1
13135,122578,2.42,0,7,10,8,1
13136,122579,-1.01,0,0,3,1,1
13137,122587,2.42,0,7,10,8,1
13138,122590,-0.03,0,2,5,3,1
13139,122591,-1.01,0,0,3,1,1
13140,122610,4.51,0,12,15,19,1
13141,122626,3.04,0,9,12,16,1
13142,122640,4.81,0,12,15,14,1
13143,122647,0.83,0,4,7,7,1
13144,122654,1.38,0,5,8,7,1
13145,122658,0.46,0,3,6,4,1
13146,122678,4.45,0,12,15,20,1
13147,122715,7.28,0,19,22,37,1
13148,122721,0.89,0,4,7,6,1
13149,122727,1.44,0,5,8,6,1
13150,122730,-0.03,0,2,5,3,1
13151,122733,-0.58,0,1,4,3,1
13152,122734,-1.01,0,0,3,1,1
13153,122748,4.26,0,11,14,14,1
13154,122749,-1.01,0,0,3,1,1
13155,122782,6.97,0,18,21,33,1
13156,122797,4.75,0,12,15,15,1
13157,122807,2.85,0,8,11,10,1
13158,122813,1.44,0,5,8,6,1
13159,122815,-0.52,0,1,4,2,1
13160,122817,-0.52,0,1,4,2,1
13161,122818,-1.01,0,0,3,1,1
13162,122821,-0.03,0,2,5,3,1
13163,122832,3.34,0,9,12,11,1
13164,122840,1.87,0,6,9,8,1
13165,122846,1.44,0,5,8,6,1
13166,122848,-0.52,0,1,4,2,1
13167,122874,6.84,0,17,20,26,1
13168,122876,-0.52,0,1,4,2,1
13169,122880,0.46,0,3,6,4,1
13170,122892,2.18,0,7,10,12,1
13171,122894,-0.52,0,1,4,2,1
13172,122897,-0.03,0,2,5,3,1
13173,122899,-0.52,0,1,4,2,1
13174,122912,4.32,0,11,14,13,1
13175,122919,1.93,0,6,9,7,1
13176,122926,1.38,0,5,8,7,1
13177,122956,6.05,0,16,19,30,1
13178,122968,3.83,0,10,13,12,1
13179,122997,5.56,0,15,18,29,1
13180,123000,-0.03,0,2,5,3,1
13181,123013,3.22,0,9,12,13,1
13182,123016,-0.03,0,2,5,3,1
13183,123021,0.95,0,4,7,5,1
13184,123026,0.4,0,3,6,5,1
13185,123028,-0.52,0,1,4,2,1
13186,123030,-0.52,0,1,4,2,1
13187,123048,5.67,0,14,17,18,1
13188,123062,3.16,0,9,12,14,1
13189,123077,4.2,0,11,14,15,1
13190,123082,0.95,0,4,7,5,1
13191,123111,7.21,0,18,21,29,1
13192,123117,0.34,0,3,6,6,1
13193,123133,2.49,0,8,11,16,1
13194,123136,-0.03,0,2,5,3,1
13195,123139,-0.03,0,2,5,3,1
13196,123140,-1.01,0,0,3,1,1
13197,123143,-0.03,0,2,5,3,1
13198,123159,4.69,0,12,15,16,1
13199,123164,0.4,0,3,6,5,1
13200,123174,2.3,0,7,10,10,1
13201,123175,-1.01,0,0,3,1,1
13202,123178,-0.03,0,2,5,3,1
13203,123200,4.33,0,12,15,22,1
13204,123211,3.89,0,10,13,11,1
13205,123222,3.34,0,9,12,11,1
13206,123250,7.27,0,18,21,28,1
13207,123257,1.93,0,6,9,7,1
13208,123260,-0.58,0,1,4,3,1
13209,123265,0.95,0,4,7,5,1
13210,123284,5.06,0,13,16,19,1
13211,123294,2.3,0,7,10,10,1
13212,123298,0.46,0,3,6,4,1
13213,123306,1.32,0,5,8,8,1
13214,123314,1.87,0,6,9,8,1
13215,123348,7.46,0,19,22,34,1
13216,123350,-0.52,0,1,4,2,1
13217,123353,-0.03,0,2,5,3,1
13218,123359,0.89,0,4,7,6,1
13219,123371,3.83,0,10,13,12,1
13220,123375,-0.09,0,2,5,4,1
13221,123377,-0.52,0,1,4,2,1
13222,123382,0.95,0,4,7,5,1
13223,123398,4.14,0,11,14,16,1
13224,123406,2.42,0,7,10,8,1
13225,123409,-0.03,0,2,5,3,1
13226,123414,0.95,0,4,7,5,1
13227,123432,4.57,0,12,15,18,1
13228,123434,-0.52,0,1,4,2,1
13229,123442,1.87,0,6,9,8,1
13230,123446,0.46,0,3,6,4,1
13231,123450,0.46,0,3,6,4,1
13232,123465,3.65,0,10,13,15,1
13233,123481,3.59,0,10,13,16,1
13234,123497,4.14,0,11,14,16,1
13235,123516,5.61,0,14,17,19,1
13236,123523,1.38,0,5,8,7,1
13237,123528,0.95,0,4,7,5,1
13238,123539,3.34,0,9,12,11,1
13239,123541,-0.52,0,1,4,2,1
13240,123556,5.85,0,14,17,15,1
13241,123563,1.93,0,6,9,7,1
13242,123622,6.51,0,20,23,59,1
13243,123629,1.93,0,6,9,7,1
13244,123639,2.3,0,7,10,10,1
13245,123640,-1.01,0,0,3,1,1
13246,123642,-0.52,0,1,4,2,1
13247,123646,0.46,0,3,6,4,1
13248,123657,2.79,0,8,11,11,1
13249,123665,1.87,0,6,9,8,1
13250,123667,-0.52,0,1,4,2,1
13251,123679,3.28,0,9,12,12,1
13252,123701,4.88,0,13,16,22,1
13253,123704,-0.03,0,2,5,3,1
13254,123710,0.89,0,4,7,6,1
13255,123726,3.04,0,9,12,16,1
13256,123739,4.32,0,11,14,13,1
13257,123762,5.37,0,14,17,23,1
13258,123765,-0.03,0,2,5,3,1
13259,123778,3.77,0,10,13,13,1
13260,123786,1.32,0,5,8,8,1
13261,123792,1.44,0,5,8,6,1
13262,123793,-1.01,0,0,3,1,1
13263,123796,-0.03,0,2,5,3,1
13264,123808,3.83,0,10,13,12,1
13265,123817,2.36,0,7,10,9,1
13266,123822,0.95,0,4,7,5,1
13267,123840,3.47,0,10,13,18,1
13268,123844,0.46,0,3,6,4,1
13269,123845,-1.01,0,0,3,1,1
13270,123863,3.47,0,10,13,18,1
13271,123867,0.46,0,3,6,4,1
13272,123873,1.44,0,5,8,6,1
13273,123874,-1.01,0,0,3,1,1
13274,123875,-1.01,0,0,3,1,1
13275,123887,3.28,0,9,12,12,1
13276,123900,4.32,0,11,14,13,1
13277,123902,-0.52,0,1,4,2,1
13278,123903,-1.01,0,0,3,1,1
13279,123905,-0.52,0,1,4,2,1
13280,123924,3.96,0,11,14,19,1
13281,123945,3.84,0,11,14,21,1
13282,123946,-1.01,0,0,3,1,1
13283,123948,-0.52,0,1,4,2,1
13284,123949,-1.01,0,0,3,1,1
13285,123951,-0.52,0,1,4,2,1
13286,123958,1.38,0,5,8,7,1
13287,123963,0.95,0,4,7,5,1
13288,123967,0.46,0,3,6,4,1
13289,123971,0.46,0,3,6,4,1
13290,123980,2.36,0,7,10,9,1
13291,123984,0.46,0,3,6,4,1
13292,123985,-1.01,0,0,3,1,1
13293,123987,-0.52,0,1,4,2,1
13294,124005,5.12,0,13,16,18,1
13295,124013,1.87,0,6,9,8,1
13296,124015,-0.52,0,1,4,2,1
13297,124017,-0.52,0,1,4,2,1
13298,124039,6.53,0,16,19,22,1
13299,124042,-0.03,0,2,5,3,1
13300,124044,-0.52,0,1,4,2,1
13301,124053,1.81,0,6,9,9,1
13302,124067,4.81,0,12,15,14,1
13303,124077,2.3,0,7,10,10,1
13304,124101,5.86,0,15,18,24,1
13305,124108,0.83,0,4,7,7,1
13306,124111,-0.03,0,2,5,3,1
13307,124115,0.46,0,3,6,4,1
13308,124120,0.95,0,4,7,5,1
13309,124160,6.55,0,18,21,40,1
13310,124171,3.34,0,9,12,11,1
13311,124193,4.33,0,12,15,22,1
13312,124217,4.76,0,13,16,24,1
13313,124241,5.86,0,15,18,24,1
13314,124245,0.46,0,3,6,4,1
13315,124258,3.77,0,10,13,13,1
13316,124259,-1.01,0,0,3,1,1
13317,124260,-1.01,0,0,3,1,1
13318,124279,3.96,0,11,14,19,1
13319,124293,3.16,0,9,12,14,1
13320,124303,2.3,0,7,10,10,1
13321,124308,0.95,0,4,7,5,1
13322,124311,-0.03,0,2,5,3,1
13323,124312,-1.01,0,0,3,1,1
13324,124325,3.22,0,9,12,13,1
13325,124341,3.04,0,9,12,16,1
13326,124344,-0.03,0,2,5,3,1
13327,124346,-0.52,0,1,4,2,1
13328,124355,2.36,0,7,10,9,1
13329,124369,3.16,0,9,12,14,1
13330,124370,-1.01,0,0,3,1,1
13331,124371,-1.01,0,0,3,1,1
13332,124375,0.46,0,3,6,4,1
13333,124376,-1.01,0,0,3,1,1
13334,124406,4.95,0,14,17,30,1
13335,124416,2.3,0,7,10,10,1
13336,124422,1.44,0,5,8,6,1
13337,124423,-1.01,0,0,3,1,1
13338,124425,-0.52,0,1,4,2,1
13339,124426,-1.01,0,0,3,1,1
13340,124431,0.95,0,4,7,5,1
13341,124433,-0.52,0,1,4,2,1
13342,124441,1.87,0,6,9,8,1
13343,124455,4.26,0,11,14,14,1
13344,124457,-0.52,0,1,4,2,1
13345,124458,-1.01,0,0,3,1,1
13346,124460,-0.52,0,1,4,2,1
13347,124468,1.32,0,5,8,8,1
13348,124473,0.95,0,4,7,5,1
13349,124481,2.42,0,7,10,8,1
13350,124483,-0.52,0,1,4,2,1
13351,124484,-1.01,0,0,3,1,1
13352,124486,-0.52,0,1,4,2,1
13353,124492,1.44,0,5,8,6,1
13354,124501,2.91,0,8,11,9,1
13355,124504,-0.03,0,2,5,3,1
13356,124506,-0.52,0,1,4,2,1
13357,124507,-1.01,0,0,3,1,1
13358,124510,-0.03,0,2,5,3,1
13359,124552,6.43,0,18,21,42,1
13360,124566,3.71,0,10,13,14,1
13361,124587,5.49,0,14,17,21,1
13362,124589,-0.52,0,1,4,2,1
13363,124602,3.77,0,10,13,13,1
13364,124607,0.4,0,3,6,5,1
13365,124611,0.46,0,3,6,4,1
13366,124616,0.95,0,4,7,5,1
13367,124618,-0.52,0,1,4,2,1
13368,124622,0.46,0,3,6,4,1
13369,124632,2.85,0,8,11,10,1
13370,124635,-0.03,0,2,5,3,1
13371,124669,5.81,0,16,19,34,1
13372,124670,-1.01,0,0,3,1,1
13373,124683,3.77,0,10,13,13,1
13374,124700,4.08,0,11,14,17,1
13375,124705,0.95,0,4,7,5,1
13376,124708,-0.03,0,2,5,3,1
13377,124712,0.46,0,3,6,4,1
13378,124718,1.44,0,5,8,6,1
13379,124719,-1.01,0,0,3,1,1
13380,124723,-0.09,0,2,5,4,1
13381,124724,-1.01,0,0,3,1,1
13382,124744,3.9,0,11,14,20,1
13383,124757,3.77,0,10,13,13,1
13384,124760,-0.03,0,2,5,3,1
13385,124794,6.91,0,18,21,34,1
13386,124809,4.75,0,12,15,15,1
13387,124816,0.83,0,4,7,7,1
13388,124818,-0.52,0,1,4,2,1
13389,124824,0.89,0,4,7,6,1
13390,124838,3.16,0,9,12,14,1
13391,124843,0.95,0,4,7,5,1
13392,124848,0.4,0,3,6,5,1
13393,124872,4.76,0,13,16,24,1
13394,124883,2.79,0,8,11,11,1
13395,124884,-1.01,0,0,3,1,1
13396,124892,1.32,0,5,8,8,1
13397,124898,0.89,0,4,7,6,1
13398,124914,3.04,0,9,12,16,1
13399,124915,-1.01,0,0,3,1,1
13400,124917,-0.52,0,1,4,2,1
13401,124923,0.89,0,4,7,6,1
13402,124929,1.44,0,5,8,6,1
13403,124934,0.95,0,4,7,5,1
13404,124948,3.71,0,10,13,14,1
13405,124951,-0.03,0,2,5,3,1
13406,124953,-0.52,0,1,4,2,1
13407,124959,1.44,0,5,8,6,1
13408,124987,5.62,0,15,18,28,1
13409,125007,3.9,0,11,14,20,1
13410,125009,-0.52,0,1,4,2,1
13411,125011,-0.52,0,1,4,2,1
13412,125015,0.46,0,3,6,4,1
13413,125028,4.32,0,11,14,13,1
13414,125032,-0.09,0,2,5,4,1
13415,125036,0.46,0,3,6,4,1
13416,125044,2.42,0,7,10,8,1
13417,125048,0.46,0,3,6,4,1
13418,125058,2.85,0,8,11,10,1
13419,125067,2.36,0,7,10,9,1
13420,125073,1.44,0,5,8,6,1
13421,125077,0.46,0,3,6,4,1
13422,125090,3.22,0,9,12,13,1
13423,125097,1.93,0,6,9,7,1
13424,125103,0.89,0,4,7,6,1
13425,125105,-0.52,0,1,4,2,1
13426,125108,-0.03,0,2,5,3,1
13427,125115,1.38,0,5,8,7,1
13428,125130,3.65,0,10,13,15,1
13429,125138,1.87,0,6,9,8,1
13430,125169,5.99,0,16,19,31,1
13431,125177,0.22,0,3,6,8,1
13432,125178,-1.01,0,0,3,1,1
13433,125182,0.46,0,3,6,4,1
13434,125193,2.24,0,7,10,11,1
13435,125194,-1.01,0,0,3,1,1
13436,125229,7.4,0,19,22,35,1
13437,125242,3.77,0,10,13,13,1
13438,125243,-1.01,0,0,3,1,1
13439,125265,4.88,0,13,16,22,1
13440,125307,5.33,0,16,19,42,1
13441,125310,-0.03,0,2,5,3,1
13442,125317,0.83,0,4,7,7,1
13443,125323,1.44,0,5,8,6,1
13444,125325,-0.52,0,1,4,2,1
13445,125338,2.67,0,8,11,13,1
13446,125353,4.75,0,12,15,15,1
13447,125387,5.26,0,15,18,34,1
13448,125422,6.3,0,17,20,35,1
13449,125433,2.24,0,7,10,11,1
13450,125440,1.38,0,5,8,7,1
13451,125443,-0.03,0,2,5,3,1
13452,125463,6.1,0,15,18,20,1
13453,125465,-0.52,0,1,4,2,1
13454,125472,1.38,0,5,8,7,1
13455,125474,-0.52,0,1,4,2,1
13456,125477,-0.03,0,2,5,3,1
13457,125484,1.93,0,6,9,7,1
13458,125510,5.19,0,14,17,26,1
13459,125511,-1.01,0,0,3,1,1
13460,125517,1.44,0,5,8,6,1
13461,125523,1.44,0,5,8,6,1
13462,125544,4.94,0,13,16,21,1
13463,125554,2.3,0,7,10,10,1
13464,125557,-0.03,0,2,5,3,1
13465,125572,4.75,0,12,15,15,1
13466,125574,-0.52,0,1,4,2,1
13467,125588,3.16,0,9,12,14,1
13468,125592,0.46,0,3,6,4,1
13469,125595,-0.03,0,2,5,3,1
13470,125598,-0.03,0,2,5,3,1
13471,125603,0.95,0,4,7,5,1
13472,125611,1.87,0,6,9,8,1
13473,125612,-1.01,0,0,3,1,1
13474,125636,5.86,0,15,18,24,1
13475,125646,2.3,0,7,10,10,1
13476,125656,2.85,0,8,11,10,1
13477,125660,0.46,0,3,6,4,1
13478,125679,3.41,0,10,13,19,1
13479,125689,1.75,0,6,9,10,1
13480,125693,-0.09,0,2,5,4,1
13481,125694,-1.01,0,0,3,1,1
13482,125703,1.81,0,6,9,9,1
13483,125708,0.95,0,4,7,5,1
13484,125709,-1.01,0,0,3,1,1
13485,125715,1.44,0,5,8,6,1
13486,125719,0.46,0,3,6,4,1
13487,125721,-0.52,0,1,4,2,1
13488,125722,-1.01,0,0,3,1,1
13489,125730,2.42,0,7,10,8,1
13490,125732,-0.52,0,1,4,2,1
13491,125740,1.32,0,5,8,8,1
13492,125745,0.95,0,4,7,5,1
13493,125756,2.79,0,8,11,11,1
13494,125769,2.67,0,8,11,13,1
13495,125778,1.81,0,6,9,9,1
13496,125787,1.81,0,6,9,9,1
13497,125803,4.69,0,12,15,16,1
13498,125805,-0.52,0,1,4,2,1
13499,125807,-0.52,0,1,4,2,1
13500,125814,1.38,0,5,8,7,1
13501,125825,3.34,0,9,12,11,1
13502,125827,-0.52,0,1,4,2,1
13503,125829,-0.52,0,1,4,2,1
13504,125834,0.95,0,4,7,5,1
13505,125845,2.79,0,8,11,11,1
13506,125847,-0.52,0,1,4,2,1
13507,125874,5.13,0,14,17,27,1
13508,125875,-1.01,0,0,3,1,1
13509,125880,0.4,0,3,6,5,1
13510,125886,1.44,0,5,8,6,1
13511,125891,0.95,0,4,7,5,1
13512,125922,5.99,0,16,19,31,1
13513,125925,-0.03,0,2,5,3,1
13514,125930,0.95,0,4,7,5,1
13515,125932,-0.52,0,1,4,2,1
13516,125944,3.83,0,10,13,12,1
13517,125945,-1.01,0,0,3,1,1
13518,125947,-0.52,0,1,4,2,1
13519,125977,6.6,0,17,20,30,1
13520,125982,0.95,0,4,7,5,1
13521,125990,2.42,0,7,10,8,1
13522,126009,4.51,0,12,15,19,1
13523,126015,0.89,0,4,7,6,1
13524,126016,-1.01,0,0,3,1,1
13525,126023,1.38,0,5,8,7,1
13526,126024,-1.01,0,0,3,1,1
13527,126027,-0.03,0,2,5,3,1
13528,126028,-1.01,0,0,3,1,1
13529,126038,0.65,0,4,7,10,1
13530,126044,1.44,0,5,8,6,1
13531,126053,2.36,0,7,10,9,1
13532,126058,0.95,0,4,7,5,1
13533,126072,4.81,0,12,15,14,1
13534,126074,-0.52,0,1,4,2,1
13535,126077,-0.03,0,2,5,3,1
13536,126084,1.38,0,5,8,7,1
13537,126085,-1.01,0,0,3,1,1
13538,126095,2.85,0,8,11,10,1
13539,126105,3.4,0,9,12,10,1
13540,126124,3.41,0,10,13,19,1
13541,126129,0.95,0,4,7,5,1
13542,126135,0.89,0,4,7,6,1
13543,126136,-1.01,0,0,3,1,1
13544,126141,0.95,0,4,7,5,1
13545,126145,0.46,0,3,6,4,1
13546,126152,1.93,0,6,9,7,1
13547,126154,-0.52,0,1,4,2,1
13548,126162,2.42,0,7,10,8,1
13549,126173,1.69,0,6,9,11,1
13550,126182,1.81,0,6,9,9,1
13551,126226,6.31,0,18,21,44,1
13552,126241,4.2,0,11,14,15,1
13553,126243,-0.52,0,1,4,2,1
13554,126252,0.71,0,4,7,9,1
13555,126260,2.42,0,7,10,8,1
13556,126269,2.36,0,7,10,9,1
13557,126276,1.93,0,6,9,7,1
13558,126288,3.83,0,10,13,12,1
13559,126305,5.73,0,14,17,17,1
13560,126312,0.83,0,4,7,7,1
13561,126315,-0.03,0,2,5,3,1
13562,126332,4.63,0,12,15,17,1
13563,126335,-0.58,0,1,4,3,1
13564,126340,0.95,0,4,7,5,1
13565,126345,0.95,0,4,7,5,1
13566,126350,0.4,0,3,6,5,1
13567,126352,-0.52,0,1,4,2,1
13568,126368,3.59,0,10,13,16,1
13569,126369,-1.01,0,0,3,1,1
13570,126370,-1.01,0,0,3,1,1
13571,126378,1.87,0,6,9,8,1
13572,126379,-1.01,0,0,3,1,1
13573,126397,2.37,0,8,11,18,1
13574,126401,0.46,0,3,6,4,1
13575,126402,-1.01,0,0,3,1,1
13576,126413,3.34,0,9,12,11,1
13577,126421,1.32,0,5,8,8,1
13578,126440,5.61,0,14,17,19,1
13579,126444,0.46,0,3,6,4,1
13580,126448,0.46,0,3,6,4,1
13581,126474,5.74,0,15,18,26,1
13582,126488,3.16,0,9,12,14,1
13583,126540,6.93,0,20,23,52,1
13584,126552,3.28,0,9,12,12,1
13585,126554,-0.52,0,1,4,2,1
13586,126558,-0.09,0,2,5,4,1
13587,126560,-0.52,0,1,4,2,1
13588,126588,5.07,0,14,17,28,1
13589,126590,-0.52,0,1,4,2,1
13590,126591,-1.01,0,0,3,1,1
13591,126593,-0.52,0,1,4,2,1
13592,126594,-1.01,0,0,3,1,1
13593,126607,3.77,0,10,13,13,1
13594,126610,-0.03,0,2,5,3,1
13595,126622,3.28,0,9,12,12,1
13596,126623,-1.01,0,0,3,1,1
13597,126631,2.42,0,7,10,8,1
13598,126632,-1.01,0,0,3,1,1
13599,126676,6.86,0,19,22,44,1
13600,126678,-0.52,0,1,4,2,1
13601,126684,1.44,0,5,8,6,1
13602,126696,2.73,0,8,11,12,1
13603,126716,5.55,0,14,17,20,1
13604,126721,0.4,0,3,6,5,1
13605,126725,0.46,0,3,6,4,1
13606,126731,1.44,0,5,8,6,1
13607,126741,1.75,0,6,9,10,1
13608,126743,-0.52,0,1,4,2,1
13609,126745,-0.52,0,1,4,2,1
13610,126766,4.94,0,13,16,21,1
13611,126776,3.4,0,9,12,10,1
13612,126783,1.93,0,6,9,7,1
13613,126798,3.65,0,10,13,15,1
13614,126807,1.26,0,5,8,9,1
13615,126837,5.5,0,15,18,30,1
13616,126855,4.57,0,12,15,18,1
13617,126859,0.46,0,3,6,4,1
13618,126870,3.34,0,9,12,11,1
13619,126875,0.95,0,4,7,5,1
13620,126877,-0.52,0,1,4,2,1
13621,126879,-0.52,0,1,4,2,1
13622,126880,-1.01,0,0,3,1,1
13623,126886,1.44,0,5,8,6,1
13624,126887,-1.01,0,0,3,1,1
13625,126893,1.44,0,5,8,6,1
13626,126898,0.95,0,4,7,5,1
13627,126902,0.46,0,3,6,4,1
13628,126915,3.77,0,10,13,13,1
13629,126919,-0.09,0,2,5,4,1
13630,126923,0.46,0,3,6,4,1
13631,126931,2.42,0,7,10,8,1
13632,126935,-0.09,0,2,5,4,1
13633,126946,1.69,0,6,9,11,1
13634,126947,-1.01,0,0,3,1,1
13635,126948,-1.01,0,0,3,1,1
13636,126949,-1.01,0,0,3,1,1
13637,126958,2.36,0,7,10,9,1
13638,126963,0.4,0,3,6,5,1
13639,126965,-0.52,0,1,4,2,1
13640,126971,1.44,0,5,8,6,1
13641,126973,-0.52,0,1,4,2,1
13642,126976,-0.03,0,2,5,3,1
13643,126982,1.44,0,5,8,6,1
13644,126986,-0.09,0,2,5,4,1
13645,127002,4.14,0,11,14,16,1
13646,127022,6.1,0,15,18,20,1
13647,127038,4.14,0,11,14,16,1
13648,127041,-0.58,0,1,4,3,1
13649,127048,1.38,0,5,8,7,1
13650,127051,-0.03,0,2,5,3,1
13651,127062,2.24,0,7,10,11,1
13652,127091,5.01,0,14,17,29,1
13653,127105,3.16,0,9,12,14,1
13654,127112,0.83,0,4,7,7,1
13655,127113,-1.01,0,0,3,1,1
13656,127153,4.9,0,15,18,40,1
13657,127156,-0.03,0,2,5,3,1
13658,127160,0.46,0,3,6,4,1
13659,127161,-1.01,0,0,3,1,1
13660,127164,-0.03,0,2,5,3,1
13661,127173,2.36,0,7,10,9,1
13662,127182,2.36,0,7,10,9,1
13663,127186,-0.09,0,2,5,4,1
13664,127188,-0.52,0,1,4,2,1
13665,127192,-0.09,0,2,5,4,1
13666,127213,4.94,0,13,16,21,1
13667,127218,0.95,0,4,7,5,1
13668,127227,2.36,0,7,10,9,1
13669,127233,1.44,0,5,8,6,1
13670,127234,-1.01,0,0,3,1,1
13671,127238,0.46,0,3,6,4,1
13672,127241,-0.03,0,2,5,3,1
13673,127253,3.28,0,9,12,12,1
13674,127256,-0.03,0,2,5,3,1
13675,127311,7.3,0,21,24,55,1
13676,127313,-0.52,0,1,4,2,1
13677,127318,0.95,0,4,7,5,1
13678,127342,4.21,0,12,15,24,1
13679,127357,4.75,0,12,15,15,1
13680,127377,3.35,0,10,13,20,1
13681,127381,0.46,0,3,6,4,1
13682,127385,0.46,0,3,6,4,1
13683,127425,7.65,0,20,23,40,1
13684,127426,-1.01,0,0,3,1,1
13685,127432,1.44,0,5,8,6,1
13686,127436,-0.09,0,2,5,4,1
13687,127441,0.95,0,4,7,5,1
13688,127442,-1.01,0,0,3,1,1
13689,127452,2.3,0,7,10,10,1
13690,127462,1.75,0,6,9,10,1
13691,127465,-0.03,0,2,5,3,1
13692,127467,-0.52,0,1,4,2,1
13693,127491,4.21,0,12,15,24,1
13694,127496,0.4,0,3,6,5,1
13695,127503,1.93,0,6,9,7,1
13696,127511,1.87,0,6,9,8,1
13697,127524,4.32,0,11,14,13,1
13698,127526,-0.52,0,1,4,2,1
13699,127527,-1.01,0,0,3,1,1
13700,127535,2.42,0,7,10,8,1
13701,127548,3.77,0,10,13,13,1
13702,127551,-0.03,0,2,5,3,1
13703,127562,1.69,0,6,9,11,1
13704,127569,1.93,0,6,9,7,1
13705,127579,3.4,0,9,12,10,1
13706,127583,-0.09,0,2,5,4,1
13707,127588,0.4,0,3,6,5,1
13708,127594,0.89,0,4,7,6,1
13709,127600,1.44,0,5,8,6,1
13710,127615,3.65,0,10,13,15,1
13711,127637,5.43,0,14,17,22,1
13712,127662,4.7,0,13,16,25,1
13713,127665,-0.03,0,2,5,3,1
13714,127676,3.34,0,9,12,11,1
13715,127694,4.57,0,12,15,18,1
13716,127706,3.28,0,9,12,12,1
13717,127726,5.0,0,13,16,20,1
13718,127747,5.49,0,14,17,21,1
13719,127758,3.34,0,9,12,11,1
13720,127772,4.26,0,11,14,14,1
13721,127775,-0.03,0,2,5,3,1
13722,127777,-0.52,0,1,4,2,1
13723,127778,-1.01,0,0,3,1,1
13724,127781,-0.03,0,2,5,3,1
13725,127792,2.79,0,8,11,11,1
13726,127794,-0.52,0,1,4,2,1
13727,127802,2.42,0,7,10,8,1
13728,127817,4.2,0,11,14,15,1
13729,127835,4.57,0,12,15,18,1
13730,127842,1.93,0,6,9,7,1
13731,127850,2.42,0,7,10,8,1
13732,127851,-1.01,0,0,3,1,1
13733,127854,-0.03,0,2,5,3,1
13734,127859,0.95,0,4,7,5,1
13735,127870,2.79,0,8,11,11,1
13736,127882,4.38,0,11,14,12,1
13737,127919,6.73,0,18,21,37,1
13738,127985,5.54,0,19,22,66,1
13739,127986,-1.01,0,0,3,1,1
13740,127998,2.73,0,8,11,12,1
13741,128000,-0.52,0,1,4,2,1
13742,128015,3.65,0,10,13,15,1
13743,128039,4.21,0,12,15,24,1
13744,128045,1.44,0,5,8,6,1
13745,128063,5.67,0,14,17,18,1
13746,128078,2.55,0,8,11,15,1
13747,128082,0.46,0,3,6,4,1
13748,128089,0.83,0,4,7,7,1
13749,128098,2.36,0,7,10,9,1
13750,128101,-0.03,0,2,5,3,1
13751,128105,0.46,0,3,6,4,1
13752,128106,-1.01,0,0,3,1,1
13753,128109,-0.03,0,2,5,3,1
13754,128128,5.06,0,13,16,19,1
13755,128137,1.26,0,5,8,9,1
13756,128140,-0.03,0,2,5,3,1
13757,128141,-1.01,0,0,3,1,1
13758,128143,-0.52,0,1,4,2,1
13759,128151,1.87,0,6,9,8,1
13760,128152,-1.01,0,0,3,1,1
13761,128171,4.51,0,12,15,19,1
13762,128173,-0.52,0,1,4,2,1
13763,128182,1.81,0,6,9,9,1
13764,128191,1.81,0,6,9,9,1
13765,128200,2.36,0,7,10,9,1
13766,128206,0.89,0,4,7,6,1
13767,128233,7.33,0,18,21,27,1
13768,128250,4.63,0,12,15,17,1
13769,128256,1.44,0,5,8,6,1
13770,128263,1.93,0,6,9,7,1
13771,128274,2.79,0,8,11,11,1
13772,128283,2.36,0,7,10,9,1
13773,128300,4.08,0,11,14,17,1
13774,128318,4.02,0,11,14,18,1
13775,128319,-1.01,0,0,3,1,1
13776,128323,0.46,0,3,6,4,1
13777,128324,-1.01,0,0,3,1,1
13778,128333,2.36,0,7,10,9,1
13779,128340,1.93,0,6,9,7,1
13780,128342,-0.52,0,1,4,2,1
13781,128348,0.89,0,4,7,6,1
13782,128351,-0.03,0,2,5,3,1
13783,128360,1.26,0,5,8,9,1
13784,128366,1.44,0,5,8,6,1
13785,128369,-0.03,0,2,5,3,1
13786,128377,1.32,0,5,8,8,1
13787,128386,1.81,0,6,9,9,1
13788,128397,3.89,0,10,13,11,1
13789,128404,1.38,0,5,8,7,1
13790,128407,-0.03,0,2,5,3,1
13791,128411,0.46,0,3,6,4,1
13792,128413,-0.52,0,1,4,2,1
13793,128428,4.2,0,11,14,15,1
13794,128439,2.79,0,8,11,11,1
13795,128445,0.89,0,4,7,6,1
13796,128452,0.83,0,4,7,7,1
13797,128469,4.08,0,11,14,17,1
13798,128493,5.86,0,15,18,24,1
13799,128509,4.14,0,11,14,16,1
13800,128525,4.69,0,12,15,16,1
13801,128527,-0.52,0,1,4,2,1
13802,128529,-0.52,0,1,4,2,1
13803,128534,0.95,0,4,7,5,1
13804,128569,6.85,0,18,21,35,1
13805,128578,2.91,0,8,11,9,1
13806,128585,1.93,0,6,9,7,1
13807,128590,0.95,0,4,7,5,1
13808,128597,1.38,0,5,8,7,1
13809,128601,0.46,0,3,6,4,1
13810,128608,0.83,0,4,7,7,1
13811,128611,-0.03,0,2,5,3,1
13812,128620,2.36,0,7,10,9,1
13813,128627,0.83,0,4,7,7,1
13814,128632,0.95,0,4,7,5,1
13815,128635,-0.03,0,2,5,3,1
13816,128645,2.3,0,7,10,10,1
13817,128646,-1.01,0,0,3,1,1
13818,128652,0.89,0,4,7,6,1
13819,128655,-0.03,0,2,5,3,1
13820,128660,0.95,0,4,7,5,1
13821,128665,0.4,0,3,6,5,1
13822,128671,0.89,0,4,7,6,1
13823,128688,4.08,0,11,14,17,1
13824,128694,1.44,0,5,8,6,1
13825,128713,4.51,0,12,15,19,1
13826,128738,5.8,0,15,18,25,1
13827,128739,-1.01,0,0,3,1,1
13828,128745,1.44,0,5,8,6,1
13829,128746,-1.01,0,0,3,1,1
13830,128751,0.4,0,3,6,5,1
13831,128755,0.46,0,3,6,4,1
13832,128763,1.87,0,6,9,8,1
13833,128773,2.85,0,8,11,10,1
13834,128785,2.73,0,8,11,12,1
13835,128813,5.07,0,14,17,28,1
13836,128814,-1.01,0,0,3,1,1
13837,128817,-0.58,0,1,4,3,1
13838,128820,-0.03,0,2,5,3,1
13839,128828,1.87,0,6,9,8,1
13840,128830,-0.52,0,1,4,2,1
13841,128838,1.87,0,6,9,8,1
13842,128839,-1.01,0,0,3,1,1
13843,128858,4.51,0,12,15,19,1
13844,128878,5.55,0,14,17,20,1
13845,128883,0.95,0,4,7,5,1
13846,128888,0.95,0,4,7,5,1
13847,128897,1.81,0,6,9,9,1
13848,128913,3.59,0,10,13,16,1
13849,128930,2.98,0,9,12,17,1
13850,128939,1.26,0,5,8,9,1
13851,128942,-0.03,0,2,5,3,1
13852,128945,-0.03,0,2,5,3,1
13853,128947,-0.52,0,1,4,2,1
13854,128957,2.3,0,7,10,10,1
13855,128975,4.57,0,12,15,18,1
13856,128982,1.93,0,6,9,7,1
13857,128991,2.36,0,7,10,9,1
13858,128998,1.93,0,6,9,7,1
13859,129002,0.46,0,3,6,4,1
13860,129048,5.64,0,17,20,46,1
13861,129063,3.1,0,9,12,15,1
13862,129074,2.79,0,8,11,11,1
13863,129096,4.88,0,13,16,22,1
13864,129109,3.22,0,9,12,13,1
13865,129110,-1.01,0,0,3,1,1
13866,129115,0.95,0,4,7,5,1
13867,129128,3.77,0,10,13,13,1
13868,129149,4.94,0,13,16,21,1
13869,129153,0.46,0,3,6,4,1
13870,129158,0.95,0,4,7,5,1
13871,129163,0.95,0,4,7,5,1
13872,129170,1.93,0,6,9,7,1
13873,129174,-0.09,0,2,5,4,1
13874,129197,5.92,0,15,18,23,1
13875,129222,4.7,0,13,16,25,1
13876,129226,0.46,0,3,6,4,1
13877,129227,-1.01,0,0,3,1,1
13878,129234,1.38,0,5,8,7,1
13879,129247,4.32,0,11,14,13,1
13880,129252,0.95,0,4,7,5,1
13881,129253,-1.01,0,0,3,1,1
13882,129261,2.42,0,7,10,8,1
13883,129266,0.95,0,4,7,5,1
13884,129282,4.69,0,12,15,16,1
13885,129290,1.87,0,6,9,8,1
13886,129293,-0.03,0,2,5,3,1
13887,129298,0.95,0,4,7,5,1
13888,129318,5.0,0,13,16,20,1
13889,129329,3.34,0,9,12,11,1
13890,129333,0.46,0,3,6,4,1
13891,129336,-0.03,0,2,5,3,1
13892,129348,3.28,0,9,12,12,1
13893,129354,0.89,0,4,7,6,1
13894,129356,-0.52,0,1,4,2,1
13895,129362,0.89,0,4,7,6,1
13896,129365,-0.03,0,2,5,3,1
13897,129367,-0.52,0,1,4,2,1
13898,129396,6.11,0,16,19,29,1
13899,129413,4.08,0,11,14,17,1
13900,129418,0.95,0,4,7,5,1
13901,129421,-0.58,0,1,4,3,1
13902,129422,-1.01,0,0,3,1,1
13903,129443,4.39,0,12,15,21,1
13904,129451,1.87,0,6,9,8,1
13905,129453,-0.52,0,1,4,2,1
13906,129491,6.12,0,17,20,38,1
13907,129500,2.91,0,8,11,9,1
13908,129502,-0.52,0,1,4,2,1
13909,129507,0.4,0,3,6,5,1
13910,129527,4.45,0,12,15,20,1
13911,129553,6.29,0,16,19,26,1
13912,129556,-0.03,0,2,5,3,1
13913,129557,-1.01,0,0,3,1,1
13914,129568,2.79,0,8,11,11,1
13915,129595,5.68,0,15,18,27,1
13916,129597,-0.52,0,1,4,2,1
13917,129601,0.46,0,3,6,4,1
13918,129606,0.95,0,4,7,5,1
13919,129624,2.92,0,9,12,18,1
13920,129628,0.46,0,3,6,4,1
13921,129629,-1.01,0,0,3,1,1
13922,129636,0.83,0,4,7,7,1
13923,129639,-0.03,0,2,5,3,1
13924,129640,-1.01,0,0,3,1,1
13925,129654,3.16,0,9,12,14,1
13926,129656,-0.52,0,1,4,2,1
13927,129660,0.46,0,3,6,4,1
13928,129663,-0.03,0,2,5,3,1
13929,129677,3.71,0,10,13,14,1
13930,129680,-0.03,0,2,5,3,1
13931,129716,5.69,0,16,19,36,1
13932,129730,4.26,0,11,14,14,1
13933,129743,4.32,0,11,14,13,1
13934,129751,2.42,0,7,10,8,1
13935,129768,4.63,0,12,15,17,1
13936,129770,-0.52,0,1,4,2,1
13937,129773,-0.03,0,2,5,3,1
13938,129774,-1.01,0,0,3,1,1
13939,129787,3.22,0,9,12,13,1
13940,129797,2.85,0,8,11,10,1
13941,129803,1.44,0,5,8,6,1
13942,129814,2.24,0,7,10,11,1
13943,129836,5.98,0,15,18,22,1
13944,129848,3.28,0,9,12,12,1
13945,129856,2.42,0,7,10,8,1
13946,129866,2.3,0,7,10,10,1
13947,129883,3.53,0,10,13,17,1
13948,129885,-0.52,0,1,4,2,1
13949,129892,1.38,0,5,8,7,1
13950,129898,1.44,0,5,8,6,1
13951,129899,-1.01,0,0,3,1,1
13952,129904,0.95,0,4,7,5,1
13953,129908,0.46,0,3,6,4,1
13954,129924,5.24,0,13,16,16,1
13955,129936,3.83,0,10,13,12,1
13956,129946,2.85,0,8,11,10,1
13957,129978,6.48,0,17,20,32,1
13958,129992,3.16,0,9,12,14,1
13959,129993,-1.01,0,0,3,1,1
13960,130002,2.36,0,7,10,9,1
13961,130007,0.95,0,4,7,5,1
13962,130010,-0.03,0,2,5,3,1
13963,130012,-0.52,0,1,4,2,1
13964,130020,2.42,0,7,10,8,1
13965,130030,2.3,0,7,10,10,1
13966,130043,2.67,0,8,11,13,1
13967,130056,3.77,0,10,13,13,1
13968,130057,-1.01,0,0,3,1,1
13969,130062,0.4,0,3,6,5,1
13970,130068,0.89,0,4,7,6,1
13971,130072,0.46,0,3,6,4,1
13972,130086,3.16,0,9,12,14,1
13973,130089,-0.03,0,2,5,3,1
13974,130091,-0.52,0,1,4,2,1
13975,130110,6.16,0,15,18,19,1
13976,130112,-0.52,0,1,4,2,1
13977,130118,1.44,0,5,8,6,1
13978,130121,-0.03,0,2,5,3,1
13979,130124,-0.03,0,2,5,3,1
13980,130139,4.2,0,11,14,15,1
13981,130147,1.32,0,5,8,8,1
13982,130163,5.24,0,13,16,16,1
13983,130189,6.84,0,17,20,26,1
13984,130192,-0.03,0,2,5,3,1
13985,130203,3.34,0,9,12,11,1
13986,130207,0.46,0,3,6,4,1
13987,130213,1.44,0,5,8,6,1
13988,130217,-0.09,0,2,5,4,1
13989,130221,0.46,0,3,6,4,1
13990,130227,0.89,0,4,7,6,1
13991,130231,0.46,0,3,6,4,1
13992,130236,0.95,0,4,7,5,1
13993,130242,1.44,0,5,8,6,1
13994,130259,3.53,0,10,13,17,1
13995,130271,3.28,0,9,12,12,1
13996,130278,1.93,0,6,9,7,1
13997,130281,-0.03,0,2,5,3,1
13998,130288,0.28,0,3,6,7,1
13999,130299,3.34,0,9,12,11,1
14000,130310,2.24,0,7,10,11,1
14001,130329,5.61,0,14,17,19,1
14002,130333,0.46,0,3,6,4,1
14003,130349,4.14,0,11,14,16,1
14004,130351,-0.52,0,1,4,2,1
14005,130364,4.32,0,11,14,13,1
14006,130366,-0.52,0,1,4,2,1
14007,130378,2.73,0,8,11,12,1
14008,130395,4.08,0,11,14,17,1
14009,130406,3.34,0,9,12,11,1
14010,130414,1.87,0,6,9,8,1
14011,130417,-0.03,0,2,5,3,1
14012,130435,4.57,0,12,15,18,1
14013,130449,4.26,0,11,14,14,1
14014,130452,-0.03,0,2,5,3,1
14015,130454,-0.52,0,1,4,2,1
14016,130462,2.42,0,7,10,8,1
14017,130470,1.32,0,5,8,8,1
14018,130476,0.89,0,4,7,6,1
14019,130481,0.95,0,4,7,5,1
14020,130495,4.26,0,11,14,14,1
14021,130501,0.89,0,4,7,6,1
14022,130503,-0.52,0,1,4,2,1
14023,130507,0.46,0,3,6,4,1
14024,130515,2.42,0,7,10,8,1
14025,130532,5.18,0,13,16,17,1
14026,130543,1.69,0,6,9,11,1
14027,130548,0.95,0,4,7,5,1
14028,130552,0.46,0,3,6,4,1
14029,130583,4.89,0,14,17,31,1
14030,130591,2.42,0,7,10,8,1
14031,130600,2.36,0,7,10,9,1
14032,130612,3.28,0,9,12,12,1
14033,130632,3.35,0,10,13,20,1
14034,130638,1.44,0,5,8,6,1
14035,130657,6.71,0,16,19,19,1
14036,130659,-0.52,0,1,4,2,1
14037,130669,2.3,0,7,10,10,1
14038,130680,3.34,0,9,12,11,1
14039,130683,-0.03,0,2,5,3,1
14040,130687,0.46,0,3,6,4,1
14041,130689,-0.52,0,1,4,2,1
14042,130705,3.59,0,10,13,16,1
14043,130707,-0.52,0,1,4,2,1
14044,130711,0.46,0,3,6,4,1
14045,130717,1.44,0,5,8,6,1
14046,130720,-0.03,0,2,5,3,1
14047,130721,-1.01,0,0,3,1,1
14048,130729,1.87,0,6,9,8,1
14049,130735,1.44,0,5,8,6,1
14050,130768,5.32,0,15,18,33,1
14051,130788,3.35,0,10,13,20,1
14052,130799,2.79,0,8,11,11,1
14053,130807,1.87,0,6,9,8,1
14054,130812,0.95,0,4,7,5,1
14055,130821,2.36,0,7,10,9,1
14056,130835,3.16,0,9,12,14,1
14057,130837,-0.52,0,1,4,2,1
14058,130838,-1.01,0,0,3,1,1
14059,130840,-0.52,0,1,4,2,1
14060,130845,0.95,0,4,7,5,1
14061,130852,1.38,0,5,8,7,1
14062,130859,1.93,0,6,9,7,1
14063,130867,2.42,0,7,10,8,1
14064,130877,1.75,0,6,9,10,1
14065,130890,3.22,0,9,12,13,1
14066,130899,1.26,0,5,8,9,1
14067,130902,-0.03,0,2,5,3,1
14068,130919,5.18,0,13,16,17,1
14069,130925,0.89,0,4,7,6,1
14070,130930,0.4,0,3,6,5,1
14071,130957,4.58,0,13,16,27,1
14072,130961,0.46,0,3,6,4,1
14073,130973,3.28,0,9,12,12,1
14074,130994,6.04,0,15,18,21,1
14075,130999,0.95,0,4,7,5,1
14076,131016,4.08,0,11,14,17,1
14077,131020,-0.09,0,2,5,4,1
14078,131023,-0.03,0,2,5,3,1
14079,131041,4.57,0,12,15,18,1
14080,131059,4.57,0,12,15,18,1
14081,131073,4.26,0,11,14,14,1
14082,131074,-1.01,0,0,3,1,1
14083,131080,0.89,0,4,7,6,1
14084,131083,-0.58,0,1,4,3,1
14085,131123,6.55,0,18,21,40,1
14086,131128,0.95,0,4,7,5,1
14087,131136,1.87,0,6,9,8,1
14088,131151,4.2,0,11,14,15,1
14089,131165,3.16,0,9,12,14,1
14090,131189,5.31,0,14,17,24,1
14091,131191,-0.52,0,1,4,2,1
14092,131195,0.46,0,3,6,4,1
14093,131204,2.36,0,7,10,9,1
14094,131224,5.0,0,13,16,20,1
14095,131256,7.03,0,18,21,32,1
14096,131261,0.4,0,3,6,5,1
14097,131265,-0.09,0,2,5,4,1
14098,131285,5.0,0,13,16,20,1
14099,131289,0.46,0,3,6,4,1
14100,131313,5.31,0,14,17,24,1
14101,131314,-1.01,0,0,3,1,1
14102,131316,-0.52,0,1,4,2,1
14103,131334,4.02,0,11,14,18,1
14104,131347,2.12,0,7,10,13,1
14105,131352,0.4,0,3,6,5,1
14106,131356,0.46,0,3,6,4,1
14107,131357,-1.01,0,0,3,1,1
14108,131382,6.9,0,17,20,25,1
14109,131389,1.93,0,6,9,7,1
14110,131403,3.16,0,9,12,14,1
14111,131404,-1.01,0,0,3,1,1
14112,131407,-0.03,0,2,5,3,1
14113,131411,0.46,0,3,6,4,1
14114,131414,-0.03,0,2,5,3,1
14115,131417,-0.03,0,2,5,3,1
14116,131425,1.87,0,6,9,8,1
14117,131430,0.95,0,4,7,5,1
14118,131443,3.22,0,9,12,13,1
14119,131448,0.4,0,3,6,5,1
14120,131496,6.62,0,19,22,48,1
14121,131502,1.44,0,5,8,6,1
14122,131517,3.1,0,9,12,15,1
14123,131521,-0.09,0,2,5,4,1
14124,131524,-0.03,0,2,5,3,1
14125,131536,3.28,0,9,12,12,1
14126,131542,0.89,0,4,7,6,1
14127,131556,4.26,0,11,14,14,1
14128,131559,-0.03,0,2,5,3,1
14129,131560,-1.01,0,0,3,1,1
14130,131576,3.04,0,9,12,16,1
14131,131579,-0.03,0,2,5,3,1
14132,131597,5.12,0,13,16,18,1
14133,131603,1.44,0,5,8,6,1
14134,131627,3.66,0,11,14,24,1
14135,131640,2.67,0,8,11,13,1
14136,131646,0.89,0,4,7,6,1
14137,131665,2.31,0,8,11,19,1
14138,131666,-1.01,0,0,3,1,1
14139,131669,-0.58,0,1,4,3,1
14140,131685,4.69,0,12,15,16,1
14141,131723,7.77,0,20,23,38,1
14142,131729,1.44,0,5,8,6,1
14143,131745,5.24,0,13,16,16,1
14144,131746,-1.01,0,0,3,1,1
14145,131754,1.87,0,6,9,8,1
14146,131767,3.77,0,10,13,13,1
14147,131784,4.63,0,12,15,17,1
14148,131797,2.67,0,8,11,13,1
14149,131819,4.33,0,12,15,22,1
14150,131826,0.83,0,4,7,7,1
14151,131832,0.34,0,3,6,6,1
14152,131836,0.46,0,3,6,4,1
14153,131838,-0.52,0,1,4,2,1
14154,131847,1.26,0,5,8,9,1
14155,131856,1.81,0,6,9,9,1
14156,131862,1.44,0,5,8,6,1
14157,131870,1.87,0,6,9,8,1
14158,131876,0.89,0,4,7,6,1
14159,131884,1.87,0,6,9,8,1
14160,131892,2.42,0,7,10,8,1
14161,131909,4.63,0,12,15,17,1
14162,131921,2.73,0,8,11,12,1
14163,131936,3.65,0,10,13,15,1
14164,131952,4.69,0,12,15,16,1
14165,131953,-1.01,0,0,3,1,1
14166,131954,-1.01,0,0,3,1,1
14167,131957,-0.03,0,2,5,3,1
14168,131959,-0.52,0,1,4,2,1
14169,131972,3.22,0,9,12,13,1
14170,131978,1.44,0,5,8,6,1
14171,131981,-0.03,0,2,5,3,1
14172,131999,3.47,0,10,13,18,1
14173,132019,3.35,0,10,13,20,1
14174,132023,0.46,0,3,6,4,1
14175,132036,3.77,0,10,13,13,1
14176,132049,2.67,0,8,11,13,1
14177,132055,1.44,0,5,8,6,1
14178,132058,-0.03,0,2,5,3,1
14179,132093,6.3,0,17,20,35,1
14180,132118,4.7,0,13,16,25,1
14181,132119,-1.01,0,0,3,1,1
14182,132141,5.43,0,14,17,22,1
14183,132155,3.71,0,10,13,14,1
14184,132173,4.57,0,12,15,18,1
14185,132178,0.95,0,4,7,5,1
14186,132187,2.36,0,7,10,9,1
14187,132193,1.44,0,5,8,6,1
14188,132196,-0.03,0,2,5,3,1
14189,132197,-1.01,0,0,3,1,1
14190,132202,0.4,0,3,6,5,1
14191,132207,0.95,0,4,7,5,1
14192,132222,4.2,0,11,14,15,1
14193,132244,3.78,0,11,14,22,1
14194,132248,0.46,0,3,6,4,1
14195,132276,5.62,0,15,18,28,1
14196,132278,-0.52,0,1,4,2,1
14197,132286,2.42,0,7,10,8,1
14198,132294,2.42,0,7,10,8,1
14199,132302,1.32,0,5,8,8,1
14200,132305,-0.03,0,2,5,3,1
14201,132310,0.95,0,4,7,5,1
14202,132318,1.87,0,6,9,8,1
14203,132328,2.3,0,7,10,10,1
14204,132335,1.38,0,5,8,7,1
14205,132339,0.46,0,3,6,4,1
14206,132360,4.39,0,12,15,21,1
14207,132365,0.95,0,4,7,5,1
14208,132381,4.14,0,11,14,16,1
14209,132382,-1.01,0,0,3,1,1
14210,132390,1.32,0,5,8,8,1
14211,132392,-0.52,0,1,4,2,1
14212,132393,-1.01,0,0,3,1,1
14213,132403,3.4,0,9,12,10,1
14214,132404,-1.01,0,0,3,1,1
14215,132408,0.46,0,3,6,4,1
14216,132409,-1.01,0,0,3,1,1
14217,132410,-1.01,0,0,3,1,1
14218,132422,3.28,0,9,12,12,1
14219,132425,-0.03,0,2,5,3,1
14220,132428,-0.03,0,2,5,3,1
14221,132444,4.14,0,11,14,16,1
14222,132447,-0.03,0,2,5,3,1
14223,132449,-0.52,0,1,4,2,1
14224,132461,4.38,0,11,14,12,1
14225,132493,7.03,0,18,21,32,1
14226,132508,4.75,0,12,15,15,1
14227,132509,-1.01,0,0,3,1,1
14228,132516,0.83,0,4,7,7,1
14229,132524,1.32,0,5,8,8,1
14230,132525,-1.01,0,0,3,1,1
14231,132528,-0.03,0,2,5,3,1
14232,132537,2.91,0,8,11,9,1
14233,132539,-0.52,0,1,4,2,1
14234,132554,3.65,0,10,13,15,1
14235,132563,2.36,0,7,10,9,1
14236,132565,-0.52,0,1,4,2,1
14237,132575,3.4,0,9,12,10,1
14238,132586,3.89,0,10,13,11,1
14239,132600,2.61,0,8,11,14,1
14240,132603,-0.58,0,1,4,3,1
14241,132606,-0.03,0,2,5,3,1
14242,132614,2.42,0,7,10,8,1
14243,132621,1.38,0,5,8,7,1
14244,132642,3.84,0,11,14,21,1
14245,132677,5.75,0,16,19,35,1
14246,132698,6.04,0,15,18,21,1
14247,132705,1.93,0,6,9,7,1
14248,132707,-0.52,0,1,4,2,1
14249,132716,1.81,0,6,9,9,1
14250,132718,-0.52,0,1,4,2,1
14251,132724,1.44,0,5,8,6,1
14252,132728,0.46,0,3,6,4,1
14253,132729,-1.01,0,0,3,1,1
14254,132756,5.68,0,15,18,27,1
14255,132760,0.46,0,3,6,4,1
14256,132761,-1.01,0,0,3,1,1
14257,132763,-0.52,0,1,4,2,1
14258,132769,1.44,0,5,8,6,1
14259,132772,-0.03,0,2,5,3,1
14260,132778,0.34,0,3,6,6,1
14261,132783,0.95,0,4,7,5,1
14262,132785,-0.52,0,1,4,2,1
14263,132792,1.93,0,6,9,7,1
14264,132795,-0.58,0,1,4,3,1
14265,132818,4.82,0,13,16,23,1
14266,132819,-1.01,0,0,3,1,1
14267,132827,1.87,0,6,9,8,1
14268,132828,-1.01,0,0,3,1,1
14269,132832,-0.09,0,2,5,4,1
14270,132847,3.65,0,10,13,15,1
14271,132849,-0.52,0,1,4,2,1
14272,132852,-0.03,0,2,5,3,1
14273,132853,-1.01,0,0,3,1,1
14274,132858,0.95,0,4,7,5,1
14275,132862,0.46,0,3,6,4,1
14276,132863,-1.01,0,0,3,1,1
14277,132870,1.38,0,5,8,7,1
14278,132879,2.36,0,7,10,9,1
14279,132883,0.46,0,3,6,4,1
14280,132886,-0.03,0,2,5,3,1
14281,132895,2.36,0,7,10,9,1
14282,132916,4.94,0,13,16,21,1
14283,132939,5.37,0,14,17,23,1
14284,132942,-0.03,0,2,5,3,1
14285,132944,-0.52,0,1,4,2,1
14286,132947,-0.03,0,2,5,3,1
14287,132974,5.13,0,14,17,27,1
14288,132987,4.32,0,11,14,13,1
14289,132994,1.38,0,5,8,7,1
14290,133004,2.3,0,7,10,10,1
14291,133011,1.93,0,6,9,7,1
14292,133020,2.36,0,7,10,9,1
14293,133033,3.22,0,9,12,13,1
14294,133036,-0.03,0,2,5,3,1
14295,133041,0.95,0,4,7,5,1
14296,133069,5.62,0,15,18,28,1
14297,133071,-0.52,0,1,4,2,1
14298,133072,-1.01,0,0,3,1,1
14299,133073,-1.01,0,0,3,1,1
14300,133079,0.89,0,4,7,6,1
14301,133092,2.12,0,7,10,13,1
14302,133105,3.22,0,9,12,13,1
14303,133109,0.46,0,3,6,4,1
14304,133111,-0.52,0,1,4,2,1
14305,133126,3.65,0,10,13,15,1
14306,133128,-0.52,0,1,4,2,1
14307,133158,5.5,0,15,18,30,1
14308,133163,0.4,0,3,6,5,1
14309,133233,9.9,1,22,25,70,0
14310,133237,0.46,0,3,6,4,1
14311,133240,-0.03,0,2,5,3,1
14312,133247,1.38,0,5,8,7,1
14313,133248,-1.01,0,0,3,1,1
14314,133250,-0.52,0,1,4,2,1
14315,133266,5.24,0,13,16,16,1
14316,133281,4.75,0,12,15,15,1
14317,133287,1.44,0,5,8,6,1
14318,133295,1.32,0,5,8,8,1
14319,133303,1.87,0,6,9,8,1
14320,133333,6.6,0,17,20,30,1
14321,133336,-0.03,0,2,5,3,1
14322,133338,-0.52,0,1,4,2,1
14323,133345,1.38,0,5,8,7,1
14324,133346,-1.01,0,0,3,1,1
14325,133348,-0.52,0,1,4,2,1
14326,133350,-0.52,0,1,4,2,1
14327,133353,-0.03,0,2,5,3,1
14328,133363,3.4,0,9,12,10,1
14329,133364,-1.01,0,0,3,1,1
14330,133377,3.22,0,9,12,13,1
14331,133389,3.83,0,10,13,12,1
14332,133403,3.71,0,10,13,14,1
14333,133409,0.89,0,4,7,6,1
14334,133413,0.46,0,3,6,4,1
14335,133415,-0.52,0,1,4,2,1
14336,133416,-1.01,0,0,3,1,1
14337,133421,0.95,0,4,7,5,1
14338,133424,-0.03,0,2,5,3,1
14339,133478,7.36,0,21,24,54,1
14340,133482,0.46,0,3,6,4,1
14341,133484,-0.52,0,1,4,2,1
14342,133487,-0.03,0,2,5,3,1
14343,133489,-0.52,0,1,4,2,1
14344,133512,6.47,0,16,19,23,1
14345,133517,0.95,0,4,7,5,1
14346,133547,7.15,0,18,21,30,1
14347,133552,-0.15,0,2,5,5,1
14348,133554,-0.52,0,1,4,2,1
14349,133561,1.38,0,5,8,7,1
14350,133572,2.79,0,8,11,11,1
14351,133573,-1.01,0,0,3,1,1
14352,133584,2.24,0,7,10,11,1
14353,133595,1.69,0,6,9,11,1
14354,133596,-1.01,0,0,3,1,1
14355,133601,0.95,0,4,7,5,1
14356,133605,0.46,0,3,6,4,1
14357,133610,0.4,0,3,6,5,1
14358,133612,-0.52,0,1,4,2,1
14359,133631,3.96,0,11,14,19,1
14360,133651,4.45,0,12,15,20,1
14361,133652,-1.01,0,0,3,1,1
14362,133660,1.87,0,6,9,8,1
14363,133671,3.89,0,10,13,11,1
14364,133680,1.26,0,5,8,9,1
14365,133684,-0.09,0,2,5,4,1
14366,133690,0.89,0,4,7,6,1
14367,133702,2.73,0,8,11,12,1
14368,133705,-0.03,0,2,5,3,1
14369,133758,6.87,0,20,23,53,1
14370,133762,0.46,0,3,6,4,1
14371,133779,3.53,0,10,13,17,1
14372,133804,4.7,0,13,16,25,1
14373,133831,6.23,0,16,19,27,1
14374,133834,-0.03,0,2,5,3,1
14375,133841,1.38,0,5,8,7,1
14376,133847,1.44,0,5,8,6,1
14377,133856,1.81,0,6,9,9,1
14378,133857,-1.01,0,0,3,1,1
14379,133865,1.87,0,6,9,8,1
14380,133868,-0.03,0,2,5,3,1
14381,133881,3.22,0,9,12,13,1
14382,133895,3.16,0,9,12,14,1
14383,133908,3.22,0,9,12,13,1
14384,133950,6.43,0,18,21,42,1
14385,133952,-0.52,0,1,4,2,1
14386,133955,-0.03,0,2,5,3,1
14387,133957,-0.52,0,1,4,2,1
14388,133960,-0.03,0,2,5,3,1
14389,133981,5.49,0,14,17,21,1
14390,133983,-0.52,0,1,4,2,1
14391,133987,-0.09,0,2,5,4,1
14392,133999,3.83,0,10,13,12,1
14393,134000,-1.01,0,0,3,1,1
14394,134001,-1.01,0,0,3,1,1
14395,134002,-1.01,0,0,3,1,1
14396,134007,0.95,0,4,7,5,1
14397,134012,0.95,0,4,7,5,1
14398,134016,0.46,0,3,6,4,1
14399,134020,0.46,0,3,6,4,1
14400,134023,-0.03,0,2,5,3,1
14401,134025,-0.52,0,1,4,2,1
14402,134030,0.95,0,4,7,5,1
14403,134039,0.71,0,4,7,9,1
14404,134059,5.0,0,13,16,20,1
14405,134070,2.79,0,8,11,11,1
14406,134072,-0.52,0,1,4,2,1
14407,134089,1.88,0,7,10,17,1
14408,134113,5.31,0,14,17,24,1
14409,134121,0.77,0,4,7,8,1
14410,134123,-0.52,0,1,4,2,1
14411,134125,-0.52,0,1,4,2,1
14412,134131,0.89,0,4,7,6,1
14413,134134,-0.03,0,2,5,3,1
14414,134136,-0.52,0,1,4,2,1
14415,134142,0.89,0,4,7,6,1
14416,134149,1.93,0,6,9,7,1
14417,134186,7.28,0,19,22,37,1
14418,134204,4.57,0,12,15,18,1
14419,134219,4.75,0,12,15,15,1
14420,134225,0.89,0,4,7,6,1
14421,134228,-0.58,0,1,4,3,1
14422,134238,3.4,0,9,12,10,1
14423,134268,6.05,0,16,19,30,1
14424,134277,1.81,0,6,9,9,1
14425,134295,2.92,0,9,12,18,1
14426,134304,1.81,0,6,9,9,1
14427,134306,-0.52,0,1,4,2,1
14428,134307,-1.01,0,0,3,1,1
14429,134319,2.18,0,7,10,12,1
14430,134320,-1.01,0,0,3,1,1
14431,134331,3.34,0,9,12,11,1
14432,134333,-0.52,0,1,4,2,1
14433,134336,-0.03,0,2,5,3,1
14434,134354,3.47,0,10,13,18,1
14435,134355,-1.01,0,0,3,1,1
14436,134365,2.3,0,7,10,10,1
14437,134371,1.44,0,5,8,6,1
14438,134392,3.29,0,10,13,21,1
14439,134397,0.95,0,4,7,5,1
14440,134417,3.9,0,11,14,20,1
14441,134430,2.67,0,8,11,13,1
14442,134433,-0.03,0,2,5,3,1
14443,134435,-0.52,0,1,4,2,1
14444,134442,1.93,0,6,9,7,1
14445,134487,5.7,0,17,20,45,1
14446,134491,-0.09,0,2,5,4,1
14447,134521,7.7,0,19,22,30,1
14448,134538,3.53,0,10,13,17,1
14449,134540,-0.52,0,1,4,2,1
14450,134542,-0.52,0,1,4,2,1
14451,134558,4.14,0,11,14,16,1
14452,134560,-0.52,0,1,4,2,1
14453,134618,7.12,0,21,24,58,1
14454,134626,1.32,0,5,8,8,1
14455,134630,0.46,0,3,6,4,1
14456,134631,-1.01,0,0,3,1,1
14457,134638,1.93,0,6,9,7,1
14458,134641,-0.03,0,2,5,3,1
14459,134642,-1.01,0,0,3,1,1
14460,134646,0.46,0,3,6,4,1
14461,134656,1.2,0,5,8,10,1
14462,134659,-0.03,0,2,5,3,1
14463,134662,-0.03,0,2,5,3,1
14464,134672,2.85,0,8,11,10,1
14465,134682,2.85,0,8,11,10,1
14466,134705,5.37,0,14,17,23,1
14467,134706,-1.01,0,0,3,1,1
14468,134709,-0.03,0,2,5,3,1
14469,134713,0.46,0,3,6,4,1
14470,134717,0.46,0,3,6,4,1
14471,134724,1.38,0,5,8,7,1
14472,134732,2.42,0,7,10,8,1
14473,134744,3.28,0,9,12,12,1
14474,134745,-1.01,0,0,3,1,1
14475,134756,2.24,0,7,10,11,1
14476,134772,4.14,0,11,14,16,1
14477,134777,0.95,0,4,7,5,1
14478,134784,1.38,0,5,8,7,1
14479,134819,5.2,0,15,18,35,1
14480,134846,5.13,0,14,17,27,1
14481,134860,3.16,0,9,12,14,1
14482,134863,-0.03,0,2,5,3,1
14483,134865,-0.52,0,1,4,2,1
14484,134871,1.44,0,5,8,6,1
14485,134885,3.16,0,9,12,14,1
14486,134887,-0.52,0,1,4,2,1
14487,134895,1.87,0,6,9,8,1
14488,134898,-0.03,0,2,5,3,1
14489,134910,1.63,0,6,9,12,1
14490,134911,-1.01,0,0,3,1,1
14491,134920,2.36,0,7,10,9,1
14492,134925,0.95,0,4,7,5,1
14493,134926,-1.01,0,0,3,1,1
14494,134943,4.63,0,12,15,17,1
14495,134983,4.35,0,14,17,40,1
14496,134988,0.4,0,3,6,5,1
14497,134989,-1.01,0,0,3,1,1
14498,135011,5.98,0,15,18,22,1
14499,135026,3.65,0,10,13,15,1
14500,135035,2.36,0,7,10,9,1
14501,135050,4.75,0,12,15,15,1
14502,135054,-0.09,0,2,5,4,1
14503,135061,1.93,0,6,9,7,1
14504,135062,-1.01,0,0,3,1,1
14505,135092,6.05,0,16,19,30,1
14506,135108,4.14,0,11,14,16,1
14507,135110,-0.52,0,1,4,2,1
14508,135123,2.67,0,8,11,13,1
14509,135124,-1.01,0,0,3,1,1
14510,135126,-0.52,0,1,4,2,1
14511,135152,2.99,0,10,13,26,1
14512,135155,-0.03,0,2,5,3,1
14513,135180,5.8,0,15,18,25,1
14514,135208,5.62,0,15,18,28,1
14515,135210,-0.52,0,1,4,2,1
14516,135219,2.36,0,7,10,9,1
14517,135221,-0.52,0,1,4,2,1
14518,135229,2.42,0,7,10,8,1
14519,135233,0.46,0,3,6,4,1
14520,135243,2.3,0,7,10,10,1
14521,135266,3.72,0,11,14,23,1
14522,135282,4.14,0,11,14,16,1
14523,135285,-0.03,0,2,5,3,1
14524,135286,-1.01,0,0,3,1,1
14525,135318,6.48,0,17,20,32,1
14526,135330,3.28,0,9,12,12,1
14527,135331,-1.01,0,0,3,1,1
14528,135337,1.44,0,5,8,6,1
14529,135376,7.16,0,19,22,39,1
14530,135384,1.32,0,5,8,8,1
14531,135403,4.51,0,12,15,19,1
14532,135415,3.28,0,9,12,12,1
14533,135416,-1.01,0,0,3,1,1
14534,135421,0.4,0,3,6,5,1
14535,135436,3.1,0,9,12,15,1
14536,135437,-1.01,0,0,3,1,1
14537,135451,4.26,0,11,14,14,1
14538,135453,-0.52,0,1,4,2,1
14539,135467,4.26,0,11,14,14,1
14540,135474,1.38,0,5,8,7,1
14541,135476,-0.52,0,1,4,2,1
14542,135481,0.95,0,4,7,5,1
14543,135492,2.24,0,7,10,11,1
14544,135507,3.65,0,10,13,15,1
14545,135510,-0.03,0,2,5,3,1
14546,135512,-0.52,0,1,4,2,1
14547,135516,0.46,0,3,6,4,1
14548,135520,0.46,0,3,6,4,1
14549,135522,-0.52,0,1,4,2,1
14550,135528,0.34,0,3,6,6,1
14551,135536,2.42,0,7,10,8,1
14552,135540,0.46,0,3,6,4,1
14553,135541,-1.01,0,0,3,1,1
14554,135548,1.93,0,6,9,7,1
14555,135571,4.27,0,12,15,23,1
14556,135582,1.69,0,6,9,11,1
14557,135588,1.44,0,5,8,6,1
14558,135593,0.95,0,4,7,5,1
14559,135615,5.43,0,14,17,22,1
14560,135645,6.05,0,16,19,30,1
14561,135649,0.46,0,3,6,4,1
14562,135653,0.46,0,3,6,4,1
14563,135669,3.59,0,10,13,16,1
14564,135670,-1.01,0,0,3,1,1
14565,135671,-1.01,0,0,3,1,1
14566,135677,1.44,0,5,8,6,1
14567,135681,0.46,0,3,6,4,1
14568,135687,0.34,0,3,6,6,1
14569,135693,0.89,0,4,7,6,1
14570,135697,0.46,0,3,6,4,1
14571,135703,1.44,0,5,8,6,1
14572,135713,1.75,0,6,9,10,1
14573,135715,-0.52,0,1,4,2,1
14574,135727,3.83,0,10,13,12,1
14575,135729,-0.52,0,1,4,2,1
14576,135732,-0.03,0,2,5,3,1
14577,135742,2.3,0,7,10,10,1
14578,135745,-0.03,0,2,5,3,1
14579,135748,-0.03,0,2,5,3,1
14580,135749,-1.01,0,0,3,1,1
14581,135754,0.95,0,4,7,5,1
14582,135762,2.42,0,7,10,8,1
14583,135773,3.34,0,9,12,11,1
14584,135774,-1.01,0,0,3,1,1
14585,135777,-0.03,0,2,5,3,1
14586,135778,-1.01,0,0,3,1,1
14587,135785,1.38,0,5,8,7,1
14588,135789,0.46,0,3,6,4,1
14589,135790,-1.01,0,0,3,1,1
14590,135796,1.44,0,5,8,6,1
14591,135799,-0.03,0,2,5,3,1
14592,135800,-1.01,0,0,3,1,1
14593,135801,-1.01,0,0,3,1,1
14594,135814,1.57,0,6,9,13,1
14595,135819,0.95,0,4,7,5,1
14596,135821,-0.52,0,1,4,2,1
14597,135872,5.34,0,17,20,51,1
14598,135874,-0.52,0,1,4,2,1
14599,135881,1.38,0,5,8,7,1
14600,135883,-0.52,0,1,4,2,1
14601,135888,0.95,0,4,7,5,1
14602,135894,0.89,0,4,7,6,1
14603,135908,3.71,0,10,13,14,1
14604,135912,0.46,0,3,6,4,1
14605,135913,-1.01,0,0,3,1,1
14606,135920,1.93,0,6,9,7,1
14607,135927,1.38,0,5,8,7,1
14608,135969,6.98,0,19,22,42,1
14609,136004,6.3,0,17,20,35,1
14610,136052,6.62,0,19,22,48,1
14611,136054,-0.52,0,1,4,2,1
14612,136075,4.94,0,13,16,21,1
14613,136078,-0.03,0,2,5,3,1
14614,136086,1.32,0,5,8,8,1
14615,136089,-0.03,0,2,5,3,1
14616,136092,-0.03,0,2,5,3,1
14617,136102,2.3,0,7,10,10,1
14618,136103,-1.01,0,0,3,1,1
14619,136135,5.38,0,15,18,32,1
14620,136140,0.95,0,4,7,5,1
14621,136143,-0.03,0,2,5,3,1
14622,136148,0.95,0,4,7,5,1
14623,136151,-0.03,0,2,5,3,1
14624,136155,0.46,0,3,6,4,1
14625,136164,2.91,0,8,11,9,1
14626,136175,3.34,0,9,12,11,1
14627,136185,2.85,0,8,11,10,1
14628,136212,6.23,0,16,19,27,1
14629,136217,0.4,0,3,6,5,1
14630,136232,2.55,0,8,11,15,1
14631,136250,4.02,0,11,14,18,1
14632,136258,1.32,0,5,8,8,1
14633,136274,3.59,0,10,13,16,1
14634,136285,2.24,0,7,10,11,1
14635,136289,-0.09,0,2,5,4,1
14636,136298,2.91,0,8,11,9,1
14637,136299,-1.01,0,0,3,1,1
14638,136301,-0.52,0,1,4,2,1
14639,136317,3.59,0,10,13,16,1
14640,136320,-0.03,0,2,5,3,1
14641,136322,-0.52,0,1,4,2,1
14642,136323,-1.01,0,0,3,1,1
14643,136353,5.5,0,15,18,30,1
14644,136359,0.89,0,4,7,6,1
14645,136363,0.46,0,3,6,4,1
14646,136380,4.08,0,11,14,17,1
14647,136385,0.4,0,3,6,5,1
14648,136386,-1.01,0,0,3,1,1
14649,136418,5.38,0,15,18,32,1
14650,136422,0.46,0,3,6,4,1
14651,136431,2.36,0,7,10,9,1
14652,136449,2.92,0,9,12,18,1
14653,136456,1.38,0,5,8,7,1
14654,136469,2.12,0,7,10,13,1
14655,136479,3.4,0,9,12,10,1
14656,136489,2.85,0,8,11,10,1
14657,136494,0.95,0,4,7,5,1
14658,136497,-0.03,0,2,5,3,1
14659,136514,5.18,0,13,16,17,1
14660,136516,-0.52,0,1,4,2,1
14661,136517,-1.01,0,0,3,1,1
14662,136520,-0.03,0,2,5,3,1
14663,136540,4.45,0,12,15,20,1
14664,136541,-1.01,0,0,3,1,1
14665,136544,-0.03,0,2,5,3,1
14666,136559,3.65,0,10,13,15,1
14667,136560,-1.01,0,0,3,1,1
14668,136565,0.95,0,4,7,5,1
14669,136579,3.71,0,10,13,14,1
14670,136582,-0.03,0,2,5,3,1
14671,136593,1.69,0,6,9,11,1
14672,136606,4.32,0,11,14,13,1
14673,136615,1.81,0,6,9,9,1
14674,136625,2.3,0,7,10,10,1
14675,136629,0.46,0,3,6,4,1
14676,136656,6.23,0,16,19,27,1
14677,136668,3.28,0,9,12,12,1
14678,136671,-0.03,0,2,5,3,1
14679,136680,2.36,0,7,10,9,1
14680,136685,0.95,0,4,7,5,1
14681,136694,2.36,0,7,10,9,1
14682,136699,0.95,0,4,7,5,1
14683,136712,4.32,0,11,14,13,1
14684,136716,0.46,0,3,6,4,1
14685,136727,3.34,0,9,12,11,1
14686,136745,2.92,0,9,12,18,1
14687,136747,-0.52,0,1,4,2,1
14688,136758,2.24,0,7,10,11,1
14689,136770,3.83,0,10,13,12,1
14690,136783,2.67,0,8,11,13,1
14691,136787,0.46,0,3,6,4,1
14692,136808,4.94,0,13,16,21,1
14693,136823,3.65,0,10,13,15,1
14694,136830,0.83,0,4,7,7,1
14695,136832,-0.52,0,1,4,2,1
14696,136834,-0.52,0,1,4,2,1
14697,136841,1.93,0,6,9,7,1
14698,136844,-0.03,0,2,5,3,1
14699,136846,-0.52,0,1,4,2,1
14700,136847,-1.01,0,0,3,1,1
14701,136849,-0.52,0,1,4,2,1
14702,136855,0.89,0,4,7,6,1
14703,136885,6.05,0,16,19,30,1
14704,136892,1.93,0,6,9,7,1
14705,136904,3.83,0,10,13,12,1
14706,136907,-0.03,0,2,5,3,1
14707,136914,1.93,0,6,9,7,1
14708,136916,-0.52,0,1,4,2,1
14709,136919,-0.03,0,2,5,3,1
14710,136922,-0.58,0,1,4,3,1
14711,136926,-0.09,0,2,5,4,1
14712,136966,6.55,0,18,21,40,1
14713,136983,4.08,0,11,14,17,1
14714,136999,4.14,0,11,14,16,1
14715,137001,-0.52,0,1,4,2,1
14716,137008,1.93,0,6,9,7,1
14717,137010,-0.52,0,1,4,2,1
14718,137015,0.95,0,4,7,5,1
14719,137021,1.44,0,5,8,6,1
14720,137025,-0.09,0,2,5,4,1
14721,137026,-1.01,0,0,3,1,1
14722,137031,0.95,0,4,7,5,1
14723,137050,4.51,0,12,15,19,1
14724,137072,4.88,0,13,16,22,1
14725,137079,1.38,0,5,8,7,1
14726,137092,2.67,0,8,11,13,1
14727,137094,-0.52,0,1,4,2,1
14728,137119,4.7,0,13,16,25,1
14729,137124,0.95,0,4,7,5,1
14730,137148,6.96,0,17,20,24,1
14731,137164,4.14,0,11,14,16,1
14732,137165,-1.01,0,0,3,1,1
14733,137179,3.71,0,10,13,14,1
14734,137184,0.95,0,4,7,5,1
14735,137195,2.79,0,8,11,11,1
14736,137197,-0.52,0,1,4,2,1
14737,137208,2.79,0,8,11,11,1
14738,137214,0.89,0,4,7,6,1
14739,137219,0.4,0,3,6,5,1
14740,137244,5.8,0,15,18,25,1
14741,137247,-0.03,0,2,5,3,1
14742,137249,-0.52,0,1,4,2,1
14743,137258,0.16,0,3,6,9,1
14744,137269,3.34,0,9,12,11,1
14745,137292,5.92,0,15,18,23,1
14746,137298,0.89,0,4,7,6,1
14747,137303,0.4,0,3,6,5,1
14748,137305,-0.52,0,1,4,2,1
14749,137307,-0.52,0,1,4,2,1
14750,137327,3.9,0,11,14,20,1
14751,137344,5.73,0,14,17,17,1
14752,137348,0.46,0,3,6,4,1
14753,137362,3.71,0,10,13,14,1
14754,137377,1.45,0,6,9,15,1
14755,137390,3.77,0,10,13,13,1
14756,137393,-0.03,0,2,5,3,1
14757,137416,4.82,0,13,16,23,1
14758,137435,3.96,0,11,14,19,1
14759,137438,-0.03,0,2,5,3,1
14760,137439,-1.01,0,0,3,1,1
14761,137446,0.83,0,4,7,7,1
14762,137450,0.46,0,3,6,4,1
14763,137460,2.85,0,8,11,10,1
14764,137485,5.8,0,15,18,25,1
14765,137486,-1.01,0,0,3,1,1
14766,137488,-0.52,0,1,4,2,1
14767,137493,0.95,0,4,7,5,1
14768,137502,1.81,0,6,9,9,1
14769,137517,4.75,0,12,15,15,1
14770,137526,1.26,0,5,8,9,1
14771,137532,0.89,0,4,7,6,1
14772,137541,0.71,0,4,7,9,1
14773,137548,1.38,0,5,8,7,1
14774,137550,-0.52,0,1,4,2,1
14775,137551,-1.01,0,0,3,1,1
14776,137564,3.22,0,9,12,13,1
14777,137567,-0.03,0,2,5,3,1
14778,137568,-1.01,0,0,3,1,1
14779,137571,-0.58,0,1,4,3,1
14780,137573,-0.52,0,1,4,2,1
14781,137576,-0.03,0,2,5,3,1
14782,137582,0.89,0,4,7,6,1
14783,137610,5.07,0,14,17,28,1
14784,137629,5.06,0,13,16,19,1
14785,137632,-0.03,0,2,5,3,1
14786,137638,1.44,0,5,8,6,1
14787,137639,-1.01,0,0,3,1,1
14788,137642,-0.03,0,2,5,3,1
14789,137651,2.91,0,8,11,9,1
14790,137658,1.93,0,6,9,7,1
14791,137661,-0.03,0,2,5,3,1
14792,137664,-0.03,0,2,5,3,1
14793,137665,-1.01,0,0,3,1,1
14794,137672,1.93,0,6,9,7,1
14795,137673,-1.01,0,0,3,1,1
14796,137707,6.91,0,18,21,34,1
14797,137711,0.46,0,3,6,4,1
14798,137714,-0.03,0,2,5,3,1
14799,137719,0.4,0,3,6,5,1
14800,137728,2.36,0,7,10,9,1
14801,137739,3.89,0,10,13,11,1
14802,137740,-1.01,0,0,3,1,1
14803,137741,-1.01,0,0,3,1,1
14804,137769,6.17,0,16,19,28,1
14805,137773,0.46,0,3,6,4,1
14806,137777,-0.09,0,2,5,4,1
14807,137797,5.0,0,13,16,20,1
14808,137802,0.4,0,3,6,5,1
14809,137808,0.89,0,4,7,6,1
14810,137811,-0.03,0,2,5,3,1
14811,137815,-0.09,0,2,5,4,1
14812,137821,1.44,0,5,8,6,1
14813,137823,-0.52,0,1,4,2,1
14814,137832,1.81,0,6,9,9,1
14815,137836,0.46,0,3,6,4,1
14816,137842,1.44,0,5,8,6,1
14817,137843,-1.01,0,0,3,1,1
14818,137847,0.46,0,3,6,4,1
14819,137850,-0.03,0,2,5,3,1
14820,137860,2.85,0,8,11,10,1
14821,137871,2.24,0,7,10,11,1
14822,137881,2.85,0,8,11,10,1
14823,137903,4.33,0,12,15,22,1
14824,137905,-0.52,0,1,4,2,1
14825,137910,0.95,0,4,7,5,1
14826,137916,0.89,0,4,7,6,1
14827,137933,3.53,0,10,13,17,1
14828,137939,0.34,0,3,6,6,1
14829,137951,1.63,0,6,9,12,1
14830,137952,-1.01,0,0,3,1,1
14831,137960,1.87,0,6,9,8,1
14832,137965,0.4,0,3,6,5,1
14833,137980,3.1,0,9,12,15,1
14834,137984,-0.09,0,2,5,4,1
14835,137990,1.44,0,5,8,6,1
14836,137994,0.46,0,3,6,4,1
14837,138000,1.44,0,5,8,6,1
14838,138006,0.89,0,4,7,6,1
14839,138007,-1.01,0,0,3,1,1
14840,138013,-0.21,0,2,5,6,1
14841,138018,0.95,0,4,7,5,1
14842,138022,0.46,0,3,6,4,1
14843,138027,0.4,0,3,6,5,1
14844,138034,1.93,0,6,9,7,1
14845,138041,1.93,0,6,9,7,1
14846,138045,0.46,0,3,6,4,1
14847,138057,1.63,0,6,9,12,1
14848,138058,-1.01,0,0,3,1,1
14849,138072,2.06,0,7,10,14,1
14850,138125,5.22,0,17,20,53,1
14851,138140,4.2,0,11,14,15,1
14852,138146,1.44,0,5,8,6,1
14853,138150,0.46,0,3,6,4,1
14854,138182,5.38,0,15,18,32,1
14855,138185,-0.03,0,2,5,3,1
14856,138186,-1.01,0,0,3,1,1
14857,138192,0.89,0,4,7,6,1
14858,138203,1.14,0,5,8,11,1
14859,138222,5.06,0,13,16,19,1
14860,138242,3.9,0,11,14,20,1
14861,138266,5.86,0,15,18,24,1
14862,138303,5.63,0,16,19,37,1
14863,138327,5.86,0,15,18,24,1
14864,138332,0.4,0,3,6,5,1
14865,138341,1.81,0,6,9,9,1
14866,138344,-0.03,0,2,5,3,1
14867,138358,3.71,0,10,13,14,1
14868,138360,-0.52,0,1,4,2,1
14869,138392,3.73,0,12,15,32,1
14870,138401,2.36,0,7,10,9,1
14871,138414,2.67,0,8,11,13,1
14872,138424,2.3,0,7,10,10,1
14873,138439,4.2,0,11,14,15,1
14874,138444,0.95,0,4,7,5,1
14875,138452,1.87,0,6,9,8,1
14876,138467,3.65,0,10,13,15,1
14877,138477,2.3,0,7,10,10,1
14878,138492,3.1,0,9,12,15,1
14879,138493,-1.01,0,0,3,1,1
14880,138514,5.49,0,14,17,21,1
14881,138532,4.57,0,12,15,18,1
14882,138566,5.26,0,15,18,34,1
14883,138574,1.32,0,5,8,8,1
14884,138596,3.78,0,11,14,22,1
14885,138598,-0.52,0,1,4,2,1
14886,138649,6.44,0,19,22,51,1
14887,138650,-1.01,0,0,3,1,1
14888,138658,1.87,0,6,9,8,1
14889,138659,-1.01,0,0,3,1,1
14890,138695,5.69,0,16,19,36,1
14891,138698,-0.03,0,2,5,3,1
14892,138701,-0.03,0,2,5,3,1
14893,138702,-1.01,0,0,3,1,1
14894,138745,5.82,0,17,20,43,1
14895,138757,3.28,0,9,12,12,1
14896,138772,3.1,0,9,12,15,1
14897,138777,0.4,0,3,6,5,1
14898,138787,2.3,0,7,10,10,1
14899,138814,4.03,0,12,15,27,1
14900,138817,-0.03,0,2,5,3,1
14901,138826,2.91,0,8,11,9,1
14902,138832,0.89,0,4,7,6,1
14903,138847,3.1,0,9,12,15,1
14904,138909,5.78,0,19,22,62,1
14905,138911,-0.52,0,1,4,2,1
14906,138919,0.77,0,4,7,8,1
14907,138925,0.34,0,3,6,6,1
14908,138939,4.26,0,11,14,14,1
14909,138942,-0.58,0,1,4,3,1
14910,138944,-0.52,0,1,4,2,1
14911,138945,-1.01,0,0,3,1,1
14912,138955,1.75,0,6,9,10,1
14913,138981,6.29,0,16,19,26,1
14914,138983,-0.52,0,1,4,2,1
14915,138988,0.95,0,4,7,5,1
14916,138990,-0.52,0,1,4,2,1
14917,138997,0.83,0,4,7,7,1
14918,139001,0.46,0,3,6,4,1
14919,139012,2.79,0,8,11,11,1
14920,139024,3.83,0,10,13,12,1
14921,139031,0.83,0,4,7,7,1
14922,139032,-1.01,0,0,3,1,1
14923,139037,0.4,0,3,6,5,1
14924,139043,1.44,0,5,8,6,1
14925,139053,2.3,0,7,10,10,1
14926,139066,2.12,0,7,10,13,1
14927,139074,2.42,0,7,10,8,1
14928,139081,1.38,0,5,8,7,1
14929,139088,1.93,0,6,9,7,1
14930,139097,2.36,0,7,10,9,1
14931,139108,2.79,0,8,11,11,1
14932,139122,4.26,0,11,14,14,1
14933,139125,-0.03,0,2,5,3,1
14934,139126,-1.01,0,0,3,1,1
14935,139128,-0.52,0,1,4,2,1
14936,139152,5.86,0,15,18,24,1
14937,139159,1.38,0,5,8,7,1
14938,139163,-0.64,0,1,4,4,1
14939,139180,3.53,0,10,13,17,1
14940,139195,2.0,0,7,10,15,1
14941,139208,2.67,0,8,11,13,1
14942,139219,3.89,0,10,13,11,1
14943,139229,2.85,0,8,11,10,1
14944,139231,-0.52,0,1,4,2,1
14945,139244,4.32,0,11,14,13,1
14946,139246,-0.52,0,1,4,2,1
14947,139265,2.31,0,8,11,19,1
14948,139279,3.16,0,9,12,14,1
14949,139282,-0.03,0,2,5,3,1
14950,139288,0.89,0,4,7,6,1
14951,139306,5.12,0,13,16,18,1
14952,139330,6.41,0,16,19,24,1
14953,139339,1.81,0,6,9,9,1
14954,139341,-0.52,0,1,4,2,1
14955,139350,1.81,0,6,9,9,1
14956,139363,2.67,0,8,11,13,1
14957,139379,1.94,0,7,10,16,1
14958,139396,4.63,0,12,15,17,1
14959,139397,-1.01,0,0,3,1,1
14960,139402,0.95,0,4,7,5,1
14961,139413,2.79,0,8,11,11,1
14962,139422,1.81,0,6,9,9,1
14963,139425,-0.03,0,2,5,3,1
14964,139426,-1.01,0,0,3,1,1
14965,139432,1.44,0,5,8,6,1
14966,139433,-1.01,0,0,3,1,1
14967,139449,3.04,0,9,12,16,1
14968,139477,3.42,0,11,14,28,1
14969,139485,1.87,0,6,9,8,1
14970,139494,1.26,0,5,8,9,1
14971,139512,4.02,0,11,14,18,1
14972,139515,-0.03,0,2,5,3,1
14973,139541,4.09,0,12,15,26,1
14974,139548,1.38,0,5,8,7,1
14975,139549,-1.01,0,0,3,1,1
14976,139563,4.81,0,12,15,14,1
14977,139565,-0.52,0,1,4,2,1
14978,139578,3.22,0,9,12,13,1
14979,139590,3.28,0,9,12,12,1
14980,139598,1.32,0,5,8,8,1
14981,139605,1.38,0,5,8,7,1
14982,139642,6.18,0,17,20,37,1
14983,139643,-1.01,0,0,3,1,1
14984,139645,-0.52,0,1,4,2,1
14985,139647,-0.52,0,1,4,2,1
14986,139651,0.46,0,3,6,4,1
14987,139677,5.19,0,14,17,26,1
14988,139680,-0.03,0,2,5,3,1
14989,139715,6.3,0,17,20,35,1
14990,139737,5.43,0,14,17,22,1
14991,139742,0.95,0,4,7,5,1
14992,139745,-0.58,0,1,4,3,1
14993,139746,-1.01,0,0,3,1,1
14994,139753,-0.27,0,2,5,7,1
14995,139805,3.63,0,14,17,52,1
14996,139806,-1.01,0,0,3,1,1
14997,139812,0.34,0,3,6,6,1
14998,139817,0.95,0,4,7,5,1
14999,139837,5.0,0,13,16,20,1
15000,139843,0.34,0,3,6,6,1
15001,139848,0.95,0,4,7,5,1
15002,139857,2.91,0,8,11,9,1
15003,139864,1.93,0,6,9,7,1
15004,139871,0.83,0,4,7,7,1
15005,139882,2.79,0,8,11,11,1
15006,139885,-0.03,0,2,5,3,1
15007,139903,5.67,0,14,17,18,1
15008,139928,4.15,0,12,15,25,1
15009,139933,0.4,0,3,6,5,1
15010,139937,-0.09,0,2,5,4,1
15011,139958,4.94,0,13,16,21,1
15012,139961,-0.03,0,2,5,3,1
15013,139962,-1.01,0,0,3,1,1
15014,139969,1.38,0,5,8,7,1
15015,139970,-1.01,0,0,3,1,1
15016,139973,-0.03,0,2,5,3,1
15017,139974,-1.01,0,0,3,1,1
15018,139976,-0.52,0,1,4,2,1
15019,140027,7.54,0,21,24,51,1
15020,140032,0.95,0,4,7,5,1
15021,140036,0.46,0,3,6,4,1
15022,140045,1.81,0,6,9,9,1
15023,140054,2.36,0,7,10,9,1
15024,140058,0.46,0,3,6,4,1
15025,140063,-0.15,0,2,5,5,1
15026,140068,0.95,0,4,7,5,1
15027,140072,0.46,0,3,6,4,1
15028,140080,1.32,0,5,8,8,1
15029,140154,3.41,0,16,19,74,1
15030,140157,-0.03,0,2,5,3,1
15031,140158,-1.01,0,0,3,1,1
15032,140175,6.28,0,15,18,17,1
15033,140184,2.91,0,8,11,9,1
15034,140190,1.44,0,5,8,6,1
15035,140198,1.87,0,6,9,8,1
15036,140202,0.46,0,3,6,4,1
15037,140204,-0.52,0,1,4,2,1
15038,140205,-1.01,0,0,3,1,1
15039,140249,6.31,0,18,21,44,1
15040,140254,0.95,0,4,7,5,1
15041,140274,5.55,0,14,17,20,1
15042,140275,-1.01,0,0,3,1,1
15043,140277,-0.52,0,1,4,2,1
15044,140294,4.63,0,12,15,17,1
15045,140313,3.96,0,11,14,19,1
15046,140314,-1.01,0,0,3,1,1
15047,140326,3.28,0,9,12,12,1
15048,140328,-0.52,0,1,4,2,1
15049,140348,2.8,0,9,12,20,1
15050,140349,-1.01,0,0,3,1,1
15051,140350,-1.01,0,0,3,1,1
15052,140358,1.87,0,6,9,8,1
15053,140368,2.3,0,7,10,10,1
15054,140369,-1.01,0,0,3,1,1
15055,140387,5.12,0,13,16,18,1
15056,140388,-1.01,0,0,3,1,1
15057,140396,0.77,0,4,7,8,1
15058,140398,-0.52,0,1,4,2,1
15059,140412,3.71,0,10,13,14,1
15060,140415,-0.03,0,2,5,3,1
15061,140416,-1.01,0,0,3,1,1
15062,140432,4.14,0,11,14,16,1
15063,140439,1.93,0,6,9,7,1
15064,140452,2.12,0,7,10,13,1
15065,140458,0.89,0,4,7,6,1
15066,140477,3.96,0,11,14,19,1
15067,140479,-0.52,0,1,4,2,1
15068,140520,5.39,0,16,19,41,1
15069,140522,-0.52,0,1,4,2,1
15070,140527,0.95,0,4,7,5,1
15071,140530,-0.03,0,2,5,3,1
15072,140532,-0.52,0,1,4,2,1
15073,140537,0.95,0,4,7,5,1
15074,140551,3.16,0,9,12,14,1
15075,140556,0.95,0,4,7,5,1
15076,140566,2.3,0,7,10,10,1
15077,140569,-0.03,0,2,5,3,1
15078,140583,3.16,0,9,12,14,1
15079,140597,4.26,0,11,14,14,1
15080,140608,1.69,0,6,9,11,1
15081,140620,2.73,0,8,11,12,1
15082,140626,0.34,0,3,6,6,1
15083,140634,1.87,0,6,9,8,1
15084,140650,4.69,0,12,15,16,1
15085,140663,3.77,0,10,13,13,1
15086,140686,6.47,0,16,19,23,1
15087,140692,1.44,0,5,8,6,1
15088,140693,-1.01,0,0,3,1,1
15089,140717,6.41,0,16,19,24,1
15090,140720,-0.03,0,2,5,3,1
15091,140725,0.4,0,3,6,5,1
15092,140742,2.98,0,9,12,17,1
15093,140745,-0.03,0,2,5,3,1
15094,140750,0.95,0,4,7,5,1
15095,140759,2.91,0,8,11,9,1
15096,140770,2.24,0,7,10,11,1
15097,140774,-0.09,0,2,5,4,1
15098,140784,2.3,0,7,10,10,1
15099,140797,3.77,0,10,13,13,1
15100,140798,-1.01,0,0,3,1,1
15101,140804,1.44,0,5,8,6,1
15102,140808,0.46,0,3,6,4,1
15103,140816,1.32,0,5,8,8,1
15104,140817,-1.01,0,0,3,1,1
15105,140834,4.08,0,11,14,17,1
15106,140835,-1.01,0,0,3,1,1
15107,140839,0.46,0,3,6,4,1
15108,140848,2.36,0,7,10,9,1
15109,140855,1.38,0,5,8,7,1
15110,140857,-0.52,0,1,4,2,1
15111,140861,0.46,0,3,6,4,1
15112,140877,3.04,0,9,12,16,1
15113,140878,-1.01,0,0,3,1,1
15114,140914,5.14,0,15,18,36,1
15115,140926,3.28,0,9,12,12,1
15116,140960,6.91,0,18,21,34,1
15117,140970,1.75,0,6,9,10,1
15118,141001,5.99,0,16,19,31,1
15119,141003,-0.52,0,1,4,2,1
15120,141021,4.02,0,11,14,18,1
15121,141051,5.5,0,15,18,30,1
15122,141076,4.15,0,12,15,25,1
15123,141077,-1.01,0,0,3,1,1
15124,141085,1.87,0,6,9,8,1
15125,141117,5.93,0,16,19,32,1
15126,141123,0.89,0,4,7,6,1
15127,141126,-0.03,0,2,5,3,1
15128,141137,1.14,0,5,8,11,1
15129,141156,2.31,0,8,11,19,1
15130,141164,2.42,0,7,10,8,1
15131,141166,-0.52,0,1,4,2,1
15132,141175,2.36,0,7,10,9,1
15133,141192,2.43,0,8,11,17,1
15134,141220,6.17,0,16,19,28,1
15135,141221,-1.01,0,0,3,1,1
15136,141223,-0.52,0,1,4,2,1
15137,141229,1.44,0,5,8,6,1
15138,141230,-1.01,0,0,3,1,1
15139,141232,-0.52,0,1,4,2,1
15140,141287,5.1,0,17,20,55,1
15141,141300,2.67,0,8,11,13,1
15142,141304,0.46,0,3,6,4,1
15143,141329,6.35,0,16,19,25,1
15144,141335,0.34,0,3,6,6,1
15145,141340,-0.15,0,2,5,5,1
15146,141341,-1.01,0,0,3,1,1
15147,141349,1.87,0,6,9,8,1
15148,141381,4.83,0,14,17,32,1
15149,141384,-0.58,0,1,4,3,1
15150,141385,-1.01,0,0,3,1,1
15151,141394,1.81,0,6,9,9,1
15152,141399,0.95,0,4,7,5,1
15153,141402,-0.03,0,2,5,3,1
15154,141404,-0.52,0,1,4,2,1
15155,141420,2.49,0,8,11,16,1
15156,141421,-1.01,0,0,3,1,1
15157,141425,0.46,0,3,6,4,1
15158,141446,4.39,0,12,15,21,1
15159,141448,-0.52,0,1,4,2,1
15160,141465,4.63,0,12,15,17,1
15161,141490,5.25,0,14,17,25,1
15162,141494,-0.09,0,2,5,4,1
15163,141498,0.46,0,3,6,4,1
15164,141504,0.89,0,4,7,6,1
15165,141507,-0.58,0,1,4,3,1
15166,141514,1.93,0,6,9,7,1
15167,141516,-0.52,0,1,4,2,1
15168,141533,2.98,0,9,12,17,1
15169,141538,0.4,0,3,6,5,1
15170,141600,6.33,0,20,23,62,1
15171,141604,0.46,0,3,6,4,1
15172,141605,-1.01,0,0,3,1,1
15173,141622,6.28,0,15,18,17,1
15174,141630,0.77,0,4,7,8,1
15175,141635,0.4,0,3,6,5,1
15176,141655,4.45,0,12,15,20,1
15177,141657,-0.52,0,1,4,2,1
15178,141676,3.41,0,10,13,19,1
15179,141689,3.77,0,10,13,13,1
15180,141700,1.69,0,6,9,11,1
15181,141710,1.2,0,5,8,10,1
15182,141713,-0.03,0,2,5,3,1
15183,141714,-1.01,0,0,3,1,1
15184,141728,2.61,0,8,11,14,1
15185,141739,3.34,0,9,12,11,1
15186,141748,0.71,0,4,7,9,1
15187,141755,0.28,0,3,6,7,1
15188,141758,-0.03,0,2,5,3,1
15189,141761,-0.03,0,2,5,3,1
15190,141766,0.95,0,4,7,5,1
15191,141779,2.67,0,8,11,13,1
15192,141785,0.89,0,4,7,6,1
15193,141796,3.34,0,9,12,11,1
15194,141808,2.18,0,7,10,12,1
15195,141810,-0.52,0,1,4,2,1
15196,141834,3.66,0,11,14,24,1
15197,141835,-1.01,0,0,3,1,1
15198,141836,-1.01,0,0,3,1,1
15199,141839,-0.03,0,2,5,3,1
15200,141851,3.28,0,9,12,12,1
15201,141853,-0.52,0,1,4,2,1
15202,141857,0.46,0,3,6,4,1
15203,141859,-0.52,0,1,4,2,1
15204,141861,-0.52,0,1,4,2,1
15205,141862,-1.01,0,0,3,1,1
15206,141880,4.02,0,11,14,18,1
15207,141883,-0.03,0,2,5,3,1
15208,141895,2.73,0,8,11,12,1
15209,141903,1.87,0,6,9,8,1
15210,141904,-1.01,0,0,3,1,1
15211,141908,0.46,0,3,6,4,1
15212,141910,-0.52,0,1,4,2,1
15213,141913,-0.58,0,1,4,3,1
15214,141925,3.83,0,10,13,12,1
15215,141926,-1.01,0,0,3,1,1
15216,141946,3.9,0,11,14,20,1
15217,141960,3.71,0,10,13,14,1
15218,141962,-0.52,0,1,4,2,1
15219,141975,1.02,0,5,8,13,1
15220,141985,2.85,0,8,11,10,1
15221,141986,-1.01,0,0,3,1,1
15222,141994,2.42,0,7,10,8,1
15223,142004,2.3,0,7,10,10,1
15224,142006,-0.52,0,1,4,2,1
15225,142008,-0.52,0,1,4,2,1
15226,142016,1.87,0,6,9,8,1
15227,142017,-1.01,0,0,3,1,1
15228,142028,1.69,0,6,9,11,1
15229,142060,6.48,0,17,20,32,1
15230,142091,5.44,0,15,18,31,1
15231,142093,-0.52,0,1,4,2,1
15232,142094,-1.01,0,0,3,1,1
15233,142107,2.67,0,8,11,13,1
15234,142108,-1.01,0,0,3,1,1
15235,142115,0.28,0,3,6,7,1
15236,142156,5.94,0,17,20,41,1
15237,142158,-0.52,0,1,4,2,1
15238,142171,3.22,0,9,12,13,1
15239,142208,6.18,0,17,20,37,1
15240,142209,-1.01,0,0,3,1,1
15241,142214,0.4,0,3,6,5,1
15242,142217,-0.03,0,2,5,3,1
15243,142224,0.83,0,4,7,7,1
15244,142225,-1.01,0,0,3,1,1
15245,142228,-0.58,0,1,4,3,1
15246,142235,1.93,0,6,9,7,1
15247,142288,5.77,0,18,21,53,1
15248,142296,2.42,0,7,10,8,1
15249,142304,1.87,0,6,9,8,1
15250,142305,-1.01,0,0,3,1,1
15251,142308,-0.03,0,2,5,3,1
15252,142313,0.95,0,4,7,5,1
15253,142315,-0.52,0,1,4,2,1
15254,142317,-0.52,0,1,4,2,1
15255,142323,1.44,0,5,8,6,1
15256,142331,1.32,0,5,8,8,1
15257,142340,2.36,0,7,10,9,1
15258,142345,0.95,0,4,7,5,1
15259,142363,5.12,0,13,16,18,1
15260,142372,2.91,0,8,11,9,1
15261,142374,-0.52,0,1,4,2,1
15262,142394,6.65,0,16,19,20,1
15263,142397,-0.03,0,2,5,3,1
15264,142430,4.22,0,13,16,33,1
15265,142435,0.95,0,4,7,5,1
15266,142436,-1.01,0,0,3,1,1
15267,142437,-1.01,0,0,3,1,1
15268,142446,1.81,0,6,9,9,1
15269,142449,-0.58,0,1,4,3,1
15270,142463,1.51,0,6,9,14,1
15271,142465,-0.52,0,1,4,2,1
15272,142474,2.36,0,7,10,9,1
15273,142477,-0.03,0,2,5,3,1
15274,142497,3.9,0,11,14,20,1
15275,142498,-1.01,0,0,3,1,1
15276,142501,-0.03,0,2,5,3,1
15277,142525,4.76,0,13,16,24,1
15278,142527,-0.52,0,1,4,2,1
15279,142528,-1.01,0,0,3,1,1
15280,142535,1.38,0,5,8,7,1
15281,142540,0.95,0,4,7,5,1
15282,142561,4.94,0,13,16,21,1
15283,142585,4.21,0,12,15,24,1
15284,142589,0.46,0,3,6,4,1
15285,142617,4.52,0,13,16,28,1
15286,142621,-0.09,0,2,5,4,1
15287,142628,1.93,0,6,9,7,1
15288,142639,2.24,0,7,10,11,1
15289,142641,-0.52,0,1,4,2,1
15290,142648,1.93,0,6,9,7,1
15291,142671,5.92,0,15,18,23,1
15292,142685,3.71,0,10,13,14,1
15293,142695,3.4,0,9,12,10,1
15294,142729,5.81,0,16,19,34,1
15295,142740,2.79,0,8,11,11,1
15296,142750,2.3,0,7,10,10,1
15297,142769,1.21,0,6,9,19,1
15298,142784,2.0,0,7,10,15,1
15299,142796,2.73,0,8,11,12,1
15300,142828,4.28,0,13,16,32,1
15301,142836,1.32,0,5,8,8,1
15302,142842,1.44,0,5,8,6,1
15303,142859,4.08,0,11,14,17,1
15304,142861,-0.52,0,1,4,2,1
15305,142862,-1.01,0,0,3,1,1
15306,142873,2.79,0,8,11,11,1
15307,142878,0.4,0,3,6,5,1
15308,142879,-1.01,0,0,3,1,1
15309,142889,2.3,0,7,10,10,1
15310,142898,1.26,0,5,8,9,1
15311,142899,-1.01,0,0,3,1,1
15312,142918,3.41,0,10,13,19,1
15313,142920,-0.52,0,1,4,2,1
15314,142931,2.79,0,8,11,11,1
15315,142936,0.95,0,4,7,5,1
15316,142952,3.04,0,9,12,16,1
15317,142961,1.81,0,6,9,9,1
15318,142963,-0.52,0,1,4,2,1
15319,143040,5.43,0,20,23,77,1
15320,143042,-0.52,0,1,4,2,1
15321,143043,-1.01,0,0,3,1,1
15322,143047,-0.09,0,2,5,4,1
15323,143054,1.38,0,5,8,7,1
15324,143059,0.95,0,4,7,5,1
15325,143072,3.77,0,10,13,13,1
15326,143073,-1.01,0,0,3,1,1
15327,143088,2.55,0,8,11,15,1
15328,143097,1.81,0,6,9,9,1
15329,143100,-0.03,0,2,5,3,1
15330,143123,6.47,0,16,19,23,1
15331,143125,-0.52,0,1,4,2,1
15332,143131,0.89,0,4,7,6,1
15333,143136,0.95,0,4,7,5,1
15334,143138,-0.52,0,1,4,2,1
15335,143155,2.98,0,9,12,17,1
15336,143157,-0.52,0,1,4,2,1
15337,143167,1.75,0,6,9,10,1
15338,143171,0.46,0,3,6,4,1
15339,143173,-0.52,0,1,4,2,1
15340,143240,6.03,0,20,23,67,1
15341,143259,2.31,0,8,11,19,1
15342,143286,6.23,0,16,19,27,1
15343,143288,-0.52,0,1,4,2,1
15344,143298,1.2,0,5,8,10,1
15345,143300,-0.52,0,1,4,2,1
15346,143307,1.38,0,5,8,7,1
15347,143311,-0.09,0,2,5,4,1
15348,143328,2.43,0,8,11,17,1
15349,143336,1.87,0,6,9,8,1
15350,143350,3.16,0,9,12,14,1
15351,143352,-0.52,0,1,4,2,1
15352,143357,0.95,0,4,7,5,1
15353,143383,5.19,0,14,17,26,1
15354,143395,2.18,0,7,10,12,1
15355,143396,-1.01,0,0,3,1,1
15356,143401,0.95,0,4,7,5,1
15357,143402,-1.01,0,0,3,1,1
15358,143408,0.89,0,4,7,6,1
15359,143416,1.32,0,5,8,8,1
15360,143417,-1.01,0,0,3,1,1
15361,143426,1.81,0,6,9,9,1
15362,143434,1.32,0,5,8,8,1
15363,143443,1.81,0,6,9,9,1
15364,143446,-0.03,0,2,5,3,1
15365,143450,0.46,0,3,6,4,1
15366,143457,1.93,0,6,9,7,1
15367,143458,-1.01,0,0,3,1,1
15368,143470,2.18,0,7,10,12,1
15369,143473,-0.58,0,1,4,3,1
15370,143495,4.33,0,12,15,22,1
15371,143506,2.24,0,7,10,11,1
15372,143518,3.28,0,9,12,12,1
15373,143520,-0.52,0,1,4,2,1
15374,143532,2.73,0,8,11,12,1
15375,143538,1.44,0,5,8,6,1
15376,143555,5.18,0,13,16,17,1
15377,143560,0.95,0,4,7,5,1
15378,143578,2.37,0,8,11,18,1
15379,143582,0.46,0,3,6,4,1
15380,143591,1.26,0,5,8,9,1
15381,143592,-1.01,0,0,3,1,1
15382,143594,-0.52,0,1,4,2,1
15383,143609,2.0,0,7,10,15,1
15384,143629,5.55,0,14,17,20,1
15385,143637,1.87,0,6,9,8,1
15386,143643,1.44,0,5,8,6,1
15387,143644,-1.01,0,0,3,1,1
15388,143661,3.53,0,10,13,17,1
15389,143668,0.83,0,4,7,7,1
15390,143675,1.93,0,6,9,7,1
15391,143685,2.85,0,8,11,10,1
15392,143695,2.3,0,7,10,10,1
15393,143696,-1.01,0,0,3,1,1
15394,143704,1.87,0,6,9,8,1
15395,143712,2.42,0,7,10,8,1
15396,143736,6.41,0,16,19,24,1
15397,143740,0.46,0,3,6,4,1
15398,143778,6.67,0,18,21,38,1
15399,143783,0.95,0,4,7,5,1
15400,143785,-0.52,0,1,4,2,1
15401,143798,2.67,0,8,11,13,1
15402,143807,2.91,0,8,11,9,1
15403,143808,-1.01,0,0,3,1,1
15404,143812,0.46,0,3,6,4,1
15405,143813,-1.01,0,0,3,1,1
15406,143816,-0.03,0,2,5,3,1
15407,143830,2.61,0,8,11,14,1
15408,143850,3.9,0,11,14,20,1
15409,143868,5.12,0,13,16,18,1
15410,143870,-0.52,0,1,4,2,1
15411,143876,0.34,0,3,6,6,1
15412,143887,3.89,0,10,13,11,1
15413,143894,1.93,0,6,9,7,1
15414,143899,0.95,0,4,7,5,1
15415,143922,5.37,0,14,17,23,1
15416,143936,3.71,0,10,13,14,1
15417,143942,0.89,0,4,7,6,1
15418,143943,-1.01,0,0,3,1,1
15419,143951,2.42,0,7,10,8,1
15420,143955,-0.09,0,2,5,4,1
15421,143956,-1.01,0,0,3,1,1
15422,143958,-0.52,0,1,4,2,1
15423,143964,0.34,0,3,6,6,1
15424,143973,2.36,0,7,10,9,1
15425,143974,-1.01,0,0,3,1,1
15426,143977,-0.03,0,2,5,3,1
15427,143983,1.44,0,5,8,6,1
15428,143985,-0.52,0,1,4,2,1
15429,143987,-0.52,0,1,4,2,1
15430,143997,2.3,0,7,10,10,1
15431,144014,2.43,0,8,11,17,1
15432,144018,0.46,0,3,6,4,1
15433,144034,4.14,0,11,14,16,1
15434,144049,3.65,0,10,13,15,1
15435,144050,-1.01,0,0,3,1,1
15436,144053,-0.03,0,2,5,3,1
15437,144076,5.92,0,15,18,23,1
15438,144099,2.62,0,9,12,23,1
15439,144104,0.95,0,4,7,5,1
15440,144105,-1.01,0,0,3,1,1
15441,144106,-1.01,0,0,3,1,1
15442,144108,-0.52,0,1,4,2,1
15443,144120,3.28,0,9,12,12,1
15444,144126,1.44,0,5,8,6,1
15445,144130,0.46,0,3,6,4,1
15446,144131,-1.01,0,0,3,1,1
15447,144134,-0.03,0,2,5,3,1
15448,144135,-1.01,0,0,3,1,1
15449,144142,1.93,0,6,9,7,1
15450,144177,5.2,0,15,18,35,1
15451,144206,6.11,0,16,19,29,1
15452,144217,3.34,0,9,12,11,1
15453,144221,0.46,0,3,6,4,1
15454,144227,1.44,0,5,8,6,1
15455,144234,1.38,0,5,8,7,1
15456,144236,-0.52,0,1,4,2,1
15457,144240,-0.09,0,2,5,4,1
15458,144241,-1.01,0,0,3,1,1
15459,144258,4.08,0,11,14,17,1
15460,144264,1.44,0,5,8,6,1
15461,144268,-0.09,0,2,5,4,1
15462,144272,0.46,0,3,6,4,1
15463,144276,0.46,0,3,6,4,1
15464,144281,0.95,0,4,7,5,1
15465,144298,4.08,0,11,14,17,1
15466,144359,5.29,0,18,21,61,1
15467,144361,-0.52,0,1,4,2,1
15468,144362,-1.01,0,0,3,1,1
15469,144370,2.42,0,7,10,8,1
15470,144374,0.46,0,3,6,4,1
15471,144376,-0.52,0,1,4,2,1
15472,144377,-1.01,0,0,3,1,1
15473,144404,6.78,0,17,20,27,1
15474,144409,0.4,0,3,6,5,1
15475,144417,0.77,0,4,7,8,1
15476,144422,0.4,0,3,6,5,1
15477,144423,-1.01,0,0,3,1,1
15478,144447,3.66,0,11,14,24,1
15479,144460,3.22,0,9,12,13,1
15480,144494,6.36,0,17,20,34,1
15481,144506,3.83,0,10,13,12,1
15482,144509,-0.58,0,1,4,3,1
15483,144525,2.49,0,8,11,16,1
15484,144532,1.38,0,5,8,7,1
15485,144538,0.89,0,4,7,6,1
15486,144556,3.47,0,10,13,18,1
15487,144565,1.26,0,5,8,9,1
15488,144570,0.95,0,4,7,5,1
15489,144594,4.21,0,12,15,24,1
15490,144607,3.77,0,10,13,13,1
15491,144613,1.44,0,5,8,6,1
15492,144620,0.83,0,4,7,7,1
15493,144625,0.95,0,4,7,5,1
15494,144631,1.44,0,5,8,6,1
15495,144645,2.06,0,7,10,14,1
15496,144656,2.79,0,8,11,11,1
15497,144658,-0.52,0,1,4,2,1
15498,144684,5.74,0,15,18,26,1
15499,144690,0.89,0,4,7,6,1
15500,144691,-1.01,0,0,3,1,1
15501,144696,0.95,0,4,7,5,1
15502,144697,-1.01,0,0,3,1,1
15503,144700,-0.03,0,2,5,3,1
15504,144706,0.89,0,4,7,6,1
15505,144720,3.71,0,10,13,14,1
15506,144743,5.37,0,14,17,23,1
15507,144762,4.51,0,12,15,19,1
15508,144765,-0.03,0,2,5,3,1
15509,144778,2.12,0,7,10,13,1
15510,144784,0.34,0,3,6,6,1
15511,144816,5.38,0,15,18,32,1
15512,144833,4.63,0,12,15,17,1
15513,144848,3.65,0,10,13,15,1
15514,144856,1.87,0,6,9,8,1
15515,144858,-0.52,0,1,4,2,1
15516,144860,-0.52,0,1,4,2,1
15517,144864,-0.09,0,2,5,4,1
15518,144866,-0.52,0,1,4,2,1
15519,144869,-0.03,0,2,5,3,1
15520,144877,1.87,0,6,9,8,1
15521,144883,1.44,0,5,8,6,1
15522,144884,-1.01,0,0,3,1,1
15523,144892,1.87,0,6,9,8,1
15524,144925,6.42,0,17,20,33,1
15525,144933,2.42,0,7,10,8,1
15526,144938,0.95,0,4,7,5,1
15527,144951,3.77,0,10,13,13,1
15528,144952,-1.01,0,0,3,1,1
15529,144953,-1.01,0,0,3,1,1
15530,144965,2.18,0,7,10,12,1
15531,144977,2.73,0,8,11,12,1
15532,144978,-1.01,0,0,3,1,1
15533,144982,0.46,0,3,6,4,1
15534,144986,-0.09,0,2,5,4,1
15535,145008,5.98,0,15,18,22,1
15536,145016,0.77,0,4,7,8,1
15537,145039,5.37,0,14,17,23,1
15538,145045,1.44,0,5,8,6,1
15539,145060,2.55,0,8,11,15,1
15540,145074,4.81,0,12,15,14,1
15541,145099,5.25,0,14,17,25,1
15542,145102,-0.03,0,2,5,3,1
15543,145122,5.0,0,13,16,20,1
15544,145130,1.32,0,5,8,8,1
15545,145135,-0.15,0,2,5,5,1
15546,145139,0.46,0,3,6,4,1
15547,145162,4.82,0,13,16,23,1
15548,145168,1.44,0,5,8,6,1
15549,145169,-1.01,0,0,3,1,1
15550,145175,1.44,0,5,8,6,1
15551,145180,0.95,0,4,7,5,1
15552,145209,3.91,0,12,15,29,1
15553,145218,1.81,0,6,9,9,1
15554,145219,-1.01,0,0,3,1,1
15555,145222,-0.03,0,2,5,3,1
15556,145229,1.38,0,5,8,7,1
15557,145242,3.22,0,9,12,13,1
15558,145244,-0.52,0,1,4,2,1
15559,145249,0.95,0,4,7,5,1
15560,145250,-1.01,0,0,3,1,1
15561,145277,6.23,0,16,19,27,1
15562,145289,3.83,0,10,13,12,1
15563,145294,0.4,0,3,6,5,1
15564,145302,2.42,0,7,10,8,1
15565,145308,0.34,0,3,6,6,1
15566,145320,2.73,0,8,11,12,1
15567,145324,0.46,0,3,6,4,1
15568,145328,-0.09,0,2,5,4,1
15569,145337,1.81,0,6,9,9,1
15570,145341,-0.09,0,2,5,4,1
15571,145346,0.95,0,4,7,5,1
15572,145350,0.46,0,3,6,4,1
15573,145360,2.85,0,8,11,10,1
15574,145363,-0.03,0,2,5,3,1
15575,145364,-1.01,0,0,3,1,1
15576,145383,5.61,0,14,17,19,1
15577,145390,1.38,0,5,8,7,1
15578,145393,-0.03,0,2,5,3,1
15579,145410,5.18,0,13,16,17,1
15580,145414,0.46,0,3,6,4,1
15581,145463,6.56,0,19,22,49,1
15582,145464,-1.01,0,0,3,1,1
15583,145473,1.81,0,6,9,9,1
15584,145475,-0.52,0,1,4,2,1
15585,145491,4.14,0,11,14,16,1
15586,145492,-1.01,0,0,3,1,1
15587,145529,6.73,0,18,21,37,1
15588,145530,-1.01,0,0,3,1,1
15589,145538,2.42,0,7,10,8,1
15590,145545,0.83,0,4,7,7,1
15591,145554,2.91,0,8,11,9,1
15592,145556,-0.52,0,1,4,2,1
15593,145584,3.97,0,12,15,28,1
15594,145595,2.79,0,8,11,11,1
15595,145596,-1.01,0,0,3,1,1
15596,145604,1.87,0,6,9,8,1
15597,145607,-0.03,0,2,5,3,1
15598,145610,-0.03,0,2,5,3,1
15599,145631,4.39,0,12,15,21,1
15600,145632,-1.01,0,0,3,1,1
15601,145645,3.22,0,9,12,13,1
15602,145647,-0.52,0,1,4,2,1
15603,145661,4.81,0,12,15,14,1
15604,145664,-0.03,0,2,5,3,1
15605,145666,-0.52,0,1,4,2,1
15606,145673,0.83,0,4,7,7,1
15607,145695,5.43,0,14,17,22,1
15608,145698,-0.03,0,2,5,3,1
15609,145699,-1.01,0,0,3,1,1
15610,145702,-0.03,0,2,5,3,1
15611,145711,2.91,0,8,11,9,1
15612,145730,3.96,0,11,14,19,1
15613,145740,3.4,0,9,12,10,1
15614,145746,0.34,0,3,6,6,1
15615,145749,-0.03,0,2,5,3,1
15616,145754,0.4,0,3,6,5,1
15617,145763,2.36,0,7,10,9,1
15618,145773,2.85,0,8,11,10,1
15619,145775,-0.52,0,1,4,2,1
15620,145776,-1.01,0,0,3,1,1
15621,145785,2.36,0,7,10,9,1
15622,145795,2.3,0,7,10,10,1
15623,145801,1.44,0,5,8,6,1
15624,145803,-0.52,0,1,4,2,1
15625,145831,6.17,0,16,19,28,1
15626,145853,3.23,0,10,13,22,1
15627,145856,-0.03,0,2,5,3,1
15628,145866,2.85,0,8,11,10,1
15629,145875,1.81,0,6,9,9,1
15630,145879,-0.09,0,2,5,4,1
15631,145881,-0.52,0,1,4,2,1
15632,145884,-0.03,0,2,5,3,1
15633,145923,6.06,0,17,20,39,1
15634,145924,-1.01,0,0,3,1,1
15635,145936,3.28,0,9,12,12,1
15636,145939,-0.03,0,2,5,3,1
15637,145943,-0.64,0,1,4,4,1
15638,145948,0.95,0,4,7,5,1
15639,145998,7.05,0,20,23,50,1
15640,146011,3.22,0,9,12,13,1
15641,146015,0.46,0,3,6,4,1
15642,146020,0.95,0,4,7,5,1
15643,146022,-0.52,0,1,4,2,1
15644,146029,1.93,0,6,9,7,1
15645,146030,-1.01,0,0,3,1,1
15646,146048,4.57,0,12,15,18,1
15647,146057,1.81,0,6,9,9,1
15648,146061,0.46,0,3,6,4,1
15649,146068,1.38,0,5,8,7,1
15650,146072,0.46,0,3,6,4,1
15651,146079,0.83,0,4,7,7,1
15652,146084,0.95,0,4,7,5,1
15653,146087,-0.03,0,2,5,3,1
15654,146091,0.46,0,3,6,4,1
15655,146106,4.75,0,12,15,15,1
15656,146107,-1.01,0,0,3,1,1
15657,146109,-0.52,0,1,4,2,1
15658,146123,3.71,0,10,13,14,1
15659,146143,6.65,0,16,19,20,1
15660,146155,3.28,0,9,12,12,1
15661,146159,0.46,0,3,6,4,1
15662,146163,0.46,0,3,6,4,1
15663,146169,0.34,0,3,6,6,1
15664,146174,0.95,0,4,7,5,1
15665,146179,0.95,0,4,7,5,1
15666,146199,5.0,0,13,16,20,1
15667,146200,-1.01,0,0,3,1,1
15668,146210,2.85,0,8,11,10,1
15669,146222,3.28,0,9,12,12,1
15670,146226,0.46,0,3,6,4,1
15671,146228,-0.52,0,1,4,2,1
15672,146236,2.42,0,7,10,8,1
15673,146238,-0.52,0,1,4,2,1
15674,146245,1.93,0,6,9,7,1
15675,146246,-1.01,0,0,3,1,1
15676,146253,0.83,0,4,7,7,1
15677,146259,0.89,0,4,7,6,1
15678,146272,3.22,0,9,12,13,1
15679,146281,1.81,0,6,9,9,1
15680,146287,0.34,0,3,6,6,1
15681,146295,1.87,0,6,9,8,1
15682,146296,-1.01,0,0,3,1,1
15683,146301,0.95,0,4,7,5,1
15684,146311,1.75,0,6,9,10,1
15685,146323,2.18,0,7,10,12,1
15686,146325,-0.52,0,1,4,2,1
15687,146328,-0.03,0,2,5,3,1
15688,146350,2.68,0,9,12,22,1
15689,146364,3.16,0,9,12,14,1
15690,146369,0.95,0,4,7,5,1
15691,146377,1.32,0,5,8,8,1
15692,146378,-1.01,0,0,3,1,1
15693,146381,-0.03,0,2,5,3,1
15694,146412,5.99,0,16,19,31,1
15695,146445,6.97,0,18,21,33,1
15696,146450,0.95,0,4,7,5,1
15697,146475,5.8,0,15,18,25,1
15698,146481,1.44,0,5,8,6,1
15699,146524,6.92,0,19,22,43,1
15700,146530,1.44,0,5,8,6,1
15701,146534,-0.09,0,2,5,4,1
15702,146539,0.95,0,4,7,5,1
15703,146548,2.91,0,8,11,9,1
15704,146553,0.95,0,4,7,5,1
15705,146566,3.22,0,9,12,13,1
15706,146574,1.87,0,6,9,8,1
15707,146591,4.08,0,11,14,17,1
15708,146644,5.77,0,18,21,53,1
15709,146645,-1.01,0,0,3,1,1
15710,146649,0.46,0,3,6,4,1
15711,146671,4.88,0,13,16,22,1
15712,146687,3.59,0,10,13,16,1
15713,146689,-0.52,0,1,4,2,1
15714,146693,0.46,0,3,6,4,1
15715,146694,-1.01,0,0,3,1,1
15716,146701,1.93,0,6,9,7,1
15717,146718,3.53,0,10,13,17,1
15718,146719,-1.01,0,0,3,1,1
15719,146723,0.46,0,3,6,4,1
15720,146731,1.32,0,5,8,8,1
15721,146739,1.32,0,5,8,8,1
15722,146742,-0.03,0,2,5,3,1
15723,146754,3.83,0,10,13,12,1
15724,146778,4.21,0,12,15,24,1
15725,146784,0.89,0,4,7,6,1
15726,146796,3.28,0,9,12,12,1
15727,146800,0.46,0,3,6,4,1
15728,146801,-1.01,0,0,3,1,1
15729,146804,-0.03,0,2,5,3,1
15730,146839,5.2,0,15,18,35,1
15731,146843,0.46,0,3,6,4,1
15732,146850,1.93,0,6,9,7,1
15733,146864,2.61,0,8,11,14,1
15734,146865,-1.01,0,0,3,1,1
15735,146871,1.44,0,5,8,6,1
15736,146887,3.59,0,10,13,16,1
15737,146904,4.08,0,11,14,17,1
15738,146905,-1.01,0,0,3,1,1
15739,146917,3.83,0,10,13,12,1
15740,146926,1.81,0,6,9,9,1
15741,146938,3.28,0,9,12,12,1
15742,146944,0.89,0,4,7,6,1
15743,146952,1.87,0,6,9,8,1
15744,146955,-0.03,0,2,5,3,1
15745,146972,2.98,0,9,12,17,1
15746,146973,-1.01,0,0,3,1,1
15747,146984,3.34,0,9,12,11,1
15748,146989,0.4,0,3,6,5,1
15749,146995,0.89,0,4,7,6,1
15750,147009,3.16,0,9,12,14,1
15751,147010,-1.01,0,0,3,1,1
15752,147020,2.3,0,7,10,10,1
15753,147024,0.46,0,3,6,4,1
15754,147027,-0.03,0,2,5,3,1
15755,147055,6.72,0,17,20,28,1
15756,147057,-0.52,0,1,4,2,1
15757,147071,4.26,0,11,14,14,1
15758,147114,6.37,0,18,21,43,1
15759,147117,-0.03,0,2,5,3,1
15760,147130,3.77,0,10,13,13,1
15761,147135,0.95,0,4,7,5,1
15762,147157,4.88,0,13,16,22,1
15763,147166,2.91,0,8,11,9,1
15764,147178,2.73,0,8,11,12,1
15765,147205,6.23,0,16,19,27,1
15766,147206,-1.01,0,0,3,1,1
15767,147211,0.95,0,4,7,5,1
15768,147213,-0.52,0,1,4,2,1
15769,147229,4.69,0,12,15,16,1
15770,147237,0.77,0,4,7,8,1
15771,147238,-1.01,0,0,3,1,1
15772,147241,-0.03,0,2,5,3,1
15773,147260,3.96,0,11,14,19,1
15774,147266,1.44,0,5,8,6,1
15775,147282,4.14,0,11,14,16,1
15776,147297,3.65,0,10,13,15,1
15777,147308,2.79,0,8,11,11,1
15778,147309,-1.01,0,0,3,1,1
15779,147313,0.46,0,3,6,4,1
15780,147317,0.46,0,3,6,4,1
15781,147322,0.95,0,4,7,5,1
15782,147323,-1.01,0,0,3,1,1
15783,147324,-1.01,0,0,3,1,1
15784,147326,-0.52,0,1,4,2,1
15785,147327,-1.01,0,0,3,1,1
15786,147334,1.38,0,5,8,7,1
15787,147346,3.83,0,10,13,12,1
15788,147376,4.95,0,14,17,30,1
15789,147398,3.78,0,11,14,22,1
15790,147404,1.44,0,5,8,6,1
15791,147417,3.22,0,9,12,13,1
15792,147451,5.26,0,15,18,34,1
15793,147452,-1.01,0,0,3,1,1
15794,147459,0.83,0,4,7,7,1
15795,147461,-0.52,0,1,4,2,1
15796,147463,-0.52,0,1,4,2,1
15797,147474,3.34,0,9,12,11,1
15798,147485,2.79,0,8,11,11,1
15799,147491,1.44,0,5,8,6,1
15800,147499,1.87,0,6,9,8,1
15801,147508,2.36,0,7,10,9,1
15802,147525,3.53,0,10,13,17,1
15803,147527,-0.52,0,1,4,2,1
15804,147534,1.93,0,6,9,7,1
15805,147544,2.3,0,7,10,10,1
15806,147558,3.16,0,9,12,14,1
15807,147580,4.88,0,13,16,22,1
15808,147599,5.06,0,13,16,19,1
15809,147601,-0.52,0,1,4,2,1
15810,147602,-1.01,0,0,3,1,1
15811,147619,2.43,0,8,11,17,1
15812,147622,-0.03,0,2,5,3,1
15813,147625,-0.03,0,2,5,3,1
15814,147631,0.89,0,4,7,6,1
15815,147638,1.38,0,5,8,7,1
15816,147673,6.3,0,17,20,35,1
15817,147681,1.87,0,6,9,8,1
15818,147694,2.12,0,7,10,13,1
15819,147718,6.41,0,16,19,24,1
15820,147721,-0.03,0,2,5,3,1
15821,147725,0.46,0,3,6,4,1
15822,147726,-1.01,0,0,3,1,1
15823,147737,2.79,0,8,11,11,1
15824,147745,1.87,0,6,9,8,1
15825,147753,2.42,0,7,10,8,1
15826,147767,4.26,0,11,14,14,1
15827,147768,-1.01,0,0,3,1,1
15828,147790,5.98,0,15,18,22,1
15829,147811,2.74,0,9,12,21,1
15830,147821,3.4,0,9,12,10,1
15831,147844,5.37,0,14,17,23,1
15832,147845,-1.01,0,0,3,1,1
15833,147847,-0.52,0,1,4,2,1
15834,147849,-0.52,0,1,4,2,1
15835,147864,4.2,0,11,14,15,1
15836,147886,5.43,0,14,17,22,1
15837,147895,1.26,0,5,8,9,1
15838,147897,-0.52,0,1,4,2,1
15839,147898,-1.01,0,0,3,1,1
15840,147912,4.26,0,11,14,14,1
15841,147913,-1.01,0,0,3,1,1
15842,147919,0.89,0,4,7,6,1
15843,147926,1.38,0,5,8,7,1
15844,147933,1.93,0,6,9,7,1
15845,147935,-0.52,0,1,4,2,1
15846,147956,6.04,0,15,18,21,1
15847,147970,2.61,0,8,11,14,1
15848,147976,1.44,0,5,8,6,1
15849,147978,-0.52,0,1,4,2,1
15850,147985,1.93,0,6,9,7,1
15851,147991,1.44,0,5,8,6,1
15852,147999,1.32,0,5,8,8,1
15853,148006,1.38,0,5,8,7,1
15854,148033,4.58,0,13,16,27,1
15855,148053,3.35,0,10,13,20,1
15856,148059,0.89,0,4,7,6,1
15857,148067,1.87,0,6,9,8,1
15858,148077,2.85,0,8,11,10,1
15859,148081,0.46,0,3,6,4,1
15860,148104,7.02,0,17,20,23,1
15861,148108,0.46,0,3,6,4,1
15862,148123,3.1,0,9,12,15,1
15863,148127,-0.09,0,2,5,4,1
15864,148128,-1.01,0,0,3,1,1
15865,148129,-1.01,0,0,3,1,1
15866,148141,2.73,0,8,11,12,1
15867,148150,2.36,0,7,10,9,1
15868,148163,4.32,0,11,14,13,1
15869,148167,0.46,0,3,6,4,1
15870,148168,-1.01,0,0,3,1,1
15871,148182,2.06,0,7,10,14,1
15872,148196,4.81,0,12,15,14,1
15873,148197,-1.01,0,0,3,1,1
15874,148203,0.89,0,4,7,6,1
15875,148226,3.72,0,11,14,23,1
15876,148228,-0.52,0,1,4,2,1
15877,148239,2.79,0,8,11,11,1
15878,148250,3.34,0,9,12,11,1
15879,148255,0.95,0,4,7,5,1
15880,148256,-1.01,0,0,3,1,1
15881,148257,-1.01,0,0,3,1,1
15882,148264,1.38,0,5,8,7,1
15883,148277,3.77,0,10,13,13,1
15884,148283,0.89,0,4,7,6,1
15885,148292,1.81,0,6,9,9,1
15886,148298,1.44,0,5,8,6,1
15887,148299,-1.01,0,0,3,1,1
15888,148306,1.38,0,5,8,7,1
15889,148312,1.44,0,5,8,6,1
15890,148320,1.87,0,6,9,8,1
15891,148324,0.46,0,3,6,4,1
15892,148326,-0.52,0,1,4,2,1
15893,148327,-1.01,0,0,3,1,1
15894,148329,-0.52,0,1,4,2,1
15895,148331,-0.52,0,1,4,2,1
15896,148341,2.3,0,7,10,10,1
15897,148344,-0.03,0,2,5,3,1
15898,148360,3.59,0,10,13,16,1
15899,148363,-0.58,0,1,4,3,1
15900,148364,-1.01,0,0,3,1,1
15901,148370,1.44,0,5,8,6,1
15902,148381,2.79,0,8,11,11,1
15903,148384,-0.03,0,2,5,3,1
15904,148386,-0.52,0,1,4,2,1
15905,148396,3.4,0,9,12,10,1
15906,148397,-1.01,0,0,3,1,1
15907,148399,-0.52,0,1,4,2,1
15908,148406,0.83,0,4,7,7,1
15909,148417,3.34,0,9,12,11,1
15910,148418,-1.01,0,0,3,1,1
15911,148421,-0.03,0,2,5,3,1
15912,148444,5.92,0,15,18,23,1
15913,148448,0.46,0,3,6,4,1
15914,148453,-0.15,0,2,5,5,1
15915,148456,-0.03,0,2,5,3,1
15916,148476,5.0,0,13,16,20,1
15917,148479,-0.03,0,2,5,3,1
15918,148484,0.4,0,3,6,5,1
15919,148486,-0.52,0,1,4,2,1
15920,148498,3.28,0,9,12,12,1
15921,148500,-0.52,0,1,4,2,1
15922,148501,-1.01,0,0,3,1,1
15923,148507,0.89,0,4,7,6,1
15924,148509,-0.52,0,1,4,2,1
15925,148510,-1.01,0,0,3,1,1
15926,148515,0.95,0,4,7,5,1
15927,148516,-1.01,0,0,3,1,1
15928,148523,1.38,0,5,8,7,1
15929,148528,0.95,0,4,7,5,1
15930,148529,-1.01,0,0,3,1,1
15931,148532,-0.03,0,2,5,3,1
15932,148533,-1.01,0,0,3,1,1
15933,148537,0.46,0,3,6,4,1
15934,148540,-0.03,0,2,5,3,1
15935,148542,-0.52,0,1,4,2,1
15936,148560,5.12,0,13,16,18,1
15937,148564,0.46,0,3,6,4,1
15938,148567,-0.03,0,2,5,3,1
15939,148573,0.89,0,4,7,6,1
15940,148576,-0.03,0,2,5,3,1
15941,148577,-1.01,0,0,3,1,1
15942,148607,4.95,0,14,17,30,1
15943,148611,0.46,0,3,6,4,1
15944,148626,2.55,0,8,11,15,1
15945,148628,-0.52,0,1,4,2,1
15946,148647,4.51,0,12,15,19,1
15947,148660,4.32,0,11,14,13,1
15948,148661,-1.01,0,0,3,1,1
15949,148678,4.08,0,11,14,17,1
15950,148679,-1.01,0,0,3,1,1
15951,148691,1.63,0,6,9,12,1
15952,148712,5.49,0,14,17,21,1
15953,148714,-0.52,0,1,4,2,1
15954,148727,3.22,0,9,12,13,1
15955,148734,1.93,0,6,9,7,1
15956,148750,3.59,0,10,13,16,1
15957,148751,-1.01,0,0,3,1,1
15958,148756,0.95,0,4,7,5,1
15959,148768,3.83,0,10,13,12,1
15960,148770,-0.52,0,1,4,2,1
15961,148772,-0.52,0,1,4,2,1
15962,148779,1.93,0,6,9,7,1
15963,148781,-0.52,0,1,4,2,1
15964,148786,0.95,0,4,7,5,1
15965,148788,-0.52,0,1,4,2,1
15966,148790,-0.52,0,1,4,2,1
15967,148791,-1.01,0,0,3,1,1
15968,148798,1.93,0,6,9,7,1
15969,148803,0.95,0,4,7,5,1
15970,148819,4.14,0,11,14,16,1
15971,148822,-0.03,0,2,5,3,1
15972,148824,-0.52,0,1,4,2,1
15973,148834,2.3,0,7,10,10,1
15974,148855,4.39,0,12,15,21,1
15975,148860,0.4,0,3,6,5,1
15976,148865,0.95,0,4,7,5,1
15977,148883,3.47,0,10,13,18,1
15978,148886,-0.03,0,2,5,3,1
15979,148893,1.38,0,5,8,7,1
15980,148911,5.12,0,13,16,18,1
15981,148927,2.49,0,8,11,16,1
15982,148928,-1.01,0,0,3,1,1
15983,148931,-0.03,0,2,5,3,1
15984,148948,2.43,0,8,11,17,1
15985,148952,0.46,0,3,6,4,1
15986,148954,-0.52,0,1,4,2,1
15987,148956,-0.52,0,1,4,2,1
15988,148968,2.18,0,7,10,12,1
15989,148972,0.46,0,3,6,4,1
15990,148976,0.46,0,3,6,4,1
15991,148984,2.42,0,7,10,8,1
15992,148992,1.32,0,5,8,8,1
15993,148999,1.93,0,6,9,7,1
15994,149010,3.34,0,9,12,11,1
15995,149012,-0.52,0,1,4,2,1
15996,149016,0.46,0,3,6,4,1
15997,149017,-1.01,0,0,3,1,1
15998,149023,1.44,0,5,8,6,1
15999,149027,0.46,0,3,6,4,1
16000,149040,1.57,0,6,9,13,1
16001,149048,1.87,0,6,9,8,1
16002,149062,3.16,0,9,12,14,1
16003,149065,-0.03,0,2,5,3,1
16004,149067,-0.52,0,1,4,2,1
16005,149068,-1.01,0,0,3,1,1
16006,149069,-1.01,0,0,3,1,1
16007,149071,-0.52,0,1,4,2,1
16008,149081,1.75,0,6,9,10,1
16009,149085,0.46,0,3,6,4,1
16010,149095,1.2,0,5,8,10,1
16011,149117,5.98,0,15,18,22,1
16012,149132,3.1,0,9,12,15,1
16013,149133,-1.01,0,0,3,1,1
16014,149136,-0.03,0,2,5,3,1
16015,149146,1.2,0,5,8,10,1
16016,149154,1.87,0,6,9,8,1
16017,149156,-0.52,0,1,4,2,1
16018,149161,0.95,0,4,7,5,1
16019,149186,5.25,0,14,17,25,1
16020,149187,-1.01,0,0,3,1,1
16021,149192,0.95,0,4,7,5,1
16022,149196,0.46,0,3,6,4,1
16023,149203,0.83,0,4,7,7,1
16024,149209,0.89,0,4,7,6,1
16025,149212,-0.03,0,2,5,3,1
16026,149215,-0.03,0,2,5,3,1
16027,149216,-1.01,0,0,3,1,1
16028,149223,1.38,0,5,8,7,1
16029,149231,1.87,0,6,9,8,1
16030,149240,2.91,0,8,11,9,1
16031,149255,4.2,0,11,14,15,1
16032,149261,1.44,0,5,8,6,1
16033,149263,-0.52,0,1,4,2,1
16034,149280,4.63,0,12,15,17,1
16035,149281,-1.01,0,0,3,1,1
16036,149303,5.43,0,14,17,22,1
16037,149304,-1.01,0,0,3,1,1
16038,149311,1.38,0,5,8,7,1
16039,149312,-1.01,0,0,3,1,1
16040,149324,3.28,0,9,12,12,1
16041,149330,0.89,0,4,7,6,1
16042,149337,1.38,0,5,8,7,1
16043,149338,-1.01,0,0,3,1,1
16044,149343,0.4,0,3,6,5,1
16045,149363,6.1,0,15,18,20,1
16046,149370,1.38,0,5,8,7,1
16047,149373,-0.03,0,2,5,3,1
16048,149387,3.16,0,9,12,14,1
16049,149393,1.44,0,5,8,6,1
16050,149401,2.42,0,7,10,8,1
16051,149403,-0.52,0,1,4,2,1
16052,149406,-0.03,0,2,5,3,1
16053,149423,5.18,0,13,16,17,1
16054,149426,-0.03,0,2,5,3,1
16055,149429,-0.03,0,2,5,3,1
16056,149436,1.38,0,5,8,7,1
16057,149444,-0.33,0,2,5,8,1
16058,149451,1.93,0,6,9,7,1
16059,149462,2.24,0,7,10,11,1
16060,149464,-0.52,0,1,4,2,1
16061,149470,0.89,0,4,7,6,1
16062,149476,1.44,0,5,8,6,1
16063,149485,1.81,0,6,9,9,1
16064,149494,1.81,0,6,9,9,1
16065,149501,1.93,0,6,9,7,1
16066,149510,2.36,0,7,10,9,1
16067,149518,1.87,0,6,9,8,1
16068,149524,0.89,0,4,7,6,1
16069,149528,0.46,0,3,6,4,1
16070,149554,5.74,0,15,18,26,1
16071,149555,-1.01,0,0,3,1,1
16072,149556,-1.01,0,0,3,1,1
16073,149572,4.69,0,12,15,16,1
16074,149581,2.36,0,7,10,9,1
16075,149582,-1.01,0,0,3,1,1
16076,149583,-1.01,0,0,3,1,1
16077,149594,3.34,0,9,12,11,1
16078,149597,-0.03,0,2,5,3,1
16079,149601,-0.09,0,2,5,4,1
16080,149612,3.89,0,10,13,11,1
16081,149614,-0.52,0,1,4,2,1
16082,149616,-0.52,0,1,4,2,1
16083,149626,1.2,0,5,8,10,1
16084,149629,-0.03,0,2,5,3,1
16085,149642,4.32,0,11,14,13,1
16086,149644,-0.52,0,1,4,2,1
16087,149648,0.46,0,3,6,4,1
16088,149649,-1.01,0,0,3,1,1
16089,149662,4.32,0,11,14,13,1
16090,149669,1.38,0,5,8,7,1
16091,149689,5.0,0,13,16,20,1
16092,149699,2.85,0,8,11,10,1
16093,149702,-0.03,0,2,5,3,1
16094,149723,4.94,0,13,16,21,1
16095,149734,2.79,0,8,11,11,1
16096,149738,0.46,0,3,6,4,1
16097,149744,1.44,0,5,8,6,1
16098,149749,0.95,0,4,7,5,1
16099,149752,-0.03,0,2,5,3,1
16100,149753,-1.01,0,0,3,1,1
16101,149792,5.51,0,16,19,39,1
16102,149797,0.95,0,4,7,5,1
16103,149798,-1.01,0,0,3,1,1
16104,149803,0.95,0,4,7,5,1
16105,149815,3.83,0,10,13,12,1
16106,149818,-0.03,0,2,5,3,1
16107,149824,0.89,0,4,7,6,1
16108,149825,-1.01,0,0,3,1,1
16109,149837,3.83,0,10,13,12,1
16110,149838,-1.01,0,0,3,1,1
16111,149839,-1.01,0,0,3,1,1
16112,149843,0.46,0,3,6,4,1
16113,149858,3.65,0,10,13,15,1
16114,149866,2.42,0,7,10,8,1
16115,149880,3.71,0,10,13,14,1
16116,149881,-1.01,0,0,3,1,1
16117,149891,2.85,0,8,11,10,1
16118,149897,1.44,0,5,8,6,1
16119,149906,1.81,0,6,9,9,1
16120,149911,0.95,0,4,7,5,1
16121,149927,4.69,0,12,15,16,1
16122,149950,3.72,0,11,14,23,1
16123,149951,-1.01,0,0,3,1,1
16124,149971,4.45,0,12,15,20,1
16125,149979,2.42,0,7,10,8,1
16126,149994,3.1,0,9,12,15,1
16127,149996,-0.52,0,1,4,2,1
16128,150000,0.46,0,3,6,4,1
16129,150005,0.4,0,3,6,5,1
16130,150009,0.46,0,3,6,4,1
16131,150013,0.46,0,3,6,4,1
16132,150022,1.81,0,6,9,9,1
16133,150028,0.89,0,4,7,6,1
16134,150029,-1.01,0,0,3,1,1
16135,150043,3.16,0,9,12,14,1
16136,150047,-0.09,0,2,5,4,1
16137,150055,1.87,0,6,9,8,1
16138,150066,3.34,0,9,12,11,1
16139,150072,1.44,0,5,8,6,1
16140,150083,3.34,0,9,12,11,1
16141,150085,-0.52,0,1,4,2,1
16142,150101,5.24,0,13,16,16,1
16143,150114,3.77,0,10,13,13,1
16144,150116,-0.52,0,1,4,2,1
16145,150151,4.1,0,13,16,35,1
16146,150160,2.36,0,7,10,9,1
16147,150166,0.89,0,4,7,6,1
16148,150167,-1.01,0,0,3,1,1
16149,150170,-0.03,0,2,5,3,1
16150,150182,3.28,0,9,12,12,1
16151,150192,3.4,0,9,12,10,1
16152,150194,-0.52,0,1,4,2,1
16153,150206,2.73,0,8,11,12,1
16154,150218,3.28,0,9,12,12,1
16155,150222,0.46,0,3,6,4,1
16156,150227,0.95,0,4,7,5,1
16157,150240,2.67,0,8,11,13,1
16158,150241,-1.01,0,0,3,1,1
16159,150254,3.77,0,10,13,13,1
16160,150266,3.83,0,10,13,12,1
16161,150274,0.77,0,4,7,8,1
16162,150287,3.22,0,9,12,13,1
16163,150288,-1.01,0,0,3,1,1
16164,150310,4.88,0,13,16,22,1
16165,150323,3.77,0,10,13,13,1
16166,150328,0.4,0,3,6,5,1
16167,150332,0.46,0,3,6,4,1
16168,150334,-0.52,0,1,4,2,1
16169,150341,1.93,0,6,9,7,1
16170,150346,0.95,0,4,7,5,1
16171,150347,-1.01,0,0,3,1,1
16172,150373,6.29,0,16,19,26,1
16173,150383,2.85,0,8,11,10,1
16174,150396,3.22,0,9,12,13,1
16175,150418,3.78,0,11,14,22,1
16176,150433,3.1,0,9,12,15,1
16177,150439,0.89,0,4,7,6,1
16178,150443,0.46,0,3,6,4,1
16179,150456,3.77,0,10,13,13,1
16180,150460,-0.09,0,2,5,4,1
16181,150469,2.36,0,7,10,9,1
16182,150471,-0.52,0,1,4,2,1
16183,150472,-1.01,0,0,3,1,1
16184,150474,-0.52,0,1,4,2,1
16185,150476,-0.52,0,1,4,2,1
16186,150492,3.04,0,9,12,16,1
16187,150493,-1.01,0,0,3,1,1
16188,150497,0.46,0,3,6,4,1
16189,150501,0.46,0,3,6,4,1
16190,150507,1.44,0,5,8,6,1
16191,150514,1.93,0,6,9,7,1
16192,150515,-1.01,0,0,3,1,1
16193,150516,-1.01,0,0,3,1,1
16194,150518,-0.52,0,1,4,2,1
16195,150532,3.71,0,10,13,14,1
16196,150533,-1.01,0,0,3,1,1
16197,150534,-1.01,0,0,3,1,1
16198,150538,0.46,0,3,6,4,1
16199,150539,-1.01,0,0,3,1,1
16200,150540,-1.01,0,0,3,1,1
16201,150549,2.36,0,7,10,9,1
16202,150552,-0.03,0,2,5,3,1
16203,150567,4.2,0,11,14,15,1
16204,150582,4.2,0,11,14,15,1
16205,150588,1.44,0,5,8,6,1
16206,150594,1.44,0,5,8,6,1
16207,150599,0.95,0,4,7,5,1
16208,150604,0.95,0,4,7,5,1
16209,150609,0.4,0,3,6,5,1
16210,150630,4.94,0,13,16,21,1
16211,150642,3.28,0,9,12,12,1
16212,150648,1.44,0,5,8,6,1
16213,150652,0.46,0,3,6,4,1
16214,150665,3.22,0,9,12,13,1
16215,150673,2.42,0,7,10,8,1
16216,150676,-0.03,0,2,5,3,1
16217,150694,2.37,0,8,11,18,1
16218,150712,3.47,0,10,13,18,1
16219,150714,-0.52,0,1,4,2,1
16220,150719,0.95,0,4,7,5,1
16221,150744,6.35,0,16,19,25,1
16222,150769,4.7,0,13,16,25,1
16223,150778,0.71,0,4,7,9,1
16224,150779,-1.01,0,0,3,1,1
16225,150782,-0.03,0,2,5,3,1
16226,150783,-1.01,0,0,3,1,1
16227,150802,5.61,0,14,17,19,1
16228,150809,1.38,0,5,8,7,1
16229,150816,1.93,0,6,9,7,1
16230,150823,1.93,0,6,9,7,1
16231,150833,2.3,0,7,10,10,1
16232,150851,5.67,0,14,17,18,1
16233,150885,8.01,0,20,23,34,1
16234,150898,3.22,0,9,12,13,1
16235,150899,-1.01,0,0,3,1,1
16236,150909,2.3,0,7,10,10,1
16237,150910,-1.01,0,0,3,1,1
16238,150949,6.06,0,17,20,39,1
16239,150953,0.46,0,3,6,4,1
16240,150967,3.71,0,10,13,14,1
16241,150989,5.43,0,14,17,22,1
16242,150992,-0.03,0,2,5,3,1
16243,150993,-1.01,0,0,3,1,1
16244,151002,2.36,0,7,10,9,1
16245,151011,2.91,0,8,11,9,1
16246,151052,4.84,0,15,18,41,1
16247,151054,-0.52,0,1,4,2,1
16248,151060,0.89,0,4,7,6,1
16249,151065,0.95,0,4,7,5,1
16250,151073,1.32,0,5,8,8,1
16251,151080,1.38,0,5,8,7,1
16252,151081,-1.01,0,0,3,1,1
16253,151100,5.06,0,13,16,19,1
16254,151101,-1.01,0,0,3,1,1
16255,151106,0.95,0,4,7,5,1
16256,151115,1.26,0,5,8,9,1
16257,151117,-0.52,0,1,4,2,1
16258,151121,0.46,0,3,6,4,1
16259,151124,-0.03,0,2,5,3,1
16260,151135,1.69,0,6,9,11,1
16261,151146,2.79,0,8,11,11,1
16262,151153,1.38,0,5,8,7,1
16263,151161,1.87,0,6,9,8,1
16264,151170,1.81,0,6,9,9,1
16265,151171,-1.01,0,0,3,1,1
16266,151173,-0.52,0,1,4,2,1
16267,151187,3.71,0,10,13,14,1
16268,151209,4.33,0,12,15,22,1
16269,151231,5.43,0,14,17,22,1
16270,151244,3.77,0,10,13,13,1
16271,151245,-1.01,0,0,3,1,1
16272,151254,1.81,0,6,9,9,1
16273,151263,2.36,0,7,10,9,1
16274,151284,2.19,0,8,11,21,1
16275,151285,-1.01,0,0,3,1,1
16276,151296,2.79,0,8,11,11,1
16277,151306,2.85,0,8,11,10,1
16278,151315,2.36,0,7,10,9,1
16279,151327,3.83,0,10,13,12,1
16280,151330,-0.03,0,2,5,3,1
16281,151345,3.1,0,9,12,15,1
16282,151346,-1.01,0,0,3,1,1
16283,151355,2.36,0,7,10,9,1
16284,151366,2.24,0,7,10,11,1
16285,151377,2.79,0,8,11,11,1
16286,151378,-1.01,0,0,3,1,1
16287,151381,-0.03,0,2,5,3,1
16288,151382,-1.01,0,0,3,1,1
16289,151385,-0.03,0,2,5,3,1
16290,151388,-0.03,0,2,5,3,1
16291,151391,-0.03,0,2,5,3,1
16292,151407,4.14,0,11,14,16,1
16293,151428,3.84,0,11,14,21,1
16294,151442,3.16,0,9,12,14,1
16295,151450,1.32,0,5,8,8,1
16296,151454,0.46,0,3,6,4,1
16297,151457,-0.03,0,2,5,3,1
16298,151473,3.04,0,9,12,16,1
16299,151499,4.64,0,13,16,26,1
16300,151507,2.42,0,7,10,8,1
16301,151520,2.12,0,7,10,13,1
16302,151529,1.81,0,6,9,9,1
16303,151540,2.79,0,8,11,11,1
16304,151541,-1.01,0,0,3,1,1
16305,151564,3.72,0,11,14,23,1
16306,151582,5.12,0,13,16,18,1
16307,151586,0.46,0,3,6,4,1
16308,151588,-0.52,0,1,4,2,1
16309,151589,-1.01,0,0,3,1,1
16310,151593,0.46,0,3,6,4,1
16311,151601,2.42,0,7,10,8,1
16312,151618,3.53,0,10,13,17,1
16313,151630,1.63,0,6,9,12,1
16314,151635,0.95,0,4,7,5,1
16315,151641,1.44,0,5,8,6,1
16316,151645,0.46,0,3,6,4,1
16317,151653,2.42,0,7,10,8,1
16318,151655,-0.52,0,1,4,2,1
16319,151673,4.57,0,12,15,18,1
16320,151684,2.24,0,7,10,11,1
16321,151687,-0.03,0,2,5,3,1
16322,151700,3.22,0,9,12,13,1
16323,151702,-0.52,0,1,4,2,1
16324,151703,-1.01,0,0,3,1,1
16325,151709,0.89,0,4,7,6,1
16326,151734,4.15,0,12,15,25,1
16327,151746,3.28,0,9,12,12,1
16328,151748,-0.52,0,1,4,2,1
16329,151756,2.42,0,7,10,8,1
16330,151759,-0.03,0,2,5,3,1
16331,151761,-0.52,0,1,4,2,1
16332,151775,2.61,0,8,11,14,1
16333,151813,7.22,0,19,22,38,1
16334,151834,5.49,0,14,17,21,1
16335,151837,-0.58,0,1,4,3,1
16336,151841,0.46,0,3,6,4,1
16337,151842,-1.01,0,0,3,1,1
16338,151864,4.88,0,13,16,22,1
16339,151924,5.35,0,18,21,60,1
16340,151931,1.38,0,5,8,7,1
16341,151932,-1.01,0,0,3,1,1
16342,151942,2.3,0,7,10,10,1
16343,151986,4.66,0,15,18,44,1
16344,151991,0.95,0,4,7,5,1
16345,151994,-0.03,0,2,5,3,1
16346,152011,2.98,0,9,12,17,1
16347,152037,4.64,0,13,16,26,1
16348,152057,2.8,0,9,12,20,1
16349,152059,-0.52,0,1,4,2,1
16350,152081,5.43,0,14,17,22,1
16351,152082,-1.01,0,0,3,1,1
16352,152138,7.24,0,21,24,56,1
16353,152153,4.75,0,12,15,15,1
16354,152157,0.46,0,3,6,4,1
16355,152159,-0.52,0,1,4,2,1
16356,152165,1.44,0,5,8,6,1
16357,152180,5.3,0,13,16,15,1
16358,152182,-0.52,0,1,4,2,1
16359,152184,-0.52,0,1,4,2,1
16360,152186,-0.52,0,1,4,2,1
16361,152189,-0.03,0,2,5,3,1
16362,152190,-1.01,0,0,3,1,1
16363,152220,5.5,0,15,18,30,1
16364,152221,-1.01,0,0,3,1,1
16365,152231,2.85,0,8,11,10,1
16366,152234,-0.03,0,2,5,3,1
16367,152236,-0.52,0,1,4,2,1
16368,152245,2.91,0,8,11,9,1
16369,152249,0.46,0,3,6,4,1
16370,152251,-0.52,0,1,4,2,1
16371,152264,3.77,0,10,13,13,1
16372,152276,3.83,0,10,13,12,1
16373,152281,0.95,0,4,7,5,1
16374,152288,1.93,0,6,9,7,1
16375,152293,0.95,0,4,7,5,1
16376,152299,1.44,0,5,8,6,1
16377,152312,3.77,0,10,13,13,1
16378,152316,0.46,0,3,6,4,1
16379,152318,-0.52,0,1,4,2,1
16380,152332,2.61,0,8,11,14,1
16381,152344,3.28,0,9,12,12,1
16382,152353,2.36,0,7,10,9,1
16383,152373,3.9,0,11,14,20,1
16384,152385,3.28,0,9,12,12,1
16385,152387,-0.52,0,1,4,2,1
16386,152400,4.87,0,12,15,13,1
16387,152403,-0.03,0,2,5,3,1
16388,152405,-0.52,0,1,4,2,1
16389,152406,-1.01,0,0,3,1,1
16390,152424,3.47,0,10,13,18,1
16391,152472,6.62,0,19,22,48,1
16392,152489,4.08,0,11,14,17,1
16393,152496,1.93,0,6,9,7,1
16394,152508,3.28,0,9,12,12,1
16395,152537,5.56,0,15,18,29,1
16396,152540,-0.03,0,2,5,3,1
16397,152544,0.46,0,3,6,4,1
16398,152545,-1.01,0,0,3,1,1
16399,152550,0.95,0,4,7,5,1
16400,152559,2.36,0,7,10,9,1
16401,152561,-0.52,0,1,4,2,1
16402,152572,1.69,0,6,9,11,1
16403,152589,4.08,0,11,14,17,1
16404,152591,-0.52,0,1,4,2,1
16405,152596,0.4,0,3,6,5,1
16406,152598,-0.52,0,1,4,2,1
16407,152605,1.38,0,5,8,7,1
16408,152629,5.86,0,15,18,24,1
16409,152630,-1.01,0,0,3,1,1
16410,152647,4.08,0,11,14,17,1
16411,152663,4.14,0,11,14,16,1
16412,152677,4.26,0,11,14,14,1
16413,152679,-0.52,0,1,4,2,1
16414,152691,3.28,0,9,12,12,1
16415,152698,1.93,0,6,9,7,1
16416,152729,3.24,0,11,14,31,1
16417,152730,-1.01,0,0,3,1,1
16418,152746,4.14,0,11,14,16,1
16419,152750,0.46,0,3,6,4,1
16420,152752,-0.52,0,1,4,2,1
16421,152760,1.87,0,6,9,8,1
16422,152769,1.26,0,5,8,9,1
16423,152772,-0.03,0,2,5,3,1
16424,152782,2.3,0,7,10,10,1
16425,152789,0.83,0,4,7,7,1
16426,152791,-0.52,0,1,4,2,1
16427,152814,4.27,0,12,15,23,1
16428,152818,0.46,0,3,6,4,1
16429,152821,-0.03,0,2,5,3,1
16430,152823,-0.52,0,1,4,2,1
16431,152842,5.06,0,13,16,19,1
16432,152844,-0.52,0,1,4,2,1
16433,152846,-0.52,0,1,4,2,1
16434,152850,-0.09,0,2,5,4,1
16435,152862,2.73,0,8,11,12,1
16436,152870,1.32,0,5,8,8,1
16437,152876,0.89,0,4,7,6,1
16438,152877,-1.01,0,0,3,1,1
16439,152881,0.46,0,3,6,4,1
16440,152884,-0.03,0,2,5,3,1
16441,152894,2.85,0,8,11,10,1
16442,152928,5.26,0,15,18,34,1
16443,152948,6.1,0,15,18,20,1
16444,152976,5.62,0,15,18,28,1
16445,152988,2.73,0,8,11,12,1
16446,152995,1.38,0,5,8,7,1
16447,152999,0.46,0,3,6,4,1
16448,153002,-0.03,0,2,5,3,1
16449,153005,-0.03,0,2,5,3,1
16450,153007,-0.52,0,1,4,2,1
16451,153013,0.89,0,4,7,6,1
16452,153025,3.28,0,9,12,12,1
16453,153036,2.79,0,8,11,11,1
16454,153037,-1.01,0,0,3,1,1
16455,153065,6.72,0,17,20,28,1
16456,153071,0.89,0,4,7,6,1
16457,153072,-1.01,0,0,3,1,1
16458,153075,-0.03,0,2,5,3,1
16459,153120,6.25,0,18,21,45,1
16460,153123,-0.03,0,2,5,3,1
16461,153124,-1.01,0,0,3,1,1
16462,153141,3.53,0,10,13,17,1
16463,153148,0.83,0,4,7,7,1
16464,153153,0.95,0,4,7,5,1
16465,153169,3.59,0,10,13,16,1
16466,153174,0.95,0,4,7,5,1
16467,153190,3.04,0,9,12,16,1
16468,153193,-0.03,0,2,5,3,1
16469,153195,-0.52,0,1,4,2,1
16470,153204,2.36,0,7,10,9,1
16471,153217,3.22,0,9,12,13,1
16472,153218,-1.01,0,0,3,1,1
16473,153240,3.23,0,10,13,22,1
16474,153250,2.3,0,7,10,10,1
16475,153252,-0.52,0,1,4,2,1
16476,153258,0.34,0,3,6,6,1
16477,153281,5.37,0,14,17,23,1
16478,153283,-0.52,0,1,4,2,1
16479,153314,4.89,0,14,17,31,1
16480,153317,-0.03,0,2,5,3,1
16481,153318,-1.01,0,0,3,1,1
16482,153347,5.56,0,15,18,29,1
16483,153360,2.67,0,8,11,13,1
16484,153362,-0.52,0,1,4,2,1
16485,153367,0.95,0,4,7,5,1
16486,153392,5.8,0,15,18,25,1
16487,153394,-0.52,0,1,4,2,1
16488,153398,0.46,0,3,6,4,1
16489,153412,3.16,0,9,12,14,1
16490,153415,-0.03,0,2,5,3,1
16491,153440,5.8,0,15,18,25,1
16492,153441,-1.01,0,0,3,1,1
16493,153446,0.95,0,4,7,5,1
16494,153451,0.95,0,4,7,5,1
16495,153452,-1.01,0,0,3,1,1
16496,153454,-0.52,0,1,4,2,1
16497,153467,2.67,0,8,11,13,1
16498,153471,0.46,0,3,6,4,1
16499,153504,6.42,0,17,20,33,1
16500,153508,0.46,0,3,6,4,1
16501,153518,2.85,0,8,11,10,1
16502,153520,-0.52,0,1,4,2,1
16503,153530,2.3,0,7,10,10,1
16504,153533,-0.03,0,2,5,3,1
16505,153539,1.44,0,5,8,6,1
16506,153545,1.44,0,5,8,6,1
16507,153569,4.76,0,13,16,24,1
16508,153584,2.55,0,8,11,15,1
16509,153590,0.89,0,4,7,6,1
16510,153596,1.44,0,5,8,6,1
16511,153610,3.16,0,9,12,14,1
16512,153617,1.38,0,5,8,7,1
16513,153625,1.87,0,6,9,8,1
16514,153628,-0.03,0,2,5,3,1
16515,153631,-0.03,0,2,5,3,1
16516,153679,6.07,0,18,21,48,1
16517,153690,3.34,0,9,12,11,1
16518,153694,0.46,0,3,6,4,1
16519,153706,2.18,0,7,10,12,1
16520,153707,-1.01,0,0,3,1,1
16521,153721,2.06,0,7,10,14,1
16522,153723,-0.52,0,1,4,2,1
16523,153739,3.59,0,10,13,16,1
16524,153747,1.87,0,6,9,8,1
16525,153748,-1.01,0,0,3,1,1
16526,153757,0.71,0,4,7,9,1
16527,153777,4.45,0,12,15,20,1
16528,153780,-0.03,0,2,5,3,1
16529,153785,0.4,0,3,6,5,1
16530,153786,-1.01,0,0,3,1,1
16531,153787,-1.01,0,0,3,1,1
16532,153803,4.69,0,12,15,16,1
16533,153808,0.95,0,4,7,5,1
16534,153821,3.77,0,10,13,13,1
16535,153828,1.38,0,5,8,7,1
16536,153842,3.16,0,9,12,14,1
16537,153851,1.26,0,5,8,9,1
16538,153859,1.32,0,5,8,8,1
16539,153871,3.28,0,9,12,12,1
16540,153936,4.5,0,17,20,65,1
16541,153960,3.66,0,11,14,24,1
16542,153962,-0.52,0,1,4,2,1
16543,153967,0.95,0,4,7,5,1
16544,153975,1.87,0,6,9,8,1
16545,153980,0.95,0,4,7,5,1
16546,154010,6.6,0,17,20,30,1
16547,154039,5.01,0,14,17,29,1
16548,154042,-0.03,0,2,5,3,1
16549,154043,-1.01,0,0,3,1,1
16550,154047,0.46,0,3,6,4,1
16551,154053,0.89,0,4,7,6,1
16552,154057,0.46,0,3,6,4,1
16553,154058,-1.01,0,0,3,1,1
16554,154061,-0.03,0,2,5,3,1
16555,154075,4.81,0,12,15,14,1
16556,154077,-0.52,0,1,4,2,1
16557,154086,2.36,0,7,10,9,1
16558,154094,2.42,0,7,10,8,1
16559,154100,1.44,0,5,8,6,1
16560,154104,0.46,0,3,6,4,1
16561,154110,1.44,0,5,8,6,1
16562,154135,4.15,0,12,15,25,1
16563,154143,1.87,0,6,9,8,1
16564,154151,2.42,0,7,10,8,1
16565,154157,0.89,0,4,7,6,1
16566,154163,1.44,0,5,8,6,1
16567,154168,0.95,0,4,7,5,1
16568,154177,2.36,0,7,10,9,1
16569,154179,-0.52,0,1,4,2,1
16570,154195,4.69,0,12,15,16,1
16571,154199,0.46,0,3,6,4,1
16572,154208,2.91,0,8,11,9,1
16573,154222,2.61,0,8,11,14,1
16574,154229,1.93,0,6,9,7,1
16575,154239,2.85,0,8,11,10,1
16576,154240,-1.01,0,0,3,1,1
16577,154242,-0.52,0,1,4,2,1
16578,154245,-0.03,0,2,5,3,1
16579,154250,0.95,0,4,7,5,1
16580,154252,-0.52,0,1,4,2,1
16581,154257,0.95,0,4,7,5,1
16582,154266,1.81,0,6,9,9,1
16583,154282,4.14,0,11,14,16,1
16584,154288,0.89,0,4,7,6,1
16585,154291,-0.03,0,2,5,3,1
16586,154294,-0.03,0,2,5,3,1
16587,154298,0.46,0,3,6,4,1
16588,154306,1.87,0,6,9,8,1
16589,154334,5.62,0,15,18,28,1
16590,154366,4.83,0,14,17,32,1
16591,154373,1.38,0,5,8,7,1
16592,154377,0.46,0,3,6,4,1
16593,154408,3.79,0,12,15,31,1
16594,154411,-0.03,0,2,5,3,1
16595,154412,-1.01,0,0,3,1,1
16596,154418,1.44,0,5,8,6,1
16597,154431,3.22,0,9,12,13,1
16598,154435,0.46,0,3,6,4,1
16599,154440,0.95,0,4,7,5,1
16600,154450,1.75,0,6,9,10,1
16601,154469,5.61,0,14,17,19,1
16602,154499,3.85,0,12,15,30,1
16603,154516,2.43,0,8,11,17,1
16604,154520,0.46,0,3,6,4,1
16605,154530,2.3,0,7,10,10,1
16606,154543,3.22,0,9,12,13,1
16607,154553,2.3,0,7,10,10,1
16608,154560,1.93,0,6,9,7,1
16609,154575,4.75,0,12,15,15,1
16610,154576,-1.01,0,0,3,1,1
16611,154578,-0.52,0,1,4,2,1
16612,154586,1.87,0,6,9,8,1
16613,154602,3.59,0,10,13,16,1
16614,154607,0.95,0,4,7,5,1
16615,154621,2.61,0,8,11,14,1
16616,154635,3.16,0,9,12,14,1
16617,154642,1.93,0,6,9,7,1
16618,154644,-0.52,0,1,4,2,1
16619,154646,-0.52,0,1,4,2,1
16620,154654,1.32,0,5,8,8,1
16621,154662,1.32,0,5,8,8,1
16622,154665,-0.03,0,2,5,3,1
16623,154678,4.32,0,11,14,13,1
16624,154687,0.71,0,4,7,9,1
16625,154704,4.63,0,12,15,17,1
16626,154706,-0.52,0,1,4,2,1
16627,154710,-0.09,0,2,5,4,1
16628,154722,3.83,0,10,13,12,1
16629,154737,3.65,0,10,13,15,1
16630,154744,1.38,0,5,8,7,1
16631,154749,0.95,0,4,7,5,1
16632,154751,-0.52,0,1,4,2,1
16633,154767,4.14,0,11,14,16,1
16634,154772,0.95,0,4,7,5,1
16635,154777,0.95,0,4,7,5,1
16636,154797,4.45,0,12,15,20,1
16637,154800,-0.03,0,2,5,3,1
16638,154807,1.38,0,5,8,7,1
16639,154809,-0.52,0,1,4,2,1
16640,154820,1.69,0,6,9,11,1
16641,154826,1.44,0,5,8,6,1
16642,154830,0.46,0,3,6,4,1
16643,154835,0.95,0,4,7,5,1
16644,154842,1.38,0,5,8,7,1
16645,154854,2.73,0,8,11,12,1
16646,154863,1.81,0,6,9,9,1
16647,154866,-0.03,0,2,5,3,1
16648,154873,0.83,0,4,7,7,1
16649,154880,1.38,0,5,8,7,1
16650,154885,0.95,0,4,7,5,1
16651,154886,-1.01,0,0,3,1,1
16652,154902,4.14,0,11,14,16,1
16653,154908,0.89,0,4,7,6,1
16654,154917,2.36,0,7,10,9,1
16655,154936,5.61,0,14,17,19,1
16656,154944,1.87,0,6,9,8,1
16657,154946,-0.52,0,1,4,2,1
16658,154947,-1.01,0,0,3,1,1
16659,154955,1.32,0,5,8,8,1
16660,154974,3.96,0,11,14,19,1
16661,154981,1.93,0,6,9,7,1
16662,154993,2.73,0,8,11,12,1
16663,155011,4.57,0,12,15,18,1
16664,155014,-0.03,0,2,5,3,1
16665,155058,6.86,0,19,22,44,1
16666,155059,-1.01,0,0,3,1,1
16667,155066,0.83,0,4,7,7,1
16668,155068,-0.52,0,1,4,2,1
16669,155072,0.46,0,3,6,4,1
16670,155080,1.32,0,5,8,8,1
16671,155088,2.42,0,7,10,8,1
16672,155096,1.87,0,6,9,8,1
16673,155097,-1.01,0,0,3,1,1
16674,155103,0.89,0,4,7,6,1
16675,155113,1.75,0,6,9,10,1
16676,155137,4.76,0,13,16,24,1
16677,155141,0.46,0,3,6,4,1
16678,155151,1.75,0,6,9,10,1
16679,155155,0.46,0,3,6,4,1
16680,155159,0.46,0,3,6,4,1
16681,155164,0.95,0,4,7,5,1
16682,155165,-1.01,0,0,3,1,1
16683,155170,0.95,0,4,7,5,1
16684,155173,-0.03,0,2,5,3,1
16685,155190,4.08,0,11,14,17,1
16686,155191,-1.01,0,0,3,1,1
16687,155193,-0.52,0,1,4,2,1
16688,155199,0.89,0,4,7,6,1
16689,155204,0.95,0,4,7,5,1
16690,155247,7.47,0,20,23,43,1
16691,155252,0.95,0,4,7,5,1
16692,155260,2.42,0,7,10,8,1
16693,155266,1.44,0,5,8,6,1
16694,155273,1.38,0,5,8,7,1
16695,155278,0.95,0,4,7,5,1
16696,155305,5.13,0,14,17,27,1
16697,155308,-0.03,0,2,5,3,1
16698,155312,0.46,0,3,6,4,1
16699,155315,-0.03,0,2,5,3,1
16700,155316,-1.01,0,0,3,1,1
16701,155317,-1.01,0,0,3,1,1
16702,155321,0.46,0,3,6,4,1
16703,155334,3.22,0,9,12,13,1
16704,155344,3.4,0,9,12,10,1
16705,155356,2.18,0,7,10,12,1
16706,155372,2.49,0,8,11,16,1
16707,155388,3.04,0,9,12,16,1
16708,155401,2.12,0,7,10,13,1
16709,155409,1.32,0,5,8,8,1
16710,155416,1.93,0,6,9,7,1
16711,155424,1.87,0,6,9,8,1
16712,155446,5.43,0,14,17,22,1
16713,155460,2.61,0,8,11,14,1
16714,155467,1.38,0,5,8,7,1
16715,155469,-0.52,0,1,4,2,1
16716,155472,-0.03,0,2,5,3,1
16717,155475,-0.03,0,2,5,3,1
16718,155476,-1.01,0,0,3,1,1
16719,155477,-1.01,0,0,3,1,1
16720,155479,-0.52,0,1,4,2,1
16721,155481,-0.52,0,1,4,2,1
16722,155483,-0.52,0,1,4,2,1
16723,155495,3.28,0,9,12,12,1
16724,155506,3.34,0,9,12,11,1
16725,155507,-1.01,0,0,3,1,1
16726,155510,-0.03,0,2,5,3,1
16727,155511,-1.01,0,0,3,1,1
16728,155517,1.44,0,5,8,6,1
16729,155519,-0.52,0,1,4,2,1
16730,155530,1.14,0,5,8,11,1
16731,155543,3.22,0,9,12,13,1
16732,155554,2.79,0,8,11,11,1
16733,155555,-1.01,0,0,3,1,1
16734,155556,-1.01,0,0,3,1,1
16735,155562,1.44,0,5,8,6,1
16736,155567,-0.15,0,2,5,5,1
16737,155586,3.41,0,10,13,19,1
16738,155597,3.34,0,9,12,11,1
16739,155610,3.22,0,9,12,13,1
16740,155623,3.22,0,9,12,13,1
16741,155631,0.77,0,4,7,8,1
16742,155659,4.52,0,13,16,28,1
16743,155669,2.85,0,8,11,10,1
16744,155687,4.02,0,11,14,18,1
16745,155704,4.63,0,12,15,17,1
16746,155706,-0.52,0,1,4,2,1
16747,155717,2.24,0,7,10,11,1
16748,155737,5.0,0,13,16,20,1
16749,155742,0.95,0,4,7,5,1
16750,155743,-1.01,0,0,3,1,1
16751,155749,0.89,0,4,7,6,1
16752,155754,0.95,0,4,7,5,1
16753,155762,1.87,0,6,9,8,1
16754,155770,1.87,0,6,9,8,1
16755,155773,-0.03,0,2,5,3,1
16756,155775,-0.52,0,1,4,2,1
16757,155776,-1.01,0,0,3,1,1
16758,155790,2.61,0,8,11,14,1
16759,155797,1.38,0,5,8,7,1
16760,155824,4.03,0,12,15,27,1
16761,155833,1.81,0,6,9,9,1
16762,155834,-1.01,0,0,3,1,1
16763,155837,-0.03,0,2,5,3,1
16764,155840,-0.03,0,2,5,3,1
16765,155847,1.38,0,5,8,7,1
16766,155849,-0.52,0,1,4,2,1
16767,155853,0.46,0,3,6,4,1
16768,155854,-1.01,0,0,3,1,1
16769,155858,0.46,0,3,6,4,1
16770,155876,2.92,0,9,12,18,1
16771,155901,4.7,0,13,16,25,1
16772,155903,-0.52,0,1,4,2,1
16773,155924,6.04,0,15,18,21,1
16774,155944,3.35,0,10,13,20,1
16775,155956,2.73,0,8,11,12,1
16776,155959,-0.03,0,2,5,3,1
16777,155970,2.24,0,7,10,11,1
16778,155973,-0.03,0,2,5,3,1
16779,155977,-0.09,0,2,5,4,1
16780,155996,4.51,0,12,15,19,1
16781,156017,4.94,0,13,16,21,1
16782,156019,-0.52,0,1,4,2,1
16783,156027,2.42,0,7,10,8,1
16784,156036,0.71,0,4,7,9,1
16785,156037,-1.01,0,0,3,1,1
16786,156069,6.48,0,17,20,32,1
16787,156076,1.38,0,5,8,7,1
16788,156081,0.4,0,3,6,5,1
16789,156087,1.44,0,5,8,6,1
16790,156092,0.95,0,4,7,5,1
16791,156120,4.52,0,13,16,28,1
16792,156131,2.79,0,8,11,11,1
16793,156133,-0.52,0,1,4,2,1
16794,156138,0.4,0,3,6,5,1
16795,156162,5.31,0,14,17,24,1
16796,156164,-0.52,0,1,4,2,1
16797,156165,-1.01,0,0,3,1,1
16798,156187,4.88,0,13,16,22,1
16799,156199,3.28,0,9,12,12,1
16800,156213,3.71,0,10,13,14,1
16801,156216,-0.03,0,2,5,3,1
16802,156219,-0.03,0,2,5,3,1
16803,156225,0.89,0,4,7,6,1
16804,156228,-0.03,0,2,5,3,1
16805,156230,-0.52,0,1,4,2,1
16806,156234,0.46,0,3,6,4,1
16807,156243,2.91,0,8,11,9,1
16808,156261,4.02,0,11,14,18,1
16809,156263,-0.52,0,1,4,2,1
16810,156264,-1.01,0,0,3,1,1
16811,156266,-0.52,0,1,4,2,1
16812,156270,0.46,0,3,6,4,1
16813,156272,-0.52,0,1,4,2,1
16814,156290,4.57,0,12,15,18,1
16815,156296,1.44,0,5,8,6,1
16816,156302,0.89,0,4,7,6,1
16817,156303,-1.01,0,0,3,1,1
16818,156308,0.95,0,4,7,5,1
16819,156310,-0.52,0,1,4,2,1
16820,156313,-0.03,0,2,5,3,1
16821,156315,-0.52,0,1,4,2,1
16822,156336,4.94,0,13,16,21,1
16823,156364,5.07,0,14,17,28,1
16824,156365,-1.01,0,0,3,1,1
16825,156372,1.38,0,5,8,7,1
16826,156389,2.43,0,8,11,17,1
16827,156390,-1.01,0,0,3,1,1
16828,156411,3.84,0,11,14,21,1
16829,156413,-0.52,0,1,4,2,1
16830,156420,1.93,0,6,9,7,1
16831,156422,-0.52,0,1,4,2,1
16832,156427,0.95,0,4,7,5,1
16833,156431,0.46,0,3,6,4,1
16834,156438,1.93,0,6,9,7,1
16835,156445,1.38,0,5,8,7,1
16836,156446,-1.01,0,0,3,1,1
16837,156451,0.95,0,4,7,5,1
16838,156476,4.15,0,12,15,25,1
16839,156497,4.39,0,12,15,21,1
16840,156501,0.46,0,3,6,4,1
16841,156505,0.46,0,3,6,4,1
16842,156511,1.44,0,5,8,6,1
16843,156535,4.76,0,13,16,24,1
16844,156540,0.95,0,4,7,5,1
16845,156543,-0.03,0,2,5,3,1
16846,156554,3.34,0,9,12,11,1
16847,156556,-0.52,0,1,4,2,1
16848,156562,1.44,0,5,8,6,1
16849,156587,5.25,0,14,17,25,1
16850,156589,-0.52,0,1,4,2,1
16851,156609,4.45,0,12,15,20,1
16852,156613,0.46,0,3,6,4,1
16853,156614,-1.01,0,0,3,1,1
16854,156622,1.87,0,6,9,8,1
16855,156625,-0.03,0,2,5,3,1
16856,156647,5.98,0,15,18,22,1
16857,156648,-1.01,0,0,3,1,1
16858,156665,4.08,0,11,14,17,1
16859,156666,-1.01,0,0,3,1,1
16860,156668,-0.52,0,1,4,2,1
16861,156689,5.49,0,14,17,21,1
16862,156708,5.06,0,13,16,19,1
16863,156710,-0.52,0,1,4,2,1
16864,156711,-1.01,0,0,3,1,1
16865,156714,-0.03,0,2,5,3,1
16866,156727,3.77,0,10,13,13,1
16867,156739,3.28,0,9,12,12,1
16868,156748,1.81,0,6,9,9,1
16869,156756,1.32,0,5,8,8,1
16870,156784,4.52,0,13,16,28,1
16871,156819,5.75,0,16,19,35,1
16872,156824,0.95,0,4,7,5,1
16873,156845,2.19,0,8,11,21,1
16874,156848,-0.03,0,2,5,3,1
16875,156887,4.41,0,14,17,39,1
16876,156889,-0.52,0,1,4,2,1
16877,156903,3.71,0,10,13,14,1
16878,156921,6.22,0,15,18,18,1
16879,156924,-0.03,0,2,5,3,1
16880,156934,2.3,0,7,10,10,1
16881,156936,-0.52,0,1,4,2,1
16882,156939,-0.03,0,2,5,3,1
16883,156950,2.24,0,7,10,11,1
16884,156965,4.2,0,11,14,15,1
16885,156969,0.46,0,3,6,4,1
16886,156979,3.4,0,9,12,10,1
16887,156981,-0.52,0,1,4,2,1
16888,156990,2.36,0,7,10,9,1
16889,157016,6.29,0,16,19,26,1
16890,157017,-1.01,0,0,3,1,1
16891,157019,-0.52,0,1,4,2,1
16892,157024,0.4,0,3,6,5,1
16893,157032,2.42,0,7,10,8,1
16894,157039,1.93,0,6,9,7,1
16895,157045,0.89,0,4,7,6,1
16896,157060,4.2,0,11,14,15,1
16897,157086,6.84,0,17,20,26,1
16898,157087,-1.01,0,0,3,1,1
16899,157090,-0.03,0,2,5,3,1
16900,157096,0.34,0,3,6,6,1
16901,157102,0.34,0,3,6,6,1
16902,157112,2.3,0,7,10,10,1
16903,157114,-0.52,0,1,4,2,1
16904,157118,0.46,0,3,6,4,1
16905,157128,2.85,0,8,11,10,1
16906,157135,1.93,0,6,9,7,1
16907,157137,-0.52,0,1,4,2,1
16908,157145,2.42,0,7,10,8,1
16909,157148,-0.03,0,2,5,3,1
16910,157149,-1.01,0,0,3,1,1
16911,157152,-0.03,0,2,5,3,1
16912,157158,1.44,0,5,8,6,1
16913,157160,-0.52,0,1,4,2,1
16914,157163,-0.03,0,2,5,3,1
16915,157169,1.44,0,5,8,6,1
16916,157176,1.38,0,5,8,7,1
16917,157212,5.14,0,15,18,36,1
16918,157218,1.44,0,5,8,6,1
16919,157221,-0.03,0,2,5,3,1
16920,157226,0.4,0,3,6,5,1
16921,157230,-0.09,0,2,5,4,1
16922,157249,5.06,0,13,16,19,1
16923,157255,1.44,0,5,8,6,1
16924,157259,0.46,0,3,6,4,1
16925,157276,3.53,0,10,13,17,1
16926,157280,0.46,0,3,6,4,1
16927,157289,2.36,0,7,10,9,1
16928,157309,5.55,0,14,17,20,1
16929,157311,-0.52,0,1,4,2,1
16930,157330,3.41,0,10,13,19,1
16931,157350,4.45,0,12,15,20,1
16932,157353,-0.03,0,2,5,3,1
16933,157360,1.38,0,5,8,7,1
16934,157371,3.34,0,9,12,11,1
16935,157375,0.46,0,3,6,4,1
16936,157387,2.18,0,7,10,12,1
16937,157388,-1.01,0,0,3,1,1
16938,157390,-0.52,0,1,4,2,1
16939,157410,5.55,0,14,17,20,1
16940,157433,4.27,0,12,15,23,1
16941,157437,-0.09,0,2,5,4,1
16942,157444,1.93,0,6,9,7,1
16943,157446,-0.52,0,1,4,2,1
16944,157463,4.08,0,11,14,17,1
16945,157467,-0.09,0,2,5,4,1
16946,157488,4.94,0,13,16,21,1
16947,157514,6.29,0,16,19,26,1
16948,157539,4.15,0,12,15,25,1
16949,157543,-0.09,0,2,5,4,1
16950,157562,4.51,0,12,15,19,1
16951,157588,4.09,0,12,15,26,1
16952,157622,6.36,0,17,20,34,1
16953,157623,-1.01,0,0,3,1,1
16954,157640,4.63,0,12,15,17,1
16955,157754,2.66,0,19,22,114,1
16956,157762,2.42,0,7,10,8,1
16957,157811,5.46,0,17,20,49,1
16958,157826,3.65,0,10,13,15,1
16959,157827,-1.01,0,0,3,1,1
16960,157829,-0.52,0,1,4,2,1
16961,157835,1.44,0,5,8,6,1
16962,157838,-0.03,0,2,5,3,1
16963,157841,-0.03,0,2,5,3,1
16964,157842,-1.01,0,0,3,1,1
16965,157844,-0.52,0,1,4,2,1
16966,157845,-1.01,0,0,3,1,1
16967,157851,0.34,0,3,6,6,1
16968,157866,2.55,0,8,11,15,1
16969,157869,-0.03,0,2,5,3,1
16970,157883,3.71,0,10,13,14,1
16971,157884,-1.01,0,0,3,1,1
16972,157911,6.78,0,17,20,27,1
16973,157913,-0.52,0,1,4,2,1
16974,157915,-0.52,0,1,4,2,1
16975,157939,5.31,0,14,17,24,1
16976,157941,-0.52,0,1,4,2,1
16977,157951,2.85,0,8,11,10,1
16978,157954,-0.03,0,2,5,3,1
16979,157956,-0.52,0,1,4,2,1
16980,157964,1.87,0,6,9,8,1
16981,157967,-0.03,0,2,5,3,1
16982,157968,-1.01,0,0,3,1,1
16983,157984,4.14,0,11,14,16,1
16984,157986,-0.52,0,1,4,2,1
16985,157990,0.46,0,3,6,4,1
16986,157996,0.89,0,4,7,6,1
16987,158040,5.21,0,16,19,44,1
16988,158043,-0.03,0,2,5,3,1
16989,158044,-1.01,0,0,3,1,1
16990,158054,2.85,0,8,11,10,1
16991,158057,-0.03,0,2,5,3,1
16992,158058,-1.01,0,0,3,1,1
16993,158068,2.85,0,8,11,10,1
16994,158071,-0.03,0,2,5,3,1
16995,158072,-1.01,0,0,3,1,1
16996,158073,-1.01,0,0,3,1,1
16997,158074,-1.01,0,0,3,1,1
16998,158085,3.34,0,9,12,11,1
16999,158091,1.44,0,5,8,6,1
17000,158095,0.46,0,3,6,4,1
17001,158096,-1.01,0,0,3,1,1
17002,158109,2.12,0,7,10,13,1
17003,158112,-0.03,0,2,5,3,1
17004,158117,0.4,0,3,6,5,1
17005,158126,1.81,0,6,9,9,1
17006,158169,5.82,0,17,20,43,1
17007,158191,4.88,0,13,16,22,1
17008,158200,2.36,0,7,10,9,1
17009,158219,4.51,0,12,15,19,1
17010,158242,5.37,0,14,17,23,1
17011,158260,4.57,0,12,15,18,1
17012,158262,-0.52,0,1,4,2,1
17013,158263,-1.01,0,0,3,1,1
17014,158284,4.39,0,12,15,21,1
17015,158288,0.46,0,3,6,4,1
17016,158291,-0.03,0,2,5,3,1
17017,158302,3.34,0,9,12,11,1
17018,158310,0.77,0,4,7,8,1
17019,158317,1.93,0,6,9,7,1
17020,158336,5.06,0,13,16,19,1
17021,158349,4.32,0,11,14,13,1
17022,158353,0.46,0,3,6,4,1
17023,158355,-0.52,0,1,4,2,1
17024,158356,-1.01,0,0,3,1,1
17025,158358,-0.52,0,1,4,2,1
17026,158364,1.44,0,5,8,6,1
17027,158368,0.46,0,3,6,4,1
17028,158372,0.46,0,3,6,4,1
17029,158379,1.38,0,5,8,7,1
17030,158404,5.8,0,15,18,25,1
17031,158405,-1.01,0,0,3,1,1
17032,158411,1.44,0,5,8,6,1
17033,158414,-0.03,0,2,5,3,1
17034,158427,3.22,0,9,12,13,1
17035,158442,4.75,0,12,15,15,1
17036,158446,0.46,0,3,6,4,1
17037,158450,0.46,0,3,6,4,1
17038,158458,1.32,0,5,8,8,1
17039,158480,4.88,0,13,16,22,1
17040,158510,3.85,0,12,15,30,1
17041,158519,1.81,0,6,9,9,1
17042,158545,5.74,0,15,18,26,1
17043,158561,3.04,0,9,12,16,1
17044,158563,-0.52,0,1,4,2,1
17045,158586,5.37,0,14,17,23,1
17046,158587,-1.01,0,0,3,1,1
17047,158594,1.93,0,6,9,7,1
17048,158598,0.46,0,3,6,4,1
17049,158605,1.38,0,5,8,7,1
17050,158617,4.38,0,11,14,12,1
17051,158618,-1.01,0,0,3,1,1
17052,158622,0.46,0,3,6,4,1
17053,158642,3.35,0,10,13,20,1
17054,158652,1.75,0,6,9,10,1
17055,158655,-0.03,0,2,5,3,1
17056,158665,2.3,0,7,10,10,1
17057,158676,2.79,0,8,11,11,1
17058,158679,-0.03,0,2,5,3,1
17059,158684,0.4,0,3,6,5,1
17060,158685,-1.01,0,0,3,1,1
17061,158686,-1.01,0,0,3,1,1
17062,158700,3.16,0,9,12,14,1
17063,158704,0.46,0,3,6,4,1
17064,158708,0.46,0,3,6,4,1
17065,158711,-0.03,0,2,5,3,1
17066,158715,0.46,0,3,6,4,1
17067,158716,-1.01,0,0,3,1,1
17068,158717,-1.01,0,0,3,1,1
17069,158749,5.93,0,16,19,32,1
17070,158765,3.59,0,10,13,16,1
17071,158775,2.85,0,8,11,10,1
17072,158796,4.39,0,12,15,21,1
17073,158799,-0.03,0,2,5,3,1
17074,158803,0.46,0,3,6,4,1
17075,158807,0.46,0,3,6,4,1
17076,158813,0.89,0,4,7,6,1
17077,158820,1.38,0,5,8,7,1
17078,158822,-0.52,0,1,4,2,1
17079,158842,4.45,0,12,15,20,1
17080,158849,0.83,0,4,7,7,1
17081,158851,-0.52,0,1,4,2,1
17082,158867,3.59,0,10,13,16,1
17083,158870,-0.03,0,2,5,3,1
17084,158896,4.64,0,13,16,26,1
17085,158913,5.18,0,13,16,17,1
17086,158922,2.36,0,7,10,9,1
17087,158926,0.46,0,3,6,4,1
17088,158932,0.89,0,4,7,6,1
17089,158934,-0.52,0,1,4,2,1
17090,158936,-0.52,0,1,4,2,1
17091,158943,1.38,0,5,8,7,1
17092,158945,-0.52,0,1,4,2,1
17093,158947,-0.52,0,1,4,2,1
17094,158948,-1.01,0,0,3,1,1
17095,158958,2.85,0,8,11,10,1
17096,158968,2.3,0,7,10,10,1
17097,158969,-1.01,0,0,3,1,1
17098,158998,6.66,0,17,20,29,1
17099,158999,-1.01,0,0,3,1,1
17100,159030,5.99,0,16,19,31,1
17101,159041,1.69,0,6,9,11,1
17102,159068,6.23,0,16,19,27,1
17103,159072,0.46,0,3,6,4,1
17104,159073,-1.01,0,0,3,1,1
17105,159074,-1.01,0,0,3,1,1
17106,159077,-0.03,0,2,5,3,1
17107,159083,1.44,0,5,8,6,1
17108,159131,4.97,0,16,19,48,1
17109,159162,5.44,0,15,18,31,1
17110,159183,3.84,0,11,14,21,1
17111,159184,-1.01,0,0,3,1,1
17112,159204,3.9,0,11,14,20,1
17113,159209,0.95,0,4,7,5,1
17114,159215,1.44,0,5,8,6,1
17115,159220,0.95,0,4,7,5,1
17116,159246,5.19,0,14,17,26,1
17117,159274,6.72,0,17,20,28,1
17118,159292,4.57,0,12,15,18,1
17119,159294,-0.52,0,1,4,2,1
17120,159295,-1.01,0,0,3,1,1
17121,159301,0.89,0,4,7,6,1
17122,159302,-1.01,0,0,3,1,1
17123,159304,-0.52,0,1,4,2,1
17124,159307,-0.03,0,2,5,3,1
17125,159340,6.42,0,17,20,33,1
17126,159344,0.46,0,3,6,4,1
17127,159354,3.4,0,9,12,10,1
17128,159360,0.89,0,4,7,6,1
17129,159378,4.02,0,11,14,18,1
17130,159404,5.74,0,15,18,26,1
17131,159412,1.87,0,6,9,8,1
17132,159413,-1.01,0,0,3,1,1
17133,159415,-0.52,0,1,4,2,1
17134,159423,1.87,0,6,9,8,1
17135,159426,-0.03,0,2,5,3,1
17136,159459,5.32,0,15,18,33,1
17137,159463,0.46,0,3,6,4,1
17138,159465,-0.52,0,1,4,2,1
17139,159469,0.46,0,3,6,4,1
17140,159476,0.83,0,4,7,7,1
17141,159480,-0.09,0,2,5,4,1
17142,159518,7.77,0,20,23,38,1
17143,159521,-0.03,0,2,5,3,1
17144,159529,1.87,0,6,9,8,1
17145,159532,-0.03,0,2,5,3,1
17146,159540,2.42,0,7,10,8,1
17147,159552,2.73,0,8,11,12,1
17148,159558,1.44,0,5,8,6,1
17149,159559,-1.01,0,0,3,1,1
17150,159564,0.95,0,4,7,5,1
17151,159573,2.91,0,8,11,9,1
17152,159574,-1.01,0,0,3,1,1
17153,159581,1.38,0,5,8,7,1
17154,159583,-0.52,0,1,4,2,1
17155,159585,-0.52,0,1,4,2,1
17156,159600,2.55,0,8,11,15,1
17157,159603,-0.03,0,2,5,3,1
17158,159615,3.83,0,10,13,12,1
17159,159639,2.56,0,9,12,24,1
17160,159642,-0.03,0,2,5,3,1
17161,159646,-0.09,0,2,5,4,1
17162,159650,0.46,0,3,6,4,1
17163,159660,2.85,0,8,11,10,1
17164,159662,-0.52,0,1,4,2,1
17165,159669,1.38,0,5,8,7,1
17166,159681,4.38,0,11,14,12,1
17167,159693,3.83,0,10,13,12,1
17168,159701,1.32,0,5,8,8,1
17169,159704,-0.03,0,2,5,3,1
17170,159706,-0.52,0,1,4,2,1
17171,159707,-1.01,0,0,3,1,1
17172,159709,-0.52,0,1,4,2,1
17173,159719,2.3,0,7,10,10,1
17174,159734,4.2,0,11,14,15,1
17175,159738,0.46,0,3,6,4,1
17176,159740,-0.52,0,1,4,2,1
17177,159742,-0.52,0,1,4,2,1
17178,159746,0.46,0,3,6,4,1
17179,159749,-0.03,0,2,5,3,1
17180,159751,-0.52,0,1,4,2,1
17181,159754,-0.03,0,2,5,3,1
17182,159759,0.95,0,4,7,5,1
17183,159765,1.44,0,5,8,6,1
17184,159771,0.89,0,4,7,6,1
17185,159776,0.95,0,4,7,5,1
17186,159791,3.65,0,10,13,15,1
17187,159797,1.44,0,5,8,6,1
17188,159827,6.6,0,17,20,30,1
17189,159828,-1.01,0,0,3,1,1
17190,159829,-1.01,0,0,3,1,1
17191,159837,1.32,0,5,8,8,1
17192,159839,-0.52,0,1,4,2,1
17193,159841,-0.52,0,1,4,2,1
17194,159846,0.4,0,3,6,5,1
17195,159847,-1.01,0,0,3,1,1
17196,159855,1.87,0,6,9,8,1
17197,159881,6.29,0,16,19,26,1
17198,159891,2.85,0,8,11,10,1
17199,159893,-0.52,0,1,4,2,1
17200,159895,-0.52,0,1,4,2,1
17201,159898,-0.03,0,2,5,3,1
17202,159900,-0.52,0,1,4,2,1
17203,159902,-0.52,0,1,4,2,1
17204,159906,0.46,0,3,6,4,1
17205,159917,2.79,0,8,11,11,1
17206,159923,1.44,0,5,8,6,1
17207,159928,0.95,0,4,7,5,1
17208,159942,3.16,0,9,12,14,1
17209,159943,-1.01,0,0,3,1,1
17210,159968,7.45,0,18,21,25,1
17211,159975,1.38,0,5,8,7,1
17212,159976,-1.01,0,0,3,1,1
17213,159982,1.44,0,5,8,6,1
17214,159986,0.46,0,3,6,4,1
17215,159988,-0.52,0,1,4,2,1
17216,159993,0.95,0,4,7,5,1
17217,160042,5.46,0,17,20,49,1
17218,160084,5.88,0,17,20,42,1
17219,160102,5.67,0,14,17,18,1
17220,160110,1.87,0,6,9,8,1
17221,160112,-0.52,0,1,4,2,1
17222,160125,4.32,0,11,14,13,1
17223,160127,-0.52,0,1,4,2,1
17224,160135,1.87,0,6,9,8,1
17225,160138,-0.03,0,2,5,3,1
17226,160139,-1.01,0,0,3,1,1
17227,160140,-1.01,0,0,3,1,1
17228,160151,3.34,0,9,12,11,1
17229,160154,-0.03,0,2,5,3,1
17230,160156,-0.52,0,1,4,2,1
17231,160167,2.24,0,7,10,11,1
17232,160169,-0.52,0,1,4,2,1
17233,160170,-1.01,0,0,3,1,1
17234,160177,1.93,0,6,9,7,1
17235,160179,-0.52,0,1,4,2,1
17236,160183,-0.09,0,2,5,4,1
17237,160187,0.46,0,3,6,4,1
17238,160194,1.93,0,6,9,7,1
17239,160248,6.81,0,20,23,54,1
17240,160260,3.28,0,9,12,12,1
17241,160273,3.22,0,9,12,13,1
17242,160277,0.46,0,3,6,4,1
17243,160279,-0.52,0,1,4,2,1
17244,160282,-0.03,0,2,5,3,1
17245,160291,1.26,0,5,8,9,1
17246,160297,0.89,0,4,7,6,1
17247,160313,3.59,0,10,13,16,1
17248,160316,-0.03,0,2,5,3,1
17249,160318,-0.52,0,1,4,2,1
17250,160321,-0.03,0,2,5,3,1
17251,160329,2.42,0,7,10,8,1
17252,160331,-0.52,0,1,4,2,1
17253,160340,1.81,0,6,9,9,1
17254,160349,1.81,0,6,9,9,1
17255,160357,2.42,0,7,10,8,1
17256,160363,1.44,0,5,8,6,1
17257,160373,3.4,0,9,12,10,1
17258,160377,0.46,0,3,6,4,1
17259,160449,5.18,0,19,22,72,1
17260,160465,4.69,0,12,15,16,1
17261,160481,3.04,0,9,12,16,1
17262,160486,0.95,0,4,7,5,1
17263,160506,3.9,0,11,14,20,1
17264,160514,1.87,0,6,9,8,1
17265,160516,-0.52,0,1,4,2,1
17266,160525,1.81,0,6,9,9,1
17267,160533,2.42,0,7,10,8,1
17268,160534,-1.01,0,0,3,1,1
17269,160540,1.44,0,5,8,6,1
17270,160546,1.44,0,5,8,6,1
17271,160559,3.77,0,10,13,13,1
17272,160560,-1.01,0,0,3,1,1
17273,160568,1.32,0,5,8,8,1
17274,160574,1.44,0,5,8,6,1
17275,160584,1.75,0,6,9,10,1
17276,160595,2.79,0,8,11,11,1
17277,160602,1.93,0,6,9,7,1
17278,160612,3.4,0,9,12,10,1
17279,160642,6.05,0,16,19,30,1
17280,160644,-0.52,0,1,4,2,1
17281,160646,-0.52,0,1,4,2,1
17282,160658,4.38,0,11,14,12,1
17283,160679,5.49,0,14,17,21,1
17284,160685,1.44,0,5,8,6,1
17285,160686,-1.01,0,0,3,1,1
17286,160691,0.95,0,4,7,5,1
17287,160696,0.95,0,4,7,5,1
17288,160701,0.95,0,4,7,5,1
17289,160725,5.31,0,14,17,24,1
17290,160732,1.93,0,6,9,7,1
17291,160734,-0.52,0,1,4,2,1
17292,160737,-0.03,0,2,5,3,1
17293,160741,0.46,0,3,6,4,1
17294,160742,-1.01,0,0,3,1,1
17295,160747,0.95,0,4,7,5,1
17296,160754,1.38,0,5,8,7,1
17297,160772,4.57,0,12,15,18,1
17298,160775,-0.03,0,2,5,3,1
17299,160776,-1.01,0,0,3,1,1
17300,160787,2.79,0,8,11,11,1
17301,160788,-1.01,0,0,3,1,1
17302,160796,1.87,0,6,9,8,1
17303,160803,1.38,0,5,8,7,1
17304,160810,1.93,0,6,9,7,1
17305,160816,1.44,0,5,8,6,1
17306,160820,0.46,0,3,6,4,1
17307,160822,-0.52,0,1,4,2,1
17308,160823,-1.01,0,0,3,1,1
17309,160825,-0.52,0,1,4,2,1
17310,160837,3.28,0,9,12,12,1
17311,160839,-0.52,0,1,4,2,1
17312,160857,3.47,0,10,13,18,1
17313,160903,5.64,0,17,20,46,1
17314,160906,-0.03,0,2,5,3,1
17315,160914,1.87,0,6,9,8,1
17316,160921,1.38,0,5,8,7,1
17317,160923,-0.52,0,1,4,2,1
17318,160925,-0.52,0,1,4,2,1
17319,160936,2.79,0,8,11,11,1
17320,160945,2.36,0,7,10,9,1
17321,160956,3.89,0,10,13,11,1
17322,160958,-0.52,0,1,4,2,1
17323,160967,1.81,0,6,9,9,1
17324,160972,0.95,0,4,7,5,1
17325,160978,1.44,0,5,8,6,1
17326,160984,1.44,0,5,8,6,1
17327,161000,4.69,0,12,15,16,1
17328,161041,7.04,0,19,22,41,1
17329,161050,2.91,0,8,11,9,1
17330,161057,1.93,0,6,9,7,1
17331,161078,3.84,0,11,14,21,1
17332,161080,-0.52,0,1,4,2,1
17333,161086,0.89,0,4,7,6,1
17334,161098,3.83,0,10,13,12,1
17335,161099,-1.01,0,0,3,1,1
17336,161117,4.57,0,12,15,18,1
17337,161121,0.46,0,3,6,4,1
17338,161124,-0.03,0,2,5,3,1
17339,161125,-1.01,0,0,3,1,1
17340,161131,1.44,0,5,8,6,1
17341,161146,4.2,0,11,14,15,1
17342,161147,-1.01,0,0,3,1,1
17343,161153,0.89,0,4,7,6,1
17344,161161,2.42,0,7,10,8,1
17345,161164,-0.03,0,2,5,3,1
17346,161180,4.69,0,12,15,16,1
17347,161182,-0.52,0,1,4,2,1
17348,161195,2.67,0,8,11,13,1
17349,161198,-0.03,0,2,5,3,1
17350,161203,0.95,0,4,7,5,1
17351,161205,-0.52,0,1,4,2,1
17352,161207,-0.52,0,1,4,2,1
17353,161212,0.95,0,4,7,5,1
17354,161215,-0.03,0,2,5,3,1
17355,161217,-0.52,0,1,4,2,1
17356,161223,1.44,0,5,8,6,1
17357,161232,2.36,0,7,10,9,1
17358,161235,-0.03,0,2,5,3,1
17359,161240,0.95,0,4,7,5,1
17360,161251,2.24,0,7,10,11,1
17361,161262,3.89,0,10,13,11,1
17362,161264,-0.52,0,1,4,2,1
17363,161265,-1.01,0,0,3,1,1
17364,161270,0.95,0,4,7,5,1
17365,161285,3.1,0,9,12,15,1
17366,161286,-1.01,0,0,3,1,1
17367,161288,-0.52,0,1,4,2,1
17368,161294,0.89,0,4,7,6,1
17369,161297,-0.03,0,2,5,3,1
17370,161300,-0.03,0,2,5,3,1
17371,161310,2.85,0,8,11,10,1
17372,161329,3.96,0,11,14,19,1
17373,161335,1.44,0,5,8,6,1
17374,161342,1.38,0,5,8,7,1
17375,161356,4.81,0,12,15,14,1
17376,161357,-1.01,0,0,3,1,1
17377,161367,2.3,0,7,10,10,1
17378,161371,0.46,0,3,6,4,1
17379,161374,-0.03,0,2,5,3,1
17380,161395,6.04,0,15,18,21,1
17381,161396,-1.01,0,0,3,1,1
17382,161400,0.46,0,3,6,4,1
17383,161451,6.44,0,19,22,51,1
17384,161463,3.83,0,10,13,12,1
17385,161466,-0.03,0,2,5,3,1
17386,161468,-0.52,0,1,4,2,1
17387,161475,1.93,0,6,9,7,1
17388,161479,0.46,0,3,6,4,1
17389,161495,3.59,0,10,13,16,1
17390,161496,-1.01,0,0,3,1,1
17391,161499,-0.03,0,2,5,3,1
17392,161516,5.18,0,13,16,17,1
17393,161526,3.4,0,9,12,10,1
17394,161537,2.79,0,8,11,11,1
17395,161565,5.62,0,15,18,28,1
17396,161566,-1.01,0,0,3,1,1
17397,161570,0.46,0,3,6,4,1
17398,161571,-1.01,0,0,3,1,1
17399,161572,-1.01,0,0,3,1,1
17400,161585,2.67,0,8,11,13,1
17401,161586,-1.01,0,0,3,1,1
17402,161604,4.02,0,11,14,18,1
17403,161630,4.09,0,12,15,26,1
17404,161635,0.95,0,4,7,5,1
17405,161650,3.65,0,10,13,15,1
17406,161671,5.49,0,14,17,21,1
17407,161679,1.32,0,5,8,8,1
17408,161683,0.46,0,3,6,4,1
17409,161695,2.73,0,8,11,12,1
17410,161697,-0.52,0,1,4,2,1
17411,161712,3.65,0,10,13,15,1
17412,161714,-0.52,0,1,4,2,1
17413,161726,3.28,0,9,12,12,1
17414,161736,2.85,0,8,11,10,1
17415,161743,0.83,0,4,7,7,1
17416,161748,0.95,0,4,7,5,1
17417,161760,3.28,0,9,12,12,1
17418,161765,0.4,0,3,6,5,1
17419,161782,4.63,0,12,15,17,1
17420,161794,2.73,0,8,11,12,1
17421,161805,2.79,0,8,11,11,1
17422,161818,4.32,0,11,14,13,1
17423,161824,1.44,0,5,8,6,1
17424,161826,-0.52,0,1,4,2,1
17425,161840,3.71,0,10,13,14,1
17426,161850,2.85,0,8,11,10,1
17427,161851,-1.01,0,0,3,1,1
17428,161852,-1.01,0,0,3,1,1
17429,161854,-0.52,0,1,4,2,1
17430,161856,-0.52,0,1,4,2,1
17431,161857,-1.01,0,0,3,1,1
17432,161871,2.61,0,8,11,14,1
17433,161875,0.46,0,3,6,4,1
17434,161880,0.95,0,4,7,5,1
17435,161898,3.47,0,10,13,18,1
17436,161903,0.95,0,4,7,5,1
17437,161920,3.53,0,10,13,17,1
17438,161947,6.23,0,16,19,27,1
17439,161958,2.79,0,8,11,11,1
17440,161962,0.46,0,3,6,4,1
17441,161968,1.44,0,5,8,6,1
17442,161970,-0.52,0,1,4,2,1
17443,161979,1.26,0,5,8,9,1
17444,161984,0.95,0,4,7,5,1
17445,161994,2.85,0,8,11,10,1
17446,162001,1.93,0,6,9,7,1
17447,162004,-0.03,0,2,5,3,1
17448,162006,-0.52,0,1,4,2,1
17449,162023,4.63,0,12,15,17,1
17450,162040,3.53,0,10,13,17,1
17451,162055,4.2,0,11,14,15,1
17452,162060,0.95,0,4,7,5,1
17453,162075,3.65,0,10,13,15,1
17454,162094,4.51,0,12,15,19,1
17455,162103,1.26,0,5,8,9,1
17456,162122,5.61,0,14,17,19,1
17457,162123,-1.01,0,0,3,1,1
17458,162125,-0.52,0,1,4,2,1
17459,162130,0.4,0,3,6,5,1
17460,162135,0.95,0,4,7,5,1
17461,162144,1.26,0,5,8,9,1
17462,162150,1.44,0,5,8,6,1
17463,162160,2.3,0,7,10,10,1
17464,162161,-1.01,0,0,3,1,1
17465,162165,0.46,0,3,6,4,1
17466,162170,0.4,0,3,6,5,1
17467,162187,4.08,0,11,14,17,1
17468,162194,0.83,0,4,7,7,1
17469,162196,-0.52,0,1,4,2,1
17470,162202,1.44,0,5,8,6,1
17471,162212,2.85,0,8,11,10,1
17472,162217,0.4,0,3,6,5,1
17473,162221,-0.09,0,2,5,4,1
17474,162231,2.3,0,7,10,10,1
17475,162241,2.85,0,8,11,10,1
17476,162245,0.46,0,3,6,4,1
17477,162254,1.81,0,6,9,9,1
17478,162256,-0.52,0,1,4,2,1
17479,162266,2.3,0,7,10,10,1
17480,162275,1.81,0,6,9,9,1
17481,162292,4.08,0,11,14,17,1
17482,162313,3.84,0,11,14,21,1
17483,162315,-0.52,0,1,4,2,1
17484,162320,0.4,0,3,6,5,1
17485,162322,-0.52,0,1,4,2,1
17486,162329,1.38,0,5,8,7,1
17487,162345,4.69,0,12,15,16,1
17488,162356,1.69,0,6,9,11,1
17489,162407,5.89,0,18,21,51,1
17490,162409,-0.52,0,1,4,2,1
17491,162415,1.44,0,5,8,6,1
17492,162425,2.3,0,7,10,10,1
17493,162428,-0.03,0,2,5,3,1
17494,162464,6.79,0,18,21,36,1
17495,162465,-1.01,0,0,3,1,1
17496,162477,2.73,0,8,11,12,1
17497,162481,0.46,0,3,6,4,1
17498,162487,1.44,0,5,8,6,1
17499,162489,-0.52,0,1,4,2,1
17500,162492,-0.03,0,2,5,3,1
17501,162494,-0.52,0,1,4,2,1
17502,162502,1.87,0,6,9,8,1
17503,162522,4.45,0,12,15,20,1
17504,162539,2.43,0,8,11,17,1
17505,162542,-0.03,0,2,5,3,1
17506,162549,1.38,0,5,8,7,1
17507,162595,7.29,0,20,23,46,1
17508,162596,-1.01,0,0,3,1,1
17509,162599,-0.03,0,2,5,3,1
17510,162605,0.89,0,4,7,6,1
17511,162613,1.87,0,6,9,8,1
17512,162618,0.95,0,4,7,5,1
17513,162626,1.87,0,6,9,8,1
17514,162635,2.36,0,7,10,9,1
17515,162639,0.46,0,3,6,4,1
17516,162649,3.4,0,9,12,10,1
17517,162664,3.1,0,9,12,15,1
17518,162665,-1.01,0,0,3,1,1
17519,162684,3.96,0,11,14,19,1
17520,162687,-0.03,0,2,5,3,1
17521,162693,1.44,0,5,8,6,1
17522,162696,-0.03,0,2,5,3,1
17523,162703,1.38,0,5,8,7,1
17524,162710,1.93,0,6,9,7,1
17525,162712,-0.52,0,1,4,2,1
17526,162719,1.38,0,5,8,7,1
17527,162720,-1.01,0,0,3,1,1
17528,162721,-1.01,0,0,3,1,1
17529,162726,0.95,0,4,7,5,1
17530,162739,3.22,0,9,12,13,1
17531,162744,0.4,0,3,6,5,1
17532,162745,-1.01,0,0,3,1,1
17533,162782,3.98,0,13,16,37,1
17534,162794,4.38,0,11,14,12,1
17535,162797,-0.03,0,2,5,3,1
17536,162798,-1.01,0,0,3,1,1
17537,162803,0.95,0,4,7,5,1
17538,162808,0.95,0,4,7,5,1
17539,162814,0.89,0,4,7,6,1
17540,162816,-0.52,0,1,4,2,1
17541,162823,0.83,0,4,7,7,1
17542,162833,3.4,0,9,12,10,1
17543,162840,0.83,0,4,7,7,1
17544,162848,1.87,0,6,9,8,1
17545,162855,1.93,0,6,9,7,1
17546,162859,0.46,0,3,6,4,1
17547,162864,0.95,0,4,7,5,1
17548,162869,0.95,0,4,7,5,1
17549,162876,1.93,0,6,9,7,1
17550,162896,2.8,0,9,12,20,1
17551,162904,1.87,0,6,9,8,1
17552,162910,1.44,0,5,8,6,1
17553,162915,0.95,0,4,7,5,1
17554,162921,1.44,0,5,8,6,1
17555,162924,-0.03,0,2,5,3,1
17556,162947,4.82,0,13,16,23,1
17557,162961,3.71,0,10,13,14,1
17558,162966,0.95,0,4,7,5,1
17559,162968,-0.52,0,1,4,2,1
17560,162976,2.42,0,7,10,8,1
17561,163001,4.7,0,13,16,25,1
17562,163002,-1.01,0,0,3,1,1
17563,163004,-0.52,0,1,4,2,1
17564,163018,4.81,0,12,15,14,1
17565,163061,6.37,0,18,21,43,1
17566,163076,3.1,0,9,12,15,1
17567,163083,1.93,0,6,9,7,1
17568,163086,-0.03,0,2,5,3,1
17569,163089,-0.03,0,2,5,3,1
17570,163091,-0.52,0,1,4,2,1
17571,163112,3.29,0,10,13,21,1
17572,163114,-0.52,0,1,4,2,1
17573,163123,1.81,0,6,9,9,1
17574,163125,-0.52,0,1,4,2,1
17575,163135,2.3,0,7,10,10,1
17576,163138,-0.03,0,2,5,3,1
17577,163168,6.05,0,16,19,30,1
17578,163178,2.3,0,7,10,10,1
17579,163179,-1.01,0,0,3,1,1
17580,163200,3.84,0,11,14,21,1
17581,163216,5.24,0,13,16,16,1
17582,163229,1.57,0,6,9,13,1
17583,163231,-0.52,0,1,4,2,1
17584,163239,0.77,0,4,7,8,1
17585,163259,5.0,0,13,16,20,1
17586,163261,-0.52,0,1,4,2,1
17587,163263,-0.52,0,1,4,2,1
17588,163286,5.37,0,14,17,23,1
17589,163332,5.64,0,17,20,46,1
17590,163334,-0.52,0,1,4,2,1
17591,163335,-1.01,0,0,3,1,1
17592,163376,7.04,0,19,22,41,1
17593,163389,2.67,0,8,11,13,1
17594,163390,-1.01,0,0,3,1,1
17595,163433,5.82,0,17,20,43,1
17596,163434,-1.01,0,0,3,1,1
17597,163438,-0.09,0,2,5,4,1
17598,163446,1.87,0,6,9,8,1
17599,163448,-0.52,0,1,4,2,1
17600,163454,0.34,0,3,6,6,1
17601,163458,0.46,0,3,6,4,1
17602,163466,2.42,0,7,10,8,1
17603,163468,-0.52,0,1,4,2,1
17604,163491,4.82,0,13,16,23,1
17605,163522,5.99,0,16,19,31,1
17606,163526,0.46,0,3,6,4,1
17607,163528,-0.52,0,1,4,2,1
17608,163530,-0.52,0,1,4,2,1
17609,163533,-0.03,0,2,5,3,1
17610,163543,2.3,0,7,10,10,1
17611,163551,1.32,0,5,8,8,1
17612,163553,-0.52,0,1,4,2,1
17613,163565,2.18,0,7,10,12,1
17614,163577,2.73,0,8,11,12,1
17615,163589,3.28,0,9,12,12,1
17616,163597,0.77,0,4,7,8,1
17617,163603,1.44,0,5,8,6,1
17618,163606,-0.03,0,2,5,3,1
17619,163619,2.67,0,8,11,13,1
17620,163660,6.49,0,18,21,41,1
17621,163664,0.46,0,3,6,4,1
17622,163671,0.83,0,4,7,7,1
17623,163678,0.83,0,4,7,7,1
17624,163685,1.93,0,6,9,7,1
17625,163758,9.72,1,22,25,73,0
17626,163764,0.89,0,4,7,6,1
17627,163794,6.05,0,16,19,30,1
17628,163815,1.64,0,7,10,21,1
17629,163852,6.18,0,17,20,37,1
17630,163859,0.83,0,4,7,7,1
17631,163864,0.95,0,4,7,5,1
17632,163870,1.44,0,5,8,6,1
17633,163873,-0.03,0,2,5,3,1
17634,163917,7.41,0,20,23,44,1
17635,163918,-1.01,0,0,3,1,1
17636,163938,3.9,0,11,14,20,1
17637,163954,4.69,0,12,15,16,1
17638,163964,0.65,0,4,7,10,1
17639,163999,4.65,0,14,17,35,1
17640,164003,0.46,0,3,6,4,1
17641,164017,2.61,0,8,11,14,1
17642,164033,2.49,0,8,11,16,1
17643,164060,4.03,0,12,15,27,1
17644,164063,-0.03,0,2,5,3,1
17645,164089,4.64,0,13,16,26,1
17646,164092,-0.03,0,2,5,3,1
17647,164103,2.79,0,8,11,11,1
17648,164113,2.3,0,7,10,10,1
17649,164116,-0.03,0,2,5,3,1
17650,164126,2.3,0,7,10,10,1
17651,164136,1.75,0,6,9,10,1
17652,164144,1.87,0,6,9,8,1
17653,164170,4.64,0,13,16,26,1
17654,164211,7.59,0,20,23,41,1
17655,164213,-0.52,0,1,4,2,1
17656,164214,-1.01,0,0,3,1,1
17657,164216,-0.52,0,1,4,2,1
17658,164224,2.42,0,7,10,8,1
17659,164233,2.36,0,7,10,9,1
17660,164248,4.75,0,12,15,15,1
17661,164271,4.82,0,13,16,23,1
17662,164285,3.71,0,10,13,14,1
17663,164286,-1.01,0,0,3,1,1
17664,164298,3.28,0,9,12,12,1
17665,164305,1.93,0,6,9,7,1
17666,164314,1.81,0,6,9,9,1
17667,164319,0.4,0,3,6,5,1
17668,164320,-1.01,0,0,3,1,1
17669,164342,5.43,0,14,17,22,1
17670,164354,2.73,0,8,11,12,1
17671,164360,1.44,0,5,8,6,1
17672,164361,-1.01,0,0,3,1,1
17673,164369,1.87,0,6,9,8,1
17674,164370,-1.01,0,0,3,1,1
17675,164377,1.93,0,6,9,7,1
17676,164378,-1.01,0,0,3,1,1
17677,164418,7.1,0,19,22,40,1
17678,164420,-0.52,0,1,4,2,1
17679,164425,0.95,0,4,7,5,1
17680,164437,2.18,0,7,10,12,1
17681,164455,4.57,0,12,15,18,1
17682,164475,5.55,0,14,17,20,1
17683,164484,1.81,0,6,9,9,1
17684,164489,0.4,0,3,6,5,1
17685,164491,-0.52,0,1,4,2,1
17686,164495,0.46,0,3,6,4,1
17687,164523,5.62,0,15,18,28,1
17688,164529,1.44,0,5,8,6,1
17689,164532,-0.03,0,2,5,3,1
17690,164548,3.59,0,10,13,16,1
17691,164561,3.77,0,10,13,13,1
17692,164595,4.16,0,13,16,34,1
17693,164616,3.29,0,10,13,21,1
17694,164622,0.89,0,4,7,6,1
17695,164626,0.46,0,3,6,4,1
17696,164631,0.95,0,4,7,5,1
17697,164641,2.85,0,8,11,10,1
17698,164642,-1.01,0,0,3,1,1
17699,164660,3.47,0,10,13,18,1
17700,164691,5.99,0,16,19,31,1
17701,164694,-0.03,0,2,5,3,1
17702,164698,0.46,0,3,6,4,1
17703,164704,0.89,0,4,7,6,1
17704,164706,-0.52,0,1,4,2,1
17705,164709,-0.03,0,2,5,3,1
17706,164710,-1.01,0,0,3,1,1
17707,164714,0.46,0,3,6,4,1
17708,164727,4.32,0,11,14,13,1
17709,164728,-1.01,0,0,3,1,1
17710,164735,1.93,0,6,9,7,1
17711,164739,0.46,0,3,6,4,1
17712,164742,-0.58,0,1,4,3,1
17713,164760,4.57,0,12,15,18,1
17714,164772,3.28,0,9,12,12,1
17715,164780,1.87,0,6,9,8,1
17716,164791,0.59,0,4,7,11,1
17717,164795,-0.09,0,2,5,4,1
17718,164799,0.46,0,3,6,4,1
17719,164805,0.89,0,4,7,6,1
17720,164814,1.81,0,6,9,9,1
17721,164815,-1.01,0,0,3,1,1
17722,164840,4.15,0,12,15,25,1
17723,164869,3.36,0,11,14,29,1
17724,164877,1.87,0,6,9,8,1
17725,164895,4.57,0,12,15,18,1
17726,164902,1.38,0,5,8,7,1
17727,164906,0.46,0,3,6,4,1
17728,164916,2.85,0,8,11,10,1
17729,164922,1.44,0,5,8,6,1
17730,164926,0.46,0,3,6,4,1
17731,164945,4.51,0,12,15,19,1
17732,164955,2.85,0,8,11,10,1
17733,165012,5.53,0,18,21,57,1
17734,165013,-1.01,0,0,3,1,1
17735,165015,-0.52,0,1,4,2,1
17736,165018,-0.03,0,2,5,3,1
17737,165023,0.95,0,4,7,5,1
17738,165024,-1.01,0,0,3,1,1
17739,165026,-0.52,0,1,4,2,1
17740,165033,1.38,0,5,8,7,1
17741,165036,-0.03,0,2,5,3,1
17742,165051,3.1,0,9,12,15,1
17743,165060,2.36,0,7,10,9,1
17744,165076,5.24,0,13,16,16,1
17745,165083,1.93,0,6,9,7,1
17746,165091,2.42,0,7,10,8,1
17747,165093,-0.52,0,1,4,2,1
17748,165098,0.95,0,4,7,5,1
17749,165099,-1.01,0,0,3,1,1
17750,165104,0.95,0,4,7,5,1
17751,165111,1.38,0,5,8,7,1
17752,165112,-1.01,0,0,3,1,1
17753,165123,2.24,0,7,10,11,1
17754,165127,0.46,0,3,6,4,1
17755,165139,3.28,0,9,12,12,1
17756,165159,4.45,0,12,15,20,1
17757,165188,5.56,0,15,18,29,1
17758,165191,-0.03,0,2,5,3,1
17759,165197,1.44,0,5,8,6,1
17760,165199,-0.52,0,1,4,2,1
17761,165201,-0.52,0,1,4,2,1
17762,165226,5.8,0,15,18,25,1
17763,165230,-0.09,0,2,5,4,1
17764,165238,1.87,0,6,9,8,1
17765,165253,4.2,0,11,14,15,1
17766,165274,4.39,0,12,15,21,1
17767,165282,2.42,0,7,10,8,1
17768,165287,0.95,0,4,7,5,1
17769,165298,2.79,0,8,11,11,1
17770,165299,-1.01,0,0,3,1,1
17771,165305,1.44,0,5,8,6,1
17772,165316,3.34,0,9,12,11,1
17773,165319,-0.03,0,2,5,3,1
17774,165348,5.56,0,15,18,29,1
17775,165352,-0.09,0,2,5,4,1
17776,165364,2.73,0,8,11,12,1
17777,165369,0.95,0,4,7,5,1
17778,165374,0.95,0,4,7,5,1
17779,165379,0.95,0,4,7,5,1
17780,165393,3.71,0,10,13,14,1
17781,165404,2.79,0,8,11,11,1
17782,165408,-0.09,0,2,5,4,1
17783,165410,-0.52,0,1,4,2,1
17784,165421,1.69,0,6,9,11,1
17785,165425,0.46,0,3,6,4,1
17786,165428,-0.03,0,2,5,3,1
17787,165464,5.14,0,15,18,36,1
17788,165465,-1.01,0,0,3,1,1
17789,165475,2.3,0,7,10,10,1
17790,165484,2.91,0,8,11,9,1
17791,165485,-1.01,0,0,3,1,1
17792,165487,-0.52,0,1,4,2,1
17793,165499,3.28,0,9,12,12,1
17794,165502,-0.03,0,2,5,3,1
17795,165511,2.36,0,7,10,9,1
17796,165531,5.0,0,13,16,20,1
17797,165534,-0.03,0,2,5,3,1
17798,165537,-0.03,0,2,5,3,1
17799,165550,3.77,0,10,13,13,1
17800,165551,-1.01,0,0,3,1,1
17801,165554,-0.58,0,1,4,3,1
17802,165561,0.83,0,4,7,7,1
17803,165570,2.36,0,7,10,9,1
17804,165573,-0.03,0,2,5,3,1
17805,165575,-0.52,0,1,4,2,1
17806,165612,3.98,0,13,16,37,1
17807,165615,-0.03,0,2,5,3,1
17808,165616,-1.01,0,0,3,1,1
17809,165622,0.89,0,4,7,6,1
17810,165628,0.89,0,4,7,6,1
17811,165639,2.79,0,8,11,11,1
17812,165642,-0.03,0,2,5,3,1
17813,165680,5.57,0,16,19,38,1
17814,165681,-1.01,0,0,3,1,1
17815,165690,2.36,0,7,10,9,1
17816,165705,3.1,0,9,12,15,1
17817,165706,-1.01,0,0,3,1,1
17818,165725,5.61,0,14,17,19,1
17819,165727,-0.52,0,1,4,2,1
17820,165757,6.6,0,17,20,30,1
17821,165761,0.46,0,3,6,4,1
17822,165766,0.95,0,4,7,5,1
17823,165772,1.44,0,5,8,6,1
17824,165777,0.4,0,3,6,5,1
17825,165781,0.46,0,3,6,4,1
17826,165790,2.36,0,7,10,9,1
17827,165792,-0.52,0,1,4,2,1
17828,165805,2.67,0,8,11,13,1
17829,165810,0.95,0,4,7,5,1
17830,165822,3.28,0,9,12,12,1
17831,165823,-1.01,0,0,3,1,1
17832,165832,2.36,0,7,10,9,1
17833,165833,-1.01,0,0,3,1,1
17834,165839,1.44,0,5,8,6,1
17835,165847,1.32,0,5,8,8,1
17836,165852,0.95,0,4,7,5,1
17837,165853,-1.01,0,0,3,1,1
17838,165858,0.4,0,3,6,5,1
17839,165872,3.16,0,9,12,14,1
17840,165911,5.51,0,16,19,39,1
17841,165920,2.91,0,8,11,9,1
17842,165941,3.29,0,10,13,21,1
17843,165955,3.71,0,10,13,14,1
17844,165970,3.65,0,10,13,15,1
17845,165971,-1.01,0,0,3,1,1
17846,165972,-1.01,0,0,3,1,1
17847,165975,-0.03,0,2,5,3,1
17848,165989,4.26,0,11,14,14,1
17849,165992,-0.03,0,2,5,3,1
17850,165998,1.44,0,5,8,6,1
17851,166005,0.83,0,4,7,7,1
17852,166007,-0.52,0,1,4,2,1
17853,166014,1.38,0,5,8,7,1
17854,166025,2.24,0,7,10,11,1
17855,166033,2.42,0,7,10,8,1
17856,166048,4.2,0,11,14,15,1
17857,166051,-0.03,0,2,5,3,1
17858,166071,3.9,0,11,14,20,1
17859,166092,5.49,0,14,17,21,1
17860,166093,-1.01,0,0,3,1,1
17861,166094,-1.01,0,0,3,1,1
17862,166095,-1.01,0,0,3,1,1
17863,166103,1.87,0,6,9,8,1
17864,166119,4.69,0,12,15,16,1
17865,166128,1.81,0,6,9,9,1
17866,166132,0.46,0,3,6,4,1
17867,166144,2.73,0,8,11,12,1
17868,166165,4.94,0,13,16,21,1
17869,166169,0.46,0,3,6,4,1
17870,166177,1.32,0,5,8,8,1
17871,166189,3.28,0,9,12,12,1
17872,166191,-0.52,0,1,4,2,1
17873,166226,3.55,0,12,15,35,1
17874,166232,1.44,0,5,8,6,1
17875,166235,-0.03,0,2,5,3,1
17876,166236,-1.01,0,0,3,1,1
17877,166243,1.93,0,6,9,7,1
17878,166247,0.46,0,3,6,4,1
17879,166249,-0.52,0,1,4,2,1
17880,166279,6.05,0,16,19,30,1
17881,166280,-1.01,0,0,3,1,1
17882,166290,2.85,0,8,11,10,1
17883,166301,2.79,0,8,11,11,1
17884,166311,2.85,0,8,11,10,1
17885,166374,5.72,0,19,22,63,1
17886,166381,0.83,0,4,7,7,1
17887,166382,-1.01,0,0,3,1,1
17888,166395,3.77,0,10,13,13,1
17889,166398,-0.03,0,2,5,3,1
17890,166413,4.2,0,11,14,15,1
17891,166414,-1.01,0,0,3,1,1
17892,166417,-0.03,0,2,5,3,1
17893,166432,4.2,0,11,14,15,1
17894,166435,-0.03,0,2,5,3,1
17895,166438,-0.03,0,2,5,3,1
17896,166452,2.61,0,8,11,14,1
17897,166453,-1.01,0,0,3,1,1
17898,166459,1.44,0,5,8,6,1
17899,166461,-0.52,0,1,4,2,1
17900,166470,2.36,0,7,10,9,1
17901,166471,-1.01,0,0,3,1,1
17902,166476,0.4,0,3,6,5,1
17903,166489,2.67,0,8,11,13,1
17904,166494,0.95,0,4,7,5,1
17905,166530,5.69,0,16,19,36,1
17906,166553,4.27,0,12,15,23,1
17907,166556,-0.58,0,1,4,3,1
17908,166558,-0.52,0,1,4,2,1
17909,166580,4.33,0,12,15,22,1
17910,166616,4.59,0,14,17,36,1
17911,166632,3.59,0,10,13,16,1
17912,166647,4.75,0,12,15,15,1
17913,166663,3.04,0,9,12,16,1
17914,166665,-0.52,0,1,4,2,1
17915,166671,1.44,0,5,8,6,1
17916,166679,1.87,0,6,9,8,1
17917,166681,-0.52,0,1,4,2,1
17918,166682,-1.01,0,0,3,1,1
17919,166683,-1.01,0,0,3,1,1
17920,166687,0.46,0,3,6,4,1
17921,166689,-0.52,0,1,4,2,1
17922,166695,0.89,0,4,7,6,1
17923,166696,-1.01,0,0,3,1,1
17924,166699,-0.03,0,2,5,3,1
17925,166713,3.16,0,9,12,14,1
17926,166716,-0.03,0,2,5,3,1
17927,166742,5.74,0,15,18,26,1
17928,166755,3.77,0,10,13,13,1
17929,166760,0.95,0,4,7,5,1
17930,166771,2.79,0,8,11,11,1
17931,166778,1.38,0,5,8,7,1
17932,166808,6.6,0,17,20,30,1
17933,166831,3.72,0,11,14,23,1
17934,166832,-1.01,0,0,3,1,1
17935,166841,1.81,0,6,9,9,1
17936,166847,1.44,0,5,8,6,1
17937,166849,-0.52,0,1,4,2,1
17938,166860,3.34,0,9,12,11,1
17939,166865,0.95,0,4,7,5,1
17940,166879,3.16,0,9,12,14,1
17941,166885,1.44,0,5,8,6,1
17942,166886,-1.01,0,0,3,1,1
17943,166896,2.85,0,8,11,10,1
17944,166900,0.46,0,3,6,4,1
17945,166915,4.2,0,11,14,15,1
17946,166929,4.81,0,12,15,14,1
17947,166945,3.04,0,9,12,16,1
17948,166950,0.4,0,3,6,5,1
17949,166954,0.46,0,3,6,4,1
17950,166955,-1.01,0,0,3,1,1
17951,166967,3.28,0,9,12,12,1
17952,166973,0.89,0,4,7,6,1
17953,166987,3.16,0,9,12,14,1
17954,166996,2.91,0,8,11,9,1
17955,167011,3.65,0,10,13,15,1
17956,167030,3.96,0,11,14,19,1
17957,167039,2.36,0,7,10,9,1
17958,167042,-0.03,0,2,5,3,1
17959,167044,-0.52,0,1,4,2,1
17960,167049,0.95,0,4,7,5,1
17961,167058,1.81,0,6,9,9,1
17962,167076,4.02,0,11,14,18,1
17963,167077,-1.01,0,0,3,1,1
17964,167078,-1.01,0,0,3,1,1
17965,167081,-0.03,0,2,5,3,1
17966,167117,6.24,0,17,20,36,1
17967,167136,5.06,0,13,16,19,1
17968,167148,2.73,0,8,11,12,1
17969,167173,6.35,0,16,19,25,1
17970,167182,2.36,0,7,10,9,1
17971,167192,3.4,0,9,12,10,1
17972,167195,-0.03,0,2,5,3,1
17973,167202,1.38,0,5,8,7,1
17974,167206,0.46,0,3,6,4,1
17975,167225,5.61,0,14,17,19,1
17976,167226,-1.01,0,0,3,1,1
17977,167250,3.66,0,11,14,24,1
17978,167251,-1.01,0,0,3,1,1
17979,167252,-1.01,0,0,3,1,1
17980,167267,2.0,0,7,10,15,1
17981,167273,1.44,0,5,8,6,1
17982,167274,-1.01,0,0,3,1,1
17983,167276,-0.52,0,1,4,2,1
17984,167288,1.63,0,6,9,12,1
17985,167304,4.69,0,12,15,16,1
17986,167346,6.43,0,18,21,42,1
17987,167347,-1.01,0,0,3,1,1
17988,167354,1.93,0,6,9,7,1
17989,167366,3.83,0,10,13,12,1
17990,167368,-0.52,0,1,4,2,1
17991,167374,1.44,0,5,8,6,1
17992,167375,-1.01,0,0,3,1,1
17993,167384,2.36,0,7,10,9,1
17994,167385,-1.01,0,0,3,1,1
17995,167402,4.08,0,11,14,17,1
17996,167415,3.22,0,9,12,13,1
17997,167419,0.46,0,3,6,4,1
17998,167426,1.38,0,5,8,7,1
17999,167427,-1.01,0,0,3,1,1
18000,167435,1.32,0,5,8,8,1
18001,167442,1.93,0,6,9,7,1
18002,167447,0.4,0,3,6,5,1
18003,167463,3.04,0,9,12,16,1
18004,167464,-1.01,0,0,3,1,1
18005,167468,0.46,0,3,6,4,1
18006,167477,2.91,0,8,11,9,1
18007,167492,3.65,0,10,13,15,1
18008,167503,2.24,0,7,10,11,1
18009,167511,1.32,0,5,8,8,1
18010,167519,2.42,0,7,10,8,1
18011,167520,-1.01,0,0,3,1,1
18012,167537,4.63,0,12,15,17,1
18013,167545,0.77,0,4,7,8,1
18014,167551,0.89,0,4,7,6,1
18015,167564,3.77,0,10,13,13,1
18016,167565,-1.01,0,0,3,1,1
18017,167568,-0.03,0,2,5,3,1
18018,167569,-1.01,0,0,3,1,1
18019,167575,1.44,0,5,8,6,1
18020,167585,1.2,0,5,8,10,1
18021,167594,2.36,0,7,10,9,1
18022,167595,-1.01,0,0,3,1,1
18023,167611,3.59,0,10,13,16,1
18024,167612,-1.01,0,0,3,1,1
18025,167613,-1.01,0,0,3,1,1
18026,167626,3.22,0,9,12,13,1
18027,167638,2.18,0,7,10,12,1
18028,167664,4.09,0,12,15,26,1
18029,167675,2.79,0,8,11,11,1
18030,167676,-1.01,0,0,3,1,1
18031,167694,4.57,0,12,15,18,1
18032,167737,6.37,0,18,21,43,1
18033,167744,1.93,0,6,9,7,1
18034,167751,1.93,0,6,9,7,1
18035,167756,0.95,0,4,7,5,1
18036,167776,5.55,0,14,17,20,1
18037,167793,2.98,0,9,12,17,1
18038,167803,2.3,0,7,10,10,1
18039,167808,0.4,0,3,6,5,1
18040,167816,2.42,0,7,10,8,1
18041,167830,3.16,0,9,12,14,1
18042,167837,0.83,0,4,7,7,1
18043,167853,3.59,0,10,13,16,1
18044,167854,-1.01,0,0,3,1,1
18045,167858,0.46,0,3,6,4,1
18046,167862,-0.09,0,2,5,4,1
18047,167873,1.69,0,6,9,11,1
18048,167882,2.36,0,7,10,9,1
18049,167909,5.68,0,15,18,27,1
18050,167911,-0.52,0,1,4,2,1
18051,167928,2.98,0,9,12,17,1
18052,167933,0.95,0,4,7,5,1
18053,167944,1.69,0,6,9,11,1
18054,167945,-1.01,0,0,3,1,1
18055,167951,0.89,0,4,7,6,1
18056,167956,0.95,0,4,7,5,1
18057,167962,1.44,0,5,8,6,1
18058,167964,-0.52,0,1,4,2,1
18059,167975,2.79,0,8,11,11,1
18060,167992,5.18,0,13,16,17,1
18061,167993,-1.01,0,0,3,1,1
18062,167994,-1.01,0,0,3,1,1
18063,167997,-0.03,0,2,5,3,1
18064,168008,2.79,0,8,11,11,1
18065,168022,3.16,0,9,12,14,1
18066,168034,3.28,0,9,12,12,1
18067,168035,-1.01,0,0,3,1,1
18068,168037,-0.52,0,1,4,2,1
18069,168040,-0.03,0,2,5,3,1
18070,168057,5.73,0,14,17,17,1
18071,168063,1.44,0,5,8,6,1
18072,168069,0.89,0,4,7,6,1
18073,168079,3.4,0,9,12,10,1
18074,168088,1.81,0,6,9,9,1
18075,168097,2.91,0,8,11,9,1
18076,168111,3.16,0,9,12,14,1
18077,168135,4.21,0,12,15,24,1
18078,168148,4.32,0,11,14,13,1
18079,168149,-1.01,0,0,3,1,1
18080,168160,3.89,0,10,13,11,1
18081,168183,5.92,0,15,18,23,1
18082,168199,4.69,0,12,15,16,1
18083,168205,0.89,0,4,7,6,1
18084,168209,0.46,0,3,6,4,1
18085,168211,-0.52,0,1,4,2,1
18086,168232,5.49,0,14,17,21,1
18087,168254,4.33,0,12,15,22,1
18088,168255,-1.01,0,0,3,1,1
18089,168256,-1.01,0,0,3,1,1
18090,168260,0.46,0,3,6,4,1
18091,168262,-0.52,0,1,4,2,1
18092,168293,5.99,0,16,19,31,1
18093,168294,-1.01,0,0,3,1,1
18094,168333,6.06,0,17,20,39,1
18095,168337,-0.09,0,2,5,4,1
18096,168343,1.44,0,5,8,6,1
18097,168355,2.73,0,8,11,12,1
18098,168358,-0.03,0,2,5,3,1
18099,168359,-1.01,0,0,3,1,1
18100,168360,-1.01,0,0,3,1,1
18101,168367,0.83,0,4,7,7,1
18102,168376,2.91,0,8,11,9,1
18103,168381,0.4,0,3,6,5,1
18104,168391,2.3,0,7,10,10,1
18105,168398,1.38,0,5,8,7,1
18106,168403,0.95,0,4,7,5,1
18107,168409,1.44,0,5,8,6,1
18108,168416,1.38,0,5,8,7,1
18109,168422,0.34,0,3,6,6,1
18110,168444,5.43,0,14,17,22,1
18111,168446,-0.52,0,1,4,2,1
18112,168452,1.44,0,5,8,6,1
18113,168462,3.4,0,9,12,10,1
18114,168479,3.53,0,10,13,17,1
18115,168484,0.95,0,4,7,5,1
18116,168487,-0.03,0,2,5,3,1
18117,168489,-0.52,0,1,4,2,1
18118,168502,3.22,0,9,12,13,1
18119,168509,0.83,0,4,7,7,1
18120,168526,4.08,0,11,14,17,1
18121,168527,-1.01,0,0,3,1,1
18122,168533,1.44,0,5,8,6,1
18123,168545,2.73,0,8,11,12,1
18124,168564,2.86,0,9,12,19,1
18125,168568,-0.09,0,2,5,4,1
18126,168575,1.93,0,6,9,7,1
18127,168590,4.75,0,12,15,15,1
18128,168592,-0.52,0,1,4,2,1
18129,168596,0.46,0,3,6,4,1
18130,168608,2.73,0,8,11,12,1
18131,168642,6.36,0,17,20,34,1
18132,168645,-0.03,0,2,5,3,1
18133,168652,1.93,0,6,9,7,1
18134,168653,-1.01,0,0,3,1,1
18135,168659,0.89,0,4,7,6,1
18136,168670,3.34,0,9,12,11,1
18137,168675,0.95,0,4,7,5,1
18138,168676,-1.01,0,0,3,1,1
18139,168701,4.15,0,12,15,25,1
18140,168704,-0.03,0,2,5,3,1
18141,168715,2.24,0,7,10,11,1
18142,168722,1.38,0,5,8,7,1
18143,168728,1.44,0,5,8,6,1
18144,168743,4.2,0,11,14,15,1
18145,168747,0.46,0,3,6,4,1
18146,168757,2.3,0,7,10,10,1
18147,168759,-0.52,0,1,4,2,1
18148,168772,4.32,0,11,14,13,1
18149,168779,1.93,0,6,9,7,1
18150,168782,-0.03,0,2,5,3,1
18151,168786,0.46,0,3,6,4,1
18152,168787,-1.01,0,0,3,1,1
18153,168789,-0.52,0,1,4,2,1
18154,168793,0.46,0,3,6,4,1
18155,168819,4.64,0,13,16,26,1
18156,168829,2.85,0,8,11,10,1
18157,168833,0.46,0,3,6,4,1
18158,168838,0.95,0,4,7,5,1
18159,168847,2.36,0,7,10,9,1
18160,168867,3.35,0,10,13,20,1
18161,168870,-0.03,0,2,5,3,1
18162,168873,-0.03,0,2,5,3,1
18163,168876,-0.03,0,2,5,3,1
18164,168882,0.89,0,4,7,6,1
18165,168899,4.63,0,12,15,17,1
18166,168904,0.95,0,4,7,5,1
18167,168905,-1.01,0,0,3,1,1
18168,168930,4.7,0,13,16,25,1
18169,168974,6.86,0,19,22,44,1
18170,168991,3.53,0,10,13,17,1
18171,168998,1.38,0,5,8,7,1
18172,169009,2.79,0,8,11,11,1
18173,169028,3.96,0,11,14,19,1
18174,169029,-1.01,0,0,3,1,1
18175,169033,0.46,0,3,6,4,1
18176,169035,-0.52,0,1,4,2,1
18177,169053,5.12,0,13,16,18,1
18178,169055,-0.52,0,1,4,2,1
18179,169059,0.46,0,3,6,4,1
18180,169062,-0.03,0,2,5,3,1
18181,169082,5.55,0,14,17,20,1
18182,169094,3.83,0,10,13,12,1
18183,169102,1.87,0,6,9,8,1
18184,169107,0.95,0,4,7,5,1
18185,169109,-0.52,0,1,4,2,1
18186,169115,1.44,0,5,8,6,1
18187,169120,0.95,0,4,7,5,1
18188,169136,4.14,0,11,14,16,1
18189,169140,-0.09,0,2,5,4,1
18190,169145,0.95,0,4,7,5,1
18191,169151,0.89,0,4,7,6,1
18192,169157,0.89,0,4,7,6,1
18193,169164,1.93,0,6,9,7,1
18194,169168,0.46,0,3,6,4,1
18195,169187,5.06,0,13,16,19,1
18196,169191,0.46,0,3,6,4,1
18197,169207,4.14,0,11,14,16,1
18198,169212,0.95,0,4,7,5,1
18199,169213,-1.01,0,0,3,1,1
18200,169221,1.87,0,6,9,8,1
18201,169224,-0.03,0,2,5,3,1
18202,169246,4.88,0,13,16,22,1
18203,169264,5.12,0,13,16,18,1
18204,169273,2.36,0,7,10,9,1
18205,169274,-1.01,0,0,3,1,1
18206,169287,3.22,0,9,12,13,1
18207,169289,-0.52,0,1,4,2,1
18208,169290,-1.01,0,0,3,1,1
18209,169294,0.46,0,3,6,4,1
18210,169310,3.59,0,10,13,16,1
18211,169314,0.46,0,3,6,4,1
18212,169327,2.67,0,8,11,13,1
18213,169329,-0.52,0,1,4,2,1
18214,169330,-1.01,0,0,3,1,1
18215,169360,6.05,0,16,19,30,1
18216,169374,4.26,0,11,14,14,1
18217,169382,2.42,0,7,10,8,1
18218,169391,2.36,0,7,10,9,1
18219,169393,-0.52,0,1,4,2,1
18220,169404,3.89,0,10,13,11,1
18221,169407,-0.03,0,2,5,3,1
18222,169425,3.47,0,10,13,18,1
18223,169429,0.46,0,3,6,4,1
18224,169450,3.29,0,10,13,21,1
18225,169453,-0.03,0,2,5,3,1
18226,169478,4.7,0,13,16,25,1
18227,169484,1.44,0,5,8,6,1
18228,169510,5.19,0,14,17,26,1
18229,169511,-1.01,0,0,3,1,1
18230,169517,0.89,0,4,7,6,1
18231,169538,5.49,0,14,17,21,1
18232,169543,0.4,0,3,6,5,1
18233,169561,4.02,0,11,14,18,1
18234,169564,-0.03,0,2,5,3,1
18235,169582,5.67,0,14,17,18,1
18236,169584,-0.52,0,1,4,2,1
18237,169600,3.59,0,10,13,16,1
18238,169602,-0.52,0,1,4,2,1
18239,169613,0.59,0,4,7,11,1
18240,169618,0.95,0,4,7,5,1
18241,169620,-0.52,0,1,4,2,1
18242,169621,-1.01,0,0,3,1,1
18243,169631,2.3,0,7,10,10,1
18244,169654,5.92,0,15,18,23,1
18245,169657,-0.03,0,2,5,3,1
18246,169669,3.28,0,9,12,12,1
18247,169678,1.81,0,6,9,9,1
18248,169716,11.82,1,22,25,38,0
18249,169719,-0.03,0,2,5,3,1
18250,169721,-0.52,0,1,4,2,1
18251,169722,-1.01,0,0,3,1,1
18252,169723,-1.01,0,0,3,1,1
18253,169724,-1.01,0,0,3,1,1
18254,169730,0.89,0,4,7,6,1
18255,169732,-0.52,0,1,4,2,1
18256,169736,0.46,0,3,6,4,1
18257,169753,4.08,0,11,14,17,1
18258,169762,1.26,0,5,8,9,1
18259,169768,1.44,0,5,8,6,1
18260,169773,0.95,0,4,7,5,1
18261,169775,-0.52,0,1,4,2,1
18262,169776,-1.01,0,0,3,1,1
18263,169778,-0.52,0,1,4,2,1
18264,169782,0.46,0,3,6,4,1
18265,169792,2.3,0,7,10,10,1
18266,169797,0.95,0,4,7,5,1
18267,169800,-0.03,0,2,5,3,1
18268,169813,3.22,0,9,12,13,1
18269,169823,1.75,0,6,9,10,1
18270,169825,-0.52,0,1,4,2,1
18271,169831,1.44,0,5,8,6,1
18272,169837,1.44,0,5,8,6,1
18273,169840,-0.03,0,2,5,3,1
18274,169844,0.46,0,3,6,4,1
18275,169846,-0.52,0,1,4,2,1
18276,169863,2.98,0,9,12,17,1
18277,169874,2.79,0,8,11,11,1
18278,169875,-1.01,0,0,3,1,1
18279,169878,-0.03,0,2,5,3,1
18280,169898,3.35,0,10,13,20,1
18281,169911,2.12,0,7,10,13,1
18282,169917,1.44,0,5,8,6,1
18283,169931,2.61,0,8,11,14,1
18284,169932,-1.01,0,0,3,1,1
18285,169937,0.95,0,4,7,5,1
18286,169939,-0.52,0,1,4,2,1
18287,169959,3.35,0,10,13,20,1
18288,169960,-1.01,0,0,3,1,1
18289,169968,1.87,0,6,9,8,1
18290,169984,3.04,0,9,12,16,1
18291,169985,-1.01,0,0,3,1,1
18292,169989,0.46,0,3,6,4,1
18293,169991,-0.52,0,1,4,2,1
18294,169995,0.46,0,3,6,4,1
18295,170007,3.83,0,10,13,12,1
18296,170012,0.95,0,4,7,5,1
18297,170015,-0.03,0,2,5,3,1
18298,170020,0.95,0,4,7,5,1
18299,170021,-1.01,0,0,3,1,1
18300,170024,-0.03,0,2,5,3,1
18301,170046,5.43,0,14,17,22,1
18302,170047,-1.01,0,0,3,1,1
18303,170051,0.46,0,3,6,4,1
18304,170052,-1.01,0,0,3,1,1
18305,170060,2.42,0,7,10,8,1
18306,170098,6.67,0,18,21,38,1
18307,170115,4.08,0,11,14,17,1
18308,170132,4.08,0,11,14,17,1
18309,170145,2.67,0,8,11,13,1
18310,170149,0.46,0,3,6,4,1
18311,170176,6.23,0,16,19,27,1
18312,170184,1.87,0,6,9,8,1
18313,170209,5.8,0,15,18,25,1
18314,170218,1.81,0,6,9,9,1
18315,170241,4.27,0,12,15,23,1
18316,170246,0.95,0,4,7,5,1
18317,170259,2.12,0,7,10,13,1
18318,170262,-0.03,0,2,5,3,1
18319,170263,-1.01,0,0,3,1,1
18320,170269,1.44,0,5,8,6,1
18321,170291,5.43,0,14,17,22,1
18322,170301,2.85,0,8,11,10,1
18323,170303,-0.52,0,1,4,2,1
18324,170309,1.44,0,5,8,6,1
18325,170310,-1.01,0,0,3,1,1
18326,170315,0.4,0,3,6,5,1
18327,170323,2.42,0,7,10,8,1
18328,170330,1.93,0,6,9,7,1
18329,170341,2.79,0,8,11,11,1
18330,170359,4.02,0,11,14,18,1
18331,170362,-0.03,0,2,5,3,1
18332,170363,-1.01,0,0,3,1,1
18333,170366,-0.03,0,2,5,3,1
18334,170368,-0.52,0,1,4,2,1
18335,170370,-0.52,0,1,4,2,1
18336,170385,4.2,0,11,14,15,1
18337,170397,2.18,0,7,10,12,1
18338,170405,1.87,0,6,9,8,1
18339,170407,-0.52,0,1,4,2,1
18340,170413,1.44,0,5,8,6,1
18341,170419,1.44,0,5,8,6,1
18342,170428,2.91,0,8,11,9,1
18343,170438,2.85,0,8,11,10,1
18344,170452,4.26,0,11,14,14,1
18345,170453,-1.01,0,0,3,1,1
18346,170460,1.38,0,5,8,7,1
18347,170466,1.44,0,5,8,6,1
18348,170481,4.2,0,11,14,15,1
18349,170487,1.44,0,5,8,6,1
18350,170501,3.71,0,10,13,14,1
18351,170505,0.46,0,3,6,4,1
18352,170510,0.95,0,4,7,5,1
18353,170521,2.79,0,8,11,11,1
18354,170529,2.42,0,7,10,8,1
18355,170533,0.46,0,3,6,4,1
18356,170536,-0.03,0,2,5,3,1
18357,170543,1.93,0,6,9,7,1
18358,170549,1.44,0,5,8,6,1
18359,170557,2.42,0,7,10,8,1
18360,170593,4.59,0,14,17,36,1
18361,170595,-0.52,0,1,4,2,1
18362,170630,5.75,0,16,19,35,1
18363,170634,0.46,0,3,6,4,1
18364,170660,5.74,0,15,18,26,1
18365,170678,5.12,0,13,16,18,1
18366,170681,-0.03,0,2,5,3,1
18367,170707,6.84,0,17,20,26,1
18368,170721,3.71,0,10,13,14,1
18369,170727,0.89,0,4,7,6,1
18370,170733,1.44,0,5,8,6,1
18371,170741,2.42,0,7,10,8,1
18372,170749,2.42,0,7,10,8,1
18373,170752,-0.03,0,2,5,3,1
18374,170764,2.73,0,8,11,12,1
18375,170794,5.5,0,15,18,30,1
18376,170843,7.11,0,20,23,49,1
18377,170859,5.24,0,13,16,16,1
18378,170863,0.46,0,3,6,4,1
18379,170869,1.44,0,5,8,6,1
18380,170887,4.57,0,12,15,18,1
18381,170888,-1.01,0,0,3,1,1
18382,170905,4.08,0,11,14,17,1
18383,170913,2.42,0,7,10,8,1
18384,170915,-0.52,0,1,4,2,1
18385,170918,-0.03,0,2,5,3,1
18386,170931,3.77,0,10,13,13,1
18387,170933,-0.52,0,1,4,2,1
18388,170950,5.18,0,13,16,17,1
18389,170952,-0.52,0,1,4,2,1
18390,170957,0.95,0,4,7,5,1
18391,170978,5.49,0,14,17,21,1
18392,170979,-1.01,0,0,3,1,1
18393,170983,0.46,0,3,6,4,1
18394,170993,2.3,0,7,10,10,1
18395,170998,0.95,0,4,7,5,1
18396,171020,4.88,0,13,16,22,1
18397,171021,-1.01,0,0,3,1,1
18398,171022,-1.01,0,0,3,1,1
18399,171023,-1.01,0,0,3,1,1
18400,171027,0.46,0,3,6,4,1
18401,171029,-0.52,0,1,4,2,1
18402,171036,1.38,0,5,8,7,1
18403,171044,2.42,0,7,10,8,1
18404,171046,-0.52,0,1,4,2,1
18405,171048,-0.52,0,1,4,2,1
18406,171049,-1.01,0,0,3,1,1
18407,171055,1.44,0,5,8,6,1
18408,171062,1.38,0,5,8,7,1
18409,171072,2.85,0,8,11,10,1
18410,171074,-0.52,0,1,4,2,1
18411,171080,1.44,0,5,8,6,1
18412,171091,2.24,0,7,10,11,1
18413,171097,1.44,0,5,8,6,1
18414,171105,1.87,0,6,9,8,1
18415,171106,-1.01,0,0,3,1,1
18416,171107,-1.01,0,0,3,1,1
18417,171110,-0.03,0,2,5,3,1
18418,171119,1.81,0,6,9,9,1
18419,171127,1.32,0,5,8,8,1
18420,171137,2.3,0,7,10,10,1
18421,171165,5.07,0,14,17,28,1
18422,171173,1.87,0,6,9,8,1
18423,171177,0.46,0,3,6,4,1
18424,171179,-0.52,0,1,4,2,1
18425,171199,5.0,0,13,16,20,1
18426,171203,-0.09,0,2,5,4,1
18427,171206,-0.03,0,2,5,3,1
18428,171208,-0.52,0,1,4,2,1
18429,171220,3.28,0,9,12,12,1
18430,171222,-0.52,0,1,4,2,1
18431,171231,2.36,0,7,10,9,1
18432,171237,0.89,0,4,7,6,1
18433,171238,-1.01,0,0,3,1,1
18434,171239,-1.01,0,0,3,1,1
18435,171255,3.59,0,10,13,16,1
18436,171260,0.95,0,4,7,5,1
18437,171263,-0.03,0,2,5,3,1
18438,171270,1.38,0,5,8,7,1
18439,171273,-0.03,0,2,5,3,1
18440,171280,0.28,0,3,6,7,1
18441,171284,0.46,0,3,6,4,1
18442,171287,-0.58,0,1,4,3,1
18443,171319,5.38,0,15,18,32,1
18444,171320,-1.01,0,0,3,1,1
18445,171322,-0.52,0,1,4,2,1
18446,171337,4.2,0,11,14,15,1
18447,171342,0.95,0,4,7,5,1
18448,171357,3.65,0,10,13,15,1
18449,171369,3.28,0,9,12,12,1
18450,171374,0.95,0,4,7,5,1
18451,171391,4.08,0,11,14,17,1
18452,171393,-0.52,0,1,4,2,1
18453,171394,-1.01,0,0,3,1,1
18454,171398,0.46,0,3,6,4,1
18455,171437,5.51,0,16,19,39,1
18456,171444,1.93,0,6,9,7,1
18457,171484,4.9,0,15,18,40,1
18458,171488,0.46,0,3,6,4,1
18459,171493,0.4,0,3,6,5,1
18460,171512,3.96,0,11,14,19,1
18461,171515,-0.03,0,2,5,3,1
18462,171524,2.36,0,7,10,9,1
18463,171529,0.95,0,4,7,5,1
18464,171541,2.18,0,7,10,12,1
18465,171578,6.73,0,18,21,37,1
18466,171585,1.93,0,6,9,7,1
18467,171593,1.87,0,6,9,8,1
18468,171599,1.44,0,5,8,6,1
18469,171619,3.9,0,11,14,20,1
18470,171623,0.46,0,3,6,4,1
18471,171649,5.74,0,15,18,26,1
18472,171650,-1.01,0,0,3,1,1
18473,171657,1.38,0,5,8,7,1
18474,171669,1.63,0,6,9,12,1
18475,171673,0.46,0,3,6,4,1
18476,171690,2.98,0,9,12,17,1
18477,171702,2.18,0,7,10,12,1
18478,171705,-0.03,0,2,5,3,1
18479,171707,-0.52,0,1,4,2,1
18480,171710,-0.03,0,2,5,3,1
18481,171734,4.76,0,13,16,24,1
18482,171743,2.36,0,7,10,9,1
18483,171744,-1.01,0,0,3,1,1
18484,171755,3.89,0,10,13,11,1
18485,171758,-0.03,0,2,5,3,1
18486,171761,-0.03,0,2,5,3,1
18487,171774,1.57,0,6,9,13,1
18488,171831,6.63,0,20,23,57,1
18489,171836,0.95,0,4,7,5,1
18490,171847,2.24,0,7,10,11,1
18491,171854,1.38,0,5,8,7,1
18492,171857,-0.03,0,2,5,3,1
18493,171858,-1.01,0,0,3,1,1
18494,171878,4.45,0,12,15,20,1
18495,171886,1.87,0,6,9,8,1
18496,171892,0.89,0,4,7,6,1
18497,171894,-0.52,0,1,4,2,1
18498,171913,4.51,0,12,15,19,1
18499,171920,1.93,0,6,9,7,1
18500,171938,4.02,0,11,14,18,1
18501,171940,-0.52,0,1,4,2,1
18502,171943,-0.03,0,2,5,3,1
18503,171946,-0.03,0,2,5,3,1
18504,171951,0.95,0,4,7,5,1
18505,171953,-0.52,0,1,4,2,1
18506,171974,5.49,0,14,17,21,1
18507,171994,4.45,0,12,15,20,1
18508,171999,0.4,0,3,6,5,1
18509,172000,-1.01,0,0,3,1,1
18510,172004,0.46,0,3,6,4,1
18511,172006,-0.52,0,1,4,2,1
18512,172009,-0.03,0,2,5,3,1
18513,172014,0.95,0,4,7,5,1
18514,172023,1.81,0,6,9,9,1
18515,172030,1.38,0,5,8,7,1
18516,172034,0.46,0,3,6,4,1
18517,172044,2.3,0,7,10,10,1
18518,172049,0.95,0,4,7,5,1
18519,172058,2.91,0,8,11,9,1
18520,172059,-1.01,0,0,3,1,1
18521,172069,1.2,0,5,8,10,1
18522,172073,0.46,0,3,6,4,1
18523,172083,2.85,0,8,11,10,1
18524,172091,1.32,0,5,8,8,1
18525,172093,-0.52,0,1,4,2,1
18526,172102,2.36,0,7,10,9,1
18527,172105,-0.03,0,2,5,3,1
18528,172109,-0.09,0,2,5,4,1
18529,172125,4.69,0,12,15,16,1
18530,172128,-0.03,0,2,5,3,1
18531,172129,-1.01,0,0,3,1,1
18532,172132,-0.03,0,2,5,3,1
18533,172136,0.46,0,3,6,4,1
18534,172148,3.83,0,10,13,12,1
18535,172153,0.95,0,4,7,5,1
18536,172171,2.92,0,9,12,18,1
18537,172183,4.38,0,11,14,12,1
18538,172189,0.89,0,4,7,6,1
18539,172206,5.18,0,13,16,17,1
18540,172209,-0.03,0,2,5,3,1
18541,172212,-0.03,0,2,5,3,1
18542,172222,2.85,0,8,11,10,1
18543,172224,-0.52,0,1,4,2,1
18544,172226,-0.52,0,1,4,2,1
18545,172250,6.96,0,17,20,24,1
18546,172262,3.28,0,9,12,12,1
18547,172275,2.67,0,8,11,13,1
18548,172280,0.95,0,4,7,5,1
18549,172284,0.46,0,3,6,4,1
18550,172286,-0.52,0,1,4,2,1
18551,172287,-1.01,0,0,3,1,1
18552,172294,0.83,0,4,7,7,1
18553,172302,1.87,0,6,9,8,1
18554,172320,4.57,0,12,15,18,1
18555,172337,3.53,0,10,13,17,1
18556,172368,4.89,0,14,17,31,1
18557,172375,1.38,0,5,8,7,1
18558,172380,0.95,0,4,7,5,1
18559,172402,6.53,0,16,19,22,1
18560,172415,3.77,0,10,13,13,1
18561,172441,4.09,0,12,15,26,1
18562,172447,1.44,0,5,8,6,1
18563,172457,3.4,0,9,12,10,1
18564,172458,-1.01,0,0,3,1,1
18565,172471,3.77,0,10,13,13,1
18566,172472,-1.01,0,0,3,1,1
18567,172481,2.36,0,7,10,9,1
18568,172483,-0.52,0,1,4,2,1
18569,172491,1.32,0,5,8,8,1
18570,172492,-1.01,0,0,3,1,1
18571,172510,3.47,0,10,13,18,1
18572,172514,0.46,0,3,6,4,1
18573,172522,2.42,0,7,10,8,1
18574,172528,1.44,0,5,8,6,1
18575,172536,1.87,0,6,9,8,1
18576,172548,3.28,0,9,12,12,1
18577,172556,2.42,0,7,10,8,1
18578,172557,-1.01,0,0,3,1,1
18579,172563,1.44,0,5,8,6,1
18580,172586,2.07,0,8,11,23,1
18581,172598,3.83,0,10,13,12,1
18582,172601,-0.03,0,2,5,3,1
18583,172603,-0.52,0,1,4,2,1
18584,172609,0.89,0,4,7,6,1
18585,172627,4.57,0,12,15,18,1
18586,172634,1.93,0,6,9,7,1
18587,172648,3.16,0,9,12,14,1
18588,172658,3.4,0,9,12,10,1
18589,172672,4.26,0,11,14,14,1
18590,172673,-1.01,0,0,3,1,1
18591,172677,-0.09,0,2,5,4,1
18592,172680,-0.03,0,2,5,3,1
18593,172701,4.94,0,13,16,21,1
18594,172713,3.28,0,9,12,12,1
18595,172718,0.95,0,4,7,5,1
18596,172721,-0.03,0,2,5,3,1
18597,172732,1.69,0,6,9,11,1
18598,172733,-1.01,0,0,3,1,1
18599,172743,2.85,0,8,11,10,1
18600,172747,0.46,0,3,6,4,1
18601,172771,5.86,0,15,18,24,1
18602,172781,2.85,0,8,11,10,1
18603,172786,0.95,0,4,7,5,1
18604,172799,3.22,0,9,12,13,1
18605,172802,-0.03,0,2,5,3,1
18606,172809,1.93,0,6,9,7,1
18607,172827,4.02,0,11,14,18,1
18608,172828,-1.01,0,0,3,1,1
18609,172839,2.24,0,7,10,11,1
18610,172849,2.85,0,8,11,10,1
18611,172852,-0.03,0,2,5,3,1
18612,172856,0.46,0,3,6,4,1
18613,172859,-0.03,0,2,5,3,1
18614,172881,4.33,0,12,15,22,1
18615,172890,2.91,0,8,11,9,1
18616,172896,1.44,0,5,8,6,1
18617,172905,1.26,0,5,8,9,1
18618,172907,-0.52,0,1,4,2,1
18619,172986,5.31,0,20,23,79,1
18620,172989,-0.03,0,2,5,3,1
18621,173002,3.77,0,10,13,13,1
18622,173004,-0.52,0,1,4,2,1
18623,173023,5.06,0,13,16,19,1
18624,173051,5.07,0,14,17,28,1
18625,173058,1.93,0,6,9,7,1
18626,173079,2.74,0,9,12,21,1
18627,173083,0.46,0,3,6,4,1
18628,173086,-0.03,0,2,5,3,1
18629,173090,-0.09,0,2,5,4,1
18630,173092,-0.52,0,1,4,2,1
18631,173107,3.65,0,10,13,15,1
18632,173108,-1.01,0,0,3,1,1
18633,173124,3.04,0,9,12,16,1
18634,173135,3.89,0,10,13,11,1
18635,173143,0.77,0,4,7,8,1
18636,173148,0.95,0,4,7,5,1
18637,173153,-0.15,0,2,5,5,1
18638,173154,-1.01,0,0,3,1,1
18639,173155,-1.01,0,0,3,1,1
18640,173161,1.44,0,5,8,6,1
18641,173186,5.25,0,14,17,25,1
18642,173191,0.95,0,4,7,5,1
18643,173193,-0.52,0,1,4,2,1
18644,173212,4.51,0,12,15,19,1
18645,173234,3.23,0,10,13,22,1
18646,173238,0.46,0,3,6,4,1
18647,173254,3.59,0,10,13,16,1
18648,173260,1.44,0,5,8,6,1
18649,173262,-0.52,0,1,4,2,1
18650,173265,-0.03,0,2,5,3,1
18651,173274,2.36,0,7,10,9,1
18652,173277,-0.03,0,2,5,3,1
18653,173288,2.24,0,7,10,11,1
18654,173292,0.46,0,3,6,4,1
18655,173324,4.83,0,14,17,32,1
18656,173325,-1.01,0,0,3,1,1
18657,173329,0.46,0,3,6,4,1
18658,173330,-1.01,0,0,3,1,1
18659,173349,4.51,0,12,15,19,1
18660,173363,3.71,0,10,13,14,1
18661,173369,0.89,0,4,7,6,1
18662,173370,-1.01,0,0,3,1,1
18663,173386,4.14,0,11,14,16,1
18664,173389,-0.03,0,2,5,3,1
18665,173393,0.46,0,3,6,4,1
18666,173404,3.89,0,10,13,11,1
18667,173408,0.46,0,3,6,4,1
18668,173467,5.96,0,19,22,59,1
18669,173470,-0.03,0,2,5,3,1
18670,173477,1.93,0,6,9,7,1
18671,173482,0.95,0,4,7,5,1
18672,173483,-1.01,0,0,3,1,1
18673,173485,-0.52,0,1,4,2,1
18674,173487,-0.52,0,1,4,2,1
18675,173562,9.6,1,22,25,75,0
18676,173573,2.79,0,8,11,11,1
18677,173591,3.47,0,10,13,18,1
18678,173593,-0.52,0,1,4,2,1
18679,173595,-0.52,0,1,4,2,1
18680,173613,4.57,0,12,15,18,1
18681,173621,1.32,0,5,8,8,1
18682,173625,0.46,0,3,6,4,1
18683,173626,-1.01,0,0,3,1,1
18684,173639,2.12,0,7,10,13,1
18685,173640,-1.01,0,0,3,1,1
18686,173658,3.47,0,10,13,18,1
18687,173662,-0.09,0,2,5,4,1
18688,173673,2.79,0,8,11,11,1
18689,173687,2.06,0,7,10,14,1
18690,173719,4.83,0,14,17,32,1
18691,173735,4.69,0,12,15,16,1
18692,173758,7.02,0,17,20,23,1
18693,173768,2.85,0,8,11,10,1
18694,173794,5.74,0,15,18,26,1
18695,173802,1.32,0,5,8,8,1
18696,173826,3.66,0,11,14,24,1
18697,173836,3.4,0,9,12,10,1
18698,173846,3.4,0,9,12,10,1
18699,173848,-0.52,0,1,4,2,1
18700,173852,0.46,0,3,6,4,1
18701,173863,2.24,0,7,10,11,1
18702,173880,3.53,0,10,13,17,1
18703,173893,3.22,0,9,12,13,1
18704,173895,-0.52,0,1,4,2,1
18705,173899,0.46,0,3,6,4,1
18706,173910,2.79,0,8,11,11,1
18707,173925,3.65,0,10,13,15,1
18708,173932,1.38,0,5,8,7,1
18709,173939,0.83,0,4,7,7,1
18710,173940,-1.01,0,0,3,1,1
18711,173942,-0.52,0,1,4,2,1
18712,173944,-0.52,0,1,4,2,1
18713,173954,2.85,0,8,11,10,1
18714,173961,1.38,0,5,8,7,1
18715,173988,6.23,0,16,19,27,1
18716,173990,-0.52,0,1,4,2,1
18717,174048,5.47,0,18,21,58,1
18718,174049,-1.01,0,0,3,1,1
18719,174052,-0.03,0,2,5,3,1
18720,174060,1.32,0,5,8,8,1
18721,174065,0.95,0,4,7,5,1
18722,174082,2.98,0,9,12,17,1
18723,174083,-1.01,0,0,3,1,1
18724,174084,-1.01,0,0,3,1,1
18725,174086,-0.52,0,1,4,2,1
18726,174099,4.32,0,11,14,13,1
18727,174100,-1.01,0,0,3,1,1
18728,174106,1.44,0,5,8,6,1
18729,174108,-0.52,0,1,4,2,1
18730,174129,4.94,0,13,16,21,1
18731,174132,-0.03,0,2,5,3,1
18732,174168,6.24,0,17,20,36,1
18733,174172,0.46,0,3,6,4,1
18734,174174,-0.52,0,1,4,2,1
18735,174182,1.32,0,5,8,8,1
18736,174200,3.47,0,10,13,18,1
18737,174202,-0.52,0,1,4,2,1
18738,174216,3.16,0,9,12,14,1
18739,174231,3.65,0,10,13,15,1
18740,174232,-1.01,0,0,3,1,1
18741,174235,-0.03,0,2,5,3,1
18742,174256,4.94,0,13,16,21,1
18743,174270,5.36,0,13,16,14,1
18744,174290,4.45,0,12,15,20,1
18745,174294,-0.09,0,2,5,4,1
18746,174309,3.65,0,10,13,15,1
18747,174314,0.95,0,4,7,5,1
18748,174322,1.87,0,6,9,8,1
18749,174326,0.46,0,3,6,4,1
18750,174331,0.4,0,3,6,5,1
18751,174333,-0.52,0,1,4,2,1
18752,174340,1.38,0,5,8,7,1
18753,174359,2.86,0,9,12,19,1
18754,174360,-1.01,0,0,3,1,1
18755,174368,2.42,0,7,10,8,1
18756,174369,-1.01,0,0,3,1,1
18757,174376,1.38,0,5,8,7,1
18758,174377,-1.01,0,0,3,1,1
18759,174378,-1.01,0,0,3,1,1
18760,174385,1.38,0,5,8,7,1
18761,174395,2.85,0,8,11,10,1
18762,174396,-1.01,0,0,3,1,1
18763,174415,3.96,0,11,14,19,1
18764,174419,-0.09,0,2,5,4,1
18765,174420,-1.01,0,0,3,1,1
18766,174421,-1.01,0,0,3,1,1
18767,174433,2.73,0,8,11,12,1
18768,174447,2.61,0,8,11,14,1
18769,174450,-0.03,0,2,5,3,1
18770,174457,1.38,0,5,8,7,1
18771,174461,0.46,0,3,6,4,1
18772,174468,0.83,0,4,7,7,1
18773,174480,2.18,0,7,10,12,1
18774,174487,1.93,0,6,9,7,1
18775,174504,4.63,0,12,15,17,1
18776,174549,7.35,0,20,23,45,1
18777,174558,2.91,0,8,11,9,1
18778,174560,-0.52,0,1,4,2,1
18779,174562,-0.52,0,1,4,2,1
18780,174565,-0.03,0,2,5,3,1
18781,174576,3.34,0,9,12,11,1
18782,174578,-0.52,0,1,4,2,1
18783,174586,1.87,0,6,9,8,1
18784,174588,-0.52,0,1,4,2,1
18785,174590,-0.52,0,1,4,2,1
18786,174603,3.77,0,10,13,13,1
18787,174605,-0.52,0,1,4,2,1
18788,174606,-1.01,0,0,3,1,1
18789,174613,0.83,0,4,7,7,1
18790,174627,3.71,0,10,13,14,1
18791,174635,1.87,0,6,9,8,1
18792,174652,2.98,0,9,12,17,1
18793,174661,1.81,0,6,9,9,1
18794,174667,1.44,0,5,8,6,1
18795,174686,5.06,0,13,16,19,1
18796,174694,1.87,0,6,9,8,1
18797,174697,-0.03,0,2,5,3,1
18798,174706,2.36,0,7,10,9,1
18799,174711,0.95,0,4,7,5,1
18800,174715,0.46,0,3,6,4,1
18801,174724,2.36,0,7,10,9,1
18802,174727,-0.03,0,2,5,3,1
18803,174731,0.46,0,3,6,4,1
18804,174735,0.46,0,3,6,4,1
18805,174737,-0.52,0,1,4,2,1
18806,174750,3.22,0,9,12,13,1
18807,174755,0.4,0,3,6,5,1
18808,174759,0.46,0,3,6,4,1
18809,174766,1.93,0,6,9,7,1
18810,174770,-0.09,0,2,5,4,1
18811,174775,0.95,0,4,7,5,1
18812,174779,0.46,0,3,6,4,1
18813,174781,-0.52,0,1,4,2,1
18814,174786,0.4,0,3,6,5,1
18815,174797,2.24,0,7,10,11,1
18816,174805,1.87,0,6,9,8,1
18817,174816,2.24,0,7,10,11,1
18818,174822,0.34,0,3,6,6,1
18819,174823,-1.01,0,0,3,1,1
18820,174832,2.91,0,8,11,9,1
18821,174833,-1.01,0,0,3,1,1
18822,174834,-1.01,0,0,3,1,1
18823,174840,0.89,0,4,7,6,1
18824,174842,-0.52,0,1,4,2,1
18825,174869,6.23,0,16,19,27,1
18826,174879,1.2,0,5,8,10,1
18827,174880,-1.01,0,0,3,1,1
18828,174882,-0.52,0,1,4,2,1
18829,174888,1.44,0,5,8,6,1
18830,174900,2.18,0,7,10,12,1
18831,174914,3.71,0,10,13,14,1
18832,174924,3.4,0,9,12,10,1
18833,174935,2.79,0,8,11,11,1
18834,174938,-0.03,0,2,5,3,1
18835,174946,2.42,0,7,10,8,1
18836,174957,3.34,0,9,12,11,1
18837,174965,0.22,0,3,6,8,1
18838,174971,0.89,0,4,7,6,1
18839,174989,5.12,0,13,16,18,1
18840,174994,0.95,0,4,7,5,1
18841,174997,-0.03,0,2,5,3,1
18842,175000,-0.03,0,2,5,3,1
18843,175007,1.38,0,5,8,7,1
18844,175009,-0.52,0,1,4,2,1
18845,175012,-0.03,0,2,5,3,1
18846,175013,-1.01,0,0,3,1,1
18847,175024,3.34,0,9,12,11,1
18848,175034,1.75,0,6,9,10,1
18849,175035,-1.01,0,0,3,1,1
18850,175039,0.46,0,3,6,4,1
18851,175047,2.42,0,7,10,8,1
18852,175063,5.24,0,13,16,16,1
18853,175076,4.32,0,11,14,13,1
18854,175078,-0.52,0,1,4,2,1
18855,175098,5.55,0,14,17,20,1
18856,175106,1.87,0,6,9,8,1
18857,175110,0.46,0,3,6,4,1
18858,175113,-0.58,0,1,4,3,1
18859,175119,0.89,0,4,7,6,1
18860,175127,1.87,0,6,9,8,1
18861,175142,2.55,0,8,11,15,1
18862,175143,-1.01,0,0,3,1,1
18863,175147,0.46,0,3,6,4,1
18864,175148,-1.01,0,0,3,1,1
18865,175150,-0.52,0,1,4,2,1
18866,175155,0.4,0,3,6,5,1
18867,175156,-1.01,0,0,3,1,1
18868,175166,2.85,0,8,11,10,1
18869,175186,3.9,0,11,14,20,1
18870,175189,-0.03,0,2,5,3,1
18871,175191,-0.52,0,1,4,2,1
18872,175199,2.42,0,7,10,8,1
18873,175200,-1.01,0,0,3,1,1
18874,175208,1.32,0,5,8,8,1
18875,175209,-1.01,0,0,3,1,1
18876,175216,1.93,0,6,9,7,1
18877,175221,0.95,0,4,7,5,1
18878,175223,-0.52,0,1,4,2,1
18879,175224,-1.01,0,0,3,1,1
18880,175243,3.96,0,11,14,19,1
18881,175246,-0.03,0,2,5,3,1
18882,175262,4.14,0,11,14,16,1
18883,175264,-0.52,0,1,4,2,1
18884,175267,-0.03,0,2,5,3,1
18885,175286,5.61,0,14,17,19,1
18886,175287,-1.01,0,0,3,1,1
18887,175291,0.46,0,3,6,4,1
18888,175298,0.83,0,4,7,7,1
18889,175319,4.39,0,12,15,21,1
18890,175320,-1.01,0,0,3,1,1
18891,175322,-0.52,0,1,4,2,1
18892,175328,0.89,0,4,7,6,1
18893,175332,0.46,0,3,6,4,1
18894,175333,-1.01,0,0,3,1,1
18895,175339,0.89,0,4,7,6,1
18896,175341,-0.52,0,1,4,2,1
18897,175345,0.46,0,3,6,4,1
18898,175350,0.95,0,4,7,5,1
18899,175356,1.44,0,5,8,6,1
18900,175365,2.36,0,7,10,9,1
18901,175381,5.24,0,13,16,16,1
18902,175389,1.32,0,5,8,8,1
18903,175394,0.95,0,4,7,5,1
18904,175395,-1.01,0,0,3,1,1
18905,175399,0.46,0,3,6,4,1
18906,175409,2.3,0,7,10,10,1
18907,175427,4.02,0,11,14,18,1
18908,175432,0.95,0,4,7,5,1
18909,175438,0.89,0,4,7,6,1
18910,175446,1.87,0,6,9,8,1
18911,175463,3.53,0,10,13,17,1
18912,175477,4.26,0,11,14,14,1
18913,175484,1.93,0,6,9,7,1
18914,175489,0.95,0,4,7,5,1
18915,175494,0.95,0,4,7,5,1
18916,175496,-0.52,0,1,4,2,1
18917,175503,1.93,0,6,9,7,1
18918,175525,4.88,0,13,16,22,1
18919,175539,3.16,0,9,12,14,1
18920,175542,-0.03,0,2,5,3,1
18921,175576,6.91,0,18,21,34,1
18922,175579,-0.03,0,2,5,3,1
18923,175605,5.74,0,15,18,26,1
18924,175608,-0.03,0,2,5,3,1
18925,175611,-0.03,0,2,5,3,1
18926,175613,-0.52,0,1,4,2,1
18927,175622,1.81,0,6,9,9,1
18928,175626,0.46,0,3,6,4,1
18929,175628,-0.52,0,1,4,2,1
18930,175650,5.43,0,14,17,22,1
18931,175661,1.69,0,6,9,11,1
18932,175665,0.46,0,3,6,4,1
18933,175702,6.73,0,18,21,37,1
18934,175706,0.46,0,3,6,4,1
18935,175715,2.36,0,7,10,9,1
18936,175721,0.89,0,4,7,6,1
18937,175739,4.57,0,12,15,18,1
18938,175760,4.39,0,12,15,21,1
18939,175768,1.87,0,6,9,8,1
18940,175778,2.3,0,7,10,10,1
18941,175814,6.24,0,17,20,36,1
18942,175816,-0.52,0,1,4,2,1
18943,175817,-1.01,0,0,3,1,1
18944,175852,5.2,0,15,18,35,1
18945,175874,2.68,0,9,12,22,1
18946,175886,3.28,0,9,12,12,1
18947,175890,0.46,0,3,6,4,1
18948,175894,-0.09,0,2,5,4,1
18949,175897,-0.03,0,2,5,3,1
18950,175901,0.46,0,3,6,4,1
18951,175902,-1.01,0,0,3,1,1
18952,175908,1.44,0,5,8,6,1
18953,175916,1.32,0,5,8,8,1
18954,175921,0.4,0,3,6,5,1
18955,175925,0.46,0,3,6,4,1
18956,175934,2.36,0,7,10,9,1
18957,175940,0.89,0,4,7,6,1
18958,176034,4.96,0,21,24,94,1
18959,176042,1.87,0,6,9,8,1
18960,176051,1.81,0,6,9,9,1
18961,176052,-1.01,0,0,3,1,1
18962,176061,2.36,0,7,10,9,1
18963,176089,5.62,0,15,18,28,1
18964,176091,-0.52,0,1,4,2,1
18965,176106,4.75,0,12,15,15,1
18966,176114,1.87,0,6,9,8,1
18967,176119,0.95,0,4,7,5,1
18968,176139,6.1,0,15,18,20,1
18969,176140,-1.01,0,0,3,1,1
18970,176143,-0.03,0,2,5,3,1
18971,176145,-0.52,0,1,4,2,1
18972,176147,-0.52,0,1,4,2,1
18973,176148,-1.01,0,0,3,1,1
18974,176150,-0.52,0,1,4,2,1
18975,176152,-0.52,0,1,4,2,1
18976,176156,-0.09,0,2,5,4,1
18977,176158,-0.52,0,1,4,2,1
18978,176173,3.1,0,9,12,15,1
18979,176192,3.41,0,10,13,19,1
18980,176205,3.22,0,9,12,13,1
18981,176219,3.71,0,10,13,14,1
18982,176224,0.95,0,4,7,5,1
18983,176225,-1.01,0,0,3,1,1
18984,176226,-1.01,0,0,3,1,1
18985,176245,5.06,0,13,16,19,1
18986,176246,-1.01,0,0,3,1,1
18987,176254,2.42,0,7,10,8,1
18988,176287,4.77,0,14,17,33,1
18989,176290,-0.03,0,2,5,3,1
18990,176305,4.2,0,11,14,15,1
18991,176310,0.4,0,3,6,5,1
18992,176321,2.79,0,8,11,11,1
18993,176330,1.81,0,6,9,9,1
18994,176337,0.83,0,4,7,7,1
18995,176338,-1.01,0,0,3,1,1
18996,176355,3.53,0,10,13,17,1
18997,176356,-1.01,0,0,3,1,1
18998,176364,2.42,0,7,10,8,1
18999,176367,-0.03,0,2,5,3,1
19000,176369,-0.52,0,1,4,2,1
19001,176373,0.46,0,3,6,4,1
19002,176375,-0.52,0,1,4,2,1
19003,176376,-1.01,0,0,3,1,1
19004,176379,-0.03,0,2,5,3,1
19005,176382,-0.03,0,2,5,3,1
19006,176393,2.24,0,7,10,11,1
19007,176395,-0.52,0,1,4,2,1
19008,176399,0.46,0,3,6,4,1
19009,176403,0.46,0,3,6,4,1
19010,176420,4.63,0,12,15,17,1
19011,176424,0.46,0,3,6,4,1
19012,176436,2.18,0,7,10,12,1
19013,176439,-0.03,0,2,5,3,1
19014,176443,0.46,0,3,6,4,1
19015,176447,0.46,0,3,6,4,1
19016,176451,0.46,0,3,6,4,1
19017,176455,-0.09,0,2,5,4,1
19018,176459,0.46,0,3,6,4,1
19019,176462,-0.03,0,2,5,3,1
19020,176467,0.4,0,3,6,5,1
19021,176486,4.51,0,12,15,19,1
19022,176494,1.87,0,6,9,8,1
19023,176499,0.4,0,3,6,5,1
19024,176535,5.69,0,16,19,36,1
19025,176537,-0.52,0,1,4,2,1
19026,176572,6.85,0,18,21,35,1
19027,176585,2.12,0,7,10,13,1
19028,176590,0.95,0,4,7,5,1
19029,176593,-0.03,0,2,5,3,1
19030,176603,2.3,0,7,10,10,1
19031,176622,4.51,0,12,15,19,1
19032,176627,0.95,0,4,7,5,1
19033,176628,-1.01,0,0,3,1,1
19034,176631,-0.03,0,2,5,3,1
19035,176641,2.3,0,7,10,10,1
19036,176661,5.55,0,14,17,20,1
19037,176663,-0.52,0,1,4,2,1
19038,176669,1.44,0,5,8,6,1
19039,176675,1.44,0,5,8,6,1
19040,176678,-0.03,0,2,5,3,1
19041,176681,-0.03,0,2,5,3,1
19042,176682,-1.01,0,0,3,1,1
19043,176683,-1.01,0,0,3,1,1
19044,176690,1.38,0,5,8,7,1
19045,176691,-1.01,0,0,3,1,1
19046,176695,0.46,0,3,6,4,1
19047,176704,2.91,0,8,11,9,1
19048,176717,3.77,0,10,13,13,1
19049,176720,-0.03,0,2,5,3,1
19050,176727,1.93,0,6,9,7,1
19051,176731,0.46,0,3,6,4,1
19052,176751,5.0,0,13,16,20,1
19053,176759,1.32,0,5,8,8,1
19054,176764,0.95,0,4,7,5,1
19055,176791,5.68,0,15,18,27,1
19056,176806,4.2,0,11,14,15,1
19057,176813,1.93,0,6,9,7,1
19058,176816,-0.03,0,2,5,3,1
19059,176824,2.42,0,7,10,8,1
19060,176826,-0.52,0,1,4,2,1
19061,176835,2.91,0,8,11,9,1
19062,176837,-0.52,0,1,4,2,1
19063,176979,5.58,1,22,25,142,0
19064,176995,2.49,0,8,11,16,1
19065,176997,-0.52,0,1,4,2,1
19066,177019,5.43,0,14,17,22,1
19067,177042,7.02,0,17,20,23,1
19068,177046,0.46,0,3,6,4,1
19069,177050,0.46,0,3,6,4,1
19070,177056,0.89,0,4,7,6,1
19071,177066,1.2,0,5,8,10,1
19072,177071,0.95,0,4,7,5,1
19073,177072,-1.01,0,0,3,1,1
19074,177075,-0.03,0,2,5,3,1
19075,177079,0.46,0,3,6,4,1
19076,177084,0.95,0,4,7,5,1
19077,177087,-0.03,0,2,5,3,1
19078,177091,0.46,0,3,6,4,1
19079,177098,1.38,0,5,8,7,1
19080,177102,0.46,0,3,6,4,1
19081,177104,-0.52,0,1,4,2,1
19082,177110,1.44,0,5,8,6,1
19083,177113,-0.58,0,1,4,3,1
19084,177120,1.93,0,6,9,7,1
19085,177130,1.75,0,6,9,10,1
19086,177139,2.36,0,7,10,9,1
19087,177141,-0.52,0,1,4,2,1
19088,177146,0.4,0,3,6,5,1
19089,177160,4.26,0,11,14,14,1
19090,177165,0.95,0,4,7,5,1
19091,177171,0.89,0,4,7,6,1
19092,177182,2.24,0,7,10,11,1
19093,177185,-0.03,0,2,5,3,1
19094,177188,-0.03,0,2,5,3,1
19095,177204,4.14,0,11,14,16,1
19096,177205,-1.01,0,0,3,1,1
19097,177221,4.14,0,11,14,16,1
19098,177222,-1.01,0,0,3,1,1
19099,177242,5.55,0,14,17,20,1
19100,177248,1.44,0,5,8,6,1
19101,177263,4.75,0,12,15,15,1
19102,177264,-1.01,0,0,3,1,1
19103,177292,6.17,0,16,19,28,1
19104,177296,0.46,0,3,6,4,1
19105,177300,0.46,0,3,6,4,1
19106,177306,1.44,0,5,8,6,1
19107,177309,-0.03,0,2,5,3,1
19108,177310,-1.01,0,0,3,1,1
19109,177313,-0.03,0,2,5,3,1
19110,177339,7.39,0,18,21,26,1
19111,177340,-1.01,0,0,3,1,1
19112,177344,0.46,0,3,6,4,1
19113,177346,-0.52,0,1,4,2,1
19114,177359,2.12,0,7,10,13,1
19115,177362,-0.03,0,2,5,3,1
19116,177369,1.38,0,5,8,7,1
19117,177399,6.6,0,17,20,30,1
19118,177404,0.95,0,4,7,5,1
19119,177407,-0.03,0,2,5,3,1
19120,177408,-1.01,0,0,3,1,1
19121,177414,1.44,0,5,8,6,1
19122,177431,3.53,0,10,13,17,1
19123,177433,-0.52,0,1,4,2,1
19124,177447,3.16,0,9,12,14,1
19125,177448,-1.01,0,0,3,1,1
19126,177457,2.91,0,8,11,9,1
19127,177480,5.92,0,15,18,23,1
19128,177490,1.75,0,6,9,10,1
19129,177502,3.28,0,9,12,12,1
19130,177507,0.4,0,3,6,5,1
19131,177519,3.28,0,9,12,12,1
19132,177537,3.47,0,10,13,18,1
19133,177565,5.07,0,14,17,28,1
19134,177573,1.32,0,5,8,8,1
19135,177578,0.95,0,4,7,5,1
19136,177579,-1.01,0,0,3,1,1
19137,177593,4.26,0,11,14,14,1
19138,177616,5.37,0,14,17,23,1
19139,177661,5.15,0,16,19,45,1
19140,177687,4.64,0,13,16,26,1
19141,177705,5.67,0,14,17,18,1
19142,177716,3.34,0,9,12,11,1
19143,177723,1.93,0,6,9,7,1
19144,177729,1.44,0,5,8,6,1
19145,177739,3.4,0,9,12,10,1
19146,177742,-0.03,0,2,5,3,1
19147,177752,1.75,0,6,9,10,1
19148,177756,0.46,0,3,6,4,1
19149,177760,-0.09,0,2,5,4,1
19150,177761,-1.01,0,0,3,1,1
19151,177827,10.14,1,22,25,66,0
19152,177828,-1.01,0,0,3,1,1
19153,177835,1.38,0,5,8,7,1
19154,177841,0.89,0,4,7,6,1
19155,177847,1.44,0,5,8,6,1
19156,177849,-0.52,0,1,4,2,1
19157,177863,4.81,0,12,15,14,1
19158,177867,0.46,0,3,6,4,1
19159,177868,-1.01,0,0,3,1,1
19160,177873,0.95,0,4,7,5,1
19161,177875,-0.52,0,1,4,2,1
19162,177881,1.44,0,5,8,6,1
19163,177885,-0.09,0,2,5,4,1
19164,177889,0.46,0,3,6,4,1
19165,177898,1.81,0,6,9,9,1
19166,177908,2.85,0,8,11,10,1
19167,177942,5.81,0,16,19,34,1
19168,177955,3.22,0,9,12,13,1
19169,177956,-1.01,0,0,3,1,1
19170,177957,-1.01,0,0,3,1,1
19171,177963,1.44,0,5,8,6,1
19172,177993,4.95,0,14,17,30,1
19173,177997,0.46,0,3,6,4,1
19174,178014,3.53,0,10,13,17,1
19175,178023,1.26,0,5,8,9,1
19176,178024,-1.01,0,0,3,1,1
19177,178051,4.03,0,12,15,27,1
19178,178055,0.46,0,3,6,4,1
19179,178058,-0.03,0,2,5,3,1
19180,178085,4.58,0,13,16,27,1
19181,178091,1.44,0,5,8,6,1
19182,178093,-0.52,0,1,4,2,1
19183,178097,0.46,0,3,6,4,1
19184,178098,-1.01,0,0,3,1,1
19185,178120,4.88,0,13,16,22,1
19186,178125,0.4,0,3,6,5,1
19187,178130,0.4,0,3,6,5,1
19188,178134,0.46,0,3,6,4,1
19189,178138,0.46,0,3,6,4,1
19190,178151,2.67,0,8,11,13,1
19191,178159,2.42,0,7,10,8,1
19192,178161,-0.52,0,1,4,2,1
19193,178167,1.44,0,5,8,6,1
19194,178180,4.87,0,12,15,13,1
19195,178194,2.06,0,7,10,14,1
19196,178196,-0.52,0,1,4,2,1
19197,178199,-0.03,0,2,5,3,1
19198,178200,-1.01,0,0,3,1,1
19199,178222,4.33,0,12,15,22,1
19200,178241,3.41,0,10,13,19,1
19201,178242,-1.01,0,0,3,1,1
19202,178247,0.95,0,4,7,5,1
19203,178269,4.88,0,13,16,22,1
19204,178272,-0.03,0,2,5,3,1
19205,178280,2.42,0,7,10,8,1
19206,178302,3.78,0,11,14,22,1
19207,178312,2.85,0,8,11,10,1
19208,178315,-0.03,0,2,5,3,1
19209,178318,-0.03,0,2,5,3,1
19210,178323,0.95,0,4,7,5,1
19211,178325,-0.52,0,1,4,2,1
19212,178327,-0.52,0,1,4,2,1
19213,178328,-1.01,0,0,3,1,1
19214,178365,5.63,0,16,19,37,1
19215,178367,-0.52,0,1,4,2,1
19216,178369,-0.52,0,1,4,2,1
19217,178403,5.26,0,15,18,34,1
19218,178405,-0.52,0,1,4,2,1
19219,178411,1.44,0,5,8,6,1
19220,178419,2.42,0,7,10,8,1
19221,178437,2.92,0,9,12,18,1
19222,178439,-0.52,0,1,4,2,1
19223,178444,0.95,0,4,7,5,1
19224,178461,5.73,0,14,17,17,1
19225,178462,-1.01,0,0,3,1,1
19226,178463,-1.01,0,0,3,1,1
19227,178471,1.32,0,5,8,8,1
19228,178483,3.83,0,10,13,12,1
19229,178510,6.23,0,16,19,27,1
19230,178513,-0.03,0,2,5,3,1
19231,178526,3.77,0,10,13,13,1
19232,178529,-0.03,0,2,5,3,1
19233,178532,-0.03,0,2,5,3,1
19234,178559,3.48,0,11,14,27,1
19235,178569,1.75,0,6,9,10,1
19236,178594,5.25,0,14,17,25,1
19237,178595,-1.01,0,0,3,1,1
19238,178598,-0.03,0,2,5,3,1
19239,178599,-1.01,0,0,3,1,1
19240,178606,1.38,0,5,8,7,1
19241,178607,-1.01,0,0,3,1,1
19242,178613,1.44,0,5,8,6,1
19243,178626,2.67,0,8,11,13,1
19244,178628,-0.52,0,1,4,2,1
19245,178641,3.77,0,10,13,13,1
19246,178648,0.83,0,4,7,7,1
19247,178650,-0.52,0,1,4,2,1
19248,178664,4.26,0,11,14,14,1
19249,178701,5.63,0,16,19,37,1
19250,178709,1.87,0,6,9,8,1
19251,178722,4.32,0,11,14,13,1
19252,178725,-0.03,0,2,5,3,1
19253,178726,-1.01,0,0,3,1,1
19254,178728,-0.52,0,1,4,2,1
19255,178735,1.93,0,6,9,7,1
19256,178748,2.12,0,7,10,13,1
19257,178750,-0.52,0,1,4,2,1
19258,178764,5.36,0,13,16,14,1
19259,178770,0.89,0,4,7,6,1
19260,178781,3.34,0,9,12,11,1
19261,178797,4.69,0,12,15,16,1
19262,178807,2.85,0,8,11,10,1
19263,178815,1.87,0,6,9,8,1
19264,178823,0.77,0,4,7,8,1
19265,178832,2.91,0,8,11,9,1
19266,178840,1.87,0,6,9,8,1
19267,178846,1.44,0,5,8,6,1
19268,178847,-1.01,0,0,3,1,1
19269,178867,5.0,0,13,16,20,1
19270,178889,4.33,0,12,15,22,1
19271,178890,-1.01,0,0,3,1,1
19272,178897,1.38,0,5,8,7,1
19273,178903,1.44,0,5,8,6,1
19274,178909,0.89,0,4,7,6,1
19275,178941,5.93,0,16,19,32,1
19276,178991,5.4,0,17,20,50,1
19277,178999,2.42,0,7,10,8,1
19278,179000,-1.01,0,0,3,1,1
19279,179028,5.62,0,15,18,28,1
19280,179039,3.89,0,10,13,11,1
19281,179042,-0.03,0,2,5,3,1
19282,179047,0.95,0,4,7,5,1
19283,179069,5.98,0,15,18,22,1
19284,179082,3.22,0,9,12,13,1
19285,179088,0.89,0,4,7,6,1
19286,179089,-1.01,0,0,3,1,1
19287,179096,0.83,0,4,7,7,1
19288,179102,0.89,0,4,7,6,1
19289,179123,6.59,0,16,19,21,1
19290,179124,-1.01,0,0,3,1,1
19291,179132,1.87,0,6,9,8,1
19292,179163,6.54,0,17,20,31,1
19293,179165,-0.52,0,1,4,2,1
19294,179166,-1.01,0,0,3,1,1
19295,179181,3.1,0,9,12,15,1
19296,179185,0.46,0,3,6,4,1
19297,179221,6.24,0,17,20,36,1
19298,179224,-0.03,0,2,5,3,1
19299,179226,-0.52,0,1,4,2,1
19300,179228,-0.52,0,1,4,2,1
19301,179237,2.91,0,8,11,9,1
19302,179252,2.55,0,8,11,15,1
19303,179264,2.18,0,7,10,12,1
19304,179272,2.42,0,7,10,8,1
19305,179274,-0.52,0,1,4,2,1
19306,179285,2.24,0,7,10,11,1
19307,179301,4.69,0,12,15,16,1
19308,179307,0.89,0,4,7,6,1
19309,179337,5.5,0,15,18,30,1
19310,179357,3.35,0,10,13,20,1
19311,179363,1.44,0,5,8,6,1
19312,179391,5.07,0,14,17,28,1
19313,179397,1.44,0,5,8,6,1
19314,179424,4.58,0,13,16,27,1
19315,179443,5.06,0,13,16,19,1
19316,179459,4.69,0,12,15,16,1
19317,179478,4.51,0,12,15,19,1
19318,179480,-0.52,0,1,4,2,1
19319,179484,0.46,0,3,6,4,1
19320,179520,5.69,0,16,19,36,1
19321,179546,5.19,0,14,17,26,1
19322,179550,0.46,0,3,6,4,1
19323,179560,2.3,0,7,10,10,1
19324,179578,4.57,0,12,15,18,1
19325,179589,2.79,0,8,11,11,1
19326,179595,1.44,0,5,8,6,1
19327,179600,0.95,0,4,7,5,1
19328,179606,0.89,0,4,7,6,1
19329,179619,3.22,0,9,12,13,1
19330,179633,3.71,0,10,13,14,1
19331,179635,-0.52,0,1,4,2,1
19332,179640,0.95,0,4,7,5,1
19333,179641,-1.01,0,0,3,1,1
19334,179644,-0.03,0,2,5,3,1
19335,179651,0.83,0,4,7,7,1
19336,179653,-0.52,0,1,4,2,1
19337,179660,0.83,0,4,7,7,1
19338,179690,5.5,0,15,18,30,1
19339,179695,0.95,0,4,7,5,1
19340,179701,0.89,0,4,7,6,1
19341,179730,5.01,0,14,17,29,1
19342,179736,0.89,0,4,7,6,1
19343,179748,3.83,0,10,13,12,1
19344,179782,5.26,0,15,18,34,1
19345,179798,3.04,0,9,12,16,1
19346,179802,0.46,0,3,6,4,1
19347,179807,0.95,0,4,7,5,1
19348,179853,5.09,0,16,19,46,1
19349,179856,-0.03,0,2,5,3,1
19350,179864,2.42,0,7,10,8,1
19351,179869,0.95,0,4,7,5,1
19352,179873,-0.09,0,2,5,4,1
19353,179879,1.44,0,5,8,6,1
19354,179880,-1.01,0,0,3,1,1
19355,179886,1.44,0,5,8,6,1
19356,179925,7.16,0,19,22,39,1
19357,179931,0.89,0,4,7,6,1
19358,179942,3.34,0,9,12,11,1
19359,179956,0.96,0,5,8,14,1
19360,179968,3.28,0,9,12,12,1
19361,179972,0.46,0,3,6,4,1
19362,179981,2.91,0,8,11,9,1
19363,179987,1.44,0,5,8,6,1
19364,179991,-0.09,0,2,5,4,1
19365,180001,2.3,0,7,10,10,1
19366,180006,0.95,0,4,7,5,1
19367,180010,0.46,0,3,6,4,1
19368,180014,0.46,0,3,6,4,1
19369,180018,0.46,0,3,6,4,1
19370,180032,4.81,0,12,15,14,1
19371,180039,1.38,0,5,8,7,1
19372,180046,0.83,0,4,7,7,1
19373,180060,3.16,0,9,12,14,1
19374,180067,1.38,0,5,8,7,1
19375,180075,1.87,0,6,9,8,1
19376,180082,1.93,0,6,9,7,1
19377,180084,-0.52,0,1,4,2,1
19378,180087,-0.03,0,2,5,3,1
19379,180101,2.61,0,8,11,14,1
19380,180104,-0.03,0,2,5,3,1
19381,180113,2.91,0,8,11,9,1
19382,180115,-0.52,0,1,4,2,1
19383,180128,4.32,0,11,14,13,1
19384,180136,2.42,0,7,10,8,1
19385,180146,2.3,0,7,10,10,1
19386,180166,3.9,0,11,14,20,1
19387,180171,0.95,0,4,7,5,1
19388,180172,-1.01,0,0,3,1,1
19389,180179,1.93,0,6,9,7,1
19390,180188,2.36,0,7,10,9,1
19391,180194,0.89,0,4,7,6,1
19392,180211,3.53,0,10,13,17,1
19393,180213,-0.52,0,1,4,2,1
19394,180216,-0.03,0,2,5,3,1
19395,180227,1.69,0,6,9,11,1
19396,180230,-0.03,0,2,5,3,1
19397,180236,0.89,0,4,7,6,1
19398,180251,3.65,0,10,13,15,1
19399,180254,-0.03,0,2,5,3,1
19400,180262,1.87,0,6,9,8,1
19401,180265,-0.03,0,2,5,3,1
19402,180272,1.38,0,5,8,7,1
19403,180275,-0.03,0,2,5,3,1
19404,180290,4.2,0,11,14,15,1
19405,180291,-1.01,0,0,3,1,1
19406,180296,0.95,0,4,7,5,1
19407,180299,-0.03,0,2,5,3,1
19408,180332,7.52,0,19,22,33,1
19409,180336,0.46,0,3,6,4,1
19410,180337,-1.01,0,0,3,1,1
19411,180338,-1.01,0,0,3,1,1
19412,180350,3.28,0,9,12,12,1
19413,180370,5.0,0,13,16,20,1
19414,180398,3.97,0,12,15,28,1
19415,180415,4.63,0,12,15,17,1
19416,180419,0.46,0,3,6,4,1
19417,180422,-0.03,0,2,5,3,1
19418,180429,1.38,0,5,8,7,1
19419,180430,-1.01,0,0,3,1,1
19420,180432,-0.52,0,1,4,2,1
19421,180433,-1.01,0,0,3,1,1
19422,180438,0.95,0,4,7,5,1
19423,180441,-0.03,0,2,5,3,1
19424,180448,1.93,0,6,9,7,1
19425,180449,-1.01,0,0,3,1,1
19426,180453,0.46,0,3,6,4,1
19427,180514,5.29,0,18,21,61,1
19428,180519,0.95,0,4,7,5,1
19429,180543,5.31,0,14,17,24,1
19430,180546,-0.03,0,2,5,3,1
19431,180549,-0.03,0,2,5,3,1
19432,180553,0.46,0,3,6,4,1
19433,180582,5.56,0,15,18,29,1
19434,180583,-1.01,0,0,3,1,1
19435,180600,4.08,0,11,14,17,1
19436,180605,0.4,0,3,6,5,1
19437,180614,2.36,0,7,10,9,1
19438,180620,0.89,0,4,7,6,1
19439,180621,-1.01,0,0,3,1,1
19440,180633,2.73,0,8,11,12,1
19441,180647,4.26,0,11,14,14,1
19442,180654,1.38,0,5,8,7,1
19443,180670,3.59,0,10,13,16,1
19444,180674,-0.09,0,2,5,4,1
19445,180681,0.83,0,4,7,7,1
19446,180687,1.44,0,5,8,6,1
19447,180688,-1.01,0,0,3,1,1
19448,180700,3.83,0,10,13,12,1
19449,180702,-0.52,0,1,4,2,1
19450,180703,-1.01,0,0,3,1,1
19451,180704,-1.01,0,0,3,1,1
19452,180706,-0.52,0,1,4,2,1
19453,180716,1.75,0,6,9,10,1
19454,180723,1.93,0,6,9,7,1
19455,180738,3.65,0,10,13,15,1
19456,180750,3.83,0,10,13,12,1
19457,180753,-0.03,0,2,5,3,1
19458,180759,0.34,0,3,6,6,1
19459,180760,-1.01,0,0,3,1,1
19460,180768,1.32,0,5,8,8,1
19461,180775,1.93,0,6,9,7,1
19462,180776,-1.01,0,0,3,1,1
19463,180777,-1.01,0,0,3,1,1
19464,180786,2.36,0,7,10,9,1
19465,180796,1.75,0,6,9,10,1
19466,180802,0.89,0,4,7,6,1
19467,180805,-0.03,0,2,5,3,1
19468,180820,3.65,0,10,13,15,1
19469,180836,3.59,0,10,13,16,1
19470,180848,3.28,0,9,12,12,1
19471,180883,6.85,0,18,21,35,1
19472,180886,-0.03,0,2,5,3,1
19473,180890,0.46,0,3,6,4,1
19474,180891,-1.01,0,0,3,1,1
19475,180893,-0.52,0,1,4,2,1
19476,180903,3.4,0,9,12,10,1
19477,180912,2.36,0,7,10,9,1
19478,180943,7.09,0,18,21,31,1
19479,180944,-1.01,0,0,3,1,1
19480,180956,3.28,0,9,12,12,1
19481,180957,-1.01,0,0,3,1,1
19482,180964,1.93,0,6,9,7,1
19483,180986,4.88,0,13,16,22,1
19484,180996,2.85,0,8,11,10,1
19485,181007,2.79,0,8,11,11,1
19486,181015,0.77,0,4,7,8,1
19487,181016,-1.01,0,0,3,1,1
19488,181022,1.44,0,5,8,6,1
19489,181028,1.44,0,5,8,6,1
19490,181029,-1.01,0,0,3,1,1
19491,181034,0.95,0,4,7,5,1
19492,181057,5.92,0,15,18,23,1
19493,181068,3.89,0,10,13,11,1
19494,181087,4.51,0,12,15,19,1
19495,181093,0.89,0,4,7,6,1
19496,181094,-1.01,0,0,3,1,1
19497,181096,-0.52,0,1,4,2,1
19498,181101,-0.15,0,2,5,5,1
19499,181109,1.32,0,5,8,8,1
19500,181112,-0.03,0,2,5,3,1
19501,181121,2.36,0,7,10,9,1
19502,181126,0.95,0,4,7,5,1
19503,181211,4.95,0,20,23,85,1
19504,181214,-0.03,0,2,5,3,1
19505,181219,0.95,0,4,7,5,1
19506,181245,5.19,0,14,17,26,1
19507,181250,0.95,0,4,7,5,1
19508,181252,-0.52,0,1,4,2,1
19509,181272,3.9,0,11,14,20,1
19510,181283,2.79,0,8,11,11,1
19511,181298,4.2,0,11,14,15,1
19512,181309,2.79,0,8,11,11,1
19513,181314,0.95,0,4,7,5,1
19514,181331,2.98,0,9,12,17,1
19515,181333,-0.52,0,1,4,2,1
19516,181339,0.89,0,4,7,6,1
19517,181349,2.3,0,7,10,10,1
19518,181351,-0.52,0,1,4,2,1
19519,181361,2.85,0,8,11,10,1
19520,181362,-1.01,0,0,3,1,1
19521,181364,-0.52,0,1,4,2,1
19522,181367,-0.03,0,2,5,3,1
19523,181369,-0.52,0,1,4,2,1
19524,181378,1.81,0,6,9,9,1
19525,181383,0.95,0,4,7,5,1
19526,181403,4.45,0,12,15,20,1
19527,181410,1.93,0,6,9,7,1
19528,181415,0.95,0,4,7,5,1
19529,181424,2.36,0,7,10,9,1
19530,181433,2.36,0,7,10,9,1
19531,181435,-0.52,0,1,4,2,1
19532,181452,2.98,0,9,12,17,1
19533,181455,-0.03,0,2,5,3,1
19534,181477,3.78,0,11,14,22,1
19535,181504,4.58,0,13,16,27,1
19536,181508,0.46,0,3,6,4,1
19537,181516,1.87,0,6,9,8,1
19538,181519,-0.03,0,2,5,3,1
19539,181535,2.49,0,8,11,16,1
19540,181545,3.4,0,9,12,10,1
19541,181553,2.42,0,7,10,8,1
19542,181554,-1.01,0,0,3,1,1
19543,181563,1.81,0,6,9,9,1
19544,181564,-1.01,0,0,3,1,1
19545,181569,0.95,0,4,7,5,1
19546,181587,5.12,0,13,16,18,1
19547,181624,3.98,0,13,16,37,1
19548,181625,-1.01,0,0,3,1,1
19549,181659,5.81,0,16,19,34,1
19550,181665,1.44,0,5,8,6,1
19551,181671,1.44,0,5,8,6,1
19552,181678,1.93,0,6,9,7,1
19553,181682,0.46,0,3,6,4,1
19554,181703,4.39,0,12,15,21,1
19555,181710,1.93,0,6,9,7,1
19556,181735,5.8,0,15,18,25,1
19557,181748,4.32,0,11,14,13,1
19558,181769,5.49,0,14,17,21,1
19559,181792,4.27,0,12,15,23,1
19560,181799,1.93,0,6,9,7,1
19561,181806,1.38,0,5,8,7,1
19562,181815,2.91,0,8,11,9,1
19563,181821,0.89,0,4,7,6,1
19564,181834,3.22,0,9,12,13,1
19565,181835,-1.01,0,0,3,1,1
19566,181838,-0.03,0,2,5,3,1
19567,181839,-1.01,0,0,3,1,1
19568,181847,2.42,0,7,10,8,1
19569,181849,-0.52,0,1,4,2,1
19570,181854,0.4,0,3,6,5,1
19571,181861,0.83,0,4,7,7,1
19572,181865,0.46,0,3,6,4,1
19573,181870,0.95,0,4,7,5,1
19574,181878,1.32,0,5,8,8,1
19575,181879,-1.01,0,0,3,1,1
19576,181884,0.95,0,4,7,5,1
19577,181887,-0.03,0,2,5,3,1
19578,181893,0.89,0,4,7,6,1
19579,181902,1.81,0,6,9,9,1
19580,181909,0.83,0,4,7,7,1
19581,181930,4.39,0,12,15,21,1
19582,181947,4.08,0,11,14,17,1
19583,181957,2.85,0,8,11,10,1
19584,181958,-1.01,0,0,3,1,1
19585,181959,-1.01,0,0,3,1,1
19586,181963,0.46,0,3,6,4,1
19587,181973,2.85,0,8,11,10,1
19588,181997,4.76,0,13,16,24,1
19589,182015,4.02,0,11,14,18,1
19590,182019,-0.09,0,2,5,4,1
19591,182024,0.95,0,4,7,5,1
19592,182026,-0.52,0,1,4,2,1
19593,182039,3.22,0,9,12,13,1
19594,182041,-0.52,0,1,4,2,1
19595,182059,5.12,0,13,16,18,1
19596,182060,-1.01,0,0,3,1,1
19597,182061,-1.01,0,0,3,1,1
19598,182073,2.73,0,8,11,12,1
19599,182097,4.21,0,12,15,24,1
19600,182103,0.89,0,4,7,6,1
19601,182108,0.95,0,4,7,5,1
19602,182115,0.83,0,4,7,7,1
19603,182129,4.26,0,11,14,14,1
19604,182137,1.87,0,6,9,8,1
19605,182138,-1.01,0,0,3,1,1
19606,182140,-0.52,0,1,4,2,1
19607,182141,-1.01,0,0,3,1,1
19608,182165,4.21,0,12,15,24,1
19609,182166,-1.01,0,0,3,1,1
19610,182167,-1.01,0,0,3,1,1
19611,182180,2.67,0,8,11,13,1
19612,182183,-0.03,0,2,5,3,1
19613,182195,2.73,0,8,11,12,1
19614,182197,-0.52,0,1,4,2,1
19615,182204,1.93,0,6,9,7,1
19616,182205,-1.01,0,0,3,1,1
19617,182207,-0.52,0,1,4,2,1
19618,182230,5.37,0,14,17,23,1
19619,182234,0.46,0,3,6,4,1
19620,182242,2.42,0,7,10,8,1
19621,182251,1.26,0,5,8,9,1
19622,182256,0.4,0,3,6,5,1
19623,182270,3.16,0,9,12,14,1
19624,182302,4.83,0,14,17,32,1
19625,182325,6.47,0,16,19,23,1
19626,182346,4.39,0,12,15,21,1
19627,182350,0.46,0,3,6,4,1
19628,182379,5.56,0,15,18,29,1
19629,182387,2.42,0,7,10,8,1
19630,182394,1.93,0,6,9,7,1
19631,182400,0.89,0,4,7,6,1
19632,182415,3.65,0,10,13,15,1
19633,182433,5.12,0,13,16,18,1
19634,182442,1.81,0,6,9,9,1
19635,182462,3.35,0,10,13,20,1
19636,182466,-0.09,0,2,5,4,1
19637,182475,1.81,0,6,9,9,1
19638,182478,-0.03,0,2,5,3,1
19639,182512,5.81,0,16,19,34,1
19640,182523,3.34,0,9,12,11,1
19641,182535,3.28,0,9,12,12,1
19642,182543,1.32,0,5,8,8,1
19643,182564,4.39,0,12,15,21,1
19644,182572,1.32,0,5,8,8,1
19645,182577,0.95,0,4,7,5,1
19646,182590,1.57,0,6,9,13,1
19647,182601,2.24,0,7,10,11,1
19648,182620,5.06,0,13,16,19,1
19649,182633,3.77,0,10,13,13,1
19650,182651,2.37,0,8,11,18,1
19651,182653,-0.52,0,1,4,2,1
19652,182664,2.24,0,7,10,11,1
19653,182676,3.83,0,10,13,12,1
19654,182677,-1.01,0,0,3,1,1
19655,182703,4.09,0,12,15,26,1
19656,182737,6.91,0,18,21,34,1
19657,182740,-0.03,0,2,5,3,1
19658,182743,-0.58,0,1,4,3,1
19659,182747,0.46,0,3,6,4,1
19660,182757,2.3,0,7,10,10,1
19661,182777,3.9,0,11,14,20,1
19662,182810,6.42,0,17,20,33,1
19663,182844,5.81,0,16,19,34,1
19664,182853,2.36,0,7,10,9,1
19665,182857,0.46,0,3,6,4,1
19666,182862,0.95,0,4,7,5,1
19667,182863,-1.01,0,0,3,1,1
19668,182877,3.71,0,10,13,14,1
19669,182902,4.15,0,12,15,25,1
19670,182905,-0.03,0,2,5,3,1
19671,182909,0.46,0,3,6,4,1
19672,182917,1.32,0,5,8,8,1
19673,182918,-1.01,0,0,3,1,1
19674,182927,1.26,0,5,8,9,1
19675,182948,4.94,0,13,16,21,1
19676,182949,-1.01,0,0,3,1,1
19677,182959,1.75,0,6,9,10,1
19678,182974,2.55,0,8,11,15,1
19679,182986,2.18,0,7,10,12,1
19680,182993,1.93,0,6,9,7,1
19681,182998,0.4,0,3,6,5,1
19682,183013,3.65,0,10,13,15,1
19683,183022,2.36,0,7,10,9,1
19684,183030,2.42,0,7,10,8,1
19685,183045,4.2,0,11,14,15,1
19686,183058,2.67,0,8,11,13,1
19687,183068,2.3,0,7,10,10,1
19688,183074,0.89,0,4,7,6,1
19689,183089,4.2,0,11,14,15,1
19690,183102,1.57,0,6,9,13,1
19691,183106,0.46,0,3,6,4,1
19692,183128,4.88,0,13,16,22,1
19693,183138,2.85,0,8,11,10,1
19694,183160,4.88,0,13,16,22,1
19695,183184,3.66,0,11,14,24,1
19696,183229,4.05,0,14,17,45,1
19697,183231,-0.52,0,1,4,2,1
19698,183232,-1.01,0,0,3,1,1
19699,183241,2.36,0,7,10,9,1
19700,183257,1.94,0,7,10,16,1
19701,183259,-0.52,0,1,4,2,1
19702,183274,3.65,0,10,13,15,1
19703,183283,2.36,0,7,10,9,1
19704,183284,-1.01,0,0,3,1,1
19705,183291,1.93,0,6,9,7,1
19706,183299,1.87,0,6,9,8,1
19707,183309,3.4,0,9,12,10,1
19708,183328,3.96,0,11,14,19,1
19709,183330,-0.52,0,1,4,2,1
19710,183334,0.46,0,3,6,4,1
19711,183340,1.44,0,5,8,6,1
19712,183343,-0.03,0,2,5,3,1
19713,183353,3.4,0,9,12,10,1
19714,183356,-0.03,0,2,5,3,1
19715,183357,-1.01,0,0,3,1,1
19716,183362,0.4,0,3,6,5,1
19717,183364,-0.52,0,1,4,2,1
19718,183367,-0.03,0,2,5,3,1
19719,183372,0.95,0,4,7,5,1
19720,183378,0.89,0,4,7,6,1
19721,183383,0.4,0,3,6,5,1
19722,183397,3.16,0,9,12,14,1
19723,183399,-0.52,0,1,4,2,1
19724,183401,-0.52,0,1,4,2,1
19725,183419,3.47,0,10,13,18,1
19726,183425,0.89,0,4,7,6,1
19727,183432,1.93,0,6,9,7,1
19728,183433,-1.01,0,0,3,1,1
19729,183438,0.95,0,4,7,5,1
19730,183447,2.36,0,7,10,9,1
19731,183450,-0.03,0,2,5,3,1
19732,183452,-0.52,0,1,4,2,1
19733,183470,4.02,0,11,14,18,1
19734,183471,-1.01,0,0,3,1,1
19735,183474,-0.03,0,2,5,3,1
19736,183479,0.95,0,4,7,5,1
19737,183486,1.38,0,5,8,7,1
19738,183503,2.98,0,9,12,17,1
19739,183509,0.89,0,4,7,6,1
19740,183510,-1.01,0,0,3,1,1
19741,183513,-0.03,0,2,5,3,1
19742,183516,-0.03,0,2,5,3,1
19743,183520,0.46,0,3,6,4,1
19744,183533,2.67,0,8,11,13,1
19745,183582,4.36,0,15,18,49,1
19746,183584,-0.52,0,1,4,2,1
19747,183585,-1.01,0,0,3,1,1
19748,183589,0.46,0,3,6,4,1
19749,183605,3.59,0,10,13,16,1
19750,183610,0.95,0,4,7,5,1
19751,183612,-0.52,0,1,4,2,1
19752,183613,-1.01,0,0,3,1,1
19753,183619,0.89,0,4,7,6,1
19754,183629,2.3,0,7,10,10,1
19755,183631,-0.52,0,1,4,2,1
19756,183632,-1.01,0,0,3,1,1
19757,183633,-1.01,0,0,3,1,1
19758,183640,0.83,0,4,7,7,1
19759,183648,0.77,0,4,7,8,1
19760,183691,7.47,0,20,23,43,1
19761,183692,-1.01,0,0,3,1,1
19762,183694,-0.52,0,1,4,2,1
19763,183697,-0.03,0,2,5,3,1
19764,183709,1.08,0,5,8,12,1
19765,183713,-0.09,0,2,5,4,1
19766,183719,1.44,0,5,8,6,1
19767,183727,1.87,0,6,9,8,1
19768,183734,1.93,0,6,9,7,1
19769,183738,0.46,0,3,6,4,1
19770,183741,-0.03,0,2,5,3,1
19771,183743,-0.52,0,1,4,2,1
19772,183744,-1.01,0,0,3,1,1
19773,183750,1.44,0,5,8,6,1
19774,183764,4.81,0,12,15,14,1
19775,183766,-0.52,0,1,4,2,1
19776,183772,0.89,0,4,7,6,1
19777,183782,2.85,0,8,11,10,1
19778,183788,1.44,0,5,8,6,1
19779,183797,1.81,0,6,9,9,1
19780,183802,0.95,0,4,7,5,1
19781,183804,-0.52,0,1,4,2,1
19782,183819,3.65,0,10,13,15,1
19783,183826,1.93,0,6,9,7,1
19784,183838,1.63,0,6,9,12,1
19785,183840,-0.52,0,1,4,2,1
19786,183847,1.38,0,5,8,7,1
19787,183850,-0.03,0,2,5,3,1
19788,183859,2.91,0,8,11,9,1
19789,183887,6.72,0,17,20,28,1
19790,183894,1.93,0,6,9,7,1
19791,183918,5.31,0,14,17,24,1
19792,183924,1.44,0,5,8,6,1
19793,183944,3.9,0,11,14,20,1
19794,183945,-1.01,0,0,3,1,1
19795,183974,5.01,0,14,17,29,1
19796,183975,-1.01,0,0,3,1,1
19797,183984,1.81,0,6,9,9,1
19798,183988,0.46,0,3,6,4,1
19799,183989,-1.01,0,0,3,1,1
19800,183992,-0.03,0,2,5,3,1
19801,183995,-0.03,0,2,5,3,1
19802,184020,4.15,0,12,15,25,1
19803,184027,1.38,0,5,8,7,1
19804,184033,1.44,0,5,8,6,1
19805,184039,0.89,0,4,7,6,1
19806,184116,9.48,1,22,25,77,0
19807,184133,3.53,0,10,13,17,1
19808,184136,-0.58,0,1,4,3,1
19809,184137,-1.01,0,0,3,1,1
19810,184140,-0.03,0,2,5,3,1
19811,184142,-0.52,0,1,4,2,1
19812,184144,-0.52,0,1,4,2,1
19813,184148,0.46,0,3,6,4,1
19814,184149,-1.01,0,0,3,1,1
19815,184159,2.3,0,7,10,10,1
19816,184168,1.81,0,6,9,9,1
19817,184174,0.89,0,4,7,6,1
19818,184180,0.89,0,4,7,6,1
19819,184185,0.95,0,4,7,5,1
19820,184188,-0.03,0,2,5,3,1
19821,184189,-1.01,0,0,3,1,1
19822,184194,0.95,0,4,7,5,1
19823,184196,-0.52,0,1,4,2,1
19824,184208,2.73,0,8,11,12,1
19825,184219,2.79,0,8,11,11,1
19826,184224,0.95,0,4,7,5,1
19827,184226,-0.52,0,1,4,2,1
19828,184247,2.74,0,9,12,21,1
19829,184251,0.46,0,3,6,4,1
19830,184266,3.65,0,10,13,15,1
19831,184273,1.93,0,6,9,7,1
19832,184284,2.24,0,7,10,11,1
19833,184285,-1.01,0,0,3,1,1
19834,184303,2.92,0,9,12,18,1
19835,184306,-0.03,0,2,5,3,1
19836,184311,0.95,0,4,7,5,1
19837,184318,1.38,0,5,8,7,1
19838,184327,2.91,0,8,11,9,1
19839,184339,3.28,0,9,12,12,1
19840,184341,-0.52,0,1,4,2,1
19841,184343,-0.52,0,1,4,2,1
19842,184344,-1.01,0,0,3,1,1
19843,184346,-0.52,0,1,4,2,1
19844,184357,2.79,0,8,11,11,1
19845,184360,-0.03,0,2,5,3,1
19846,184364,0.46,0,3,6,4,1
19847,184368,0.46,0,3,6,4,1
19848,184372,0.46,0,3,6,4,1
19849,184385,3.22,0,9,12,13,1
19850,184386,-1.01,0,0,3,1,1
19851,184387,-1.01,0,0,3,1,1
19852,184393,1.44,0,5,8,6,1
19853,184396,-0.03,0,2,5,3,1
19854,184416,4.45,0,12,15,20,1
19855,184442,5.19,0,14,17,26,1
19856,184449,0.83,0,4,7,7,1
19857,184466,4.63,0,12,15,17,1
19858,184468,-0.52,0,1,4,2,1
19859,184469,-1.01,0,0,3,1,1
19860,184474,0.95,0,4,7,5,1
19861,184484,2.85,0,8,11,10,1
19862,184490,0.89,0,4,7,6,1
19863,184496,0.89,0,4,7,6,1
19864,184498,-0.52,0,1,4,2,1
19865,184516,4.02,0,11,14,18,1
19866,184524,1.87,0,6,9,8,1
19867,184541,2.43,0,8,11,17,1
19868,184550,2.36,0,7,10,9,1
19869,184556,0.89,0,4,7,6,1
19870,184565,1.26,0,5,8,9,1
19871,184567,-0.52,0,1,4,2,1
19872,184581,3.71,0,10,13,14,1
19873,184585,0.46,0,3,6,4,1
19874,184588,-0.03,0,2,5,3,1
19875,184592,-0.09,0,2,5,4,1
19876,184595,-0.03,0,2,5,3,1
19877,184614,5.61,0,14,17,19,1
19878,184630,3.04,0,9,12,16,1
19879,184631,-1.01,0,0,3,1,1
19880,184652,4.39,0,12,15,21,1
19881,184674,3.23,0,10,13,22,1
19882,184681,1.38,0,5,8,7,1
19883,184713,5.38,0,15,18,32,1
19884,184717,0.46,0,3,6,4,1
19885,184721,0.46,0,3,6,4,1
19886,184734,4.32,0,11,14,13,1
19887,184757,5.92,0,15,18,23,1
19888,184768,3.34,0,9,12,11,1
19889,184770,-0.52,0,1,4,2,1
19890,184771,-1.01,0,0,3,1,1
19891,184800,7.21,0,18,21,29,1
19892,184804,0.46,0,3,6,4,1
19893,184818,2.61,0,8,11,14,1
19894,184829,3.34,0,9,12,11,1
19895,184833,0.46,0,3,6,4,1
19896,184837,-0.09,0,2,5,4,1
19897,184841,-0.09,0,2,5,4,1
19898,184850,1.81,0,6,9,9,1
19899,184854,-0.09,0,2,5,4,1
19900,184860,1.44,0,5,8,6,1
19901,184861,-1.01,0,0,3,1,1
19902,184865,-0.09,0,2,5,4,1
19903,184867,-0.52,0,1,4,2,1
19904,184881,4.26,0,11,14,14,1
19905,184900,4.51,0,12,15,19,1
19906,184913,2.67,0,8,11,13,1
19907,184916,-0.03,0,2,5,3,1
19908,184917,-1.01,0,0,3,1,1
19909,184926,0.71,0,4,7,9,1
19910,184927,-1.01,0,0,3,1,1
19911,184932,0.95,0,4,7,5,1
19912,184936,0.46,0,3,6,4,1
19913,184950,2.06,0,7,10,14,1
19914,184951,-1.01,0,0,3,1,1
19915,184956,0.4,0,3,6,5,1
19916,184963,1.93,0,6,9,7,1
19917,184964,-1.01,0,0,3,1,1
19918,184971,1.38,0,5,8,7,1
19919,184972,-1.01,0,0,3,1,1
19920,184975,-0.03,0,2,5,3,1
19921,184989,4.26,0,11,14,14,1
19922,184991,-0.52,0,1,4,2,1
19923,184999,2.42,0,7,10,8,1
19924,185004,0.95,0,4,7,5,1
19925,185008,0.46,0,3,6,4,1
19926,185011,-0.03,0,2,5,3,1
19927,185022,2.24,0,7,10,11,1
19928,185026,0.46,0,3,6,4,1
19929,185042,3.59,0,10,13,16,1
19930,185052,2.85,0,8,11,10,1
19931,185067,2.0,0,7,10,15,1
19932,185069,-0.52,0,1,4,2,1
19933,185085,3.04,0,9,12,16,1
19934,185091,1.44,0,5,8,6,1
19935,185097,0.89,0,4,7,6,1
19936,185110,3.22,0,9,12,13,1
19937,185155,6.25,0,18,21,45,1
19938,185178,5.37,0,14,17,23,1
19939,185183,0.95,0,4,7,5,1
19940,185185,-0.52,0,1,4,2,1
19941,185197,2.18,0,7,10,12,1
19942,185230,5.87,0,16,19,33,1
19943,185250,3.35,0,10,13,20,1
19944,185258,1.87,0,6,9,8,1
19945,185259,-1.01,0,0,3,1,1
19946,185263,-0.09,0,2,5,4,1
19947,185266,-0.03,0,2,5,3,1
19948,185270,-0.09,0,2,5,4,1
19949,185276,1.44,0,5,8,6,1
19950,185288,2.18,0,7,10,12,1
19951,185327,5.51,0,16,19,39,1
19952,185333,-0.21,0,2,5,6,1
19953,185334,-1.01,0,0,3,1,1
19954,185339,0.95,0,4,7,5,1
19955,185341,-0.52,0,1,4,2,1
19956,185361,5.0,0,13,16,20,1
19957,185376,2.55,0,8,11,15,1
19958,185407,5.99,0,16,19,31,1
19959,185409,-0.52,0,1,4,2,1
19960,185433,3.66,0,11,14,24,1
19961,185443,2.3,0,7,10,10,1
19962,185470,4.58,0,13,16,27,1
19963,185479,2.91,0,8,11,9,1
19964,185482,-0.03,0,2,5,3,1
19965,185484,-0.52,0,1,4,2,1
19966,185489,0.95,0,4,7,5,1
19967,185498,2.36,0,7,10,9,1
19968,185499,-1.01,0,0,3,1,1
19969,185521,3.78,0,11,14,22,1
19970,185535,2.06,0,7,10,14,1
19971,185539,0.46,0,3,6,4,1
19972,185541,-0.52,0,1,4,2,1
19973,185546,0.95,0,4,7,5,1
19974,185561,3.65,0,10,13,15,1
19975,185574,3.77,0,10,13,13,1
19976,185577,-0.03,0,2,5,3,1
19977,185582,0.95,0,4,7,5,1
19978,185588,1.44,0,5,8,6,1
19979,185636,5.52,0,17,20,48,1
19980,185658,2.68,0,9,12,22,1
19981,185660,-0.52,0,1,4,2,1
19982,185663,-0.03,0,2,5,3,1
19983,185676,2.67,0,8,11,13,1
19984,185700,4.21,0,12,15,24,1
19985,185703,-0.03,0,2,5,3,1
19986,185711,1.32,0,5,8,8,1
19987,185712,-1.01,0,0,3,1,1
19988,185727,3.1,0,9,12,15,1
19989,185779,5.28,0,17,20,52,1
19990,185780,-1.01,0,0,3,1,1
19991,185781,-1.01,0,0,3,1,1
19992,185782,-1.01,0,0,3,1,1
19993,185801,3.96,0,11,14,19,1
19994,185807,0.89,0,4,7,6,1
19995,185812,0.4,0,3,6,5,1
19996,185813,-1.01,0,0,3,1,1
19997,185814,-1.01,0,0,3,1,1
19998,185850,6.24,0,17,20,36,1
19999,185867,4.63,0,12,15,17,1
20000,185869,-0.52,0,1,4,2,1
20001,185872,-0.03,0,2,5,3,1
20002,185880,2.42,0,7,10,8,1
20003,185887,1.93,0,6,9,7,1
20004,185913,5.19,0,14,17,26,1
20005,185930,4.08,0,11,14,17,1
20006,185937,1.38,0,5,8,7,1
20007,185939,-0.52,0,1,4,2,1
20008,185963,3.66,0,11,14,24,1
20009,185972,2.36,0,7,10,9,1
20010,185977,0.95,0,4,7,5,1
20011,185987,2.85,0,8,11,10,1
20012,186015,6.72,0,17,20,28,1
20013,186018,-0.03,0,2,5,3,1
20014,186028,1.75,0,6,9,10,1
20015,186034,1.44,0,5,8,6,1
20016,186052,4.57,0,12,15,18,1
20017,186059,1.38,0,5,8,7,1
20018,186078,3.41,0,10,13,19,1
20019,186086,2.42,0,7,10,8,1
20020,186092,0.89,0,4,7,6,1
20021,186096,0.46,0,3,6,4,1
20022,186100,0.46,0,3,6,4,1
20023,186112,2.73,0,8,11,12,1
20024,186127,2.0,0,7,10,15,1
20025,186129,-0.52,0,1,4,2,1
20026,186149,4.45,0,12,15,20,1
20027,186151,-0.52,0,1,4,2,1
20028,186162,3.34,0,9,12,11,1
20029,186172,2.3,0,7,10,10,1
20030,186184,2.18,0,7,10,12,1
20031,186197,3.22,0,9,12,13,1
20032,186199,-0.52,0,1,4,2,1
20033,186205,1.44,0,5,8,6,1
20034,186211,0.89,0,4,7,6,1
20035,186212,-1.01,0,0,3,1,1
20036,186222,2.3,0,7,10,10,1
20037,186238,3.04,0,9,12,16,1
20038,186242,0.46,0,3,6,4,1
20039,186261,6.16,0,15,18,19,1
20040,186277,4.69,0,12,15,16,1
20041,186280,-0.03,0,2,5,3,1
20042,186283,-0.03,0,2,5,3,1
20043,186288,0.95,0,4,7,5,1
20044,186300,1.63,0,6,9,12,1
20045,186322,4.88,0,13,16,22,1
20046,186325,-0.03,0,2,5,3,1
20047,186331,0.34,0,3,6,6,1
20048,186338,0.83,0,4,7,7,1
20049,186362,5.31,0,14,17,24,1
20050,186368,1.44,0,5,8,6,1
20051,186372,0.46,0,3,6,4,1
20052,186387,4.2,0,11,14,15,1
20053,186388,-1.01,0,0,3,1,1
20054,186411,4.27,0,12,15,23,1
20055,186413,-0.52,0,1,4,2,1
20056,186439,3.54,0,11,14,26,1
20057,186462,4.82,0,13,16,23,1
20058,186466,0.46,0,3,6,4,1
20059,186469,-0.03,0,2,5,3,1
20060,186473,0.46,0,3,6,4,1
20061,186491,3.47,0,10,13,18,1
20062,186503,3.28,0,9,12,12,1
20063,186563,5.9,0,19,22,60,1
20064,186564,-1.01,0,0,3,1,1
20065,186566,-0.52,0,1,4,2,1
20066,186570,0.46,0,3,6,4,1
20067,186583,3.22,0,9,12,13,1
20068,186593,2.85,0,8,11,10,1
20069,186594,-1.01,0,0,3,1,1
20070,186608,2.61,0,8,11,14,1
20071,186617,1.26,0,5,8,9,1
20072,186625,1.87,0,6,9,8,1
20073,186629,0.46,0,3,6,4,1
20074,186635,0.89,0,4,7,6,1
20075,186649,4.26,0,11,14,14,1
20076,186657,1.32,0,5,8,8,1
20077,186665,1.87,0,6,9,8,1
20078,186687,4.33,0,12,15,22,1
20079,186691,0.46,0,3,6,4,1
20080,186697,1.44,0,5,8,6,1
20081,186704,1.93,0,6,9,7,1
20082,186715,2.24,0,7,10,11,1
20083,186721,1.44,0,5,8,6,1
20084,186724,-0.03,0,2,5,3,1
20085,186728,0.46,0,3,6,4,1
20086,186737,2.91,0,8,11,9,1
20087,186746,0.71,0,4,7,9,1
20088,186755,1.26,0,5,8,9,1
20089,186775,6.1,0,15,18,20,1
20090,186776,-1.01,0,0,3,1,1
20091,186777,-1.01,0,0,3,1,1
20092,186779,-0.52,0,1,4,2,1
20093,186784,0.95,0,4,7,5,1
20094,186792,1.32,0,5,8,8,1
20095,186803,2.79,0,8,11,11,1
20096,186809,1.44,0,5,8,6,1
20097,186813,-0.09,0,2,5,4,1
20098,186836,3.72,0,11,14,23,1
20099,186847,1.69,0,6,9,11,1
20100,186876,7.21,0,18,21,29,1
20101,186879,-0.03,0,2,5,3,1
20102,186897,4.02,0,11,14,18,1
20103,186904,1.93,0,6,9,7,1
20104,186906,-0.52,0,1,4,2,1
20105,186908,-0.52,0,1,4,2,1
20106,186921,3.22,0,9,12,13,1
20107,186930,1.26,0,5,8,9,1
20108,186941,3.89,0,10,13,11,1
20109,186947,1.44,0,5,8,6,1
20110,186949,-0.52,0,1,4,2,1
20111,186967,2.37,0,8,11,18,1
20112,186986,3.96,0,11,14,19,1
20113,186988,-0.52,0,1,4,2,1
20114,186989,-1.01,0,0,3,1,1
20115,186999,2.85,0,8,11,10,1
20116,187000,-1.01,0,0,3,1,1
20117,187001,-1.01,0,0,3,1,1
20118,187020,5.06,0,13,16,19,1
20119,187039,5.61,0,14,17,19,1
20120,187040,-1.01,0,0,3,1,1
20121,187041,-1.01,0,0,3,1,1
20122,187044,-0.03,0,2,5,3,1
20123,187073,5.01,0,14,17,29,1
20124,187079,0.34,0,3,6,6,1
20125,187080,-1.01,0,0,3,1,1
20126,187082,-0.52,0,1,4,2,1
20127,187092,1.75,0,6,9,10,1
20128,187101,2.36,0,7,10,9,1
20129,187109,1.87,0,6,9,8,1
20130,187110,-1.01,0,0,3,1,1
20131,187111,-1.01,0,0,3,1,1
20132,187135,4.76,0,13,16,24,1
20133,187145,2.3,0,7,10,10,1
20134,187149,0.46,0,3,6,4,1
20135,187177,3.42,0,11,14,28,1
20136,187189,2.73,0,8,11,12,1
20137,187198,2.91,0,8,11,9,1
20138,187207,2.36,0,7,10,9,1
20139,187208,-1.01,0,0,3,1,1
20140,187229,5.49,0,14,17,21,1
20141,187232,-0.03,0,2,5,3,1
20142,187233,-1.01,0,0,3,1,1
20143,187240,1.93,0,6,9,7,1
20144,187262,5.43,0,14,17,22,1
20145,187265,-0.03,0,2,5,3,1
20146,187267,-0.52,0,1,4,2,1
20147,187268,-1.01,0,0,3,1,1
20148,187274,0.34,0,3,6,6,1
20149,187287,3.22,0,9,12,13,1
20150,187289,-0.52,0,1,4,2,1
20151,187294,0.95,0,4,7,5,1
20152,187314,5.0,0,13,16,20,1
20153,187317,-0.03,0,2,5,3,1
20154,187334,2.43,0,8,11,17,1
20155,187337,-0.03,0,2,5,3,1
20156,187342,0.95,0,4,7,5,1
20157,187349,1.93,0,6,9,7,1
20158,187355,1.44,0,5,8,6,1
20159,187357,-0.52,0,1,4,2,1
20160,187368,2.79,0,8,11,11,1
20161,187373,0.4,0,3,6,5,1
20162,187391,4.02,0,11,14,18,1
20163,187397,1.44,0,5,8,6,1
20164,187403,1.44,0,5,8,6,1
20165,187409,1.44,0,5,8,6,1
20166,187410,-1.01,0,0,3,1,1
20167,187417,1.38,0,5,8,7,1
20168,187427,2.3,0,7,10,10,1
20169,187433,0.89,0,4,7,6,1
20170,187488,2.9,0,13,16,55,1
20171,187495,1.38,0,5,8,7,1
20172,187497,-0.52,0,1,4,2,1
20173,187507,2.85,0,8,11,10,1
20174,187510,-0.03,0,2,5,3,1
20175,187519,2.91,0,8,11,9,1
20176,187524,0.95,0,4,7,5,1
20177,187529,0.4,0,3,6,5,1
20178,187532,-0.03,0,2,5,3,1
20179,187534,-0.52,0,1,4,2,1
20180,187566,4.28,0,13,16,32,1
20181,187568,-0.52,0,1,4,2,1
20182,187575,1.93,0,6,9,7,1
20183,187593,4.02,0,11,14,18,1
20184,187604,3.34,0,9,12,11,1
20185,187605,-1.01,0,0,3,1,1
20186,187632,4.58,0,13,16,27,1
20187,187633,-1.01,0,0,3,1,1
20188,187637,0.46,0,3,6,4,1
20189,187650,3.22,0,9,12,13,1
20190,187657,1.38,0,5,8,7,1
20191,187666,1.81,0,6,9,9,1
20192,187672,1.44,0,5,8,6,1
20193,187673,-1.01,0,0,3,1,1
20194,187676,-0.03,0,2,5,3,1
20195,187698,4.33,0,12,15,22,1
20196,187700,-0.52,0,1,4,2,1
20197,187708,2.42,0,7,10,8,1
20198,187711,-0.03,0,2,5,3,1
20199,187721,2.3,0,7,10,10,1
20200,187760,6.06,0,17,20,39,1
20201,187794,6.36,0,17,20,34,1
20202,187797,-0.03,0,2,5,3,1
20203,187803,0.34,0,3,6,6,1
20204,187808,0.4,0,3,6,5,1
20205,187815,1.38,0,5,8,7,1
20206,187827,2.18,0,7,10,12,1
20207,187871,6.86,0,19,22,44,1
20208,187882,2.24,0,7,10,11,1
20209,187911,6.11,0,16,19,29,1
20210,187946,6.85,0,18,21,35,1
20211,187952,1.44,0,5,8,6,1
20212,187955,-0.58,0,1,4,3,1
20213,187988,3.67,0,12,15,33,1
20214,187996,2.42,0,7,10,8,1
20215,188000,-0.09,0,2,5,4,1
20216,188006,0.89,0,4,7,6,1
20217,188008,-0.52,0,1,4,2,1
20218,188009,-1.01,0,0,3,1,1
20219,188014,0.95,0,4,7,5,1
20220,188020,0.89,0,4,7,6,1
20221,188034,3.16,0,9,12,14,1
20222,188037,-0.03,0,2,5,3,1
20223,188052,2.55,0,8,11,15,1
20224,188053,-1.01,0,0,3,1,1
20225,188060,1.38,0,5,8,7,1
20226,188061,-1.01,0,0,3,1,1
20227,188066,0.95,0,4,7,5,1
20228,188098,5.38,0,15,18,32,1
20229,188122,4.76,0,13,16,24,1
20230,188127,0.4,0,3,6,5,1
20231,188134,1.93,0,6,9,7,1
20232,188137,-0.03,0,2,5,3,1
20233,188139,-0.52,0,1,4,2,1
20234,188142,-0.03,0,2,5,3,1
20235,188155,3.22,0,9,12,13,1
20236,188156,-1.01,0,0,3,1,1
20237,188158,-0.52,0,1,4,2,1
20238,188188,4.95,0,14,17,30,1
20239,188195,1.93,0,6,9,7,1
20240,188200,0.95,0,4,7,5,1
20241,188203,-0.03,0,2,5,3,1
20242,188204,-1.01,0,0,3,1,1
20243,188205,-1.01,0,0,3,1,1
20244,188213,1.87,0,6,9,8,1
20245,188250,6.18,0,17,20,37,1
20246,188262,2.73,0,8,11,12,1
20247,188263,-1.01,0,0,3,1,1
20248,188264,-1.01,0,0,3,1,1
20249,188271,1.38,0,5,8,7,1
20250,188286,3.65,0,10,13,15,1
20251,188307,3.84,0,11,14,21,1
20252,188308,-1.01,0,0,3,1,1
20253,188312,-0.09,0,2,5,4,1
20254,188465,1.42,0,21,24,153,1
20255,188483,4.57,0,12,15,18,1
20256,188485,-0.52,0,1,4,2,1
20257,188486,-1.01,0,0,3,1,1
20258,188517,4.89,0,14,17,31,1
20259,188518,-1.01,0,0,3,1,1
20260,188532,3.71,0,10,13,14,1
20261,188536,0.46,0,3,6,4,1
20262,188539,-0.03,0,2,5,3,1
20263,188549,2.3,0,7,10,10,1
20264,188553,0.46,0,3,6,4,1
20265,188557,0.46,0,3,6,4,1
20266,188567,2.3,0,7,10,10,1
20267,188589,3.23,0,10,13,22,1
20268,188604,3.65,0,10,13,15,1
20269,188606,-0.52,0,1,4,2,1
20270,188621,4.2,0,11,14,15,1
20271,188693,4.08,0,17,20,72,1
20272,188699,1.44,0,5,8,6,1
20273,188710,1.69,0,6,9,11,1
20274,188713,-0.03,0,2,5,3,1
20275,188715,-0.52,0,1,4,2,1
20276,188717,-0.52,0,1,4,2,1
20277,188742,6.9,0,17,20,25,1
20278,188746,0.46,0,3,6,4,1
20279,188781,5.75,0,16,19,35,1
20280,188787,1.44,0,5,8,6,1
20281,188789,-0.52,0,1,4,2,1
20282,188790,-1.01,0,0,3,1,1
20283,188792,-0.52,0,1,4,2,1
20284,188801,2.36,0,7,10,9,1
20285,188807,1.44,0,5,8,6,1
20286,188809,-0.52,0,1,4,2,1
20287,188818,1.81,0,6,9,9,1
20288,188855,5.63,0,16,19,37,1
20289,188863,2.42,0,7,10,8,1
20290,188869,1.44,0,5,8,6,1
20291,188874,0.95,0,4,7,5,1
20292,188876,-0.52,0,1,4,2,1
20293,188894,2.37,0,8,11,18,1
20294,188905,2.79,0,8,11,11,1
20295,188907,-0.52,0,1,4,2,1
20296,188910,-0.03,0,2,5,3,1
20297,188911,-1.01,0,0,3,1,1
20298,188924,3.22,0,9,12,13,1
20299,188938,3.16,0,9,12,14,1
20300,188939,-1.01,0,0,3,1,1
20301,188956,4.08,0,11,14,17,1
20302,188959,-0.03,0,2,5,3,1
20303,188964,0.95,0,4,7,5,1
20304,188968,0.46,0,3,6,4,1
20305,188993,4.7,0,13,16,25,1
20306,189000,1.38,0,5,8,7,1
20307,189013,2.12,0,7,10,13,1
20308,189015,-0.52,0,1,4,2,1
20309,189020,0.4,0,3,6,5,1
20310,189038,5.67,0,14,17,18,1
20311,189049,2.24,0,7,10,11,1
20312,189063,3.16,0,9,12,14,1
20313,189065,-0.52,0,1,4,2,1
20314,189127,5.23,0,18,21,62,1
20315,189129,-0.52,0,1,4,2,1
20316,189130,-1.01,0,0,3,1,1
20317,189168,6.12,0,17,20,38,1
20318,189173,0.95,0,4,7,5,1
20319,189177,0.46,0,3,6,4,1
20320,189178,-1.01,0,0,3,1,1
20321,189182,0.46,0,3,6,4,1
20322,189187,0.95,0,4,7,5,1
20323,189191,0.46,0,3,6,4,1
20324,189193,-0.52,0,1,4,2,1
20325,189197,0.46,0,3,6,4,1
20326,189198,-1.01,0,0,3,1,1
20327,189200,-0.52,0,1,4,2,1
20328,189224,4.21,0,12,15,24,1
20329,189240,4.69,0,12,15,16,1
20330,189247,1.38,0,5,8,7,1
20331,189251,0.46,0,3,6,4,1
20332,189262,2.24,0,7,10,11,1
20333,189266,0.46,0,3,6,4,1
20334,189285,4.51,0,12,15,19,1
20335,189297,3.28,0,9,12,12,1
20336,189299,-0.52,0,1,4,2,1
20337,189300,-1.01,0,0,3,1,1
20338,189302,-0.52,0,1,4,2,1
20339,189309,1.93,0,6,9,7,1
20340,189313,0.46,0,3,6,4,1
20341,189316,-0.03,0,2,5,3,1
20342,189382,4.99,0,18,21,66,1
20343,189394,3.83,0,10,13,12,1
20344,189402,1.32,0,5,8,8,1
20345,189407,0.4,0,3,6,5,1
20346,189418,2.24,0,7,10,11,1
20347,189419,-1.01,0,0,3,1,1
20348,189421,-0.52,0,1,4,2,1
20349,189427,1.44,0,5,8,6,1
20350,189429,-0.52,0,1,4,2,1
20351,189433,0.46,0,3,6,4,1
20352,189441,0.77,0,4,7,8,1
20353,189443,-0.52,0,1,4,2,1
20354,189449,0.89,0,4,7,6,1
20355,189451,-0.52,0,1,4,2,1
20356,189462,1.69,0,6,9,11,1
20357,189470,1.32,0,5,8,8,1
20358,189471,-1.01,0,0,3,1,1
20359,189483,3.28,0,9,12,12,1
20360,189501,3.47,0,10,13,18,1
20361,189507,0.89,0,4,7,6,1
20362,189516,2.36,0,7,10,9,1
20363,189528,2.73,0,8,11,12,1
20364,189530,-0.52,0,1,4,2,1
20365,189542,4.38,0,11,14,12,1
20366,189558,3.04,0,9,12,16,1
20367,189562,0.46,0,3,6,4,1
20368,189571,1.81,0,6,9,9,1
20369,189601,4.4,0,13,16,30,1
20370,189602,-1.01,0,0,3,1,1
20371,189607,0.95,0,4,7,5,1
20372,189609,-0.52,0,1,4,2,1
20373,189627,4.57,0,12,15,18,1
20374,189628,-1.01,0,0,3,1,1
20375,189638,2.85,0,8,11,10,1
20376,189643,0.95,0,4,7,5,1
20377,189667,3.11,0,10,13,24,1
20378,189678,1.14,0,5,8,11,1
20379,189713,5.2,0,15,18,35,1
20380,189720,1.38,0,5,8,7,1
20381,189725,0.95,0,4,7,5,1
20382,189733,1.32,0,5,8,8,1
20383,189734,-1.01,0,0,3,1,1
20384,189770,5.14,0,15,18,36,1
20385,189772,-0.52,0,1,4,2,1
20386,189779,1.93,0,6,9,7,1
20387,189780,-1.01,0,0,3,1,1
20388,189781,-1.01,0,0,3,1,1
20389,189814,7.52,0,19,22,33,1
20390,189816,-0.52,0,1,4,2,1
20391,189825,1.81,0,6,9,9,1
20392,189827,-0.52,0,1,4,2,1
20393,189830,-0.03,0,2,5,3,1
20394,189833,-0.03,0,2,5,3,1
20395,189836,-0.58,0,1,4,3,1
20396,189837,-1.01,0,0,3,1,1
20397,189849,3.28,0,9,12,12,1
20398,189856,1.93,0,6,9,7,1
20399,189857,-1.01,0,0,3,1,1
20400,189860,-0.03,0,2,5,3,1
20401,189861,-1.01,0,0,3,1,1
20402,189866,0.95,0,4,7,5,1
20403,189870,0.46,0,3,6,4,1
20404,189879,2.36,0,7,10,9,1
20405,189891,2.73,0,8,11,12,1
20406,189893,-0.52,0,1,4,2,1
20407,189894,-1.01,0,0,3,1,1
20408,189898,0.46,0,3,6,4,1
20409,189905,1.93,0,6,9,7,1
20410,189913,1.32,0,5,8,8,1
20411,189925,3.28,0,9,12,12,1
20412,189932,1.38,0,5,8,7,1
20413,189935,-0.03,0,2,5,3,1
20414,189951,2.49,0,8,11,16,1
20415,189955,0.46,0,3,6,4,1
20416,189970,3.65,0,10,13,15,1
20417,189973,-0.03,0,2,5,3,1
20418,189982,0.71,0,4,7,9,1
20419,189986,0.46,0,3,6,4,1
20420,189997,2.79,0,8,11,11,1
20421,190035,3.92,0,13,16,38,1
20422,190044,2.91,0,8,11,9,1
20423,190048,0.46,0,3,6,4,1
20424,190053,0.4,0,3,6,5,1
20425,190054,-1.01,0,0,3,1,1
20426,190056,-0.52,0,1,4,2,1
20427,190057,-1.01,0,0,3,1,1
20428,190062,0.95,0,4,7,5,1
20429,190073,3.34,0,9,12,11,1
20430,190107,6.91,0,18,21,34,1
20431,190148,6.49,0,18,21,41,1
20432,190163,3.65,0,10,13,15,1
20433,190164,-1.01,0,0,3,1,1
20434,190166,-0.52,0,1,4,2,1
20435,190171,0.95,0,4,7,5,1
20436,190173,-0.52,0,1,4,2,1
20437,190182,2.36,0,7,10,9,1
20438,190191,2.36,0,7,10,9,1
20439,190205,4.26,0,11,14,14,1
20440,190215,1.75,0,6,9,10,1
20441,190224,2.36,0,7,10,9,1
20442,190230,1.44,0,5,8,6,1
20443,190240,2.85,0,8,11,10,1
20444,190241,-1.01,0,0,3,1,1
20445,190245,0.46,0,3,6,4,1
20446,190246,-1.01,0,0,3,1,1
20447,190254,2.42,0,7,10,8,1
20448,190255,-1.01,0,0,3,1,1
20449,190268,3.22,0,9,12,13,1
20450,190270,-0.52,0,1,4,2,1
20451,190274,0.46,0,3,6,4,1
20452,190278,0.46,0,3,6,4,1
20453,190287,2.36,0,7,10,9,1
20454,190295,1.32,0,5,8,8,1
20455,190298,-0.03,0,2,5,3,1
20456,190316,3.47,0,10,13,18,1
20457,190318,-0.52,0,1,4,2,1
20458,190320,-0.52,0,1,4,2,1
20459,190322,-0.52,0,1,4,2,1
20460,190334,3.28,0,9,12,12,1
20461,190356,4.33,0,12,15,22,1
20462,190370,3.71,0,10,13,14,1
20463,190392,5.43,0,14,17,22,1
20464,190396,0.46,0,3,6,4,1
20465,190408,3.28,0,9,12,12,1
20466,190438,4.4,0,13,16,30,1
20467,190440,-0.52,0,1,4,2,1
20468,190441,-1.01,0,0,3,1,1
20469,190442,-1.01,0,0,3,1,1
20470,190472,4.4,0,13,16,30,1
20471,190473,-1.01,0,0,3,1,1
20472,190485,2.18,0,7,10,12,1
20473,190494,1.81,0,6,9,9,1
20474,190498,0.46,0,3,6,4,1
20475,190499,-1.01,0,0,3,1,1
20476,190500,-1.01,0,0,3,1,1
20477,190504,0.46,0,3,6,4,1
20478,190515,1.69,0,6,9,11,1
20479,190525,1.75,0,6,9,10,1
20480,190536,2.24,0,7,10,11,1
20481,190579,5.82,0,17,20,43,1
20482,190582,-0.03,0,2,5,3,1
20483,190590,1.87,0,6,9,8,1
20484,190627,6.18,0,17,20,37,1
20485,190665,6.67,0,18,21,38,1
20486,190698,5.87,0,16,19,33,1
20487,190703,0.95,0,4,7,5,1
20488,190704,-1.01,0,0,3,1,1
20489,190737,6.97,0,18,21,33,1
20490,190743,1.44,0,5,8,6,1
20491,190751,2.42,0,7,10,8,1
20492,190753,-0.52,0,1,4,2,1
20493,190759,1.44,0,5,8,6,1
20494,190762,-0.03,0,2,5,3,1
20495,190765,-0.03,0,2,5,3,1
20496,190768,-0.03,0,2,5,3,1
20497,190790,4.33,0,12,15,22,1
20498,190791,-1.01,0,0,3,1,1
20499,190826,5.75,0,16,19,35,1
20500,190853,5.68,0,15,18,27,1
20501,190864,2.79,0,8,11,11,1
20502,190876,3.28,0,9,12,12,1
20503,190880,0.46,0,3,6,4,1
20504,190891,2.79,0,8,11,11,1
20505,190904,2.67,0,8,11,13,1
20506,190907,-0.03,0,2,5,3,1
20507,190917,2.85,0,8,11,10,1
20508,190929,3.28,0,9,12,12,1
20509,190931,-0.52,0,1,4,2,1
20510,190941,1.75,0,6,9,10,1
20511,190947,0.89,0,4,7,6,1
20512,190950,-0.03,0,2,5,3,1
20513,190957,0.28,0,3,6,7,1
20514,190958,-1.01,0,0,3,1,1
20515,190960,-0.52,0,1,4,2,1
20516,190969,2.36,0,7,10,9,1
20517,190971,-0.52,0,1,4,2,1
20518,190974,-0.03,0,2,5,3,1
20519,190979,0.4,0,3,6,5,1
20520,190980,-1.01,0,0,3,1,1
20521,190984,0.46,0,3,6,4,1
20522,191011,4.03,0,12,15,27,1
20523,191017,0.89,0,4,7,6,1
20524,191057,4.35,0,14,17,40,1
20525,191062,0.4,0,3,6,5,1
20526,191065,-0.03,0,2,5,3,1
20527,191066,-1.01,0,0,3,1,1
20528,191069,-0.03,0,2,5,3,1
20529,191077,2.42,0,7,10,8,1
20530,191080,-0.03,0,2,5,3,1
20531,191082,-0.52,0,1,4,2,1
20532,191083,-1.01,0,0,3,1,1
20533,191086,-0.03,0,2,5,3,1
20534,191098,2.18,0,7,10,12,1
20535,191102,0.46,0,3,6,4,1
20536,191103,-1.01,0,0,3,1,1
20537,191109,0.89,0,4,7,6,1
20538,191114,0.95,0,4,7,5,1
20539,191126,3.28,0,9,12,12,1
20540,191129,-0.03,0,2,5,3,1
20541,191130,-1.01,0,0,3,1,1
20542,191135,0.4,0,3,6,5,1
20543,191146,0.59,0,4,7,11,1
20544,191165,3.96,0,11,14,19,1
20545,191180,3.65,0,10,13,15,1
20546,191183,-0.03,0,2,5,3,1
20547,191202,3.41,0,10,13,19,1
20548,191205,-0.03,0,2,5,3,1
20549,191207,-0.52,0,1,4,2,1
20550,191212,0.95,0,4,7,5,1
20551,191218,1.44,0,5,8,6,1
20552,191224,1.44,0,5,8,6,1
20553,191225,-1.01,0,0,3,1,1
20554,191232,1.38,0,5,8,7,1
20555,191237,0.95,0,4,7,5,1
20556,191239,-0.52,0,1,4,2,1
20557,191242,-0.03,0,2,5,3,1
20558,191252,3.4,0,9,12,10,1
20559,191263,1.69,0,6,9,11,1
20560,191265,-0.52,0,1,4,2,1
20561,191276,1.69,0,6,9,11,1
20562,191278,-0.52,0,1,4,2,1
20563,191293,3.1,0,9,12,15,1
20564,191297,0.46,0,3,6,4,1
20565,191299,-0.52,0,1,4,2,1
20566,191302,-0.03,0,2,5,3,1
20567,191318,4.14,0,11,14,16,1
20568,191324,1.44,0,5,8,6,1
20569,191327,-0.03,0,2,5,3,1
20570,191332,0.95,0,4,7,5,1
20571,191338,1.44,0,5,8,6,1
20572,191346,1.87,0,6,9,8,1
20573,191348,-0.52,0,1,4,2,1
20574,191354,1.44,0,5,8,6,1
20575,191355,-1.01,0,0,3,1,1
20576,191374,2.86,0,9,12,19,1
20577,191376,-0.52,0,1,4,2,1
20578,191380,0.46,0,3,6,4,1
20579,191381,-1.01,0,0,3,1,1
20580,191396,3.65,0,10,13,15,1
20581,191401,0.95,0,4,7,5,1
20582,191404,-0.03,0,2,5,3,1
20583,191416,2.18,0,7,10,12,1
20584,191463,6.13,0,18,21,47,1
20585,191482,2.86,0,9,12,19,1
20586,191545,2.97,0,14,17,63,1
20587,191551,1.44,0,5,8,6,1
20588,191558,1.93,0,6,9,7,1
20589,191560,-0.52,0,1,4,2,1
20590,191562,-0.52,0,1,4,2,1
20591,191565,-0.03,0,2,5,3,1
20592,191568,-0.03,0,2,5,3,1
20593,191580,3.28,0,9,12,12,1
20594,191582,-0.52,0,1,4,2,1
20595,191590,1.87,0,6,9,8,1
20596,191600,2.3,0,7,10,10,1
20597,191604,0.46,0,3,6,4,1
20598,191619,2.55,0,8,11,15,1
20599,191623,0.46,0,3,6,4,1
20600,191641,4.57,0,12,15,18,1
20601,191649,2.42,0,7,10,8,1
20602,191650,-1.01,0,0,3,1,1
20603,191665,3.1,0,9,12,15,1
20604,191674,1.81,0,6,9,9,1
20605,191679,0.4,0,3,6,5,1
20606,191698,3.96,0,11,14,19,1
20607,191761,5.72,0,19,22,63,1
20608,191767,0.89,0,4,7,6,1
20609,191768,-1.01,0,0,3,1,1
20610,191772,0.46,0,3,6,4,1
20611,191775,-0.03,0,2,5,3,1
20612,191779,0.46,0,3,6,4,1
20613,191792,3.77,0,10,13,13,1
20614,191796,0.46,0,3,6,4,1
20615,191823,5.13,0,14,17,27,1
20616,191830,1.93,0,6,9,7,1
20617,191854,4.76,0,13,16,24,1
20618,191875,3.84,0,11,14,21,1
20619,191894,4.51,0,12,15,19,1
20620,191895,-1.01,0,0,3,1,1
20621,191900,0.95,0,4,7,5,1
20622,191923,5.37,0,14,17,23,1
20623,191927,0.46,0,3,6,4,1
20624,191932,0.95,0,4,7,5,1
20625,191961,6.11,0,16,19,29,1
20626,191967,0.89,0,4,7,6,1
20627,191970,-0.03,0,2,5,3,1
20628,192013,5.82,0,17,20,43,1
20629,192014,-1.01,0,0,3,1,1
20630,192023,2.36,0,7,10,9,1
20631,192025,-0.52,0,1,4,2,1
20632,192030,0.4,0,3,6,5,1
20633,192032,-0.52,0,1,4,2,1
20634,192038,0.89,0,4,7,6,1
20635,192044,1.44,0,5,8,6,1
20636,192061,4.63,0,12,15,17,1
20637,192067,0.34,0,3,6,6,1
20638,192070,-0.03,0,2,5,3,1
20639,192071,-1.01,0,0,3,1,1
20640,192072,-1.01,0,0,3,1,1
20641,192082,2.85,0,8,11,10,1
20642,192085,-0.03,0,2,5,3,1
20643,192089,0.46,0,3,6,4,1
20644,192093,0.46,0,3,6,4,1
20645,192095,-0.52,0,1,4,2,1
20646,192099,0.46,0,3,6,4,1
20647,192110,2.24,0,7,10,11,1
20648,192125,3.65,0,10,13,15,1
20649,192127,-0.52,0,1,4,2,1
20650,192128,-1.01,0,0,3,1,1
20651,192135,1.93,0,6,9,7,1
20652,192137,-0.52,0,1,4,2,1
20653,192142,0.95,0,4,7,5,1
20654,192145,-0.03,0,2,5,3,1
20655,192155,2.85,0,8,11,10,1
20656,192162,1.93,0,6,9,7,1
20657,192169,1.93,0,6,9,7,1
20658,192173,0.46,0,3,6,4,1
20659,192179,0.89,0,4,7,6,1
20660,192181,-0.52,0,1,4,2,1
20661,192182,-1.01,0,0,3,1,1
20662,192183,-1.01,0,0,3,1,1
20663,192186,-0.03,0,2,5,3,1
20664,192192,1.44,0,5,8,6,1
20665,192194,-0.52,0,1,4,2,1
20666,192206,3.28,0,9,12,12,1
20667,192214,1.32,0,5,8,8,1
20668,192217,-0.03,0,2,5,3,1
20669,192219,-0.52,0,1,4,2,1
20670,192231,3.28,0,9,12,12,1
20671,192239,1.87,0,6,9,8,1
20672,192370,2.19,0,20,23,131,1
20673,192384,2.61,0,8,11,14,1
20674,192389,0.95,0,4,7,5,1
20675,192402,1.57,0,6,9,13,1
20676,192405,-0.03,0,2,5,3,1
20677,192409,0.46,0,3,6,4,1
20678,192411,-0.52,0,1,4,2,1
20679,192420,1.26,0,5,8,9,1
20680,192431,3.34,0,9,12,11,1
20681,192441,2.3,0,7,10,10,1
20682,192446,0.95,0,4,7,5,1
20683,192450,0.46,0,3,6,4,1
20684,192451,-1.01,0,0,3,1,1
20685,192452,-1.01,0,0,3,1,1
20686,192453,-1.01,0,0,3,1,1
20687,192455,-0.52,0,1,4,2,1
20688,192458,-0.03,0,2,5,3,1
20689,192459,-1.01,0,0,3,1,1
20690,192460,-1.01,0,0,3,1,1
20691,192471,2.79,0,8,11,11,1
20692,192478,0.28,0,3,6,7,1
20693,192486,1.87,0,6,9,8,1
20694,192488,-0.52,0,1,4,2,1
20695,192491,-0.03,0,2,5,3,1
20696,192494,-0.03,0,2,5,3,1
20697,192495,-1.01,0,0,3,1,1
20698,192500,0.95,0,4,7,5,1
20699,192504,-0.09,0,2,5,4,1
20700,192505,-1.01,0,0,3,1,1
20701,192510,0.95,0,4,7,5,1
20702,192519,2.36,0,7,10,9,1
20703,192524,0.95,0,4,7,5,1
20704,192525,-1.01,0,0,3,1,1
20705,192598,6.22,0,21,24,73,1
20706,192601,-0.03,0,2,5,3,1
20707,192603,-0.52,0,1,4,2,1
20708,192604,-1.01,0,0,3,1,1
20709,192627,4.27,0,12,15,23,1
20710,192645,3.47,0,10,13,18,1
20711,192667,5.43,0,14,17,22,1
20712,192669,-0.52,0,1,4,2,1
20713,192685,1.94,0,7,10,16,1
20714,192686,-1.01,0,0,3,1,1
20715,192696,2.85,0,8,11,10,1
20716,192715,3.41,0,10,13,19,1
20717,192728,3.77,0,10,13,13,1
20718,192750,4.88,0,13,16,22,1
20719,192756,1.44,0,5,8,6,1
20720,192761,0.4,0,3,6,5,1
20721,192771,2.3,0,7,10,10,1
20722,192777,1.44,0,5,8,6,1
20723,192778,-1.01,0,0,3,1,1
20724,192779,-1.01,0,0,3,1,1
20725,192788,2.91,0,8,11,9,1
20726,192809,3.84,0,11,14,21,1
20727,192815,1.44,0,5,8,6,1
20728,192818,-0.03,0,2,5,3,1
20729,192846,5.62,0,15,18,28,1
20730,192853,1.93,0,6,9,7,1
20731,192857,0.46,0,3,6,4,1
20732,192867,2.85,0,8,11,10,1
20733,192870,-0.03,0,2,5,3,1
20734,192876,1.44,0,5,8,6,1
20735,192878,-0.52,0,1,4,2,1
20736,192882,0.46,0,3,6,4,1
20737,192883,-1.01,0,0,3,1,1
20738,192891,1.32,0,5,8,8,1
20739,192898,1.38,0,5,8,7,1
20740,192899,-1.01,0,0,3,1,1
20741,192906,1.93,0,6,9,7,1
20742,192922,3.04,0,9,12,16,1
20743,192934,2.73,0,8,11,12,1
20744,192954,3.35,0,10,13,20,1
20745,192955,-1.01,0,0,3,1,1
20746,192956,-1.01,0,0,3,1,1
20747,192957,-1.01,0,0,3,1,1
20748,192968,3.34,0,9,12,11,1
20749,192973,0.95,0,4,7,5,1
20750,192984,3.34,0,9,12,11,1
20751,192987,-0.03,0,2,5,3,1
20752,192993,0.89,0,4,7,6,1
20753,193005,2.18,0,7,10,12,1
20754,193026,3.29,0,10,13,21,1
20755,193038,2.18,0,7,10,12,1
20756,193040,-0.52,0,1,4,2,1
20757,193044,0.46,0,3,6,4,1
20758,193049,0.95,0,4,7,5,1
20759,193053,0.46,0,3,6,4,1
20760,193083,6.6,0,17,20,30,1
20761,193110,6.78,0,17,20,27,1
20762,193114,0.46,0,3,6,4,1
20763,193120,1.44,0,5,8,6,1
20764,193124,0.46,0,3,6,4,1
20765,193129,0.95,0,4,7,5,1
20766,193137,1.87,0,6,9,8,1
20767,193144,1.38,0,5,8,7,1
20768,193145,-1.01,0,0,3,1,1
20769,193148,-0.03,0,2,5,3,1
20770,193152,0.46,0,3,6,4,1
20771,193158,1.44,0,5,8,6,1
20772,193194,2.94,0,11,14,36,1
20773,193202,1.87,0,6,9,8,1
20774,193210,1.87,0,6,9,8,1
20775,193213,-0.03,0,2,5,3,1
20776,193230,2.98,0,9,12,17,1
20777,193231,-1.01,0,0,3,1,1
20778,193243,1.63,0,6,9,12,1
20779,193273,5.5,0,15,18,30,1
20780,193274,-1.01,0,0,3,1,1
20781,193297,4.27,0,12,15,23,1
20782,193303,0.89,0,4,7,6,1
20783,193304,-1.01,0,0,3,1,1
20784,193310,1.44,0,5,8,6,1
20785,193311,-1.01,0,0,3,1,1
20786,193312,-1.01,0,0,3,1,1
20787,193334,3.78,0,11,14,22,1
20788,193344,2.3,0,7,10,10,1
20789,193348,0.46,0,3,6,4,1
20790,193366,2.37,0,8,11,18,1
20791,193367,-1.01,0,0,3,1,1
20792,193381,3.16,0,9,12,14,1
20793,193388,1.38,0,5,8,7,1
20794,193389,-1.01,0,0,3,1,1
20795,193402,3.77,0,10,13,13,1
20796,193404,-0.52,0,1,4,2,1
20797,193405,-1.01,0,0,3,1,1
20798,193411,0.89,0,4,7,6,1
20799,193427,1.94,0,7,10,16,1
20800,193429,-0.52,0,1,4,2,1
20801,193438,1.81,0,6,9,9,1
20802,193443,0.4,0,3,6,5,1
20803,193444,-1.01,0,0,3,1,1
20804,193449,0.4,0,3,6,5,1
20805,193460,2.79,0,8,11,11,1
20806,193464,-0.09,0,2,5,4,1
20807,193465,-1.01,0,0,3,1,1
20808,193473,1.87,0,6,9,8,1
20809,193498,5.8,0,15,18,25,1
20810,193510,3.28,0,9,12,12,1
20811,193513,-0.03,0,2,5,3,1
20812,193530,2.43,0,8,11,17,1
20813,193540,1.75,0,6,9,10,1
20814,193541,-1.01,0,0,3,1,1
20815,193542,-1.01,0,0,3,1,1
20816,193551,2.36,0,7,10,9,1
20817,193552,-1.01,0,0,3,1,1
20818,193568,3.59,0,10,13,16,1
20819,193570,-0.52,0,1,4,2,1
20820,193583,3.77,0,10,13,13,1
20821,193589,0.89,0,4,7,6,1
20822,193590,-1.01,0,0,3,1,1
20823,193593,-0.03,0,2,5,3,1
20824,193602,2.91,0,8,11,9,1
20825,193614,2.73,0,8,11,12,1
20826,193615,-1.01,0,0,3,1,1
20827,193616,-1.01,0,0,3,1,1
20828,193633,4.63,0,12,15,17,1
20829,193642,1.81,0,6,9,9,1
20830,193647,0.4,0,3,6,5,1
20831,193650,-0.03,0,2,5,3,1
20832,193658,2.42,0,7,10,8,1
20833,193660,-0.52,0,1,4,2,1
20834,193679,4.51,0,12,15,19,1
20835,193683,0.46,0,3,6,4,1
20836,193708,5.8,0,15,18,25,1
20837,193709,-1.01,0,0,3,1,1
20838,193718,2.91,0,8,11,9,1
20839,193720,-0.52,0,1,4,2,1
20840,193725,0.95,0,4,7,5,1
20841,193809,5.01,0,20,23,84,1
20842,193861,3.63,0,14,17,52,1
20843,193928,10.08,1,22,25,67,0
20844,193950,4.88,0,13,16,22,1
20845,193953,-0.03,0,2,5,3,1
20846,193995,5.33,0,16,19,42,1
20847,194020,3.6,0,11,14,25,1
20848,194026,1.44,0,5,8,6,1
20849,194081,6.2,0,19,22,55,1
20850,194085,0.46,0,3,6,4,1
20851,194087,-0.52,0,1,4,2,1
20852,194091,0.46,0,3,6,4,1
20853,194096,0.95,0,4,7,5,1
20854,194098,-0.52,0,1,4,2,1
20855,194139,5.39,0,16,19,41,1
20856,194144,0.95,0,4,7,5,1
20857,194145,-1.01,0,0,3,1,1
20858,194148,-0.03,0,2,5,3,1
20859,194150,-0.52,0,1,4,2,1
20860,194155,0.95,0,4,7,5,1
20861,194167,3.28,0,9,12,12,1
20862,194174,0.83,0,4,7,7,1
20863,194179,0.4,0,3,6,5,1
20864,194189,3.4,0,9,12,10,1
20865,194213,4.21,0,12,15,24,1
20866,194215,-0.52,0,1,4,2,1
20867,194216,-1.01,0,0,3,1,1
20868,194225,2.36,0,7,10,9,1
20869,194227,-0.52,0,1,4,2,1
20870,194235,1.87,0,6,9,8,1
20871,194237,-0.52,0,1,4,2,1
20872,194254,4.63,0,12,15,17,1
20873,194255,-1.01,0,0,3,1,1
20874,194260,0.95,0,4,7,5,1
20875,194262,-0.52,0,1,4,2,1
20876,194265,-0.03,0,2,5,3,1
20877,194267,-0.52,0,1,4,2,1
20878,194274,0.83,0,4,7,7,1
20879,194277,-0.03,0,2,5,3,1
20880,194283,1.44,0,5,8,6,1
20881,194289,0.89,0,4,7,6,1
20882,194290,-1.01,0,0,3,1,1
20883,194309,4.51,0,12,15,19,1
20884,194326,4.08,0,11,14,17,1
20885,194327,-1.01,0,0,3,1,1
20886,194328,-1.01,0,0,3,1,1
20887,194329,-1.01,0,0,3,1,1
20888,194331,-0.52,0,1,4,2,1
20889,194337,1.44,0,5,8,6,1
20890,194343,1.44,0,5,8,6,1
20891,194347,0.46,0,3,6,4,1
20892,194379,4.83,0,14,17,32,1
20893,194395,3.04,0,9,12,16,1
20894,194404,2.91,0,8,11,9,1
20895,194406,-0.52,0,1,4,2,1
20896,194417,0.59,0,4,7,11,1
20897,194420,-0.03,0,2,5,3,1
20898,194422,-0.52,0,1,4,2,1
20899,194437,4.2,0,11,14,15,1
20900,194452,2.0,0,7,10,15,1
20901,194459,0.83,0,4,7,7,1
20902,194475,2.49,0,8,11,16,1
20903,194483,1.87,0,6,9,8,1
20904,194493,2.85,0,8,11,10,1
20905,194502,1.81,0,6,9,9,1
20906,194503,-1.01,0,0,3,1,1
20907,194505,-0.52,0,1,4,2,1
20908,194506,-1.01,0,0,3,1,1
20909,194508,-0.52,0,1,4,2,1
20910,194509,-1.01,0,0,3,1,1
20911,194512,-0.03,0,2,5,3,1
20912,194521,2.36,0,7,10,9,1
20913,194524,-0.03,0,2,5,3,1
20914,194526,-0.52,0,1,4,2,1
20915,194529,-0.03,0,2,5,3,1
20916,194532,-0.03,0,2,5,3,1
20917,194534,-0.52,0,1,4,2,1
20918,194535,-1.01,0,0,3,1,1
20919,194537,-0.52,0,1,4,2,1
20920,194543,1.44,0,5,8,6,1
20921,194553,2.3,0,7,10,10,1
20922,194561,2.42,0,7,10,8,1
20923,194581,3.35,0,10,13,20,1
20924,194596,4.2,0,11,14,15,1
20925,194605,2.36,0,7,10,9,1
20926,194619,3.16,0,9,12,14,1
20927,194632,2.67,0,8,11,13,1
20928,194637,0.95,0,4,7,5,1
20929,194638,-1.01,0,0,3,1,1
20930,194639,-1.01,0,0,3,1,1
20931,194642,-0.03,0,2,5,3,1
20932,194672,4.95,0,14,17,30,1
20933,194674,-0.52,0,1,4,2,1
20934,194678,0.46,0,3,6,4,1
20935,194685,1.38,0,5,8,7,1
20936,194690,0.95,0,4,7,5,1
20937,194751,4.74,0,17,20,61,1
20938,194761,2.85,0,8,11,10,1
20939,194765,-0.09,0,2,5,4,1
20940,194779,2.61,0,8,11,14,1
20941,194784,-0.15,0,2,5,5,1
20942,194788,-0.09,0,2,5,4,1
20943,194803,3.65,0,10,13,15,1
20944,194805,-0.52,0,1,4,2,1
20945,194812,1.93,0,6,9,7,1
20946,194817,0.95,0,4,7,5,1
20947,194819,-0.52,0,1,4,2,1
20948,194820,-1.01,0,0,3,1,1
20949,194823,-0.03,0,2,5,3,1
20950,194862,6.61,0,18,21,39,1
20951,194863,-1.01,0,0,3,1,1
20952,194865,-0.52,0,1,4,2,1
20953,194869,0.46,0,3,6,4,1
20954,194877,1.87,0,6,9,8,1
20955,194884,1.93,0,6,9,7,1
20956,194905,3.29,0,10,13,21,1
20957,194906,-1.01,0,0,3,1,1
20958,194907,-1.01,0,0,3,1,1
20959,194911,0.46,0,3,6,4,1
20960,194944,6.42,0,17,20,33,1
20961,194945,-1.01,0,0,3,1,1
20962,194947,-0.52,0,1,4,2,1
20963,194973,5.19,0,14,17,26,1
20964,194987,3.16,0,9,12,14,1
20965,195004,4.08,0,11,14,17,1
20966,195016,3.83,0,10,13,12,1
20967,195022,0.89,0,4,7,6,1
20968,195027,0.95,0,4,7,5,1
20969,195031,0.46,0,3,6,4,1
20970,195038,0.83,0,4,7,7,1
20971,195042,0.46,0,3,6,4,1
20972,195051,2.91,0,8,11,9,1
20973,195052,-1.01,0,0,3,1,1
20974,195077,5.25,0,14,17,25,1
20975,195102,5.8,0,15,18,25,1
20976,195110,2.42,0,7,10,8,1
20977,195133,4.82,0,13,16,23,1
20978,195140,1.38,0,5,8,7,1
20979,195141,-1.01,0,0,3,1,1
20980,195143,-0.52,0,1,4,2,1
20981,195146,-0.03,0,2,5,3,1
20982,195147,-1.01,0,0,3,1,1
20983,195150,-0.03,0,2,5,3,1
20984,195155,0.95,0,4,7,5,1
20985,195180,3.6,0,11,14,25,1
20986,195184,0.46,0,3,6,4,1
20987,195208,6.41,0,16,19,24,1
20988,195209,-1.01,0,0,3,1,1
20989,195217,1.87,0,6,9,8,1
20990,195218,-1.01,0,0,3,1,1
20991,195222,0.46,0,3,6,4,1
20992,195241,5.06,0,13,16,19,1
20993,195251,2.3,0,7,10,10,1
20994,195252,-1.01,0,0,3,1,1
20995,195255,-0.03,0,2,5,3,1
20996,195258,-0.03,0,2,5,3,1
20997,195259,-1.01,0,0,3,1,1
20998,195266,1.38,0,5,8,7,1
20999,195271,0.95,0,4,7,5,1
21000,195276,0.95,0,4,7,5,1
21001,195282,1.44,0,5,8,6,1
21002,195307,6.9,0,17,20,25,1
21003,195317,1.75,0,6,9,10,1
21004,195328,2.24,0,7,10,11,1
21005,195336,2.42,0,7,10,8,1
21006,195345,1.81,0,6,9,9,1
21007,195346,-1.01,0,0,3,1,1
21008,195348,-0.52,0,1,4,2,1
21009,195357,2.91,0,8,11,9,1
21010,195371,4.26,0,11,14,14,1
21011,195379,1.87,0,6,9,8,1
21012,195380,-1.01,0,0,3,1,1
21013,195386,1.44,0,5,8,6,1
21014,195387,-1.01,0,0,3,1,1
21015,195391,0.46,0,3,6,4,1
21016,195414,3.17,0,10,13,23,1
21017,195441,5.13,0,14,17,27,1
21018,195454,3.77,0,10,13,13,1
21019,195462,2.42,0,7,10,8,1
21020,195518,6.14,0,19,22,56,1
21021,195520,-0.52,0,1,4,2,1
21022,195526,0.89,0,4,7,6,1
21023,195538,3.28,0,9,12,12,1
21024,195542,0.46,0,3,6,4,1
21025,195551,1.26,0,5,8,9,1
21026,195554,-0.03,0,2,5,3,1
21027,195560,0.89,0,4,7,6,1
21028,195562,-0.52,0,1,4,2,1
21029,195563,-1.01,0,0,3,1,1
21030,195566,-0.03,0,2,5,3,1
21031,195569,-0.03,0,2,5,3,1
21032,195576,1.93,0,6,9,7,1
21033,195577,-1.01,0,0,3,1,1
21034,195582,0.95,0,4,7,5,1
21035,195587,0.95,0,4,7,5,1
21036,195608,4.94,0,13,16,21,1
21037,195612,0.46,0,3,6,4,1
21038,195615,-0.03,0,2,5,3,1
21039,195626,2.24,0,7,10,11,1
21040,195647,3.84,0,11,14,21,1
21041,195653,0.89,0,4,7,6,1
21042,195657,-0.09,0,2,5,4,1
21043,195659,-0.52,0,1,4,2,1
21044,195661,-0.52,0,1,4,2,1
21045,195668,1.93,0,6,9,7,1
21046,195675,1.93,0,6,9,7,1
21047,195688,1.57,0,6,9,13,1
21048,195696,2.42,0,7,10,8,1
21049,195700,0.46,0,3,6,4,1
21050,195702,-0.52,0,1,4,2,1
21051,195704,-0.52,0,1,4,2,1
21052,195733,6.11,0,16,19,29,1
21053,195747,3.71,0,10,13,14,1
21054,195750,-0.03,0,2,5,3,1
21055,195757,0.83,0,4,7,7,1
21056,195773,4.14,0,11,14,16,1
21057,195776,-0.03,0,2,5,3,1
21058,195788,4.38,0,11,14,12,1
21059,195797,2.36,0,7,10,9,1
21060,195809,3.28,0,9,12,12,1
21061,195813,0.46,0,3,6,4,1
21062,195824,2.79,0,8,11,11,1
21063,195828,0.46,0,3,6,4,1
21064,195830,-0.52,0,1,4,2,1
21065,195832,-0.52,0,1,4,2,1
21066,195834,-0.52,0,1,4,2,1
21067,195835,-1.01,0,0,3,1,1
21068,195858,5.37,0,14,17,23,1
21069,195867,2.36,0,7,10,9,1
21070,195872,0.95,0,4,7,5,1
21071,195904,5.93,0,16,19,32,1
21072,195905,-1.01,0,0,3,1,1
21073,195906,-1.01,0,0,3,1,1
21074,195911,0.95,0,4,7,5,1
21075,195925,3.71,0,10,13,14,1
21076,195928,-0.03,0,2,5,3,1
21077,195930,-0.52,0,1,4,2,1
21078,195932,-0.52,0,1,4,2,1
21079,195937,0.95,0,4,7,5,1
21080,195942,0.95,0,4,7,5,1
21081,195954,2.73,0,8,11,12,1
21082,195960,1.44,0,5,8,6,1
21083,195962,-0.52,0,1,4,2,1
21084,195965,-0.03,0,2,5,3,1
21085,195986,4.94,0,13,16,21,1
21086,195989,-0.03,0,2,5,3,1
21087,195992,-0.03,0,2,5,3,1
21088,196013,3.84,0,11,14,21,1
21089,196031,5.12,0,13,16,18,1
21090,196036,0.95,0,4,7,5,1
21091,196040,-0.09,0,2,5,4,1
21092,196044,0.46,0,3,6,4,1
21093,196054,2.3,0,7,10,10,1
21094,196077,4.82,0,13,16,23,1
21095,196086,2.36,0,7,10,9,1
21096,196093,0.83,0,4,7,7,1
21097,196095,-0.52,0,1,4,2,1
21098,196101,1.44,0,5,8,6,1
21099,196107,0.89,0,4,7,6,1
21100,196136,5.56,0,15,18,29,1
21101,196144,1.32,0,5,8,8,1
21102,196149,0.4,0,3,6,5,1
21103,196153,-0.09,0,2,5,4,1
21104,196154,-1.01,0,0,3,1,1
21105,196160,0.89,0,4,7,6,1
21106,196164,0.46,0,3,6,4,1
21107,196173,1.81,0,6,9,9,1
21108,196178,0.95,0,4,7,5,1
21109,196180,-0.52,0,1,4,2,1
21110,196185,0.4,0,3,6,5,1
21111,196201,3.59,0,10,13,16,1
21112,196202,-1.01,0,0,3,1,1
21113,196212,3.4,0,9,12,10,1
21114,196213,-1.01,0,0,3,1,1
21115,196221,1.32,0,5,8,8,1
21116,196225,0.46,0,3,6,4,1
21117,196230,0.95,0,4,7,5,1
21118,196234,0.46,0,3,6,4,1
21119,196236,-0.52,0,1,4,2,1
21120,196252,3.59,0,10,13,16,1
21121,196258,1.44,0,5,8,6,1
21122,196270,2.73,0,8,11,12,1
21123,196274,0.46,0,3,6,4,1
21124,196291,4.08,0,11,14,17,1
21125,196319,5.62,0,15,18,28,1
21126,196324,0.95,0,4,7,5,1
21127,196345,6.04,0,15,18,21,1
21128,196349,0.46,0,3,6,4,1
21129,196356,1.93,0,6,9,7,1
21130,196361,0.95,0,4,7,5,1
21131,196391,6.6,0,17,20,30,1
21132,196396,0.4,0,3,6,5,1
21133,196426,4.95,0,14,17,30,1
21134,196432,1.44,0,5,8,6,1
21135,196433,-1.01,0,0,3,1,1
21136,196446,4.32,0,11,14,13,1
21137,196473,5.13,0,14,17,27,1
21138,196502,5.01,0,14,17,29,1
21139,196513,2.79,0,8,11,11,1
21140,196536,4.82,0,13,16,23,1
21141,196537,-1.01,0,0,3,1,1
21142,196555,4.57,0,12,15,18,1
21143,196562,1.38,0,5,8,7,1
21144,196570,1.87,0,6,9,8,1
21145,196571,-1.01,0,0,3,1,1
21146,196576,0.95,0,4,7,5,1
21147,196577,-1.01,0,0,3,1,1
21148,196579,-0.52,0,1,4,2,1
21149,196598,3.96,0,11,14,19,1
21150,196599,-1.01,0,0,3,1,1
21151,196618,4.51,0,12,15,19,1
21152,196622,0.46,0,3,6,4,1
21153,196624,-0.52,0,1,4,2,1
21154,196629,0.95,0,4,7,5,1
21155,196632,-0.03,0,2,5,3,1
21156,196633,-1.01,0,0,3,1,1
21157,196642,1.26,0,5,8,9,1
21158,196647,0.95,0,4,7,5,1
21159,196662,3.1,0,9,12,15,1
21160,196672,2.85,0,8,11,10,1
21161,196684,2.73,0,8,11,12,1
21162,196692,1.32,0,5,8,8,1
21163,196693,-1.01,0,0,3,1,1
21164,196696,-0.03,0,2,5,3,1
21165,196705,2.36,0,7,10,9,1
21166,196717,3.28,0,9,12,12,1
21167,196729,3.28,0,9,12,12,1
21168,196735,1.44,0,5,8,6,1
21169,196736,-1.01,0,0,3,1,1
21170,196737,-1.01,0,0,3,1,1
21171,196750,3.22,0,9,12,13,1
21172,196757,1.93,0,6,9,7,1
21173,196770,2.12,0,7,10,13,1
21174,196780,2.85,0,8,11,10,1
21175,196781,-1.01,0,0,3,1,1
21176,196783,-0.52,0,1,4,2,1
21177,196791,2.42,0,7,10,8,1
21178,196815,4.21,0,12,15,24,1
21179,196817,-0.52,0,1,4,2,1
21180,196832,2.55,0,8,11,15,1
21181,196833,-1.01,0,0,3,1,1
21182,196843,0.65,0,4,7,10,1
21183,196844,-1.01,0,0,3,1,1
21184,196846,-0.52,0,1,4,2,1
21185,196862,3.59,0,10,13,16,1
21186,196865,-0.03,0,2,5,3,1
21187,196927,5.78,0,19,22,62,1
21188,196942,3.65,0,10,13,15,1
21189,196944,-0.52,0,1,4,2,1
21190,196946,-0.52,0,1,4,2,1
21191,196964,4.02,0,11,14,18,1
21192,196968,0.46,0,3,6,4,1
21193,196970,-0.52,0,1,4,2,1
21194,197011,6.49,0,18,21,41,1
21195,197016,0.95,0,4,7,5,1
21196,197023,1.38,0,5,8,7,1
21197,197026,-0.03,0,2,5,3,1
21198,197038,1.08,0,5,8,12,1
21199,197046,1.32,0,5,8,8,1
21200,197055,2.91,0,8,11,9,1
21201,197057,-0.52,0,1,4,2,1
21202,197059,-0.52,0,1,4,2,1
21203,197079,5.0,0,13,16,20,1
21204,197080,-1.01,0,0,3,1,1
21205,197100,4.45,0,12,15,20,1
21206,197125,4.7,0,13,16,25,1
21207,197130,0.95,0,4,7,5,1
21208,197139,2.36,0,7,10,9,1
21209,197154,3.65,0,10,13,15,1
21210,197155,-1.01,0,0,3,1,1
21211,197156,-1.01,0,0,3,1,1
21212,197174,4.02,0,11,14,18,1
21213,197186,3.28,0,9,12,12,1
21214,197190,0.46,0,3,6,4,1
21215,197195,0.95,0,4,7,5,1
21216,197240,5.15,0,16,19,45,1
21217,197281,4.84,0,15,18,41,1
21218,197306,3.6,0,11,14,25,1
21219,197316,1.75,0,6,9,10,1
21220,197319,-0.03,0,2,5,3,1
21221,197329,2.3,0,7,10,10,1
21222,197332,-0.03,0,2,5,3,1
21223,197337,0.4,0,3,6,5,1
21224,197339,-0.52,0,1,4,2,1
21225,197340,-1.01,0,0,3,1,1
21226,197346,0.89,0,4,7,6,1
21227,197348,-0.52,0,1,4,2,1
21228,197353,0.95,0,4,7,5,1
21229,197354,-1.01,0,0,3,1,1
21230,197365,3.89,0,10,13,11,1
21231,197369,0.46,0,3,6,4,1
21232,197370,-1.01,0,0,3,1,1
21233,197396,5.19,0,14,17,26,1
21234,197400,0.46,0,3,6,4,1
21235,197423,4.27,0,12,15,23,1
21236,197427,0.46,0,3,6,4,1
21237,197439,3.28,0,9,12,12,1
21238,197444,0.95,0,4,7,5,1
21239,197453,1.81,0,6,9,9,1
21240,197457,0.46,0,3,6,4,1
21241,197459,-0.52,0,1,4,2,1
21242,197461,-0.52,0,1,4,2,1
21243,197463,-0.52,0,1,4,2,1
21244,197469,1.44,0,5,8,6,1
21245,197473,0.46,0,3,6,4,1
21246,197479,1.44,0,5,8,6,1
21247,197480,-1.01,0,0,3,1,1
21248,197481,-1.01,0,0,3,1,1
21249,197485,0.46,0,3,6,4,1
21250,197492,0.83,0,4,7,7,1
21251,197503,1.14,0,5,8,11,1
21252,197529,2.99,0,10,13,26,1
21253,197540,2.24,0,7,10,11,1
21254,197552,2.73,0,8,11,12,1
21255,197556,0.46,0,3,6,4,1
21256,197561,0.95,0,4,7,5,1
21257,197579,3.47,0,10,13,18,1
21258,197597,2.92,0,9,12,18,1
21259,197600,-0.03,0,2,5,3,1
21260,197610,3.4,0,9,12,10,1
21261,197621,2.79,0,8,11,11,1
21262,197633,3.28,0,9,12,12,1
21263,197635,-0.52,0,1,4,2,1
21264,197637,-0.52,0,1,4,2,1
21265,197662,4.7,0,13,16,25,1
21266,197679,4.63,0,12,15,17,1
21267,197681,-0.52,0,1,4,2,1
21268,197688,0.28,0,3,6,7,1
21269,197691,-0.03,0,2,5,3,1
21270,197715,4.21,0,12,15,24,1
21271,197776,4.74,0,17,20,61,1
21272,197779,-0.03,0,2,5,3,1
21273,197782,-0.03,0,2,5,3,1
21274,197789,0.83,0,4,7,7,1
21275,197803,3.71,0,10,13,14,1
21276,197805,-0.52,0,1,4,2,1
21277,197809,0.46,0,3,6,4,1
21278,197810,-1.01,0,0,3,1,1
21279,197813,-0.03,0,2,5,3,1
21280,197819,0.89,0,4,7,6,1
21281,197832,3.77,0,10,13,13,1
21282,197844,3.28,0,9,12,12,1
21283,197853,2.91,0,8,11,9,1
21284,197881,4.52,0,13,16,28,1
21285,197898,4.08,0,11,14,17,1
21286,197906,1.87,0,6,9,8,1
21287,197915,2.91,0,8,11,9,1
21288,197916,-1.01,0,0,3,1,1
21289,197926,2.85,0,8,11,10,1
21290,197939,3.77,0,10,13,13,1
21291,197949,2.3,0,7,10,10,1
21292,197961,2.73,0,8,11,12,1
21293,197968,1.93,0,6,9,7,1
21294,197984,4.69,0,12,15,16,1
21295,197988,0.46,0,3,6,4,1
21296,197992,0.46,0,3,6,4,1
21297,197999,0.83,0,4,7,7,1
21298,198008,1.81,0,6,9,9,1
21299,198018,2.3,0,7,10,10,1
21300,198033,3.65,0,10,13,15,1
21301,198037,0.46,0,3,6,4,1
21302,198040,-0.03,0,2,5,3,1
21303,198044,-0.09,0,2,5,4,1
21304,198049,0.95,0,4,7,5,1
21305,198053,0.46,0,3,6,4,1
21306,198054,-1.01,0,0,3,1,1
21307,198057,-0.03,0,2,5,3,1
21308,198062,0.95,0,4,7,5,1
21309,198074,3.28,0,9,12,12,1
21310,198098,4.76,0,13,16,24,1
21311,198110,1.63,0,6,9,12,1
21312,198118,1.87,0,6,9,8,1
21313,198119,-1.01,0,0,3,1,1
21314,198122,-0.03,0,2,5,3,1
21315,198123,-1.01,0,0,3,1,1
21316,198133,1.75,0,6,9,10,1
21317,198137,0.46,0,3,6,4,1
21318,198153,3.59,0,10,13,16,1
21319,198161,1.87,0,6,9,8,1
21320,198165,0.46,0,3,6,4,1
21321,198167,-0.52,0,1,4,2,1
21322,198184,3.53,0,10,13,17,1
21323,198188,0.46,0,3,6,4,1
21324,198192,0.46,0,3,6,4,1
21325,198194,-0.52,0,1,4,2,1
21326,198197,-0.03,0,2,5,3,1
21327,198199,-0.52,0,1,4,2,1
21328,198206,1.93,0,6,9,7,1
21329,198208,-0.52,0,1,4,2,1
21330,198209,-1.01,0,0,3,1,1
21331,198216,0.83,0,4,7,7,1
21332,198218,-0.52,0,1,4,2,1
21333,198220,-0.52,0,1,4,2,1
21334,198230,2.3,0,7,10,10,1
21335,198235,0.95,0,4,7,5,1
21336,198267,4.28,0,13,16,32,1
21337,198268,-1.01,0,0,3,1,1
21338,198270,-0.52,0,1,4,2,1
21339,198288,3.47,0,10,13,18,1
21340,198318,6.6,0,17,20,30,1
21341,198319,-1.01,0,0,3,1,1
21342,198332,2.67,0,8,11,13,1
21343,198337,0.95,0,4,7,5,1
21344,198338,-1.01,0,0,3,1,1
21345,198345,1.38,0,5,8,7,1
21346,198362,2.98,0,9,12,17,1
21347,198367,0.95,0,4,7,5,1
21348,198368,-1.01,0,0,3,1,1
21349,198383,3.65,0,10,13,15,1
21350,198401,2.37,0,8,11,18,1
21351,198405,-0.09,0,2,5,4,1
21352,198408,-0.03,0,2,5,3,1
21353,198410,-0.52,0,1,4,2,1
21354,198413,-0.03,0,2,5,3,1
21355,198421,0.22,0,3,6,8,1
21356,198435,3.16,0,9,12,14,1
21357,198448,2.12,0,7,10,13,1
21358,198450,-0.52,0,1,4,2,1
21359,198459,1.81,0,6,9,9,1
21360,198476,4.63,0,12,15,17,1
21361,198481,-0.15,0,2,5,5,1
21362,198510,5.56,0,15,18,29,1
21363,198529,3.41,0,10,13,19,1
21364,198549,4.45,0,12,15,20,1
21365,198566,3.53,0,10,13,17,1
21366,198569,-0.03,0,2,5,3,1
21367,198584,4.2,0,11,14,15,1
21368,198598,3.71,0,10,13,14,1
21369,198611,2.67,0,8,11,13,1
21370,198616,0.95,0,4,7,5,1
21371,198620,0.46,0,3,6,4,1
21372,198623,-0.03,0,2,5,3,1
21373,198624,-1.01,0,0,3,1,1
21374,198633,2.36,0,7,10,9,1
21375,198649,4.14,0,11,14,16,1
21376,198653,0.46,0,3,6,4,1
21377,198656,-0.03,0,2,5,3,1
21378,198661,0.95,0,4,7,5,1
21379,198664,-0.03,0,2,5,3,1
21380,198666,-0.52,0,1,4,2,1
21381,198669,-0.03,0,2,5,3,1
21382,198671,-0.52,0,1,4,2,1
21383,198674,-0.03,0,2,5,3,1
21384,198692,4.57,0,12,15,18,1
21385,198696,0.46,0,3,6,4,1
21386,198698,-0.52,0,1,4,2,1
21387,198703,0.95,0,4,7,5,1
21388,198710,1.93,0,6,9,7,1
21389,198721,1.69,0,6,9,11,1
21390,198722,-1.01,0,0,3,1,1
21391,198729,1.93,0,6,9,7,1
21392,198759,3.85,0,12,15,30,1
21393,198790,2.14,0,9,12,31,1
21394,198791,-1.01,0,0,3,1,1
21395,198811,3.35,0,10,13,20,1
21396,198816,0.95,0,4,7,5,1
21397,198824,1.32,0,5,8,8,1
21398,198830,1.44,0,5,8,6,1
21399,198834,0.46,0,3,6,4,1
21400,198838,0.46,0,3,6,4,1
21401,198856,2.92,0,9,12,18,1
21402,198892,5.69,0,16,19,36,1
21403,198902,2.85,0,8,11,10,1
21404,198903,-1.01,0,0,3,1,1
21405,198921,5.12,0,13,16,18,1
21406,198925,0.46,0,3,6,4,1
21407,198927,-0.52,0,1,4,2,1
21408,198930,-0.03,0,2,5,3,1
21409,198933,-0.03,0,2,5,3,1
21410,198936,-0.03,0,2,5,3,1
21411,198956,3.35,0,10,13,20,1
21412,198960,0.46,0,3,6,4,1
21413,198966,1.44,0,5,8,6,1
21414,198969,-0.03,0,2,5,3,1
21415,198970,-1.01,0,0,3,1,1
21416,199018,6.07,0,18,21,48,1
21417,199027,1.26,0,5,8,9,1
21418,199033,0.89,0,4,7,6,1
21419,199036,-0.03,0,2,5,3,1
21420,199051,4.2,0,11,14,15,1
21421,199067,3.04,0,9,12,16,1
21422,199090,4.82,0,13,16,23,1
21423,199096,1.44,0,5,8,6,1
21424,199098,-0.52,0,1,4,2,1
21425,199106,0.77,0,4,7,8,1
21426,199107,-1.01,0,0,3,1,1
21427,199129,3.78,0,11,14,22,1
21428,199139,1.75,0,6,9,10,1
21429,199143,0.46,0,3,6,4,1
21430,199151,1.87,0,6,9,8,1
21431,199153,-0.52,0,1,4,2,1
21432,199161,1.87,0,6,9,8,1
21433,199175,3.71,0,10,13,14,1
21434,199180,0.4,0,3,6,5,1
21435,199191,3.34,0,9,12,11,1
21436,199196,0.95,0,4,7,5,1
21437,199198,-0.52,0,1,4,2,1
21438,199205,1.38,0,5,8,7,1
21439,199219,3.16,0,9,12,14,1
21440,199220,-1.01,0,0,3,1,1
21441,199231,3.89,0,10,13,11,1
21442,199249,4.57,0,12,15,18,1
21443,199253,0.46,0,3,6,4,1
21444,199254,-1.01,0,0,3,1,1
21445,199257,-0.03,0,2,5,3,1
21446,199263,1.44,0,5,8,6,1
21447,199273,2.3,0,7,10,10,1
21448,199279,1.44,0,5,8,6,1
21449,199283,0.46,0,3,6,4,1
21450,199290,1.38,0,5,8,7,1
21451,199310,4.45,0,12,15,20,1
21452,199315,0.95,0,4,7,5,1
21453,199337,3.78,0,11,14,22,1
21454,199341,0.46,0,3,6,4,1
21455,199348,1.38,0,5,8,7,1
21456,199371,5.37,0,14,17,23,1
21457,199427,6.69,0,20,23,56,1
21458,199428,-1.01,0,0,3,1,1
21459,199441,4.32,0,11,14,13,1
21460,199447,1.44,0,5,8,6,1
21461,199468,5.49,0,14,17,21,1
21462,199498,6.05,0,16,19,30,1
21463,199499,-1.01,0,0,3,1,1
21464,199551,5.28,0,17,20,52,1
21465,199563,2.73,0,8,11,12,1
21466,199577,2.06,0,7,10,14,1
21467,199578,-1.01,0,0,3,1,1
21468,199591,2.12,0,7,10,13,1
21469,199596,0.95,0,4,7,5,1
21470,199597,-1.01,0,0,3,1,1
21471,199609,2.73,0,8,11,12,1
21472,199611,-0.52,0,1,4,2,1
21473,199616,0.95,0,4,7,5,1
21474,199617,-1.01,0,0,3,1,1
21475,199625,1.87,0,6,9,8,1
21476,199668,5.82,0,17,20,43,1
21477,199674,0.34,0,3,6,6,1
21478,199678,-0.09,0,2,5,4,1
21479,199679,-1.01,0,0,3,1,1
21480,199685,1.44,0,5,8,6,1
21481,199692,0.83,0,4,7,7,1
21482,199693,-1.01,0,0,3,1,1
21483,199695,-0.52,0,1,4,2,1
21484,199698,-0.03,0,2,5,3,1
21485,199702,0.46,0,3,6,4,1
21486,199704,-0.52,0,1,4,2,1
21487,199708,0.46,0,3,6,4,1
21488,199721,2.67,0,8,11,13,1
21489,199722,-1.01,0,0,3,1,1
21490,199723,-1.01,0,0,3,1,1
21491,199731,1.87,0,6,9,8,1
21492,199738,0.83,0,4,7,7,1
21493,199770,5.38,0,15,18,32,1
21494,199781,1.69,0,6,9,11,1
21495,199789,1.87,0,6,9,8,1
21496,199793,0.46,0,3,6,4,1
21497,199796,-0.58,0,1,4,3,1
21498,199799,-0.58,0,1,4,3,1
21499,199808,1.81,0,6,9,9,1
21500,199814,1.44,0,5,8,6,1
21501,199819,0.4,0,3,6,5,1
21502,199826,1.38,0,5,8,7,1
21503,199836,2.3,0,7,10,10,1
21504,199837,-1.01,0,0,3,1,1
21505,199841,0.46,0,3,6,4,1
21506,199843,-0.52,0,1,4,2,1
21507,199853,3.4,0,9,12,10,1
21508,199890,6.18,0,17,20,37,1
21509,199910,3.35,0,10,13,20,1
21510,199914,0.46,0,3,6,4,1
21511,199940,3.54,0,11,14,26,1
21512,199945,0.95,0,4,7,5,1
21513,199953,1.32,0,5,8,8,1
21514,199966,3.22,0,9,12,13,1
21515,199976,1.75,0,6,9,10,1
21516,199989,3.22,0,9,12,13,1
21517,200000,3.74,1,8,11,11,0
