episode,env_steps,ep_reward,win,safe_revealed,total_safe,ep_actions,mine_hit
1,15,3.65,1,10,13,15,1
2,20,0.95,1,4,7,5,1
3,22,-0.52,0,1,4,2,1
4,31,2.36,1,7,10,9,1
5,81,5.95,1,18,21,50,1
6,86,0.95,1,4,7,5,1
7,92,1.44,1,5,8,6,1
8,98,0.89,1,4,7,6,1
9,103,0.95,1,4,7,5,1
10,110,1.38,1,5,8,7,1
11,127,4.63,1,12,15,17,1
12,137,2.85,1,8,11,10,1
13,142,0.4,1,3,6,5,1
14,145,-0.03,0,2,5,3,1
15,147,-0.52,0,1,4,2,1
16,168,2.74,1,9,12,21,1
17,179,2.24,1,7,10,11,1
18,180,-1.01,0,0,3,1,1
19,181,-1.01,0,0,3,1,1
20,189,1.32,1,5,8,8,1
21,196,1.38,1,5,8,7,1
22,203,1.93,1,6,9,7,1
23,211,2.42,1,7,10,8,1
24,213,-0.52,0,1,4,2,1
25,214,-1.01,0,0,3,1,1
26,218,0.46,1,3,6,4,1
27,224,1.44,1,5,8,6,1
28,225,-1.01,0,0,3,1,1
29,238,4.32,1,11,14,13,1
30,240,-0.52,0,1,4,2,1
31,241,-1.01,0,0,3,1,1
32,249,1.32,1,5,8,8,1
33,252,-0.03,0,2,5,3,1
34,259,1.93,1,6,9,7,1
35,284,5.8,1,15,18,25,1
36,287,-0.03,0,2,5,3,1
37,297,2.3,1,7,10,10,1
38,301,0.46,1,3,6,4,1
39,302,-1.01,0,0,3,1,1
40,312,1.75,1,6,9,10,1
41,313,-1.01,0,0,3,1,1
42,314,-1.01,0,0,3,1,1
43,332,4.57,1,12,15,18,1
44,340,1.87,1,6,9,8,1
45,359,5.61,1,14,17,19,1
46,389,6.05,1,16,19,30,1
47,392,-0.03,0,2,5,3,1
48,395,-0.03,0,2,5,3,1
49,406,3.34,1,9,12,11,1
50,414,2.42,1,7,10,8,1
51,419,0.95,1,4,7,5,1
52,424,0.4,1,3,6,5,1
53,428,0.46,1,3,6,4,1
54,436,2.42,1,7,10,8,1
55,439,-0.03,0,2,5,3,1
56,442,-0.03,0,2,5,3,1
57,447,0.95,1,4,7,5,1
58,450,-0.03,0,2,5,3,1
59,453,-0.03,0,2,5,3,1
60,457,0.46,1,3,6,4,1
61,458,-1.01,0,0,3,1,1
62,460,-0.52,0,1,4,2,1
63,473,2.12,1,7,10,13,1
64,493,3.9,1,11,14,20,1
65,504,3.34,1,9,12,11,1
66,531,5.13,1,14,17,27,1
67,544,4.87,1,12,15,13,1
68,560,4.14,1,11,14,16,1
69,565,0.4,1,3,6,5,1
70,568,-0.03,0,2,5,3,1
71,570,-0.52,0,1,4,2,1
72,573,-0.03,0,2,5,3,1
73,584,3.34,1,9,12,11,1
74,596,3.28,1,9,12,12,1
75,611,3.1,1,9,12,15,1
76,617,1.44,1,5,8,6,1
77,622,0.95,1,4,7,5,1
78,628,1.44,1,5,8,6,1
79,633,0.95,1,4,7,5,1
80,634,-1.01,0,0,3,1,1
81,644,1.75,1,6,9,10,1
82,655,2.24,1,7,10,11,1
83,684,6.66,1,17,20,29,1
84,691,1.93,1,6,9,7,1
85,700,2.91,1,8,11,9,1
86,714,1.51,1,6,9,14,1
87,717,-0.58,0,1,4,3,1
88,719,-0.52,0,1,4,2,1
89,722,-0.03,0,2,5,3,1
90,732,3.4,1,9,12,10,1
91,737,0.95,1,4,7,5,1
92,739,-0.52,0,1,4,2,1
93,763,5.31,1,14,17,24,1
94,766,-0.03,0,2,5,3,1
95,767,-1.01,0,0,3,1,1
96,768,-1.01,0,0,3,1,1
97,783,4.2,1,11,14,15,1
98,794,1.69,1,6,9,11,1
99,821,6.78,1,17,20,27,1
100,840,4.51,1,12,15,19,1
101,859,4.51,1,12,15,19,1
102,866,1.93,1,6,9,7,1
103,872,0.89,1,4,7,6,1
104,878,1.44,1,5,8,6,1
105,893,3.65,1,10,13,15,1
106,920,5.68,1,15,18,27,1
107,922,-0.52,0,1,4,2,1
108,948,4.09,1,12,15,26,1
109,958,2.3,1,7,10,10,1
110,964,0.89,1,4,7,6,1
111,974,2.3,1,7,10,10,1
112,980,0.89,1,4,7,6,1
113,993,4.32,1,11,14,13,1
114,997,-0.09,0,2,5,4,1
115,1004,0.83,1,4,7,7,1
116,1009,0.4,1,3,6,5,1
117,1016,1.93,1,6,9,7,1
118,1041,5.25,1,14,17,25,1
119,1060,5.06,1,13,16,19,1
120,1068,2.42,1,7,10,8,1
121,1073,0.95,1,4,7,5,1
122,1084,2.79,1,8,11,11,1
123,1085,-1.01,0,0,3,1,1
124,1086,-1.01,0,0,3,1,1
125,1092,1.44,1,5,8,6,1
126,1097,0.95,1,4,7,5,1
127,1102,0.95,1,4,7,5,1
128,1106,0.46,1,3,6,4,1
129,1118,3.83,1,10,13,12,1
130,1126,1.87,1,6,9,8,1
131,1129,-0.58,0,1,4,3,1
132,1131,-0.52,0,1,4,2,1
133,1133,-0.52,0,1,4,2,1
134,1137,0.46,1,3,6,4,1
135,1140,-0.03,0,2,5,3,1
136,1142,-0.52,0,1,4,2,1
137,1144,-0.52,0,1,4,2,1
138,1162,5.67,1,14,17,18,1
139,1169,1.93,1,6,9,7,1
140,1172,-0.03,0,2,5,3,1
141,1174,-0.52,0,1,4,2,1
142,1191,4.63,1,12,15,17,1
143,1198,1.38,1,5,8,7,1
144,1205,1.93,1,6,9,7,1
145,1225,4.45,1,12,15,20,1
146,1231,0.89,1,4,7,6,1
147,1236,0.4,1,3,6,5,1
148,1237,-1.01,0,0,3,1,1
149,1243,1.44,1,5,8,6,1
150,1245,-0.52,0,1,4,2,1
151,1249,0.46,1,3,6,4,1
152,1258,1.26,1,5,8,9,1
153,1266,2.42,1,7,10,8,1
154,1303,6.18,1,17,20,37,1
155,1304,-1.01,0,0,3,1,1
156,1326,4.33,1,12,15,22,1
157,1329,-0.03,0,2,5,3,1
158,1330,-1.01,0,0,3,1,1
159,1342,3.83,1,10,13,12,1
160,1355,3.77,1,10,13,13,1
161,1363,1.87,1,6,9,8,1
162,1366,-0.03,0,2,5,3,1
163,1367,-1.01,0,0,3,1,1
164,1370,-0.03,0,2,5,3,1
165,1377,1.38,1,5,8,7,1
166,1397,3.9,1,11,14,20,1
167,1405,1.87,1,6,9,8,1
168,1418,3.22,1,9,12,13,1
169,1445,6.78,1,17,20,27,1
170,1447,-0.52,0,1,4,2,1
171,1448,-1.01,0,0,3,1,1
172,1451,-0.03,0,2,5,3,1
173,1469,4.02,1,11,14,18,1
174,1473,0.46,1,3,6,4,1
175,1477,0.46,1,3,6,4,1
176,1480,-0.03,0,2,5,3,1
177,1490,3.4,1,9,12,10,1
178,1494,0.46,1,3,6,4,1
179,1503,2.36,1,7,10,9,1
180,1522,5.06,1,13,16,19,1
181,1534,4.38,1,11,14,12,1
182,1537,-0.03,0,2,5,3,1
183,1548,2.79,1,8,11,11,1
184,1552,0.46,1,3,6,4,1
185,1560,1.87,1,6,9,8,1
186,1563,-0.03,0,2,5,3,1
187,1581,4.57,1,12,15,18,1
188,1585,0.46,1,3,6,4,1
189,1600,2.55,1,8,11,15,1
190,1607,1.38,1,5,8,7,1
191,1611,0.46,1,3,6,4,1
192,1631,5.55,1,14,17,20,1
193,1638,1.93,1,6,9,7,1
194,1661,4.27,1,12,15,23,1
195,1678,4.63,1,12,15,17,1
196,1696,4.02,1,11,14,18,1
197,1697,-1.01,0,0,3,1,1
198,1698,-1.01,0,0,3,1,1
199,1703,0.95,1,4,7,5,1
200,1711,2.42,1,7,10,8,1
201,1740,6.11,1,16,19,29,1
202,1750,2.3,1,7,10,10,1
203,1751,-1.01,0,0,3,1,1
204,1754,-0.03,0,2,5,3,1
205,1758,0.46,1,3,6,4,1
206,1766,1.87,1,6,9,8,1
207,1806,6.0,1,17,20,40,1
208,1809,-0.03,0,2,5,3,1
209,1815,1.44,1,5,8,6,1
210,1818,-0.03,0,2,5,3,1
211,1847,6.66,1,17,20,29,1
212,1859,3.28,1,9,12,12,1
213,1866,1.38,1,5,8,7,1
214,1878,3.83,1,10,13,12,1
215,1880,-0.52,0,1,4,2,1
216,1882,-0.52,0,1,4,2,1
217,1884,-0.52,0,1,4,2,1
218,1890,1.44,1,5,8,6,1
219,1897,1.93,1,6,9,7,1
220,1898,-1.01,0,0,3,1,1
221,1900,-0.52,0,1,4,2,1
222,1902,-0.52,0,1,4,2,1
223,1907,0.95,1,4,7,5,1
224,1912,0.4,1,3,6,5,1
225,1913,-1.01,0,0,3,1,1
226,1917,0.46,1,3,6,4,1
227,1922,0.95,1,4,7,5,1
228,1925,-0.03,0,2,5,3,1
229,1932,1.38,1,5,8,7,1
230,1934,-0.52,0,1,4,2,1
231,1938,0.46,1,3,6,4,1
232,1945,1.93,1,6,9,7,1
233,1946,-1.01,0,0,3,1,1
234,1952,1.44,1,5,8,6,1
235,1953,-1.01,0,0,3,1,1
236,1954,-1.01,0,0,3,1,1
237,1959,0.95,1,4,7,5,1
238,1972,3.77,1,10,13,13,1
239,1974,-0.52,0,1,4,2,1
240,1999,5.8,1,15,18,25,1
241,2000,-1.01,0,0,3,1,1
242,2027,5.13,1,14,17,27,1
243,2030,-0.03,0,2,5,3,1
244,2031,-1.01,0,0,3,1,1
245,2032,-1.01,0,0,3,1,1
246,2039,1.38,1,5,8,7,1
247,2043,0.46,1,3,6,4,1
248,2078,7.4,1,19,22,35,1
249,2090,2.73,1,8,11,12,1
250,2094,-0.09,0,2,5,4,1
251,2096,-0.52,0,1,4,2,1
252,2121,5.8,1,15,18,25,1
253,2132,2.24,1,7,10,11,1
254,2139,1.38,1,5,8,7,1
255,2146,1.38,1,5,8,7,1
256,2167,4.94,1,13,16,21,1
257,2177,3.4,1,9,12,10,1
258,2186,1.26,1,5,8,9,1
259,2190,-0.09,0,2,5,4,1
260,2195,0.4,1,3,6,5,1
261,2198,-0.03,0,2,5,3,1
262,2203,0.4,1,3,6,5,1
263,2206,-0.03,0,2,5,3,1
264,2221,3.65,1,10,13,15,1
265,2228,1.93,1,6,9,7,1
266,2236,1.87,1,6,9,8,1
267,2238,-0.52,0,1,4,2,1
268,2239,-1.01,0,0,3,1,1
269,2248,2.91,1,8,11,9,1
270,2254,1.44,1,5,8,6,1
271,2265,2.24,1,7,10,11,1
272,2296,7.09,1,18,21,31,1
273,2325,6.11,1,16,19,29,1
274,2333,2.42,1,7,10,8,1
275,2334,-1.01,0,0,3,1,1
276,2336,-0.52,0,1,4,2,1
277,2341,0.95,1,4,7,5,1
278,2360,5.06,1,13,16,19,1
279,2374,3.71,1,10,13,14,1
280,2390,5.24,1,13,16,16,1
281,2402,3.28,1,9,12,12,1
282,2409,1.93,1,6,9,7,1
283,2412,-0.03,0,2,5,3,1
284,2419,0.83,1,4,7,7,1
285,2420,-1.01,0,0,3,1,1
286,2423,-0.03,0,2,5,3,1
287,2426,-0.03,0,2,5,3,1
288,2433,1.38,1,5,8,7,1
289,2434,-1.01,0,0,3,1,1
290,2446,2.18,1,7,10,12,1
291,2448,-0.52,0,1,4,2,1
292,2457,1.81,1,6,9,9,1
293,2464,1.93,1,6,9,7,1
294,2491,5.13,1,14,17,27,1
295,2499,2.42,1,7,10,8,1
296,2506,1.93,1,6,9,7,1
297,2515,2.91,1,8,11,9,1
298,2517,-0.52,0,1,4,2,1
299,2519,-0.52,0,1,4,2,1
300,2521,-0.52,0,1,4,2,1
301,2536,4.2,1,11,14,15,1
302,2538,-0.52,0,1,4,2,1
303,2546,1.87,1,6,9,8,1
304,2555,2.36,1,7,10,9,1
305,2568,3.22,1,9,12,13,1
306,2585,4.08,1,11,14,17,1
307,2599,3.16,1,9,12,14,1
308,2610,2.79,1,8,11,11,1
309,2621,2.79,1,8,11,11,1
310,2624,-0.03,0,2,5,3,1
311,2625,-1.01,0,0,3,1,1
312,2626,-1.01,0,0,3,1,1
313,2627,-1.01,0,0,3,1,1
314,2663,5.69,1,16,19,36,1
315,2668,0.95,1,4,7,5,1
316,2672,0.46,1,3,6,4,1
317,2706,6.36,1,17,20,34,1
318,2715,2.36,1,7,10,9,1
319,2716,-1.01,0,0,3,1,1
320,2726,3.4,1,9,12,10,1
321,2730,0.46,1,3,6,4,1
322,2738,0.77,1,4,7,8,1
323,2743,0.95,1,4,7,5,1
324,2745,-0.52,0,1,4,2,1
325,2750,0.95,1,4,7,5,1
326,2752,-0.52,0,1,4,2,1
327,2772,3.9,1,11,14,20,1
328,2777,0.4,1,3,6,5,1
329,2799,5.43,1,14,17,22,1
330,2801,-0.52,0,1,4,2,1
331,2806,0.95,1,4,7,5,1
332,2808,-0.52,0,1,4,2,1
333,2809,-1.01,0,0,3,1,1
334,2822,3.22,1,9,12,13,1
335,2825,-0.03,0,2,5,3,1
336,2833,2.42,1,7,10,8,1
337,2835,-0.52,0,1,4,2,1
338,2844,1.26,1,5,8,9,1
339,2847,-0.03,0,2,5,3,1
340,2848,-1.01,0,0,3,1,1
341,2851,-0.03,0,2,5,3,1
342,2852,-1.01,0,0,3,1,1
343,2857,0.4,1,3,6,5,1
344,2865,1.87,1,6,9,8,1
345,2870,0.95,1,4,7,5,1
346,2872,-0.52,0,1,4,2,1
347,2880,1.87,1,6,9,8,1
348,2885,0.4,1,3,6,5,1
349,2903,5.67,1,14,17,18,1
350,2915,2.18,1,7,10,12,1
351,2917,-0.52,0,1,4,2,1
352,2921,-0.09,0,2,5,4,1
353,2925,0.46,1,3,6,4,1
354,2937,2.73,1,8,11,12,1
355,2939,-0.52,0,1,4,2,1
356,2948,2.91,1,8,11,9,1
357,2952,0.46,1,3,6,4,1
358,2960,1.32,1,5,8,8,1
359,2983,5.37,1,14,17,23,1
360,3003,3.9,1,11,14,20,1
361,3005,-0.52,0,1,4,2,1
362,3014,2.91,1,8,11,9,1
363,3020,1.44,1,5,8,6,1
364,3021,-1.01,0,0,3,1,1
365,3026,0.95,1,4,7,5,1
366,3030,0.46,1,3,6,4,1
367,3034,0.46,1,3,6,4,1
368,3040,1.44,1,5,8,6,1
369,3045,0.95,1,4,7,5,1
370,3049,0.46,1,3,6,4,1
371,3051,-0.52,0,1,4,2,1
372,3052,-1.01,0,0,3,1,1
373,3056,-0.09,0,2,5,4,1
374,3059,-0.03,0,2,5,3,1
375,3071,3.28,1,9,12,12,1
376,3090,6.16,1,15,18,19,1
377,3098,1.87,1,6,9,8,1
378,3134,6.24,1,17,20,36,1
379,3164,5.5,1,15,18,30,1
380,3168,0.46,1,3,6,4,1
381,3175,1.93,1,6,9,7,1
382,3178,-0.03,0,2,5,3,1
383,3200,4.88,1,13,16,22,1
384,3201,-1.01,0,0,3,1,1
385,3212,3.89,1,10,13,11,1
386,3216,-0.09,0,2,5,4,1
387,3218,-0.52,0,1,4,2,1
388,3220,-0.52,0,1,4,2,1
389,3233,3.77,1,10,13,13,1
390,3260,5.13,1,14,17,27,1
391,3262,-0.52,0,1,4,2,1
392,3268,1.44,1,5,8,6,1
393,3289,3.29,1,10,13,21,1
394,3305,4.69,1,12,15,16,1
395,3306,-1.01,0,0,3,1,1
396,3319,2.67,1,8,11,13,1
397,3324,0.95,1,4,7,5,1
398,3327,-0.03,0,2,5,3,1
399,3330,-0.03,0,2,5,3,1
400,3334,0.46,1,3,6,4,1
401,3352,4.57,1,12,15,18,1
402,3377,5.8,1,15,18,25,1
403,3401,5.86,1,15,18,24,1
404,3402,-1.01,0,0,3,1,1
405,3405,-0.03,0,2,5,3,1
406,3410,0.95,1,4,7,5,1
407,3414,0.46,1,3,6,4,1
408,3417,-0.03,0,2,5,3,1
409,3419,-0.52,0,1,4,2,1
410,3435,3.59,1,10,13,16,1
411,3437,-0.52,0,1,4,2,1
412,3440,-0.03,0,2,5,3,1
413,3459,5.61,1,14,17,19,1
414,3460,-1.01,0,0,3,1,1
415,3461,-1.01,0,0,3,1,1
416,3479,5.12,1,13,16,18,1
417,3487,1.87,1,6,9,8,1
418,3496,2.36,1,7,10,9,1
419,3509,3.77,1,10,13,13,1
420,3520,1.14,1,5,8,11,1
421,3527,1.38,1,5,8,7,1
422,3534,1.93,1,6,9,7,1
423,3544,1.75,1,6,9,10,1
424,3547,-0.03,0,2,5,3,1
425,3548,-1.01,0,0,3,1,1
426,3554,1.44,1,5,8,6,1
427,3564,3.4,1,9,12,10,1
428,3587,5.37,1,14,17,23,1
429,3598,2.79,1,8,11,11,1
430,3602,0.46,1,3,6,4,1
431,3605,-0.03,0,2,5,3,1
432,3617,3.83,1,10,13,12,1
433,3622,0.95,1,4,7,5,1
434,3625,-0.03,0,2,5,3,1
435,3652,5.68,1,15,18,27,1
436,3706,7.36,1,21,24,54,1
437,3714,1.87,1,6,9,8,1
438,3718,0.46,1,3,6,4,1
439,3739,6.59,1,16,19,21,1
440,3758,4.51,1,12,15,19,1
441,3759,-1.01,0,0,3,1,1
442,3763,0.46,1,3,6,4,1
443,3783,3.9,1,11,14,20,1
444,3795,2.73,1,8,11,12,1
445,3798,-0.03,0,2,5,3,1
446,3818,5.55,1,14,17,20,1
447,3823,0.4,1,3,6,5,1
448,3825,-0.52,0,1,4,2,1
449,3826,-1.01,0,0,3,1,1
450,3828,-0.52,0,1,4,2,1
451,3849,4.39,1,12,15,21,1
452,3860,2.79,1,8,11,11,1
453,3872,2.18,1,7,10,12,1
454,3873,-1.01,0,0,3,1,1
455,3881,1.87,1,6,9,8,1
456,3897,4.69,1,12,15,16,1
457,3902,0.95,1,4,7,5,1
458,3929,5.13,1,14,17,27,1
459,3937,2.42,1,7,10,8,1
460,3957,4.45,1,12,15,20,1
461,3958,-1.01,0,0,3,1,1
462,3960,-0.52,0,1,4,2,1
463,3962,-0.52,0,1,4,2,1
464,3965,-0.03,0,2,5,3,1
465,3977,2.18,1,7,10,12,1
466,3982,0.95,1,4,7,5,1
467,3989,1.38,1,5,8,7,1
468,3995,0.89,1,4,7,6,1
469,4022,5.13,1,14,17,27,1
470,4034,2.73,1,8,11,12,1
471,4064,6.6,1,17,20,30,1
472,4068,0.46,1,3,6,4,1
473,4086,4.02,1,11,14,18,1
474,4092,1.44,1,5,8,6,1
475,4097,0.95,1,4,7,5,1
476,4099,-0.52,0,1,4,2,1
477,4100,-1.01,0,0,3,1,1
478,4119,3.96,1,11,14,19,1
479,4122,-0.03,0,2,5,3,1
480,4124,-0.52,0,1,4,2,1
481,4138,3.71,1,10,13,14,1
482,4143,0.4,1,3,6,5,1
483,4144,-1.01,0,0,3,1,1
484,4153,1.81,1,6,9,9,1
485,4164,2.79,1,8,11,11,1
486,4188,4.76,1,13,16,24,1
487,4190,-0.52,0,1,4,2,1
488,4197,1.38,1,5,8,7,1
489,4198,-1.01,0,0,3,1,1
490,4205,0.83,1,4,7,7,1
491,4227,4.88,1,13,16,22,1
492,4228,-1.01,0,0,3,1,1
493,4235,1.38,1,5,8,7,1
494,4241,0.34,1,3,6,6,1
495,4246,0.4,1,3,6,5,1
496,4255,1.81,1,6,9,9,1
497,4266,2.79,1,8,11,11,1
498,4268,-0.52,0,1,4,2,1
499,4273,0.95,1,4,7,5,1
500,4275,-0.52,0,1,4,2,1
501,4296,4.39,1,12,15,21,1
502,4300,0.46,1,3,6,4,1
503,4306,1.44,1,5,8,6,1
504,4309,-0.03,0,2,5,3,1
505,4320,2.79,1,8,11,11,1
506,4324,0.46,1,3,6,4,1
507,4326,-0.52,0,1,4,2,1
508,4328,-0.52,0,1,4,2,1
509,4334,1.44,1,5,8,6,1
510,4337,-0.03,0,2,5,3,1
511,4339,-0.52,0,1,4,2,1
512,4366,6.23,1,16,19,27,1
513,4369,-0.03,0,2,5,3,1
514,4385,5.79,1,14,17,16,1
515,4399,2.61,1,8,11,14,1
516,4409,2.85,1,8,11,10,1
517,4418,2.91,1,8,11,9,1
518,4419,-1.01,0,0,3,1,1
519,4422,-0.03,0,2,5,3,1
520,4426,-0.09,0,2,5,4,1
521,4429,-0.03,0,2,5,3,1
522,4452,5.37,1,14,17,23,1
523,4460,1.32,1,5,8,8,1
524,4461,-1.01,0,0,3,1,1
525,4465,0.46,1,3,6,4,1
526,4489,5.86,1,15,18,24,1
527,4490,-1.01,0,0,3,1,1
528,4502,3.83,1,10,13,12,1
529,4503,-1.01,0,0,3,1,1
530,4522,3.96,1,11,14,19,1
531,4524,-0.52,0,1,4,2,1
532,4549,4.15,1,12,15,25,1
533,4562,4.32,1,11,14,13,1
534,4563,-1.01,0,0,3,1,1
535,4577,4.26,1,11,14,14,1
536,4584,1.38,1,5,8,7,1
537,4624,5.45,1,16,19,40,1
538,4653,6.11,1,16,19,29,1
539,4663,2.3,1,7,10,10,1
540,4671,1.32,1,5,8,8,1
541,4698,5.13,1,14,17,27,1
542,4719,6.04,1,15,18,21,1
543,4744,5.25,1,14,17,25,1
544,4747,-0.03,0,2,5,3,1
545,4748,-1.01,0,0,3,1,1
546,4762,3.71,1,10,13,14,1
547,4766,0.46,1,3,6,4,1
548,4768,-0.52,0,1,4,2,1
549,4776,2.42,1,7,10,8,1
550,4777,-1.01,0,0,3,1,1
551,4789,2.18,1,7,10,12,1
552,4793,0.46,1,3,6,4,1
553,4796,-0.03,0,2,5,3,1
554,4811,3.65,1,10,13,15,1
555,4813,-0.52,0,1,4,2,1
556,4814,-1.01,0,0,3,1,1
557,4815,-1.01,0,0,3,1,1
558,4826,2.24,1,7,10,11,1
559,4835,2.91,1,8,11,9,1
560,4837,-0.52,0,1,4,2,1
561,4846,2.91,1,8,11,9,1
562,4869,4.27,1,12,15,23,1
563,4880,2.79,1,8,11,11,1
564,4890,2.85,1,8,11,10,1
565,4901,2.24,1,7,10,11,1
566,4932,5.99,1,16,19,31,1
567,4956,5.31,1,14,17,24,1
568,4986,4.95,1,14,17,30,1
569,5001,3.65,1,10,13,15,1
570,5007,0.89,1,4,7,6,1
571,5045,6.67,1,18,21,38,1
572,5048,-0.03,0,2,5,3,1
573,5054,1.44,1,5,8,6,1
574,5070,3.59,1,10,13,16,1
575,5074,0.46,1,3,6,4,1
576,5082,1.87,1,6,9,8,1
577,5090,1.87,1,6,9,8,1
578,5103,2.67,1,8,11,13,1
579,5104,-1.01,0,0,3,1,1
580,5109,0.95,1,4,7,5,1
581,5163,6.81,1,20,23,54,1
582,5167,0.46,1,3,6,4,1
583,5181,4.81,1,12,15,14,1
584,5183,-0.52,0,1,4,2,1
585,5184,-1.01,0,0,3,1,1
586,5188,0.46,1,3,6,4,1
587,5189,-1.01,0,0,3,1,1
588,5202,3.77,1,10,13,13,1
589,5205,-0.03,0,2,5,3,1
590,5206,-1.01,0,0,3,1,1
591,5207,-1.01,0,0,3,1,1
592,5209,-0.52,0,1,4,2,1
593,5210,-1.01,0,0,3,1,1
594,5216,1.44,1,5,8,6,1
595,5230,2.61,1,8,11,14,1
596,5234,0.46,1,3,6,4,1
597,5239,0.95,1,4,7,5,1
598,5246,-0.27,0,2,5,7,1
599,5256,2.3,1,7,10,10,1
600,5262,1.44,1,5,8,6,1
601,5268,0.34,1,3,6,6,1
602,5285,3.53,1,10,13,17,1
603,5288,-0.03,0,2,5,3,1
604,5292,0.46,1,3,6,4,1
605,5301,2.91,1,8,11,9,1
606,5302,-1.01,0,0,3,1,1
607,5308,0.89,1,4,7,6,1
608,5311,-0.03,0,2,5,3,1
609,5312,-1.01,0,0,3,1,1
610,5318,1.44,1,5,8,6,1
611,5350,6.48,1,17,20,32,1
612,5363,1.57,1,6,9,13,1
613,5365,-0.52,0,1,4,2,1
614,5397,5.93,1,16,19,32,1
615,5407,2.3,1,7,10,10,1
616,5409,-0.52,0,1,4,2,1
617,5413,0.46,1,3,6,4,1
618,5414,-1.01,0,0,3,1,1
619,5417,-0.03,0,2,5,3,1
620,5429,2.73,1,8,11,12,1
621,5446,5.18,1,13,16,17,1
622,5448,-0.52,0,1,4,2,1
623,5455,0.83,1,4,7,7,1
624,5457,-0.52,0,1,4,2,1
625,5465,1.87,1,6,9,8,1
626,5483,3.47,1,10,13,18,1
627,5489,1.44,1,5,8,6,1
628,5501,2.73,1,8,11,12,1
629,5504,-0.03,0,2,5,3,1
630,5507,-0.03,0,2,5,3,1
631,5511,0.46,1,3,6,4,1
632,5514,-0.03,0,2,5,3,1
633,5524,2.85,1,8,11,10,1
634,5531,1.38,1,5,8,7,1
635,5533,-0.52,0,1,4,2,1
636,5534,-1.01,0,0,3,1,1
637,5537,-0.03,0,2,5,3,1
638,5548,2.79,1,8,11,11,1
639,5549,-1.01,0,0,3,1,1
640,5554,0.4,1,3,6,5,1
641,5556,-0.52,0,1,4,2,1
642,5557,-1.01,0,0,3,1,1
643,5558,-1.01,0,0,3,1,1
644,5559,-1.01,0,0,3,1,1
645,5560,-1.01,0,0,3,1,1
646,5561,-1.01,0,0,3,1,1
647,5564,-0.03,0,2,5,3,1
648,5569,0.4,1,3,6,5,1
649,5578,2.36,1,7,10,9,1
650,5579,-1.01,0,0,3,1,1
651,5590,2.79,1,8,11,11,1
652,5599,2.36,1,7,10,9,1
653,5616,4.08,1,11,14,17,1
654,5620,0.46,1,3,6,4,1
655,5627,0.83,1,4,7,7,1
656,5628,-1.01,0,0,3,1,1
657,5630,-0.52,0,1,4,2,1
658,5632,-0.52,0,1,4,2,1
659,5641,2.36,1,7,10,9,1
660,5663,5.98,1,15,18,22,1
661,5667,0.46,1,3,6,4,1
662,5670,-0.03,0,2,5,3,1
663,5671,-1.01,0,0,3,1,1
664,5683,2.18,1,7,10,12,1
665,5700,4.08,1,11,14,17,1
666,5718,3.47,1,10,13,18,1
667,5724,1.44,1,5,8,6,1
668,5728,0.46,1,3,6,4,1
669,5745,5.73,1,14,17,17,1
670,5751,0.89,1,4,7,6,1
671,5755,0.46,1,3,6,4,1
672,5758,-0.03,0,2,5,3,1
673,5768,3.4,1,9,12,10,1
674,5775,1.38,1,5,8,7,1
675,5786,3.34,1,9,12,11,1
676,5804,3.47,1,10,13,18,1
677,5806,-0.52,0,1,4,2,1
678,5811,0.4,1,3,6,5,1
679,5815,0.46,1,3,6,4,1
680,5816,-1.01,0,0,3,1,1
681,5817,-1.01,0,0,3,1,1
682,5823,0.89,1,4,7,6,1
683,5825,-0.52,0,1,4,2,1
684,5839,3.16,1,9,12,14,1
685,5841,-0.52,0,1,4,2,1
686,5844,-0.03,0,2,5,3,1
687,5856,2.73,1,8,11,12,1
688,5879,7.02,1,17,20,23,1
689,5895,3.59,1,10,13,16,1
690,5899,0.46,1,3,6,4,1
691,5916,4.63,1,12,15,17,1
692,5917,-1.01,0,0,3,1,1
693,5921,0.46,1,3,6,4,1
694,5924,-0.03,0,2,5,3,1
695,5926,-0.52,0,1,4,2,1
696,5931,0.95,1,4,7,5,1
697,5944,3.22,1,9,12,13,1
698,5958,3.71,1,10,13,14,1
699,5967,1.26,1,5,8,9,1
700,5968,-1.01,0,0,3,1,1
701,5971,-0.03,0,2,5,3,1
702,5978,1.93,1,6,9,7,1
703,5983,0.95,1,4,7,5,1
704,6010,6.78,1,17,20,27,1
705,6011,-1.01,0,0,3,1,1
706,6018,1.38,1,5,8,7,1
707,6034,2.49,1,8,11,16,1
708,6037,-0.03,0,2,5,3,1
709,6043,0.34,1,3,6,6,1
710,6073,5.5,1,15,18,30,1
711,6075,-0.52,0,1,4,2,1
712,6081,1.44,1,5,8,6,1
713,6092,2.79,1,8,11,11,1
714,6101,2.36,1,7,10,9,1
715,6104,-0.03,0,2,5,3,1
716,6119,3.65,1,10,13,15,1
717,6123,-0.09,0,2,5,4,1
718,6129,0.34,1,3,6,6,1
719,6143,4.26,1,11,14,14,1
720,6149,0.89,1,4,7,6,1
721,6151,-0.52,0,1,4,2,1
722,6166,5.3,1,13,16,15,1
723,6175,2.91,1,8,11,9,1
724,6198,4.27,1,12,15,23,1
725,6201,-0.03,0,2,5,3,1
726,6207,0.89,1,4,7,6,1
727,6223,3.04,1,9,12,16,1
728,6238,3.65,1,10,13,15,1
729,6240,-0.52,0,1,4,2,1
730,6242,-0.52,0,1,4,2,1
731,6265,3.72,1,11,14,23,1
732,6277,3.28,1,9,12,12,1
733,6292,4.2,1,11,14,15,1
734,6295,-0.03,0,2,5,3,1
735,6298,-0.03,0,2,5,3,1
736,6312,3.16,1,9,12,14,1
737,6332,3.9,1,11,14,20,1
738,6341,2.36,1,7,10,9,1
739,6354,2.67,1,8,11,13,1
740,6358,0.46,1,3,6,4,1
741,6362,-0.09,0,2,5,4,1
742,6374,3.83,1,10,13,12,1
743,6375,-1.01,0,0,3,1,1
744,6406,7.09,1,18,21,31,1
745,6408,-0.52,0,1,4,2,1
746,6411,-0.03,0,2,5,3,1
747,6431,5.0,1,13,16,20,1
748,6460,6.11,1,16,19,29,1
749,6474,3.71,1,10,13,14,1
750,6494,6.1,1,15,18,20,1
751,6504,2.3,1,7,10,10,1
752,6505,-1.01,0,0,3,1,1
753,6514,1.81,1,6,9,9,1
754,6523,1.81,1,6,9,9,1
755,6533,2.85,1,8,11,10,1
756,6537,0.46,1,3,6,4,1
757,6550,2.67,1,8,11,13,1
758,6554,0.46,1,3,6,4,1
759,6566,3.83,1,10,13,12,1
760,6569,-0.03,0,2,5,3,1
761,6581,3.28,1,9,12,12,1
762,6587,0.34,1,3,6,6,1
763,6592,0.4,1,3,6,5,1
764,6605,2.67,1,8,11,13,1
765,6607,-0.52,0,1,4,2,1
766,6617,2.3,1,7,10,10,1
767,6618,-1.01,0,0,3,1,1
768,6623,0.95,1,4,7,5,1
769,6639,4.69,1,12,15,16,1
770,6642,-0.03,0,2,5,3,1
771,6652,2.3,1,7,10,10,1
772,6653,-1.01,0,0,3,1,1
773,6675,4.33,1,12,15,22,1
774,6680,0.95,1,4,7,5,1
775,6684,0.46,1,3,6,4,1
776,6697,3.22,1,9,12,13,1
777,6699,-0.52,0,1,4,2,1
778,6755,7.24,1,21,24,56,1
779,6770,4.2,1,11,14,15,1
780,6773,-0.03,0,2,5,3,1
781,6781,1.87,1,6,9,8,1
782,6798,3.53,1,10,13,17,1
783,6802,-0.09,0,2,5,4,1
784,6814,3.83,1,10,13,12,1
785,6842,5.07,1,14,17,28,1
786,6844,-0.52,0,1,4,2,1
787,6858,3.71,1,10,13,14,1
788,6861,-0.03,0,2,5,3,1
789,6862,-1.01,0,0,3,1,1
790,6896,5.81,1,16,19,34,1
791,6897,-1.01,0,0,3,1,1
792,6904,1.38,1,5,8,7,1
793,6907,-0.03,0,2,5,3,1
794,6911,0.46,1,3,6,4,1
795,6916,0.95,1,4,7,5,1
796,6935,4.51,1,12,15,19,1
797,6945,2.3,1,7,10,10,1
798,6976,5.44,1,15,18,31,1
799,6979,-0.03,0,2,5,3,1
800,6989,2.3,1,7,10,10,1
801,6993,0.46,1,3,6,4,1
802,6995,-0.52,0,1,4,2,1
803,7040,6.25,1,18,21,45,1
804,7064,5.86,1,15,18,24,1
805,7070,1.44,1,5,8,6,1
806,7079,1.81,1,6,9,9,1
807,7081,-0.52,0,1,4,2,1
808,7091,2.85,1,8,11,10,1
809,7094,-0.03,0,2,5,3,1
810,7105,2.24,1,7,10,11,1
811,7109,0.46,1,3,6,4,1
812,7113,0.46,1,3,6,4,1
813,7120,1.38,1,5,8,7,1
814,7129,2.36,1,7,10,9,1
815,7147,3.47,1,10,13,18,1
816,7168,3.84,1,11,14,21,1
817,7199,3.79,1,12,15,31,1
818,7208,2.36,1,7,10,9,1
819,7210,-0.52,0,1,4,2,1
820,7215,0.4,1,3,6,5,1
821,7229,2.61,1,8,11,14,1
822,7230,-1.01,0,0,3,1,1
823,7238,0.77,1,4,7,8,1
824,7242,0.46,1,3,6,4,1
825,7252,2.3,1,7,10,10,1
826,7253,-1.01,0,0,3,1,1
827,7260,1.93,1,6,9,7,1
828,7270,2.3,1,7,10,10,1
829,7280,1.2,1,5,8,10,1
830,7309,4.46,1,13,16,29,1
831,7319,2.85,1,8,11,10,1
832,7324,-0.15,0,2,5,5,1
833,7331,0.28,1,3,6,7,1
834,7335,0.46,1,3,6,4,1
835,7341,1.44,1,5,8,6,1
836,7344,-0.03,0,2,5,3,1
837,7348,0.46,1,3,6,4,1
838,7350,-0.52,0,1,4,2,1
839,7380,5.5,1,15,18,30,1
840,7404,5.31,1,14,17,24,1
841,7414,2.85,1,8,11,10,1
842,7424,2.85,1,8,11,10,1
843,7430,1.44,1,5,8,6,1
844,7462,5.93,1,16,19,32,1
845,7464,-0.52,0,1,4,2,1
846,7467,-0.03,0,2,5,3,1
847,7495,5.07,1,14,17,28,1
848,7496,-1.01,0,0,3,1,1
849,7499,-0.03,0,2,5,3,1
850,7504,0.95,1,4,7,5,1
851,7531,4.58,1,13,16,27,1
852,7532,-1.01,0,0,3,1,1
853,7533,-1.01,0,0,3,1,1
854,7561,3.97,1,12,15,28,1
855,7565,0.46,1,3,6,4,1
856,7585,4.45,1,12,15,20,1
857,7591,1.44,1,5,8,6,1
858,7594,-0.03,0,2,5,3,1
859,7601,1.93,1,6,9,7,1
860,7603,-0.52,0,1,4,2,1
861,7605,-0.52,0,1,4,2,1
862,7607,-0.52,0,1,4,2,1
863,7620,3.22,1,9,12,13,1
864,7626,0.89,1,4,7,6,1
865,7633,1.38,1,5,8,7,1
866,7677,5.21,1,16,19,44,1
867,7683,0.89,1,4,7,6,1
868,7717,4.16,1,13,16,34,1
869,7719,-0.52,0,1,4,2,1
870,7730,2.79,1,8,11,11,1
871,7745,4.2,1,11,14,15,1
872,7784,4.96,1,15,18,39,1
873,7791,1.38,1,5,8,7,1
874,7797,1.44,1,5,8,6,1
875,7806,1.81,1,6,9,9,1
876,7814,1.87,1,6,9,8,1
877,7821,1.38,1,5,8,7,1
878,7825,-0.09,0,2,5,4,1
879,7827,-0.52,0,1,4,2,1
880,7862,7.4,1,19,22,35,1
881,7881,3.96,1,11,14,19,1
882,7934,5.77,1,18,21,53,1
883,7935,-1.01,0,0,3,1,1
884,7936,-1.01,0,0,3,1,1
885,7938,-0.52,0,1,4,2,1
886,7940,-0.52,0,1,4,2,1
887,7946,1.44,1,5,8,6,1
888,7954,1.32,1,5,8,8,1
889,7959,0.95,1,4,7,5,1
890,7960,-1.01,0,0,3,1,1
891,7969,1.81,1,6,9,9,1
892,7993,5.31,1,14,17,24,1
893,8000,1.93,1,6,9,7,1
894,8014,2.61,1,8,11,14,1
895,8028,3.71,1,10,13,14,1
896,8029,-1.01,0,0,3,1,1
897,8036,0.83,1,4,7,7,1
898,8047,2.24,1,7,10,11,1
899,8048,-1.01,0,0,3,1,1
900,8051,-0.03,0,2,5,3,1
901,8065,2.61,1,8,11,14,1
902,8070,0.95,1,4,7,5,1
903,8073,-0.03,0,2,5,3,1
904,8109,4.04,1,13,16,36,1
905,8121,1.63,1,6,9,12,1
906,8148,5.68,1,15,18,27,1
907,8152,0.46,1,3,6,4,1
908,8153,-1.01,0,0,3,1,1
909,8161,2.42,1,7,10,8,1
910,8175,3.16,1,9,12,14,1
911,8188,3.22,1,9,12,13,1
912,8196,1.87,1,6,9,8,1
913,8198,-0.52,0,1,4,2,1
914,8206,1.32,1,5,8,8,1
915,8225,3.96,1,11,14,19,1
916,8226,-1.01,0,0,3,1,1
917,8232,0.89,1,4,7,6,1
918,8233,-1.01,0,0,3,1,1
919,8236,-0.03,0,2,5,3,1
920,8237,-1.01,0,0,3,1,1
921,8238,-1.01,0,0,3,1,1
922,8241,-0.03,0,2,5,3,1
923,8249,0.77,1,4,7,8,1
924,8257,1.32,1,5,8,8,1
925,8258,-1.01,0,0,3,1,1
926,8302,6.86,1,19,22,44,1
927,8305,-0.03,0,2,5,3,1
928,8317,2.73,1,8,11,12,1
929,8330,3.22,1,9,12,13,1
930,8388,4.92,1,17,20,58,1
931,8402,3.71,1,10,13,14,1
932,8424,4.88,1,13,16,22,1
933,8432,2.42,1,7,10,8,1
934,8434,-0.52,0,1,4,2,1
935,8443,1.26,1,5,8,9,1
936,8451,1.32,1,5,8,8,1
937,8456,0.4,1,3,6,5,1
938,8470,3.71,1,10,13,14,1
939,8471,-1.01,0,0,3,1,1
940,8503,6.48,1,17,20,32,1
941,8506,-0.03,0,2,5,3,1
942,8509,-0.03,0,2,5,3,1
943,8514,0.4,1,3,6,5,1
944,8548,4.71,1,14,17,34,1
945,8549,-1.01,0,0,3,1,1
946,8552,-0.58,0,1,4,3,1
947,8557,0.4,1,3,6,5,1
948,8565,1.87,1,6,9,8,1
949,8566,-1.01,0,0,3,1,1
950,8587,4.94,1,13,16,21,1
951,8594,1.38,1,5,8,7,1
952,8595,-1.01,0,0,3,1,1
953,8610,3.1,1,9,12,15,1
954,8622,2.73,1,8,11,12,1
955,8636,4.26,1,11,14,14,1
956,8641,0.4,1,3,6,5,1
957,8667,4.09,1,12,15,26,1
958,8680,1.57,1,6,9,13,1
959,8700,3.9,1,11,14,20,1
960,8734,3.61,1,12,15,34,1
961,8736,-0.52,0,1,4,2,1
962,8757,3.29,1,10,13,21,1
963,8758,-1.01,0,0,3,1,1
964,8762,0.46,1,3,6,4,1
965,8776,3.16,1,9,12,14,1
966,8781,0.4,1,3,6,5,1
967,8793,2.73,1,8,11,12,1
968,8798,0.95,1,4,7,5,1
969,8802,0.46,1,3,6,4,1
970,8804,-0.52,0,1,4,2,1
971,8809,0.95,1,4,7,5,1
972,8820,1.14,1,5,8,11,1
973,8843,4.27,1,12,15,23,1
974,8844,-1.01,0,0,3,1,1
975,8850,1.44,1,5,8,6,1
976,8864,2.61,1,8,11,14,1
977,8866,-0.52,0,1,4,2,1
978,8868,-0.52,0,1,4,2,1
979,8897,6.11,1,16,19,29,1
980,8908,1.69,1,6,9,11,1
981,8909,-1.01,0,0,3,1,1
982,8924,3.65,1,10,13,15,1
983,8942,2.92,1,9,12,18,1
984,8944,-0.52,0,1,4,2,1
985,8947,-0.03,0,2,5,3,1
986,8949,-0.52,0,1,4,2,1
987,9001,6.38,1,19,22,52,1
988,9024,5.92,1,15,18,23,1
989,9026,-0.52,0,1,4,2,1
990,9028,-0.52,0,1,4,2,1
991,9045,2.98,1,9,12,17,1
992,9078,5.32,1,15,18,33,1
993,9079,-1.01,0,0,3,1,1
994,9081,-0.52,0,1,4,2,1
995,9083,-0.52,0,1,4,2,1
996,9084,-1.01,0,0,3,1,1
997,9108,4.21,1,12,15,24,1
998,9109,-1.01,0,0,3,1,1
999,9112,-0.03,0,2,5,3,1
1000,9129,2.98,1,9,12,17,1
1001,9130,-1.01,0,0,3,1,1
1002,9131,-1.01,0,0,3,1,1
1003,9146,3.1,1,9,12,15,1
1004,9149,-0.03,0,2,5,3,1
1005,9150,-1.01,0,0,3,1,1
1006,9156,0.89,1,4,7,6,1
1007,9159,-0.03,0,2,5,3,1
1008,9171,2.73,1,8,11,12,1
1009,9185,2.06,1,7,10,14,1
1010,9206,4.39,1,12,15,21,1
1011,9214,2.42,1,7,10,8,1
1012,9230,4.14,1,11,14,16,1
1013,9231,-1.01,0,0,3,1,1
1014,9257,5.19,1,14,17,26,1
1015,9259,-0.52,0,1,4,2,1
1016,9262,-0.03,0,2,5,3,1
1017,9270,0.77,1,4,7,8,1
1018,9274,0.46,1,3,6,4,1
1019,9304,3.3,1,11,14,30,1
1020,9316,3.28,1,9,12,12,1
1021,9340,4.21,1,12,15,24,1
1022,9346,1.44,1,5,8,6,1
1023,9347,-1.01,0,0,3,1,1
1024,9349,-0.52,0,1,4,2,1
1025,9354,0.95,1,4,7,5,1
1026,9356,-0.52,0,1,4,2,1
1027,9359,-0.03,0,2,5,3,1
1028,9371,2.18,1,7,10,12,1
1029,9381,1.75,1,6,9,10,1
1030,9382,-1.01,0,0,3,1,1
1031,9396,2.61,1,8,11,14,1
1032,9400,0.46,1,3,6,4,1
1033,9402,-0.52,0,1,4,2,1
1034,9404,-0.52,0,1,4,2,1
1035,9407,-0.03,0,2,5,3,1
1036,9408,-1.01,0,0,3,1,1
1037,9446,5.57,1,16,19,38,1
1038,9458,3.28,1,9,12,12,1
1039,9461,-0.03,0,2,5,3,1
1040,9465,0.46,1,3,6,4,1
1041,9469,-0.09,0,2,5,4,1
1042,9470,-1.01,0,0,3,1,1
1043,9473,-0.03,0,2,5,3,1
1044,9480,1.38,1,5,8,7,1
1045,9487,0.83,1,4,7,7,1
1046,9497,1.75,1,6,9,10,1
1047,9507,2.3,1,7,10,10,1
1048,9555,5.52,1,17,20,48,1
1049,9558,-0.03,0,2,5,3,1
1050,9562,0.46,1,3,6,4,1
1051,9565,-0.03,0,2,5,3,1
1052,9573,1.87,1,6,9,8,1
1053,9577,0.46,1,3,6,4,1
1054,9608,3.79,1,12,15,31,1
1055,9626,2.37,1,8,11,18,1
1056,9636,2.85,1,8,11,10,1
1057,9639,-0.03,0,2,5,3,1
1058,9660,4.94,1,13,16,21,1
1059,9672,2.18,1,7,10,12,1
1060,9675,-0.03,0,2,5,3,1
1061,9681,0.34,1,3,6,6,1
1062,9691,0.65,1,4,7,10,1
1063,9715,5.31,1,14,17,24,1
1064,9716,-1.01,0,0,3,1,1
1065,9722,1.44,1,5,8,6,1
1066,9746,4.76,1,13,16,24,1
1067,9751,0.95,1,4,7,5,1
1068,9765,2.61,1,8,11,14,1
1069,9766,-1.01,0,0,3,1,1
1070,9771,0.95,1,4,7,5,1
1071,9773,-0.52,0,1,4,2,1
1072,9775,-0.52,0,1,4,2,1
1073,9796,2.74,1,9,12,21,1
1074,9809,4.32,1,11,14,13,1
1075,9832,4.27,1,12,15,23,1
1076,9849,2.98,1,9,12,17,1
1077,9854,0.4,1,3,6,5,1
1078,9872,4.57,1,12,15,18,1
1079,9882,2.85,1,8,11,10,1
1080,9884,-0.52,0,1,4,2,1
1081,9888,0.46,1,3,6,4,1
1082,9893,0.4,1,3,6,5,1
1083,9896,-0.03,0,2,5,3,1
1084,9904,1.32,1,5,8,8,1
1085,9915,2.24,1,7,10,11,1
1086,9926,2.24,1,7,10,11,1
1087,9929,-0.03,0,2,5,3,1
1088,9932,-0.03,0,2,5,3,1
1089,9936,0.46,1,3,6,4,1
1090,9941,0.4,1,3,6,5,1
1091,9951,1.2,1,5,8,10,1
1092,9952,-1.01,0,0,3,1,1
1093,9966,2.06,1,7,10,14,1
1094,9970,0.46,1,3,6,4,1
1095,9971,-1.01,0,0,3,1,1
1096,9986,3.1,1,9,12,15,1
1097,9988,-0.52,0,1,4,2,1
1098,9993,0.95,1,4,7,5,1
1099,9996,-0.03,0,2,5,3,1
1100,10016,2.8,1,9,12,20,1
1101,10017,-1.01,0,0,3,1,1
1102,10020,-0.03,0,2,5,3,1
1103,10029,1.81,1,6,9,9,1
1104,10030,-1.01,0,0,3,1,1
1105,10031,-1.01,0,0,3,1,1
1106,10033,-0.52,0,1,4,2,1
1107,10055,4.33,1,12,15,22,1
1108,10076,4.39,1,12,15,21,1
1109,10082,1.44,1,5,8,6,1
1110,10084,-0.52,0,1,4,2,1
1111,10091,1.38,1,5,8,7,1
1112,10123,5.38,1,15,18,32,1
1113,10143,5.0,1,13,16,20,1
1114,10159,3.04,1,9,12,16,1
1115,10161,-0.52,0,1,4,2,1
1116,10163,-0.52,0,1,4,2,1
1117,10173,2.85,1,8,11,10,1
1118,10184,2.79,1,8,11,11,1
1119,10200,2.49,1,8,11,16,1
1120,10202,-0.52,0,1,4,2,1
1121,10244,5.88,1,17,20,42,1
1122,10246,-0.52,0,1,4,2,1
1123,10253,1.38,1,5,8,7,1
1124,10256,-0.03,0,2,5,3,1
1125,10263,1.93,1,6,9,7,1
1126,10279,4.14,1,11,14,16,1
1127,10327,7.17,1,20,23,48,1
1128,10329,-0.52,0,1,4,2,1
1129,10361,3.18,1,11,14,32,1
1130,10388,4.03,1,12,15,27,1
1131,10418,6.05,1,16,19,30,1
1132,10424,1.44,1,5,8,6,1
1133,10427,-0.03,0,2,5,3,1
1134,10433,1.44,1,5,8,6,1
1135,10438,0.95,1,4,7,5,1
1136,10464,2.99,1,10,13,26,1
1137,10481,3.53,1,10,13,17,1
1138,10485,0.46,1,3,6,4,1
1139,10487,-0.52,0,1,4,2,1
1140,10489,-0.52,0,1,4,2,1
1141,10493,0.46,1,3,6,4,1
1142,10504,2.24,1,7,10,11,1
1143,10516,2.18,1,7,10,12,1
1144,10520,0.46,1,3,6,4,1
1145,10524,-0.09,0,2,5,4,1
1146,10531,1.38,1,5,8,7,1
1147,10542,2.24,1,7,10,11,1
1148,10566,5.31,1,14,17,24,1
1149,10568,-0.52,0,1,4,2,1
1150,10571,-0.03,0,2,5,3,1
1151,10572,-1.01,0,0,3,1,1
1152,10577,0.4,1,3,6,5,1
1153,10579,-0.52,0,1,4,2,1
1154,10584,0.95,1,4,7,5,1
1155,10586,-0.52,0,1,4,2,1
1156,10596,1.2,1,5,8,10,1
1157,10597,-1.01,0,0,3,1,1
1158,10602,0.95,1,4,7,5,1
1159,10614,2.18,1,7,10,12,1
1160,10619,0.95,1,4,7,5,1
1161,10632,2.67,1,8,11,13,1
1162,10637,0.95,1,4,7,5,1
1163,10641,0.46,1,3,6,4,1
1164,10642,-1.01,0,0,3,1,1
1165,10654,1.63,1,6,9,12,1
1166,10671,2.98,1,9,12,17,1
1167,10680,0.71,1,4,7,9,1
1168,10681,-1.01,0,0,3,1,1
1169,10682,-1.01,0,0,3,1,1
1170,10684,-0.52,0,1,4,2,1
1171,10692,1.32,1,5,8,8,1
1172,10703,1.14,1,5,8,11,1
1173,10710,1.38,1,5,8,7,1
1174,10715,0.4,1,3,6,5,1
1175,10719,-0.09,0,2,5,4,1
1176,10808,4.71,1,20,23,89,1
1177,10809,-1.01,0,0,3,1,1
1178,10829,2.25,1,8,11,20,1
1179,10847,4.02,1,11,14,18,1
1180,10851,-0.09,0,2,5,4,1
1181,10875,4.76,1,13,16,24,1
1182,10894,3.96,1,11,14,19,1
1183,10909,3.65,1,10,13,15,1
1184,10914,0.95,1,4,7,5,1
1185,10917,-0.03,0,2,5,3,1
1186,10924,0.83,1,4,7,7,1
1187,10925,-1.01,0,0,3,1,1
1188,10926,-1.01,0,0,3,1,1
1189,10939,3.22,1,9,12,13,1
1190,10947,2.42,1,7,10,8,1
1191,10952,0.95,1,4,7,5,1
1192,10955,-0.03,0,2,5,3,1
1193,10975,3.35,1,10,13,20,1
1194,10977,-0.52,0,1,4,2,1
1195,10981,0.46,1,3,6,4,1
1196,11000,4.51,1,12,15,19,1
1197,11003,-0.58,0,1,4,3,1
1198,11016,2.67,1,8,11,13,1
1199,11034,2.92,1,9,12,18,1
1200,11037,-0.03,0,2,5,3,1
1201,11038,-1.01,0,0,3,1,1
1202,11063,4.15,1,12,15,25,1
1203,11082,2.31,1,8,11,19,1
1204,11087,0.4,1,3,6,5,1
1205,11092,0.95,1,4,7,5,1
1206,11101,1.81,1,6,9,9,1
1207,11112,1.69,1,6,9,11,1
1208,11122,2.3,1,7,10,10,1
1209,11123,-1.01,0,0,3,1,1
1210,11131,1.87,1,6,9,8,1
1211,11139,1.32,1,5,8,8,1
1212,11151,2.73,1,8,11,12,1
1213,11156,0.4,1,3,6,5,1
1214,11162,1.44,1,5,8,6,1
1215,11165,-0.03,0,2,5,3,1
1216,11169,0.46,1,3,6,4,1
1217,11189,2.8,1,9,12,20,1
1218,11232,4.72,1,15,18,43,1
1219,11236,0.46,1,3,6,4,1
1220,11240,0.46,1,3,6,4,1
1221,11251,2.79,1,8,11,11,1
1222,11253,-0.52,0,1,4,2,1
1223,11258,0.95,1,4,7,5,1
1224,11260,-0.52,0,1,4,2,1
1225,11263,-0.03,0,2,5,3,1
1226,11284,3.84,1,11,14,21,1
1227,11301,2.98,1,9,12,17,1
1228,11305,0.46,1,3,6,4,1
1229,11321,3.59,1,10,13,16,1
1230,11322,-1.01,0,0,3,1,1
1231,11325,-0.03,0,2,5,3,1
1232,11328,-0.03,0,2,5,3,1
1233,11332,0.46,1,3,6,4,1
1234,11334,-0.52,0,1,4,2,1
1235,11343,1.81,1,6,9,9,1
1236,11345,-0.52,0,1,4,2,1
1237,11346,-1.01,0,0,3,1,1
1238,11351,0.4,1,3,6,5,1
1239,11355,-0.09,0,2,5,4,1
1240,11358,-0.03,0,2,5,3,1
1241,11362,0.46,1,3,6,4,1
1242,11369,1.38,1,5,8,7,1
1243,11370,-1.01,0,0,3,1,1
1244,11373,-0.03,0,2,5,3,1
1245,11396,3.72,1,11,14,23,1
1246,11404,1.87,1,6,9,8,1
1247,11406,-0.52,0,1,4,2,1
1248,11433,6.23,1,16,19,27,1
1249,11436,-0.03,0,2,5,3,1
1250,11453,4.08,1,11,14,17,1
1251,11466,3.22,1,9,12,13,1
1252,11507,5.39,1,16,19,41,1
1253,11512,0.4,1,3,6,5,1
1254,11538,4.09,1,12,15,26,1
1255,11543,0.95,1,4,7,5,1
1256,11549,0.89,1,4,7,6,1
1257,11560,2.79,1,8,11,11,1
1258,11582,3.23,1,10,13,22,1
1259,11594,2.73,1,8,11,12,1
1260,11611,4.08,1,11,14,17,1
1261,11612,-1.01,0,0,3,1,1
1262,11617,0.95,1,4,7,5,1
1263,11647,3.85,1,12,15,30,1
1264,11665,2.92,1,9,12,18,1
1265,11666,-1.01,0,0,3,1,1
1266,11692,5.74,1,15,18,26,1
1267,11693,-1.01,0,0,3,1,1
1268,11717,4.76,1,13,16,24,1
1269,11734,5.18,1,13,16,17,1
1270,11742,1.32,1,5,8,8,1
1271,11753,2.79,1,8,11,11,1
1272,11757,0.46,1,3,6,4,1
1273,11781,3.66,1,11,14,24,1
1274,11782,-1.01,0,0,3,1,1
1275,11791,1.81,1,6,9,9,1
1276,11792,-1.01,0,0,3,1,1
1277,11824,4.83,1,14,17,32,1
1278,11834,1.75,1,6,9,10,1
1279,11835,-1.01,0,0,3,1,1
1280,11861,5.74,1,15,18,26,1
1281,11864,-0.03,0,2,5,3,1
1282,11865,-1.01,0,0,3,1,1
1283,11876,1.69,1,6,9,11,1
1284,11888,2.73,1,8,11,12,1
1285,11896,0.22,1,3,6,8,1
1286,11897,-1.01,0,0,3,1,1
1287,11899,-0.52,0,1,4,2,1
1288,11919,3.35,1,10,13,20,1
1289,11945,4.64,1,13,16,26,1
1290,11950,0.4,1,3,6,5,1
1291,11954,0.46,1,3,6,4,1
1292,11956,-0.52,0,1,4,2,1
1293,11961,0.4,1,3,6,5,1
1294,11966,0.95,1,4,7,5,1
1295,11994,4.52,1,13,16,28,1
1296,11997,-0.03,0,2,5,3,1
1297,12025,5.07,1,14,17,28,1
1298,12037,2.18,1,7,10,12,1
1299,12053,3.04,1,9,12,16,1
1300,12060,0.83,1,4,7,7,1
1301,12087,3.48,1,11,14,27,1
1302,12098,3.34,1,9,12,11,1
1303,12109,2.24,1,7,10,11,1
1304,12118,1.26,1,5,8,9,1
1305,12130,3.28,1,9,12,12,1
1306,12139,2.36,1,7,10,9,1
1307,12149,1.75,1,6,9,10,1
1308,12156,1.38,1,5,8,7,1
1309,12158,-0.52,0,1,4,2,1
1310,12162,0.46,1,3,6,4,1
1311,12170,0.77,1,4,7,8,1
1312,12171,-1.01,0,0,3,1,1
1313,12225,4.06,1,15,18,54,1
1314,12252,4.03,1,12,15,27,1
1315,12259,0.83,1,4,7,7,1
1316,12268,1.81,1,6,9,9,1
1317,12276,1.32,1,5,8,8,1
1318,12277,-1.01,0,0,3,1,1
1319,12286,1.26,1,5,8,9,1
1320,12292,1.44,1,5,8,6,1
1321,12309,3.53,1,10,13,17,1
1322,12317,2.42,1,7,10,8,1
1323,12332,3.1,1,9,12,15,1
1324,12338,0.89,1,4,7,6,1
1325,12445,4.18,1,21,24,107,1
1326,12473,4.52,1,13,16,28,1
1327,12485,2.18,1,7,10,12,1
1328,12491,0.89,1,4,7,6,1
1329,12524,3.67,1,12,15,33,1
1330,12533,1.81,1,6,9,9,1
1331,12539,0.34,1,3,6,6,1
1332,12543,-0.09,0,2,5,4,1
1333,12545,-0.52,0,1,4,2,1
1334,12550,0.95,1,4,7,5,1
1335,12554,0.46,1,3,6,4,1
1336,12562,1.87,1,6,9,8,1
1337,12574,1.08,1,5,8,12,1
1338,12579,0.4,1,3,6,5,1
1339,12581,-0.52,0,1,4,2,1
1340,12584,-0.03,0,2,5,3,1
1341,12596,2.18,1,7,10,12,1
1342,12603,0.83,1,4,7,7,1
1343,12608,0.4,1,3,6,5,1
1344,12621,2.12,1,7,10,13,1
1345,12622,-1.01,0,0,3,1,1
1346,12624,-0.52,0,1,4,2,1
1347,12643,3.96,1,11,14,19,1
1348,12652,1.81,1,6,9,9,1
1349,12657,0.4,1,3,6,5,1
1350,12659,-0.52,0,1,4,2,1
1351,12661,-0.52,0,1,4,2,1
1352,12666,0.4,1,3,6,5,1
1353,12670,0.46,1,3,6,4,1
1354,12698,4.52,1,13,16,28,1
1355,12717,5.06,1,13,16,19,1
1356,12732,2.0,1,7,10,15,1
1357,12739,1.38,1,5,8,7,1
1358,12753,3.16,1,9,12,14,1
1359,12768,3.65,1,10,13,15,1
1360,12779,2.24,1,7,10,11,1
1361,12812,6.42,1,17,20,33,1
1362,12825,2.12,1,7,10,13,1
1363,12828,-0.03,0,2,5,3,1
1364,12829,-1.01,0,0,3,1,1
1365,12830,-1.01,0,0,3,1,1
1366,12831,-1.01,0,0,3,1,1
1367,12843,2.73,1,8,11,12,1
1368,12849,0.89,1,4,7,6,1
1369,12850,-1.01,0,0,3,1,1
1370,12853,-0.03,0,2,5,3,1
1371,12854,-1.01,0,0,3,1,1
1372,12862,1.87,1,6,9,8,1
1373,12877,3.1,1,9,12,15,1
1374,12889,1.63,1,6,9,12,1
1375,12897,1.32,1,5,8,8,1
1376,12898,-1.01,0,0,3,1,1
1377,12911,2.67,1,8,11,13,1
1378,12915,-0.09,0,2,5,4,1
1379,12920,0.4,1,3,6,5,1
1380,12930,1.75,1,6,9,10,1
1381,12931,-1.01,0,0,3,1,1
1382,12937,1.44,1,5,8,6,1
1383,12939,-0.52,0,1,4,2,1
1384,12949,2.85,1,8,11,10,1
1385,12952,-0.03,0,2,5,3,1
1386,12955,-0.03,0,2,5,3,1
1387,12965,1.75,1,6,9,10,1
1388,12972,1.38,1,5,8,7,1
1389,12974,-0.52,0,1,4,2,1
1390,13006,4.83,1,14,17,32,1
1391,13010,0.46,1,3,6,4,1
1392,13012,-0.52,0,1,4,2,1
1393,13015,-0.03,0,2,5,3,1
1394,13025,2.3,1,7,10,10,1
1395,13032,1.38,1,5,8,7,1
1396,13078,5.09,1,16,19,46,1
1397,13112,5.81,1,16,19,34,1
1398,13126,2.61,1,8,11,14,1
1399,13137,2.79,1,8,11,11,1
1400,13155,4.57,1,12,15,18,1
1401,13159,0.46,1,3,6,4,1
1402,13163,0.46,1,3,6,4,1
1403,13189,2.99,1,10,13,26,1
1404,13201,3.28,1,9,12,12,1
1405,13216,2.0,1,7,10,15,1
1406,13217,-1.01,0,0,3,1,1
1407,13218,-1.01,0,0,3,1,1
1408,13223,0.4,1,3,6,5,1
1409,13224,-1.01,0,0,3,1,1
1410,13233,1.81,1,6,9,9,1
1411,13236,-0.03,0,2,5,3,1
1412,13243,0.83,1,4,7,7,1
1413,13251,2.42,1,7,10,8,1
1414,13258,1.38,1,5,8,7,1
1415,13260,-0.52,0,1,4,2,1
1416,13266,1.44,1,5,8,6,1
1417,13270,-0.09,0,2,5,4,1
1418,13319,3.81,1,14,17,49,1
1419,13324,0.95,1,4,7,5,1
1420,13326,-0.52,0,1,4,2,1
1421,13336,1.75,1,6,9,10,1
1422,13344,0.77,1,4,7,8,1
1423,13346,-0.52,0,1,4,2,1
1424,13361,3.1,1,9,12,15,1
1425,13386,4.15,1,12,15,25,1
1426,13394,1.87,1,6,9,8,1
1427,13395,-1.01,0,0,3,1,1
1428,13402,1.93,1,6,9,7,1
1429,13406,0.46,1,3,6,4,1
1430,13408,-0.52,0,1,4,2,1
1431,13426,4.02,1,11,14,18,1
1432,13431,0.4,1,3,6,5,1
1433,13443,1.08,1,5,8,12,1
1434,13465,3.78,1,11,14,22,1
1435,13500,6.85,1,18,21,35,1
1436,13509,2.36,1,7,10,9,1
1437,13512,-0.03,0,2,5,3,1
1438,13529,3.53,1,10,13,17,1
1439,13534,0.4,1,3,6,5,1
1440,13535,-1.01,0,0,3,1,1
1441,13549,4.81,1,12,15,14,1
1442,13556,1.93,1,6,9,7,1
1443,13558,-0.52,0,1,4,2,1
1444,13564,0.89,1,4,7,6,1
1445,13569,0.4,1,3,6,5,1
1446,13579,1.75,1,6,9,10,1
1447,13583,0.46,1,3,6,4,1
1448,13589,0.89,1,4,7,6,1
1449,13595,0.89,1,4,7,6,1
1450,13600,0.4,1,3,6,5,1
1451,13604,0.46,1,3,6,4,1
1452,13608,0.46,1,3,6,4,1
1453,13639,4.89,1,14,17,31,1
1454,13651,2.18,1,7,10,12,1
1455,13655,-0.64,0,1,4,4,1
1456,13670,2.0,1,7,10,15,1
1457,13678,2.42,1,7,10,8,1
1458,13680,-0.52,0,1,4,2,1
1459,13688,1.87,1,6,9,8,1
1460,13696,1.87,1,6,9,8,1
1461,13697,-1.01,0,0,3,1,1
1462,13702,0.95,1,4,7,5,1
1463,13703,-1.01,0,0,3,1,1
1464,13718,2.55,1,8,11,15,1
1465,13724,1.44,1,5,8,6,1
1466,13726,-0.52,0,1,4,2,1
1467,13735,1.81,1,6,9,9,1
1468,13751,4.14,1,11,14,16,1
1469,13761,1.75,1,6,9,10,1
1470,13768,1.38,1,5,8,7,1
1471,13770,-0.52,0,1,4,2,1
1472,13775,0.95,1,4,7,5,1
1473,13781,1.44,1,5,8,6,1
1474,13789,0.77,1,4,7,8,1
1475,13818,4.46,1,13,16,29,1
1476,13868,5.4,1,17,20,50,1
1477,13882,2.61,1,8,11,14,1
1478,13894,3.83,1,10,13,12,1
1479,13911,2.43,1,8,11,17,1
1480,13912,-1.01,0,0,3,1,1
1481,13931,3.96,1,11,14,19,1
1482,13936,0.95,1,4,7,5,1
1483,13938,-0.52,0,1,4,2,1
1484,13955,2.43,1,8,11,17,1
1485,13985,5.5,1,15,18,30,1
1486,13986,-1.01,0,0,3,1,1
1487,13987,-1.01,0,0,3,1,1
1488,13988,-1.01,0,0,3,1,1
1489,14004,3.04,1,9,12,16,1
1490,14025,3.84,1,11,14,21,1
1491,14047,5.43,1,14,17,22,1
1492,14073,4.09,1,12,15,26,1
1493,14086,3.77,1,10,13,13,1
1494,14089,-0.03,0,2,5,3,1
1495,14094,0.4,1,3,6,5,1
1496,14098,0.46,1,3,6,4,1
1497,14111,3.22,1,9,12,13,1
1498,14135,2.56,1,9,12,24,1
1499,14138,-0.03,0,2,5,3,1
1500,14150,3.28,1,9,12,12,1
1501,14168,2.92,1,9,12,18,1
1502,14175,1.93,1,6,9,7,1
1503,14186,3.89,1,10,13,11,1
1504,14187,-1.01,0,0,3,1,1
1505,14188,-1.01,0,0,3,1,1
1506,14192,0.46,1,3,6,4,1
1507,14195,-0.03,0,2,5,3,1
1508,14210,2.0,1,7,10,15,1
1509,14220,2.85,1,8,11,10,1
1510,14224,0.46,1,3,6,4,1
1511,14225,-1.01,0,0,3,1,1
1512,14240,2.55,1,8,11,15,1
1513,14274,4.16,1,13,16,34,1
1514,14283,1.81,1,6,9,9,1
1515,14293,1.75,1,6,9,10,1
1516,14296,-0.58,0,1,4,3,1
1517,14297,-1.01,0,0,3,1,1
1518,14299,-0.52,0,1,4,2,1
1519,14303,0.46,1,3,6,4,1
1520,14305,-0.52,0,1,4,2,1
1521,14310,0.4,1,3,6,5,1
1522,14325,3.1,1,9,12,15,1
1523,14343,4.02,1,11,14,18,1
1524,14376,4.22,1,13,16,33,1
1525,14392,4.14,1,11,14,16,1
1526,14396,0.46,1,3,6,4,1
1527,14410,3.16,1,9,12,14,1
1528,14417,1.93,1,6,9,7,1
1529,14440,4.82,1,13,16,23,1
1530,14444,0.46,1,3,6,4,1
1531,14457,3.22,1,9,12,13,1
1532,14474,4.08,1,11,14,17,1
1533,14475,-1.01,0,0,3,1,1
1534,14509,4.16,1,13,16,34,1
1535,14516,0.83,1,4,7,7,1
1536,14521,0.95,1,4,7,5,1
1537,14524,-0.03,0,2,5,3,1
1538,14534,2.85,1,8,11,10,1
1539,14548,2.61,1,8,11,14,1
1540,14586,4.47,1,14,17,38,1
1541,14588,-0.52,0,1,4,2,1
1542,14600,3.28,1,9,12,12,1
1543,14619,2.86,1,9,12,19,1
1544,14624,0.95,1,4,7,5,1
1545,14634,1.75,1,6,9,10,1
1546,14637,-0.03,0,2,5,3,1
1547,14639,-0.52,0,1,4,2,1
1548,14641,-0.52,0,1,4,2,1
1549,14645,0.46,1,3,6,4,1
1550,14683,3.37,1,12,15,38,1
1551,14684,-1.01,0,0,3,1,1
1552,14685,-1.01,0,0,3,1,1
1553,14689,0.46,1,3,6,4,1
1554,14692,-0.03,0,2,5,3,1
1555,14695,-0.03,0,2,5,3,1
1556,14696,-1.01,0,0,3,1,1
1557,14703,0.83,1,4,7,7,1
1558,14718,3.65,1,10,13,15,1
1559,14724,0.89,1,4,7,6,1
1560,14754,5.5,1,15,18,30,1
1561,14767,3.22,1,9,12,13,1
1562,14789,5.43,1,14,17,22,1
1563,14808,3.96,1,11,14,19,1
1564,14825,2.98,1,9,12,17,1
1565,14835,2.3,1,7,10,10,1
1566,14841,0.89,1,4,7,6,1
1567,14845,-0.09,0,2,5,4,1
1568,14849,-0.09,0,2,5,4,1
1569,14856,1.93,1,6,9,7,1
1570,14869,3.22,1,9,12,13,1
1571,14902,6.42,1,17,20,33,1
1572,14908,0.89,1,4,7,6,1
1573,14910,-0.52,0,1,4,2,1
1574,14920,2.85,1,8,11,10,1
1575,14921,-1.01,0,0,3,1,1
1576,14923,-0.52,0,1,4,2,1
1577,14925,-0.52,0,1,4,2,1
1578,14928,-0.03,0,2,5,3,1
1579,14943,2.55,1,8,11,15,1
1580,14946,-0.03,0,2,5,3,1
1581,14957,2.79,1,8,11,11,1
1582,14964,1.38,1,5,8,7,1
1583,14988,3.11,1,10,13,24,1
1584,14997,1.81,1,6,9,9,1
1585,15018,3.84,1,11,14,21,1
1586,15047,4.46,1,13,16,29,1
1587,15052,0.95,1,4,7,5,1
1588,15055,-0.03,0,2,5,3,1
1589,15063,2.42,1,7,10,8,1
1590,15083,3.9,1,11,14,20,1
1591,15088,0.95,1,4,7,5,1
1592,15096,1.32,1,5,8,8,1
1593,15099,-0.03,0,2,5,3,1
1594,15101,-0.52,0,1,4,2,1
1595,15128,5.13,1,14,17,27,1
1596,15137,1.81,1,6,9,9,1
1597,15149,3.83,1,10,13,12,1
1598,15158,1.26,1,5,8,9,1
1599,15163,0.95,1,4,7,5,1
1600,15175,1.63,1,6,9,12,1
1601,15200,4.7,1,13,16,25,1
1602,15204,0.46,1,3,6,4,1
1603,15205,-1.01,0,0,3,1,1
1604,15223,3.47,1,10,13,18,1
1605,15225,-0.52,0,1,4,2,1
1606,15228,-0.03,0,2,5,3,1
1607,15230,-0.52,0,1,4,2,1
1608,15237,1.93,1,6,9,7,1
1609,15244,1.38,1,5,8,7,1
1610,15266,4.33,1,12,15,22,1
1611,15267,-1.01,0,0,3,1,1
1612,15274,1.38,1,5,8,7,1
1613,15283,1.81,1,6,9,9,1
1614,15284,-1.01,0,0,3,1,1
1615,15294,2.85,1,8,11,10,1
1616,15310,3.04,1,9,12,16,1
1617,15324,3.16,1,9,12,14,1
1618,15327,-0.03,0,2,5,3,1
1619,15339,3.28,1,9,12,12,1
1620,15344,0.95,1,4,7,5,1
1621,15349,0.95,1,4,7,5,1
1622,15362,3.22,1,9,12,13,1
1623,15400,7.77,1,20,23,38,1
1624,15403,-0.03,0,2,5,3,1
1625,15435,4.83,1,14,17,32,1
1626,15439,0.46,1,3,6,4,1
1627,15440,-1.01,0,0,3,1,1
1628,15444,0.46,1,3,6,4,1
1629,15454,2.85,1,8,11,10,1
1630,15455,-1.01,0,0,3,1,1
1631,15467,3.28,1,9,12,12,1
1632,15468,-1.01,0,0,3,1,1
1633,15481,2.67,1,8,11,13,1
1634,15491,2.85,1,8,11,10,1
1635,15493,-0.52,0,1,4,2,1
1636,15496,-0.03,0,2,5,3,1
1637,15500,0.46,1,3,6,4,1
1638,15504,0.46,1,3,6,4,1
1639,15512,1.32,1,5,8,8,1
1640,15549,6.18,1,17,20,37,1
1641,15563,2.61,1,8,11,14,1
1642,15573,2.85,1,8,11,10,1
1643,15578,0.95,1,4,7,5,1
1644,15603,5.8,1,15,18,25,1
1645,15611,1.32,1,5,8,8,1
1646,15620,2.36,1,7,10,9,1
1647,15624,0.46,1,3,6,4,1
1648,15629,0.4,1,3,6,5,1
1649,15637,1.32,1,5,8,8,1
1650,15638,-1.01,0,0,3,1,1
1651,15639,-1.01,0,0,3,1,1
1652,15647,1.87,1,6,9,8,1
1653,15689,4.78,1,15,18,42,1
1654,15690,-1.01,0,0,3,1,1
1655,15693,-0.03,0,2,5,3,1
1656,15698,0.95,1,4,7,5,1
1657,15699,-1.01,0,0,3,1,1
1658,15711,2.18,1,7,10,12,1
1659,15713,-0.52,0,1,4,2,1
1660,15762,5.46,1,17,20,49,1
1661,15768,1.44,1,5,8,6,1
1662,15791,4.82,1,13,16,23,1
1663,15795,0.46,1,3,6,4,1
1664,15800,0.95,1,4,7,5,1
1665,15804,0.46,1,3,6,4,1
1666,15805,-1.01,0,0,3,1,1
1667,15818,2.67,1,8,11,13,1
1668,15832,3.71,1,10,13,14,1
1669,15835,-0.03,0,2,5,3,1
1670,15859,3.66,1,11,14,24,1
1671,15863,0.46,1,3,6,4,1
1672,15870,0.28,1,3,6,7,1
1673,15882,3.28,1,9,12,12,1
1674,15883,-1.01,0,0,3,1,1
1675,15890,1.38,1,5,8,7,1
1676,15901,3.34,1,9,12,11,1
1677,15903,-0.52,0,1,4,2,1
1678,15916,2.67,1,8,11,13,1
1679,15923,1.38,1,5,8,7,1
1680,15925,-0.52,0,1,4,2,1
1681,15934,1.81,1,6,9,9,1
1682,15939,0.4,1,3,6,5,1
1683,15953,2.61,1,8,11,14,1
1684,15961,1.32,1,5,8,8,1
1685,15980,3.41,1,10,13,19,1
1686,15990,1.75,1,6,9,10,1
1687,15992,-0.52,0,1,4,2,1
1688,16015,5.92,1,15,18,23,1
1689,16018,-0.03,0,2,5,3,1
1690,16064,5.09,1,16,19,46,1
1691,16066,-0.52,0,1,4,2,1
1692,16070,0.46,1,3,6,4,1
1693,16088,3.47,1,10,13,18,1
1694,16089,-1.01,0,0,3,1,1
1695,16101,3.28,1,9,12,12,1
1696,16105,0.46,1,3,6,4,1
1697,16110,0.95,1,4,7,5,1
1698,16150,5.45,1,16,19,40,1
1699,16151,-1.01,0,0,3,1,1
1700,16152,-1.01,0,0,3,1,1
1701,16167,2.0,1,7,10,15,1
1702,16170,-0.03,0,2,5,3,1
1703,16185,2.55,1,8,11,15,1
1704,16187,-0.52,0,1,4,2,1
1705,16198,3.34,1,9,12,11,1
1706,16200,-0.52,0,1,4,2,1
1707,16203,-0.03,0,2,5,3,1
1708,16223,4.45,1,12,15,20,1
1709,16235,4.38,1,11,14,12,1
1710,16242,0.83,1,4,7,7,1
1711,16244,-0.52,0,1,4,2,1
1712,16281,4.53,1,14,17,37,1
1713,16310,4.46,1,13,16,29,1
1714,16331,4.94,1,13,16,21,1
1715,16342,2.24,1,7,10,11,1
1716,16347,0.95,1,4,7,5,1
1717,16350,-0.03,0,2,5,3,1
1718,16375,5.25,1,14,17,25,1
1719,16377,-0.52,0,1,4,2,1
1720,16382,0.95,1,4,7,5,1
1721,16383,-1.01,0,0,3,1,1
1722,16393,2.3,1,7,10,10,1
1723,16401,1.87,1,6,9,8,1
1724,16404,-0.03,0,2,5,3,1
1725,16405,-1.01,0,0,3,1,1
1726,16412,1.38,1,5,8,7,1
1727,16424,2.18,1,7,10,12,1
1728,16425,-1.01,0,0,3,1,1
1729,16432,1.93,1,6,9,7,1
1730,16461,3.91,1,12,15,29,1
1731,16468,1.93,1,6,9,7,1
1732,16489,3.84,1,11,14,21,1
1733,16500,2.79,1,8,11,11,1
1734,16509,1.81,1,6,9,9,1
1735,16511,-0.52,0,1,4,2,1
1736,16526,3.65,1,10,13,15,1
1737,16536,1.75,1,6,9,10,1
1738,16549,1.57,1,6,9,13,1
1739,16550,-1.01,0,0,3,1,1
1740,16563,3.22,1,9,12,13,1
1741,16568,0.95,1,4,7,5,1
1742,16578,1.75,1,6,9,10,1
1743,16579,-1.01,0,0,3,1,1
1744,16586,0.83,1,4,7,7,1
1745,16594,1.87,1,6,9,8,1
1746,16605,2.79,1,8,11,11,1
1747,16615,1.2,1,5,8,10,1
1748,16628,3.22,1,9,12,13,1
1749,16630,-0.52,0,1,4,2,1
1750,16632,-0.52,0,1,4,2,1
1751,16641,2.36,1,7,10,9,1
1752,16657,4.14,1,11,14,16,1
1753,16660,-0.03,0,2,5,3,1
1754,16669,1.26,1,5,8,9,1
1755,16672,-0.03,0,2,5,3,1
1756,16682,2.85,1,8,11,10,1
1757,16696,4.26,1,11,14,14,1
1758,16705,1.26,1,5,8,9,1
1759,16718,2.12,1,7,10,13,1
1760,16722,-0.09,0,2,5,4,1
1761,16724,-0.52,0,1,4,2,1
1762,16725,-1.01,0,0,3,1,1
1763,16733,1.87,1,6,9,8,1
1764,16750,3.53,1,10,13,17,1
1765,16780,4.95,1,14,17,30,1
1766,16781,-1.01,0,0,3,1,1
1767,16796,3.65,1,10,13,15,1
1768,16797,-1.01,0,0,3,1,1
1769,16808,2.24,1,7,10,11,1
1770,16813,0.95,1,4,7,5,1
1771,16817,0.46,1,3,6,4,1
1772,16828,3.34,1,9,12,11,1
1773,16831,-0.03,0,2,5,3,1
1774,16832,-1.01,0,0,3,1,1
1775,16833,-1.01,0,0,3,1,1
1776,16837,0.46,1,3,6,4,1
1777,16842,0.95,1,4,7,5,1
1778,16865,4.27,1,12,15,23,1
1779,16869,0.46,1,3,6,4,1
1780,16876,1.93,1,6,9,7,1
1781,16890,2.61,1,8,11,14,1
1782,16914,4.76,1,13,16,24,1
1783,16922,1.87,1,6,9,8,1
1784,16932,2.85,1,8,11,10,1
1785,16957,5.25,1,14,17,25,1
1786,16963,1.44,1,5,8,6,1
1787,16975,2.18,1,7,10,12,1
1788,16981,0.89,1,4,7,6,1
1789,17011,5.5,1,15,18,30,1
1790,17012,-1.01,0,0,3,1,1
1791,17016,0.46,1,3,6,4,1
1792,17021,0.4,1,3,6,5,1
1793,17022,-1.01,0,0,3,1,1
1794,17038,4.69,1,12,15,16,1
1795,17047,1.81,1,6,9,9,1
1796,17053,1.44,1,5,8,6,1
1797,17082,2.81,1,10,13,29,1
1798,17117,4.65,1,14,17,35,1
1799,17126,2.91,1,8,11,9,1
1800,17130,-0.09,0,2,5,4,1
1801,17147,5.18,1,13,16,17,1
1802,17158,2.79,1,8,11,11,1
1803,17159,-1.01,0,0,3,1,1
1804,17166,1.93,1,6,9,7,1
1805,17170,0.46,1,3,6,4,1
1806,17180,2.3,1,7,10,10,1
1807,17185,0.95,1,4,7,5,1
1808,17199,4.81,1,12,15,14,1
1809,17206,1.93,1,6,9,7,1
1810,17211,0.95,1,4,7,5,1
1811,17235,5.86,1,15,18,24,1
1812,17248,3.22,1,9,12,13,1
1813,17251,-0.03,0,2,5,3,1
1814,17271,5.0,1,13,16,20,1
1815,17275,-0.09,0,2,5,4,1
1816,17291,3.04,1,9,12,16,1
1817,17300,1.81,1,6,9,9,1
1818,17309,2.36,1,7,10,9,1
1819,17313,0.46,1,3,6,4,1
1820,17320,1.38,1,5,8,7,1
1821,17350,4.95,1,14,17,30,1
1822,17356,0.89,1,4,7,6,1
1823,17360,0.46,1,3,6,4,1
1824,17383,5.92,1,15,18,23,1
1825,17389,1.44,1,5,8,6,1
1826,17419,5.5,1,15,18,30,1
1827,17425,0.89,1,4,7,6,1
1828,17433,0.77,1,4,7,8,1
1829,17451,2.92,1,9,12,18,1
1830,17478,3.48,1,11,14,27,1
1831,17488,2.3,1,7,10,10,1
1832,17490,-0.52,0,1,4,2,1
1833,17508,3.47,1,10,13,18,1
1834,17533,5.25,1,14,17,25,1
1835,17534,-1.01,0,0,3,1,1
1836,17538,0.46,1,3,6,4,1
1837,17542,0.46,1,3,6,4,1
1838,17546,0.46,1,3,6,4,1
1839,17551,-0.15,0,2,5,5,1
1840,17578,4.58,1,13,16,27,1
1841,17582,0.46,1,3,6,4,1
1842,17592,1.75,1,6,9,10,1
1843,17606,4.26,1,11,14,14,1
1844,17640,5.26,1,15,18,34,1
1845,17642,-0.52,0,1,4,2,1
1846,17675,4.22,1,13,16,33,1
1847,17684,0.16,1,3,6,9,1
1848,17686,-0.52,0,1,4,2,1
1849,17697,2.24,1,7,10,11,1
1850,17703,0.89,1,4,7,6,1
1851,17705,-0.52,0,1,4,2,1
1852,17711,1.44,1,5,8,6,1
1853,17733,4.33,1,12,15,22,1
1854,17750,1.88,1,7,10,17,1
1855,17753,-0.03,0,2,5,3,1
1856,17754,-1.01,0,0,3,1,1
1857,17758,-0.09,0,2,5,4,1
1858,17760,-0.52,0,1,4,2,1
1859,17764,0.46,1,3,6,4,1
1860,17773,0.71,1,4,7,9,1
1861,17787,2.61,1,8,11,14,1
1862,17806,4.51,1,12,15,19,1
1863,17823,4.08,1,11,14,17,1
1864,17828,0.95,1,4,7,5,1
1865,17829,-1.01,0,0,3,1,1
1866,17855,4.09,1,12,15,26,1
1867,17858,-0.03,0,2,5,3,1
1868,17866,1.87,1,6,9,8,1
1869,17868,-0.52,0,1,4,2,1
1870,17869,-1.01,0,0,3,1,1
1871,17870,-1.01,0,0,3,1,1
1872,17949,4.76,1,19,22,79,1
1873,17953,0.46,1,3,6,4,1
1874,17956,-0.03,0,2,5,3,1
1875,17959,-0.03,0,2,5,3,1
1876,17986,3.48,1,11,14,27,1
1877,17996,2.3,1,7,10,10,1
1878,18019,3.72,1,11,14,23,1
1879,18025,0.89,1,4,7,6,1
1880,18029,0.46,1,3,6,4,1
1881,18032,-0.03,0,2,5,3,1
1882,18033,-1.01,0,0,3,1,1
1883,18043,2.85,1,8,11,10,1
1884,18055,3.28,1,9,12,12,1
1885,18063,1.87,1,6,9,8,1
1886,18065,-0.52,0,1,4,2,1
1887,18072,1.93,1,6,9,7,1
1888,18078,1.44,1,5,8,6,1
1889,18080,-0.52,0,1,4,2,1
1890,18091,2.24,1,7,10,11,1
1891,18092,-1.01,0,0,3,1,1
1892,18110,2.37,1,8,11,18,1
1893,18118,1.32,1,5,8,8,1
1894,18130,3.28,1,9,12,12,1
1895,18138,0.77,1,4,7,8,1
1896,18139,-1.01,0,0,3,1,1
1897,18141,-0.52,0,1,4,2,1
1898,18142,-1.01,0,0,3,1,1
1899,18148,0.34,1,3,6,6,1
1900,18186,7.22,1,19,22,38,1
1901,18194,1.32,1,5,8,8,1
1902,18198,0.46,1,3,6,4,1
1903,18199,-1.01,0,0,3,1,1
1904,18206,1.38,1,5,8,7,1
1905,18228,4.88,1,13,16,22,1
1906,18239,2.24,1,7,10,11,1
1907,18241,-0.52,0,1,4,2,1
1908,18242,-1.01,0,0,3,1,1
1909,18249,0.28,1,3,6,7,1
1910,18254,0.95,1,4,7,5,1
1911,18256,-0.52,0,1,4,2,1
1912,18285,5.56,1,15,18,29,1
1913,18289,0.46,1,3,6,4,1
1914,18292,-0.03,0,2,5,3,1
1915,18305,2.67,1,8,11,13,1
1916,18311,1.44,1,5,8,6,1
1917,18313,-0.52,0,1,4,2,1
1918,18316,-0.03,0,2,5,3,1
1919,18323,0.83,1,4,7,7,1
1920,18351,4.52,1,13,16,28,1
1921,18353,-0.52,0,1,4,2,1
1922,18361,2.42,1,7,10,8,1
1923,18363,-0.52,0,1,4,2,1
1924,18385,3.78,1,11,14,22,1
1925,18387,-0.52,0,1,4,2,1
1926,18392,0.4,1,3,6,5,1
1927,18400,1.87,1,6,9,8,1
1928,18417,4.08,1,11,14,17,1
1929,18426,2.36,1,7,10,9,1
1930,18429,-0.03,0,2,5,3,1
1931,18430,-1.01,0,0,3,1,1
1932,18443,2.12,1,7,10,13,1
1933,18488,5.7,1,17,20,45,1
1934,18496,1.32,1,5,8,8,1
1935,18521,4.15,1,12,15,25,1
1936,18536,3.1,1,9,12,15,1
1937,18538,-0.52,0,1,4,2,1
1938,18548,2.85,1,8,11,10,1
1939,18570,5.98,1,15,18,22,1
1940,18574,-0.09,0,2,5,4,1
1941,18578,0.46,1,3,6,4,1
1942,18593,4.2,1,11,14,15,1
1943,18616,4.27,1,12,15,23,1
1944,18618,-0.52,0,1,4,2,1
1945,18622,0.46,1,3,6,4,1
1946,18641,4.51,1,12,15,19,1
1947,18650,2.36,1,7,10,9,1
1948,18692,6.43,1,18,21,42,1
1949,18695,-0.03,0,2,5,3,1
1950,18706,2.79,1,8,11,11,1
1951,18710,0.46,1,3,6,4,1
1952,18715,0.95,1,4,7,5,1
1953,18716,-1.01,0,0,3,1,1
1954,18719,-0.03,0,2,5,3,1
1955,18734,2.55,1,8,11,15,1
1956,18768,5.81,1,16,19,34,1
1957,18771,-0.03,0,2,5,3,1
1958,18776,0.4,1,3,6,5,1
1959,18781,0.4,1,3,6,5,1
1960,18798,4.63,1,12,15,17,1
1961,18806,1.87,1,6,9,8,1
1962,18807,-1.01,0,0,3,1,1
1963,18816,1.81,1,6,9,9,1
1964,18825,1.81,1,6,9,9,1
1965,18828,-0.03,0,2,5,3,1
1966,18832,0.46,1,3,6,4,1
1967,18849,2.43,1,8,11,17,1
1968,18855,1.44,1,5,8,6,1
1969,18856,-1.01,0,0,3,1,1
1970,18860,0.46,1,3,6,4,1
1971,18862,-0.52,0,1,4,2,1
1972,18868,1.44,1,5,8,6,1
1973,18869,-1.01,0,0,3,1,1
1974,18872,-0.03,0,2,5,3,1
1975,18877,0.95,1,4,7,5,1
1976,18881,0.46,1,3,6,4,1
1977,18883,-0.52,0,1,4,2,1
1978,18912,5.01,1,14,17,29,1
1979,18915,-0.03,0,2,5,3,1
1980,18957,5.33,1,16,19,42,1
1981,18973,4.14,1,11,14,16,1
1982,18975,-0.52,0,1,4,2,1
1983,18987,3.28,1,9,12,12,1
1984,18989,-0.52,0,1,4,2,1
1985,19008,4.51,1,12,15,19,1
1986,19015,1.38,1,5,8,7,1
1987,19018,-0.03,0,2,5,3,1
1988,19021,-0.03,0,2,5,3,1
1989,19026,0.95,1,4,7,5,1
1990,19028,-0.52,0,1,4,2,1
1991,19037,2.36,1,7,10,9,1
1992,19058,4.39,1,12,15,21,1
1993,19066,1.87,1,6,9,8,1
1994,19072,0.89,1,4,7,6,1
1995,19079,1.38,1,5,8,7,1
1996,19084,0.95,1,4,7,5,1
1997,19087,-0.03,0,2,5,3,1
1998,19090,-0.03,0,2,5,3,1
1999,19091,-1.01,0,0,3,1,1
2000,19095,0.46,1,3,6,4,1
2001,19106,2.79,1,8,11,11,1
2002,19110,-0.09,0,2,5,4,1
2003,19115,0.4,1,3,6,5,1
2004,19132,3.53,1,10,13,17,1
2005,19136,0.46,1,3,6,4,1
2006,19138,-0.52,0,1,4,2,1
2007,19147,1.81,1,6,9,9,1
2008,19149,-0.52,0,1,4,2,1
2009,19162,3.77,1,10,13,13,1
2010,19175,2.12,1,7,10,13,1
2011,19180,0.95,1,4,7,5,1
2012,19181,-1.01,0,0,3,1,1
2013,19185,0.46,1,3,6,4,1
2014,19193,1.87,1,6,9,8,1
2015,19197,-0.09,0,2,5,4,1
2016,19210,3.22,1,9,12,13,1
2017,19219,2.36,1,7,10,9,1
2018,19243,5.31,1,14,17,24,1
2019,19250,1.38,1,5,8,7,1
2020,19264,3.71,1,10,13,14,1
2021,19267,-0.03,0,2,5,3,1
2022,19270,-0.03,0,2,5,3,1
2023,19274,-0.09,0,2,5,4,1
2024,19290,3.59,1,10,13,16,1
2025,19302,3.28,1,9,12,12,1
2026,19309,1.38,1,5,8,7,1
2027,19323,3.16,1,9,12,14,1
2028,19351,5.62,1,15,18,28,1
2029,19360,1.26,1,5,8,9,1
2030,19371,1.69,1,6,9,11,1
2031,19376,-0.15,0,2,5,5,1
2032,19378,-0.52,0,1,4,2,1
2033,19381,-0.03,0,2,5,3,1
2034,19395,3.16,1,9,12,14,1
2035,19398,-0.03,0,2,5,3,1
2036,19402,0.46,1,3,6,4,1
2037,19407,0.95,1,4,7,5,1
2038,19411,0.46,1,3,6,4,1
2039,19414,-0.03,0,2,5,3,1
2040,19416,-0.52,0,1,4,2,1
2041,19417,-1.01,0,0,3,1,1
2042,19443,4.09,1,12,15,26,1
2043,19454,3.34,1,9,12,11,1
2044,19456,-0.52,0,1,4,2,1
2045,19473,3.53,1,10,13,17,1
2046,19480,0.83,1,4,7,7,1
2047,19482,-0.52,0,1,4,2,1
2048,19483,-1.01,0,0,3,1,1
2049,19486,-0.03,0,2,5,3,1
2050,19489,-0.03,0,2,5,3,1
2051,19493,-0.09,0,2,5,4,1
2052,19498,0.4,1,3,6,5,1
2053,19499,-1.01,0,0,3,1,1
2054,19502,-0.03,0,2,5,3,1
2055,19504,-0.52,0,1,4,2,1
2056,19512,2.42,1,7,10,8,1
2057,19515,-0.58,0,1,4,3,1
2058,19518,-0.03,0,2,5,3,1
2059,19523,0.95,1,4,7,5,1
2060,19524,-1.01,0,0,3,1,1
2061,19537,3.22,1,9,12,13,1
2062,19544,1.38,1,5,8,7,1
2063,19551,0.83,1,4,7,7,1
2064,19552,-1.01,0,0,3,1,1
2065,19561,2.91,1,8,11,9,1
2066,19562,-1.01,0,0,3,1,1
2067,19583,6.04,1,15,18,21,1
2068,19594,2.79,1,8,11,11,1
2069,19607,3.22,1,9,12,13,1
2070,19638,5.44,1,15,18,31,1
2071,19646,2.42,1,7,10,8,1
2072,19666,6.65,1,16,19,20,1
2073,19668,-0.52,0,1,4,2,1
2074,19672,0.46,1,3,6,4,1
2075,19679,1.38,1,5,8,7,1
2076,19698,4.51,1,12,15,19,1
2077,19711,4.32,1,11,14,13,1
2078,19716,0.95,1,4,7,5,1
2079,19717,-1.01,0,0,3,1,1
2080,19719,-0.52,0,1,4,2,1
2081,19745,5.19,1,14,17,26,1
2082,19750,0.4,1,3,6,5,1
2083,19754,-0.09,0,2,5,4,1
2084,19760,0.34,1,3,6,6,1
2085,19763,-0.03,0,2,5,3,1
2086,19774,1.69,1,6,9,11,1
2087,19775,-1.01,0,0,3,1,1
2088,19790,4.2,1,11,14,15,1
2089,19814,3.11,1,10,13,24,1
2090,19824,2.3,1,7,10,10,1
2091,19841,4.08,1,11,14,17,1
2092,19870,6.66,1,17,20,29,1
2093,19891,5.49,1,14,17,21,1
2094,19911,2.8,1,9,12,20,1
2095,19914,-0.03,0,2,5,3,1
2096,19917,-0.58,0,1,4,3,1
2097,19929,2.73,1,8,11,12,1
2098,19944,3.65,1,10,13,15,1
2099,19955,3.34,1,9,12,11,1
2100,19956,-1.01,0,0,3,1,1
2101,19968,2.73,1,8,11,12,1
2102,19970,-0.52,0,1,4,2,1
2103,19976,0.89,1,4,7,6,1
2104,19993,4.08,1,11,14,17,1
2105,20047,6.26,1,19,22,54,1
2106,20048,-1.01,0,0,3,1,1
2107,20057,1.81,1,6,9,9,1
2108,20062,0.95,1,4,7,5,1
2109,20069,0.83,1,4,7,7,1
2110,20073,0.46,1,3,6,4,1
2111,20075,-0.52,0,1,4,2,1
2112,20077,-0.52,0,1,4,2,1
2113,20089,2.73,1,8,11,12,1
2114,20095,0.89,1,4,7,6,1
2115,20107,3.28,1,9,12,12,1
2116,20113,0.89,1,4,7,6,1
2117,20119,0.89,1,4,7,6,1
2118,20122,-0.58,0,1,4,3,1
2119,20134,2.73,1,8,11,12,1
2120,20141,1.93,1,6,9,7,1
2121,20147,0.34,1,3,6,6,1
2122,20148,-1.01,0,0,3,1,1
2123,20155,0.83,1,4,7,7,1
2124,20203,7.17,1,20,23,48,1
2125,20213,3.4,1,9,12,10,1
2126,20221,1.87,1,6,9,8,1
2127,20229,2.42,1,7,10,8,1
2128,20242,3.22,1,9,12,13,1
2129,20244,-0.52,0,1,4,2,1
2130,20246,-0.52,0,1,4,2,1
2131,20255,1.26,1,5,8,9,1
2132,20272,3.53,1,10,13,17,1
2133,20284,2.73,1,8,11,12,1
2134,20294,2.85,1,8,11,10,1
2135,20312,4.57,1,12,15,18,1
2136,20328,2.49,1,8,11,16,1
2137,20342,3.71,1,10,13,14,1
2138,20350,2.42,1,7,10,8,1
2139,20353,-0.03,0,2,5,3,1
2140,20366,3.77,1,10,13,13,1
2141,20374,1.87,1,6,9,8,1
2142,20375,-1.01,0,0,3,1,1
2143,20378,-0.03,0,2,5,3,1
2144,20379,-1.01,0,0,3,1,1
2145,20402,4.27,1,12,15,23,1
2146,20417,2.0,1,7,10,15,1
2147,20423,0.34,1,3,6,6,1
2148,20424,-1.01,0,0,3,1,1
2149,20425,-1.01,0,0,3,1,1
2150,20426,-1.01,0,0,3,1,1
2151,20434,1.87,1,6,9,8,1
2152,20439,0.4,1,3,6,5,1
2153,20457,2.92,1,9,12,18,1
2154,20491,4.71,1,14,17,34,1
2155,20495,0.46,1,3,6,4,1
2156,20498,-0.03,0,2,5,3,1
2157,20518,4.45,1,12,15,20,1
2158,20521,-0.03,0,2,5,3,1
2159,20526,0.95,1,4,7,5,1
2160,20538,1.08,1,5,8,12,1
2161,20545,1.93,1,6,9,7,1
2162,20547,-0.52,0,1,4,2,1
2163,20552,0.4,1,3,6,5,1
2164,20574,4.88,1,13,16,22,1
2165,20603,5.56,1,15,18,29,1
2166,20605,-0.52,0,1,4,2,1
2167,20631,4.64,1,13,16,26,1
2168,20634,-0.03,0,2,5,3,1
2169,20643,2.36,1,7,10,9,1
2170,20654,2.24,1,7,10,11,1
2171,20659,0.95,1,4,7,5,1
2172,20665,0.89,1,4,7,6,1
2173,20669,0.46,1,3,6,4,1
2174,20676,1.93,1,6,9,7,1
2175,20690,3.71,1,10,13,14,1
2176,20711,3.84,1,11,14,21,1
2177,20726,3.1,1,9,12,15,1
2178,20733,0.83,1,4,7,7,1
2179,20739,0.89,1,4,7,6,1
2180,20742,-0.03,0,2,5,3,1
2181,20757,3.65,1,10,13,15,1
2182,20766,1.81,1,6,9,9,1
2183,20781,3.1,1,9,12,15,1
2184,20793,1.63,1,6,9,12,1
2185,20801,1.87,1,6,9,8,1
2186,20819,4.02,1,11,14,18,1
2187,20834,3.1,1,9,12,15,1
2188,20841,1.38,1,5,8,7,1
2189,20843,-0.52,0,1,4,2,1
2190,20855,3.83,1,10,13,12,1
2191,20856,-1.01,0,0,3,1,1
2192,20877,4.94,1,13,16,21,1
2193,20886,1.81,1,6,9,9,1
2194,20943,6.08,1,19,22,57,1
2195,20952,1.81,1,6,9,9,1
2196,20963,2.24,1,7,10,11,1
2197,20964,-1.01,0,0,3,1,1
2198,20973,2.36,1,7,10,9,1
2199,20975,-0.52,0,1,4,2,1
2200,20976,-1.01,0,0,3,1,1
2201,20981,0.95,1,4,7,5,1
2202,20982,-1.01,0,0,3,1,1
2203,20986,-0.09,0,2,5,4,1
2204,20997,2.79,1,8,11,11,1
2205,21002,0.4,1,3,6,5,1
2206,21003,-1.01,0,0,3,1,1
2207,21006,-0.03,0,2,5,3,1
2208,21007,-1.01,0,0,3,1,1
2209,21009,-0.52,0,1,4,2,1
2210,21030,5.49,1,14,17,21,1
2211,21032,-0.52,0,1,4,2,1
2212,21042,1.75,1,6,9,10,1
2213,21052,1.75,1,6,9,10,1
2214,21061,2.36,1,7,10,9,1
2215,21069,1.87,1,6,9,8,1
2216,21088,2.86,1,9,12,19,1
2217,21118,6.6,1,17,20,30,1
2218,21123,0.95,1,4,7,5,1
2219,21144,2.74,1,9,12,21,1
2220,21166,4.33,1,12,15,22,1
2221,21197,5.99,1,16,19,31,1
2222,21211,2.61,1,8,11,14,1
2223,21219,2.42,1,7,10,8,1
2224,21228,2.36,1,7,10,9,1
2225,21259,5.99,1,16,19,31,1
2226,21331,5.18,1,19,22,72,1
2227,21332,-1.01,0,0,3,1,1
2228,21337,0.95,1,4,7,5,1
2229,21341,-0.09,0,2,5,4,1
2230,21346,0.95,1,4,7,5,1
2231,21352,1.44,1,5,8,6,1
2232,21359,1.38,1,5,8,7,1
2233,21375,4.69,1,12,15,16,1
2234,21392,2.98,1,9,12,17,1
2235,21400,2.42,1,7,10,8,1
2236,21404,0.46,1,3,6,4,1
2237,21413,1.26,1,5,8,9,1
2238,21415,-0.52,0,1,4,2,1
2239,21423,0.77,1,4,7,8,1
2240,21433,2.3,1,7,10,10,1
2241,21435,-0.52,0,1,4,2,1
2242,21439,0.46,1,3,6,4,1
2243,21441,-0.52,0,1,4,2,1
2244,21443,-0.52,0,1,4,2,1
2245,21444,-1.01,0,0,3,1,1
2246,21449,0.4,1,3,6,5,1
2247,21471,3.78,1,11,14,22,1
2248,21546,4.45,1,18,21,75,1
2249,21549,-0.03,0,2,5,3,1
2250,21565,3.59,1,10,13,16,1
2251,21568,-0.03,0,2,5,3,1
2252,21584,3.04,1,9,12,16,1
2253,21588,-0.09,0,2,5,4,1
2254,21591,-0.03,0,2,5,3,1
2255,21604,4.32,1,11,14,13,1
2256,21612,2.42,1,7,10,8,1
2257,21620,1.32,1,5,8,8,1
2258,21622,-0.52,0,1,4,2,1
2259,21627,0.95,1,4,7,5,1
2260,21635,2.42,1,7,10,8,1
2261,21639,0.46,1,3,6,4,1
2262,21732,5.02,1,21,24,93,1
2263,21739,0.83,1,4,7,7,1
2264,21746,1.38,1,5,8,7,1
2265,21749,-0.03,0,2,5,3,1
2266,21757,2.42,1,7,10,8,1
2267,21766,1.26,1,5,8,9,1
2268,21767,-1.01,0,0,3,1,1
2269,21775,2.42,1,7,10,8,1
2270,21778,-0.58,0,1,4,3,1
2271,21788,2.3,1,7,10,10,1
2272,21795,1.93,1,6,9,7,1
2273,21806,2.79,1,8,11,11,1
2274,21807,-1.01,0,0,3,1,1
2275,21834,4.58,1,13,16,27,1
2276,21876,3.13,1,12,15,42,1
2277,21893,4.08,1,11,14,17,1
2278,21907,3.16,1,9,12,14,1
2279,21913,1.44,1,5,8,6,1
2280,21916,-0.58,0,1,4,3,1
2281,21921,0.4,1,3,6,5,1
2282,21931,1.75,1,6,9,10,1
2283,21963,5.38,1,15,18,32,1
2284,21966,-0.03,0,2,5,3,1
2285,22016,7.05,1,20,23,50,1
2286,22022,1.44,1,5,8,6,1
2287,22032,1.2,1,5,8,10,1
2288,22037,0.4,1,3,6,5,1
2289,22054,4.63,1,12,15,17,1
2290,22063,1.81,1,6,9,9,1
2291,22066,-0.03,0,2,5,3,1
2292,22068,-0.52,0,1,4,2,1
2293,22079,2.79,1,8,11,11,1
2294,22082,-0.03,0,2,5,3,1
2295,22092,2.3,1,7,10,10,1
2296,22093,-1.01,0,0,3,1,1
2297,22102,1.81,1,6,9,9,1
2298,22103,-1.01,0,0,3,1,1
2299,22111,1.87,1,6,9,8,1
2300,22114,-0.03,0,2,5,3,1
2301,22115,-1.01,0,0,3,1,1
2302,22118,-0.03,0,2,5,3,1
2303,22119,-1.01,0,0,3,1,1
2304,22122,-0.03,0,2,5,3,1
2305,22130,1.87,1,6,9,8,1
2306,22144,3.16,1,9,12,14,1
2307,22147,-0.03,0,2,5,3,1
2308,22148,-1.01,0,0,3,1,1
2309,22166,3.47,1,10,13,18,1
2310,22168,-0.52,0,1,4,2,1
2311,22171,-0.03,0,2,5,3,1
2312,22172,-1.01,0,0,3,1,1
2313,22173,-1.01,0,0,3,1,1
2314,22175,-0.52,0,1,4,2,1
2315,22176,-1.01,0,0,3,1,1
2316,22184,1.87,1,6,9,8,1
2317,22205,4.94,1,13,16,21,1
2318,22206,-1.01,0,0,3,1,1
2319,22207,-1.01,0,0,3,1,1
2320,22212,0.4,1,3,6,5,1
2321,22222,2.3,1,7,10,10,1
2322,22232,2.3,1,7,10,10,1
2323,22235,-0.03,0,2,5,3,1
2324,22237,-0.52,0,1,4,2,1
2325,22244,1.38,1,5,8,7,1
2326,22246,-0.52,0,1,4,2,1
2327,22247,-1.01,0,0,3,1,1
2328,22256,1.26,1,5,8,9,1
2329,22259,-0.03,0,2,5,3,1
2330,22261,-0.52,0,1,4,2,1
2331,22280,2.86,1,9,12,19,1
2332,22298,4.02,1,11,14,18,1
2333,22303,0.95,1,4,7,5,1
2334,22307,0.46,1,3,6,4,1
2335,22312,-0.15,0,2,5,5,1
2336,22313,-1.01,0,0,3,1,1
2337,22320,1.93,1,6,9,7,1
2338,22321,-1.01,0,0,3,1,1
2339,22325,0.46,1,3,6,4,1
2340,22345,5.55,1,14,17,20,1
2341,22372,4.03,1,12,15,27,1
2342,22380,1.32,1,5,8,8,1
2343,22389,1.26,1,5,8,9,1
2344,22402,4.32,1,11,14,13,1
2345,22424,2.68,1,9,12,22,1
2346,22431,1.38,1,5,8,7,1
2347,22435,0.46,1,3,6,4,1
2348,22453,4.02,1,11,14,18,1
2349,22459,1.44,1,5,8,6,1
2350,22460,-1.01,0,0,3,1,1
2351,22464,0.46,1,3,6,4,1
2352,22480,3.59,1,10,13,16,1
2353,22482,-0.52,0,1,4,2,1
2354,22490,1.32,1,5,8,8,1
2355,22491,-1.01,0,0,3,1,1
2356,22506,4.75,1,12,15,15,1
2357,22507,-1.01,0,0,3,1,1
2358,22508,-1.01,0,0,3,1,1
2359,22510,-0.52,0,1,4,2,1
2360,22517,1.38,1,5,8,7,1
2361,22520,-0.03,0,2,5,3,1
2362,22530,1.75,1,6,9,10,1
2363,22532,-0.52,0,1,4,2,1
2364,22539,1.93,1,6,9,7,1
2365,22576,4.53,1,14,17,37,1
2366,22582,0.89,1,4,7,6,1
2367,22619,5.08,1,15,18,37,1
2368,22621,-0.52,0,1,4,2,1
2369,22625,0.46,1,3,6,4,1
2370,22645,3.9,1,11,14,20,1
2371,22656,1.69,1,6,9,11,1
2372,22658,-0.52,0,1,4,2,1
2373,22661,-0.03,0,2,5,3,1
2374,22668,1.38,1,5,8,7,1
2375,22678,2.3,1,7,10,10,1
2376,22691,2.67,1,8,11,13,1
2377,22692,-1.01,0,0,3,1,1
2378,22705,2.67,1,8,11,13,1
2379,22710,0.95,1,4,7,5,1
2380,22715,0.95,1,4,7,5,1
2381,22721,0.89,1,4,7,6,1
2382,22739,2.92,1,9,12,18,1
2383,22741,-0.52,0,1,4,2,1
2384,22750,1.81,1,6,9,9,1
2385,22768,4.02,1,11,14,18,1
2386,22780,3.28,1,9,12,12,1
2387,22792,2.73,1,8,11,12,1
2388,22838,5.64,1,17,20,46,1
2389,22847,2.36,1,7,10,9,1
2390,22852,0.95,1,4,7,5,1
2391,22861,2.36,1,7,10,9,1
2392,22863,-0.52,0,1,4,2,1
2393,22867,0.46,1,3,6,4,1
2394,22868,-1.01,0,0,3,1,1
2395,22871,-0.03,0,2,5,3,1
2396,22877,1.44,1,5,8,6,1
2397,22887,2.3,1,7,10,10,1
2398,22895,1.87,1,6,9,8,1
2399,22899,0.46,1,3,6,4,1
2400,22908,2.91,1,8,11,9,1
2401,22949,6.49,1,18,21,41,1
2402,22952,-0.03,0,2,5,3,1
2403,22959,1.38,1,5,8,7,1
2404,22962,-0.03,0,2,5,3,1
2405,22966,0.46,1,3,6,4,1
2406,22971,0.95,1,4,7,5,1
2407,22977,0.89,1,4,7,6,1
2408,22979,-0.52,0,1,4,2,1
2409,23034,6.2,1,19,22,55,1
2410,23035,-1.01,0,0,3,1,1
2411,23036,-1.01,0,0,3,1,1
2412,23051,2.55,1,8,11,15,1
2413,23052,-1.01,0,0,3,1,1
2414,23054,-0.52,0,1,4,2,1
2415,23073,3.96,1,11,14,19,1
2416,23080,1.38,1,5,8,7,1
2417,23084,0.46,1,3,6,4,1
2418,23090,1.44,1,5,8,6,1
2419,23103,2.67,1,8,11,13,1
2420,23104,-1.01,0,0,3,1,1
2421,23151,5.03,1,16,19,47,1
2422,23162,2.79,1,8,11,11,1
2423,23174,3.28,1,9,12,12,1
2424,23180,1.44,1,5,8,6,1
2425,23187,0.83,1,4,7,7,1
2426,23204,4.63,1,12,15,17,1
2427,23216,2.18,1,7,10,12,1
2428,23223,0.28,1,3,6,7,1
2429,23230,0.83,1,4,7,7,1
2430,23265,5.2,1,15,18,35,1
2431,23292,2.93,1,10,13,27,1
2432,23295,-0.03,0,2,5,3,1
2433,23301,0.34,1,3,6,6,1
2434,23313,2.73,1,8,11,12,1
2435,23319,1.44,1,5,8,6,1
2436,23348,5.56,1,15,18,29,1
2437,23352,0.46,1,3,6,4,1
2438,23354,-0.52,0,1,4,2,1
2439,23376,3.78,1,11,14,22,1
2440,23381,0.4,1,3,6,5,1
2441,23384,-0.03,0,2,5,3,1
2442,23402,4.02,1,11,14,18,1
2443,23407,0.95,1,4,7,5,1
2444,23421,3.71,1,10,13,14,1
2445,23422,-1.01,0,0,3,1,1
2446,23427,0.95,1,4,7,5,1
2447,23429,-0.52,0,1,4,2,1
2448,23437,2.42,1,7,10,8,1
2449,23447,1.75,1,6,9,10,1
2450,23448,-1.01,0,0,3,1,1
2451,23471,5.37,1,14,17,23,1
2452,23500,6.11,1,16,19,29,1
2453,23508,1.32,1,5,8,8,1
2454,23511,-0.03,0,2,5,3,1
2455,23532,5.49,1,14,17,21,1
2456,23534,-0.52,0,1,4,2,1
2457,23547,2.67,1,8,11,13,1
2458,23558,2.79,1,8,11,11,1
2459,23564,1.44,1,5,8,6,1
2460,23566,-0.52,0,1,4,2,1
2461,23614,7.17,1,20,23,48,1
2462,23623,2.36,1,7,10,9,1
2463,23626,-0.03,0,2,5,3,1
2464,23630,-0.09,0,2,5,4,1
2465,23639,1.26,1,5,8,9,1
2466,23649,2.85,1,8,11,10,1
2467,23652,-0.03,0,2,5,3,1
2468,23701,5.46,1,17,20,49,1
2469,23751,6.5,1,19,22,50,1
2470,23771,5.55,1,14,17,20,1
2471,23773,-0.52,0,1,4,2,1
2472,23782,1.81,1,6,9,9,1
2473,23785,-0.03,0,2,5,3,1
2474,23790,0.95,1,4,7,5,1
2475,23806,3.04,1,9,12,16,1
2476,23809,-0.03,0,2,5,3,1
2477,23815,1.44,1,5,8,6,1
2478,23818,-0.03,0,2,5,3,1
2479,23826,0.77,1,4,7,8,1
2480,23828,-0.52,0,1,4,2,1
2481,23840,3.28,1,9,12,12,1
2482,23856,3.59,1,10,13,16,1
2483,23862,1.44,1,5,8,6,1
2484,23867,0.4,1,3,6,5,1
2485,23882,4.2,1,11,14,15,1
2486,23888,1.44,1,5,8,6,1
2487,23917,6.11,1,16,19,29,1
2488,23930,2.67,1,8,11,13,1
2489,23931,-1.01,0,0,3,1,1
2490,23937,1.44,1,5,8,6,1
2491,23939,-0.52,0,1,4,2,1
2492,23941,-0.52,0,1,4,2,1
2493,23943,-0.52,0,1,4,2,1
2494,23944,-1.01,0,0,3,1,1
2495,23970,5.19,1,14,17,26,1
2496,23974,-0.09,0,2,5,4,1
2497,23980,0.89,1,4,7,6,1
2498,23995,3.1,1,9,12,15,1
2499,24016,4.39,1,12,15,21,1
2500,24061,5.7,1,17,20,45,1
2501,24066,0.95,1,4,7,5,1
2502,24087,4.39,1,12,15,21,1
2503,24089,-0.52,0,1,4,2,1
2504,24092,-0.03,0,2,5,3,1
2505,24100,1.32,1,5,8,8,1
2506,24105,0.95,1,4,7,5,1
2507,24116,2.79,1,8,11,11,1
2508,24129,2.67,1,8,11,13,1
2509,24132,-0.03,0,2,5,3,1
2510,24136,0.46,1,3,6,4,1
2511,24146,2.85,1,8,11,10,1
2512,24165,2.31,1,8,11,19,1
2513,24166,-1.01,0,0,3,1,1
2514,24169,-0.03,0,2,5,3,1
2515,24170,-1.01,0,0,3,1,1
2516,24176,1.44,1,5,8,6,1
2517,24187,2.24,1,7,10,11,1
2518,24191,0.46,1,3,6,4,1
2519,24193,-0.52,0,1,4,2,1
2520,24201,1.32,1,5,8,8,1
2521,24209,1.32,1,5,8,8,1
2522,24215,1.44,1,5,8,6,1
2523,24217,-0.52,0,1,4,2,1
2524,24224,1.38,1,5,8,7,1
2525,24226,-0.52,0,1,4,2,1
2526,24227,-1.01,0,0,3,1,1
2527,24228,-1.01,0,0,3,1,1
2528,24229,-1.01,0,0,3,1,1
2529,24241,3.83,1,10,13,12,1
2530,24243,-0.52,0,1,4,2,1
2531,24247,-0.09,0,2,5,4,1
2532,24250,-0.03,0,2,5,3,1
2533,24265,2.55,1,8,11,15,1
2534,24278,3.77,1,10,13,13,1
2535,24281,-0.03,0,2,5,3,1
2536,24286,0.95,1,4,7,5,1
2537,24292,0.89,1,4,7,6,1
2538,24327,4.65,1,14,17,35,1
2539,24338,2.79,1,8,11,11,1
2540,24342,-0.09,0,2,5,4,1
2541,24348,0.89,1,4,7,6,1
2542,24353,0.95,1,4,7,5,1
2543,24354,-1.01,0,0,3,1,1
2544,24361,1.93,1,6,9,7,1
2545,24378,3.53,1,10,13,17,1
2546,24398,3.35,1,10,13,20,1
2547,24431,6.97,1,18,21,33,1
2548,24433,-0.52,0,1,4,2,1
2549,24434,-1.01,0,0,3,1,1
2550,24451,2.98,1,9,12,17,1
2551,24467,3.59,1,10,13,16,1
2552,24479,3.83,1,10,13,12,1
2553,24492,2.67,1,8,11,13,1
2554,24496,0.46,1,3,6,4,1
2555,24504,1.32,1,5,8,8,1
2556,24512,1.87,1,6,9,8,1
2557,24516,-0.09,0,2,5,4,1
2558,24521,0.95,1,4,7,5,1
2559,24539,4.57,1,12,15,18,1
2560,24544,0.4,1,3,6,5,1
2561,24548,0.46,1,3,6,4,1
2562,24549,-1.01,0,0,3,1,1
2563,24566,4.08,1,11,14,17,1
2564,24567,-1.01,0,0,3,1,1
2565,24570,-0.03,0,2,5,3,1
2566,24573,-0.03,0,2,5,3,1
2567,24582,1.81,1,6,9,9,1
2568,24589,0.83,1,4,7,7,1
2569,24597,1.87,1,6,9,8,1
2570,24600,-0.03,0,2,5,3,1
2571,24614,3.16,1,9,12,14,1
2572,24626,1.08,1,5,8,12,1
2573,24632,0.34,1,3,6,6,1
2574,24654,4.88,1,13,16,22,1
2575,24655,-1.01,0,0,3,1,1
2576,24662,1.93,1,6,9,7,1
2577,24665,-0.03,0,2,5,3,1
2578,24669,0.46,1,3,6,4,1
2579,24671,-0.52,0,1,4,2,1
2580,24676,-0.15,0,2,5,5,1
2581,24682,0.89,1,4,7,6,1
2582,24686,0.46,1,3,6,4,1
2583,24688,-0.52,0,1,4,2,1
2584,24690,-0.52,0,1,4,2,1
2585,24694,-0.09,0,2,5,4,1
2586,24698,-0.09,0,2,5,4,1
2587,24716,5.12,1,13,16,18,1
2588,24719,-0.58,0,1,4,3,1
2589,24730,2.24,1,7,10,11,1
2590,24732,-0.52,0,1,4,2,1
2591,24737,0.95,1,4,7,5,1
2592,24747,2.85,1,8,11,10,1
2593,24774,5.13,1,14,17,27,1
2594,24776,-0.52,0,1,4,2,1
2595,24785,0.16,1,3,6,9,1
2596,24788,-0.03,0,2,5,3,1
2597,24793,0.95,1,4,7,5,1
2598,24805,2.18,1,7,10,12,1
2599,24807,-0.52,0,1,4,2,1
2600,24812,0.95,1,4,7,5,1
2601,24815,-0.03,0,2,5,3,1
2602,24837,5.43,1,14,17,22,1
2603,24840,-0.03,0,2,5,3,1
2604,24842,-0.52,0,1,4,2,1
2605,24850,0.77,1,4,7,8,1
2606,24865,3.65,1,10,13,15,1
2607,24869,0.46,1,3,6,4,1
2608,24877,1.87,1,6,9,8,1
2609,24888,2.24,1,7,10,11,1
2610,24890,-0.52,0,1,4,2,1
2611,24892,-0.52,0,1,4,2,1
2612,24897,-0.15,0,2,5,5,1
2613,24899,-0.52,0,1,4,2,1
2614,24914,3.1,1,9,12,15,1
2615,24917,-0.03,0,2,5,3,1
2616,24939,4.33,1,12,15,22,1
2617,24972,4.22,1,13,16,33,1
2618,24988,3.04,1,9,12,16,1
2619,24990,-0.52,0,1,4,2,1
2620,25000,1.75,1,6,9,10,1
2621,25008,1.87,1,6,9,8,1
2622,25022,2.61,1,8,11,14,1
2623,25026,0.46,1,3,6,4,1
2624,25030,0.46,1,3,6,4,1
2625,25037,1.93,1,6,9,7,1
2626,25073,3.49,1,12,15,36,1
2627,25131,10.62,1,22,25,58,0
2628,25134,-0.03,0,2,5,3,1
2629,25156,2.68,1,9,12,22,1
2630,25186,6.05,1,16,19,30,1
2631,25200,3.71,1,10,13,14,1
2632,25202,-0.52,0,1,4,2,1
2633,25204,-0.52,0,1,4,2,1
2634,25206,-0.52,0,1,4,2,1
2635,25209,-0.03,0,2,5,3,1
2636,25238,5.01,1,14,17,29,1
2637,25242,0.46,1,3,6,4,1
2638,25249,1.38,1,5,8,7,1
2639,25252,-0.03,0,2,5,3,1
2640,25256,-0.09,0,2,5,4,1
2641,25259,-0.03,0,2,5,3,1
2642,25260,-1.01,0,0,3,1,1
2643,25262,-0.52,0,1,4,2,1
2644,25265,-0.03,0,2,5,3,1
2645,25271,1.44,1,5,8,6,1
2646,25272,-1.01,0,0,3,1,1
2647,25276,0.46,1,3,6,4,1
2648,25287,1.14,1,5,8,11,1
2649,25292,0.95,1,4,7,5,1
2650,25293,-1.01,0,0,3,1,1
2651,25296,-0.03,0,2,5,3,1
2652,25299,-0.03,0,2,5,3,1
2653,25306,1.93,1,6,9,7,1
2654,25309,-0.58,0,1,4,3,1
2655,25319,2.85,1,8,11,10,1
2656,25322,-0.03,0,2,5,3,1
2657,25329,0.83,1,4,7,7,1
2658,25336,0.28,1,3,6,7,1
2659,25346,3.4,1,9,12,10,1
2660,25353,1.38,1,5,8,7,1
2661,25354,-1.01,0,0,3,1,1
2662,25358,0.46,1,3,6,4,1
2663,25360,-0.52,0,1,4,2,1
2664,25361,-1.01,0,0,3,1,1
2665,25373,3.83,1,10,13,12,1
2666,25379,0.89,1,4,7,6,1
2667,25386,0.83,1,4,7,7,1
2668,25387,-1.01,0,0,3,1,1
2669,25391,0.46,1,3,6,4,1
2670,25395,0.46,1,3,6,4,1
2671,25397,-0.52,0,1,4,2,1
2672,25409,2.18,1,7,10,12,1
2673,25414,0.95,1,4,7,5,1
2674,25420,1.44,1,5,8,6,1
2675,25422,-0.52,0,1,4,2,1
2676,25424,-0.52,0,1,4,2,1
2677,25441,3.53,1,10,13,17,1
2678,25443,-0.52,0,1,4,2,1
2679,25444,-1.01,0,0,3,1,1
2680,25453,1.26,1,5,8,9,1
2681,25463,1.2,1,5,8,10,1
2682,25503,6.0,1,17,20,40,1
2683,25511,1.87,1,6,9,8,1
2684,25513,-0.52,0,1,4,2,1
2685,25515,-0.52,0,1,4,2,1
2686,25517,-0.52,0,1,4,2,1
2687,25536,5.06,1,13,16,19,1
2688,25543,1.93,1,6,9,7,1
2689,25548,0.95,1,4,7,5,1
2690,25554,1.44,1,5,8,6,1
2691,25555,-1.01,0,0,3,1,1
2692,25561,1.44,1,5,8,6,1
2693,25587,3.54,1,11,14,26,1
2694,25613,4.09,1,12,15,26,1
2695,25614,-1.01,0,0,3,1,1
2696,25617,-0.03,0,2,5,3,1
2697,25625,2.42,1,7,10,8,1
2698,25628,-0.03,0,2,5,3,1
2699,25632,0.46,1,3,6,4,1
2700,25639,1.93,1,6,9,7,1
2701,25640,-1.01,0,0,3,1,1
2702,25642,-0.52,0,1,4,2,1
2703,25650,1.87,1,6,9,8,1
2704,25665,4.75,1,12,15,15,1
2705,25667,-0.52,0,1,4,2,1
2706,25671,0.46,1,3,6,4,1
2707,25687,3.04,1,9,12,16,1
2708,25688,-1.01,0,0,3,1,1
2709,25694,0.89,1,4,7,6,1
2710,25718,5.31,1,14,17,24,1
2711,25720,-0.52,0,1,4,2,1
2712,25740,3.9,1,11,14,20,1
2713,25742,-0.52,0,1,4,2,1
2714,25743,-1.01,0,0,3,1,1
2715,25755,2.73,1,8,11,12,1
2716,25756,-1.01,0,0,3,1,1
2717,25760,0.46,1,3,6,4,1
2718,25762,-0.52,0,1,4,2,1
2719,25768,0.89,1,4,7,6,1
2720,25775,0.83,1,4,7,7,1
2721,25793,3.47,1,10,13,18,1
2722,25796,-0.03,0,2,5,3,1
2723,25800,0.46,1,3,6,4,1
2724,25809,1.26,1,5,8,9,1
2725,25837,4.52,1,13,16,28,1
2726,25839,-0.52,0,1,4,2,1
2727,25850,1.69,1,6,9,11,1
2728,25857,1.38,1,5,8,7,1
2729,25866,2.36,1,7,10,9,1
2730,25868,-0.52,0,1,4,2,1
2731,25875,1.93,1,6,9,7,1
2732,25880,0.95,1,4,7,5,1
2733,25884,-0.09,0,2,5,4,1
2734,25909,4.7,1,13,16,25,1
2735,25913,0.46,1,3,6,4,1
2736,25956,6.37,1,18,21,43,1
2737,25959,-0.03,0,2,5,3,1
2738,25963,-0.09,0,2,5,4,1
2739,25967,0.46,1,3,6,4,1
2740,25976,1.81,1,6,9,9,1
2741,25982,1.44,1,5,8,6,1
2742,26003,3.29,1,10,13,21,1
2743,26004,-1.01,0,0,3,1,1
2744,26005,-1.01,0,0,3,1,1
2745,26020,4.75,1,12,15,15,1
2746,26031,2.79,1,8,11,11,1
2747,26048,2.43,1,8,11,17,1
2748,26049,-1.01,0,0,3,1,1
2749,26056,-0.27,0,2,5,7,1
2750,26063,1.38,1,5,8,7,1
2751,26068,0.95,1,4,7,5,1
2752,26069,-1.01,0,0,3,1,1
2753,26088,5.61,1,14,17,19,1
2754,26100,3.28,1,9,12,12,1
2755,26103,-0.03,0,2,5,3,1
2756,26125,4.88,1,13,16,22,1
2757,26143,3.47,1,10,13,18,1
2758,26148,0.4,1,3,6,5,1
2759,26150,-0.52,0,1,4,2,1
2760,26158,1.87,1,6,9,8,1
2761,26163,0.95,1,4,7,5,1
2762,26164,-1.01,0,0,3,1,1
2763,26197,3.67,1,12,15,33,1
2764,26202,0.4,1,3,6,5,1
2765,26203,-1.01,0,0,3,1,1
2766,26216,2.67,1,8,11,13,1
2767,26217,-1.01,0,0,3,1,1
2768,26225,0.22,1,3,6,8,1
2769,26239,3.71,1,10,13,14,1
2770,26246,0.83,1,4,7,7,1
2771,26267,3.29,1,10,13,21,1
2772,26270,-0.03,0,2,5,3,1
2773,26272,-0.52,0,1,4,2,1
2774,26291,3.96,1,11,14,19,1
2775,26301,1.75,1,6,9,10,1
2776,26316,2.55,1,8,11,15,1
2777,26317,-1.01,0,0,3,1,1
2778,26347,6.05,1,16,19,30,1
2779,26366,3.96,1,11,14,19,1
2780,26370,-0.09,0,2,5,4,1
2781,26385,2.55,1,8,11,15,1
2782,26386,-1.01,0,0,3,1,1
2783,26395,1.81,1,6,9,9,1
2784,26405,3.4,1,9,12,10,1
2785,26407,-0.52,0,1,4,2,1
2786,26411,0.46,1,3,6,4,1
2787,26421,1.2,1,5,8,10,1
2788,26425,-0.09,0,2,5,4,1
2789,26428,-0.03,0,2,5,3,1
2790,26434,-0.21,0,2,5,6,1
2791,26440,0.89,1,4,7,6,1
2792,26445,0.4,1,3,6,5,1
2793,26465,3.9,1,11,14,20,1
2794,26487,3.78,1,11,14,22,1
2795,26488,-1.01,0,0,3,1,1
2796,26493,0.95,1,4,7,5,1
2797,26497,0.46,1,3,6,4,1
2798,26502,-0.15,0,2,5,5,1
2799,26522,4.45,1,12,15,20,1
2800,26530,0.77,1,4,7,8,1
2801,26549,4.51,1,12,15,19,1
2802,26553,0.46,1,3,6,4,1
2803,26558,0.95,1,4,7,5,1
2804,26559,-1.01,0,0,3,1,1
2805,26565,1.44,1,5,8,6,1
2806,26572,1.38,1,5,8,7,1
2807,26588,3.59,1,10,13,16,1
2808,26605,4.08,1,11,14,17,1
2809,26608,-0.03,0,2,5,3,1
2810,26610,-0.52,0,1,4,2,1
2811,26620,1.75,1,6,9,10,1
2812,26635,2.55,1,8,11,15,1
2813,26637,-0.52,0,1,4,2,1
2814,26695,5.47,1,18,21,58,1
2815,26702,1.38,1,5,8,7,1
2816,26704,-0.52,0,1,4,2,1
2817,26705,-1.01,0,0,3,1,1
2818,26717,3.28,1,9,12,12,1
2819,26740,4.27,1,12,15,23,1
2820,26749,1.81,1,6,9,9,1
2821,26757,0.77,1,4,7,8,1
2822,26780,3.17,1,10,13,23,1
2823,26805,4.7,1,13,16,25,1
2824,26835,4.4,1,13,16,30,1
2825,26846,2.79,1,8,11,11,1
2826,26857,2.24,1,7,10,11,1
2827,26864,1.38,1,5,8,7,1
2828,26871,0.83,1,4,7,7,1
2829,26874,-0.03,0,2,5,3,1
2830,26896,3.78,1,11,14,22,1
2831,26936,5.45,1,16,19,40,1
2832,26937,-1.01,0,0,3,1,1
2833,26939,-0.52,0,1,4,2,1
2834,26963,3.66,1,11,14,24,1
2835,26991,3.97,1,12,15,28,1
2836,26996,0.95,1,4,7,5,1
2837,27002,0.89,1,4,7,6,1
2838,27003,-1.01,0,0,3,1,1
2839,27014,3.34,1,9,12,11,1
2840,27046,5.38,1,15,18,32,1
2841,27055,2.36,1,7,10,9,1
2842,27061,0.34,1,3,6,6,1
2843,27062,-1.01,0,0,3,1,1
2844,27076,2.06,1,7,10,14,1
2845,27082,0.89,1,4,7,6,1
2846,27088,0.89,1,4,7,6,1
2847,27111,3.72,1,11,14,23,1
2848,27131,4.45,1,12,15,20,1
2849,27133,-0.52,0,1,4,2,1
2850,27148,2.55,1,8,11,15,1
2851,27165,1.33,1,6,9,17,1
2852,27175,1.75,1,6,9,10,1
2853,27181,0.89,1,4,7,6,1
2854,27193,3.28,1,9,12,12,1
2855,27195,-0.52,0,1,4,2,1
2856,27215,3.35,1,10,13,20,1
2857,27229,3.16,1,9,12,14,1
2858,27240,2.79,1,8,11,11,1
2859,27249,2.91,1,8,11,9,1
2860,27251,-0.52,0,1,4,2,1
2861,27253,-0.52,0,1,4,2,1
2862,27267,2.61,1,8,11,14,1
2863,27268,-1.01,0,0,3,1,1
2864,27293,5.25,1,14,17,25,1
2865,27296,-0.03,0,2,5,3,1
2866,27297,-1.01,0,0,3,1,1
2867,27306,2.36,1,7,10,9,1
2868,27331,5.25,1,14,17,25,1
2869,27333,-0.52,0,1,4,2,1
2870,27376,6.92,1,19,22,43,1
2871,27390,2.06,1,7,10,14,1
2872,27405,0.9,1,5,8,15,1
2873,27407,-0.52,0,1,4,2,1
2874,27410,-0.03,0,2,5,3,1
2875,27416,0.89,1,4,7,6,1
2876,27423,0.83,1,4,7,7,1
2877,27441,2.37,1,8,11,18,1
2878,27444,-0.03,0,2,5,3,1
2879,27446,-0.52,0,1,4,2,1
2880,27460,2.06,1,7,10,14,1
2881,27465,0.4,1,3,6,5,1
2882,27472,1.93,1,6,9,7,1
2883,27474,-0.52,0,1,4,2,1
2884,27476,-0.52,0,1,4,2,1
2885,27478,-0.52,0,1,4,2,1
2886,27495,4.63,1,12,15,17,1
2887,27498,-0.03,0,2,5,3,1
2888,27507,1.81,1,6,9,9,1
2889,27510,-0.03,0,2,5,3,1
2890,27519,0.71,1,4,7,9,1
2891,27520,-1.01,0,0,3,1,1
2892,27526,0.34,1,3,6,6,1
2893,27543,2.98,1,9,12,17,1
2894,27545,-0.52,0,1,4,2,1
2895,27555,2.85,1,8,11,10,1
2896,27577,4.33,1,12,15,22,1
2897,27584,1.38,1,5,8,7,1
2898,27588,-0.09,0,2,5,4,1
2899,27610,5.43,1,14,17,22,1
2900,27624,3.16,1,9,12,14,1
2901,27670,6.19,1,18,21,46,1
2902,27710,4.35,1,14,17,40,1
2903,27738,5.07,1,14,17,28,1
2904,27761,4.27,1,12,15,23,1
2905,27767,0.34,1,3,6,6,1
2906,27772,0.4,1,3,6,5,1
2907,27779,1.93,1,6,9,7,1
2908,27795,2.49,1,8,11,16,1
2909,27799,0.46,1,3,6,4,1
2910,27803,0.46,1,3,6,4,1
2911,27807,0.46,1,3,6,4,1
2912,27813,0.34,1,3,6,6,1
2913,27815,-0.52,0,1,4,2,1
2914,27832,4.08,1,11,14,17,1
2915,27854,4.33,1,12,15,22,1
2916,27860,0.89,1,4,7,6,1
2917,27863,-0.03,0,2,5,3,1
2918,27876,3.22,1,9,12,13,1
2919,27885,1.81,1,6,9,9,1
2920,27897,1.08,1,5,8,12,1
2921,27904,1.93,1,6,9,7,1
2922,27906,-0.52,0,1,4,2,1
2923,27921,3.1,1,9,12,15,1
2924,27976,3.45,1,14,17,55,1
2925,28001,4.7,1,13,16,25,1
2926,28040,5.51,1,16,19,39,1
2927,28049,1.26,1,5,8,9,1
2928,28050,-1.01,0,0,3,1,1
2929,28090,6.55,1,18,21,40,1
2930,28091,-1.01,0,0,3,1,1
2931,28108,2.43,1,8,11,17,1
2932,28112,0.46,1,3,6,4,1
2933,28116,0.46,1,3,6,4,1
2934,28125,2.36,1,7,10,9,1
2935,28146,4.39,1,12,15,21,1
2936,28162,4.69,1,12,15,16,1
2937,28179,2.98,1,9,12,17,1
2938,28180,-1.01,0,0,3,1,1
2939,28210,5.5,1,15,18,30,1
2940,28219,0.71,1,4,7,9,1
2941,28220,-1.01,0,0,3,1,1
2942,28240,3.9,1,11,14,20,1
2943,28248,1.87,1,6,9,8,1
2944,28250,-0.52,0,1,4,2,1
2945,28254,0.46,1,3,6,4,1
2946,28258,-0.09,0,2,5,4,1
2947,28278,4.45,1,12,15,20,1
2948,28298,6.1,1,15,18,20,1
2949,28300,-0.52,0,1,4,2,1
2950,28312,2.73,1,8,11,12,1
2951,28326,2.61,1,8,11,14,1
2952,28328,-0.52,0,1,4,2,1
2953,28340,3.28,1,9,12,12,1
2954,28351,2.79,1,8,11,11,1
2955,28367,3.59,1,10,13,16,1
2956,28368,-1.01,0,0,3,1,1
2957,28382,1.51,1,6,9,14,1
2958,28399,3.53,1,10,13,17,1
2959,28412,2.67,1,8,11,13,1
2960,28421,1.81,1,6,9,9,1
2961,28443,3.78,1,11,14,22,1
2962,28465,4.33,1,12,15,22,1
2963,28475,0.65,1,4,7,10,1
2964,28526,3.14,1,13,16,51,1
2965,28532,0.34,1,3,6,6,1
2966,28543,1.14,1,5,8,11,1
2967,28554,2.24,1,7,10,11,1
2968,28589,5.2,1,15,18,35,1
2969,28596,0.83,1,4,7,7,1
2970,28598,-0.52,0,1,4,2,1
2971,28603,0.95,1,4,7,5,1
2972,28606,-0.03,0,2,5,3,1
2973,28611,0.4,1,3,6,5,1
2974,28634,3.17,1,10,13,23,1
2975,28637,-0.03,0,2,5,3,1
2976,28642,0.95,1,4,7,5,1
2977,28647,0.4,1,3,6,5,1
2978,28652,0.95,1,4,7,5,1
2979,28659,1.38,1,5,8,7,1
2980,28660,-1.01,0,0,3,1,1
2981,28681,4.94,1,13,16,21,1
2982,28684,-0.03,0,2,5,3,1
2983,28690,0.34,1,3,6,6,1
2984,28723,5.87,1,16,19,33,1
2985,28724,-1.01,0,0,3,1,1
2986,28725,-1.01,0,0,3,1,1
2987,28735,2.3,1,7,10,10,1
2988,28753,3.47,1,10,13,18,1
2989,28761,1.32,1,5,8,8,1
2990,28771,2.3,1,7,10,10,1
2991,28780,1.81,1,6,9,9,1
2992,28781,-1.01,0,0,3,1,1
2993,28795,3.71,1,10,13,14,1
2994,28805,2.3,1,7,10,10,1
2995,28807,-0.52,0,1,4,2,1
2996,28824,4.08,1,11,14,17,1
2997,28830,0.89,1,4,7,6,1
2998,28831,-1.01,0,0,3,1,1
2999,28833,-0.52,0,1,4,2,1
3000,28847,2.61,1,8,11,14,1
3001,28857,0.65,1,4,7,10,1
3002,28877,2.8,1,9,12,20,1
3003,28880,-0.03,0,2,5,3,1
3004,28900,2.25,1,8,11,20,1
3005,28903,-0.03,0,2,5,3,1
3006,28923,2.8,1,9,12,20,1
3007,28938,2.55,1,8,11,15,1
3008,28955,3.53,1,10,13,17,1
3009,28956,-1.01,0,0,3,1,1
3010,28971,3.65,1,10,13,15,1
3011,28978,1.38,1,5,8,7,1
3012,28985,0.83,1,4,7,7,1
3013,28988,-0.03,0,2,5,3,1
3014,29027,5.51,1,16,19,39,1
3015,29047,3.35,1,10,13,20,1
3016,29075,3.42,1,11,14,28,1
3017,29089,3.16,1,9,12,14,1
3018,29113,3.66,1,11,14,24,1
3019,29119,0.89,1,4,7,6,1
3020,29126,1.38,1,5,8,7,1
3021,29131,0.95,1,4,7,5,1
3022,29138,0.83,1,4,7,7,1
3023,29157,4.51,1,12,15,19,1
3024,29159,-0.52,0,1,4,2,1
3025,29176,2.43,1,8,11,17,1
3026,29177,-1.01,0,0,3,1,1
3027,29183,0.34,1,3,6,6,1
3028,29191,-0.33,0,2,5,8,1
3029,29201,2.3,1,7,10,10,1
3030,29215,1.51,1,6,9,14,1
3031,29227,1.08,1,5,8,12,1
3032,29239,3.83,1,10,13,12,1
3033,29252,2.67,1,8,11,13,1
3034,29268,0.84,1,5,8,16,1
3035,29278,1.2,1,5,8,10,1
3036,29279,-1.01,0,0,3,1,1
3037,29281,-0.52,0,1,4,2,1
3038,29297,1.39,1,6,9,16,1
3039,29298,-1.01,0,0,3,1,1
3040,29323,4.7,1,13,16,25,1
3041,29334,0.59,1,4,7,11,1
3042,29348,3.16,1,9,12,14,1
3043,29357,1.26,1,5,8,9,1
3044,29366,0.71,1,4,7,9,1
3045,29374,0.77,1,4,7,8,1
3046,29377,-0.03,0,2,5,3,1
3047,29389,2.18,1,7,10,12,1
3048,29404,3.1,1,9,12,15,1
3049,29412,0.77,1,4,7,8,1
3050,29419,1.38,1,5,8,7,1
3051,29439,3.9,1,11,14,20,1
3052,29444,0.4,1,3,6,5,1
3053,29445,-1.01,0,0,3,1,1
3054,29449,-0.64,0,1,4,4,1
3055,29481,5.93,1,16,19,32,1
3056,29487,0.89,1,4,7,6,1
3057,29490,-0.58,0,1,4,3,1
3058,29500,0.65,1,4,7,10,1
3059,29522,1.58,1,7,10,22,1
3060,29534,1.63,1,6,9,12,1
3061,29535,-1.01,0,0,3,1,1
3062,29539,-0.09,0,2,5,4,1
3063,29544,0.4,1,3,6,5,1
3064,29564,3.35,1,10,13,20,1
3065,29565,-1.01,0,0,3,1,1
3066,29567,-0.52,0,1,4,2,1
3067,29579,2.18,1,7,10,12,1
3068,29581,-0.52,0,1,4,2,1
3069,29583,-0.52,0,1,4,2,1
3070,29594,2.79,1,8,11,11,1
3071,29597,-0.03,0,2,5,3,1
3072,29599,-0.52,0,1,4,2,1
3073,29619,1.15,1,6,9,20,1
3074,29630,2.79,1,8,11,11,1
3075,29635,0.4,1,3,6,5,1
3076,29639,0.46,1,3,6,4,1
3077,29640,-1.01,0,0,3,1,1
3078,29675,4.1,1,13,16,35,1
3079,29709,3.06,1,11,14,34,1
3080,29710,-1.01,0,0,3,1,1
3081,29744,4.16,1,13,16,34,1
3082,29748,-0.09,0,2,5,4,1
3083,29754,0.34,1,3,6,6,1
3084,29767,2.67,1,8,11,13,1
3085,29773,0.34,1,3,6,6,1
3086,29777,0.46,1,3,6,4,1
3087,29778,-1.01,0,0,3,1,1
3088,29785,0.83,1,4,7,7,1
3089,29788,-0.03,0,2,5,3,1
3090,29794,1.44,1,5,8,6,1
3091,29798,0.46,1,3,6,4,1
3092,29803,-0.15,0,2,5,5,1
3093,29822,1.76,1,7,10,19,1
3094,29825,-0.03,0,2,5,3,1
3095,29832,0.83,1,4,7,7,1
3096,29885,4.12,1,15,18,53,1
3097,29889,-0.09,0,2,5,4,1
3098,29892,-0.03,0,2,5,3,1
3099,29893,-1.01,0,0,3,1,1
3100,29894,-1.01,0,0,3,1,1
3101,29917,4.27,1,12,15,23,1
3102,29918,-1.01,0,0,3,1,1
3103,29919,-1.01,0,0,3,1,1
3104,29922,-0.03,0,2,5,3,1
3105,29933,2.24,1,7,10,11,1
3106,29951,2.37,1,8,11,18,1
3107,29953,-0.52,0,1,4,2,1
3108,29956,-0.03,0,2,5,3,1
3109,29962,0.34,1,3,6,6,1
3110,29978,3.59,1,10,13,16,1
3111,29996,2.37,1,8,11,18,1
3112,30001,0.95,1,4,7,5,1
3113,30014,1.57,1,6,9,13,1
3114,30015,-1.01,0,0,3,1,1
3115,30020,-0.15,0,2,5,5,1
3116,30024,-0.09,0,2,5,4,1
3117,30027,-0.03,0,2,5,3,1
3118,30033,0.89,1,4,7,6,1
3119,30036,-0.03,0,2,5,3,1
3120,30044,1.32,1,5,8,8,1
3121,30045,-1.01,0,0,3,1,1
3122,30069,3.66,1,11,14,24,1
3123,30086,1.88,1,7,10,17,1
3124,30097,2.79,1,8,11,11,1
3125,30116,3.41,1,10,13,19,1
3126,30117,-1.01,0,0,3,1,1
3127,30118,-1.01,0,0,3,1,1
3128,30122,-0.09,0,2,5,4,1
3129,30136,2.06,1,7,10,14,1
3130,30137,-1.01,0,0,3,1,1
3131,30154,1.88,1,7,10,17,1
3132,30179,4.7,1,13,16,25,1
3133,30191,4.38,1,11,14,12,1
3134,30210,2.86,1,9,12,19,1
3135,30233,3.17,1,10,13,23,1
3136,30235,-0.52,0,1,4,2,1
3137,30241,0.34,1,3,6,6,1
3138,30255,2.06,1,7,10,14,1
3139,30267,1.63,1,6,9,12,1
3140,30271,-0.09,0,2,5,4,1
3141,30293,3.23,1,10,13,22,1
3142,30298,-0.15,0,2,5,5,1
3143,30302,-0.09,0,2,5,4,1
3144,30307,0.4,1,3,6,5,1
3145,30308,-1.01,0,0,3,1,1
3146,30309,-1.01,0,0,3,1,1
3147,30319,2.3,1,7,10,10,1
3148,30325,0.89,1,4,7,6,1
3149,30345,3.35,1,10,13,20,1
3150,30347,-0.52,0,1,4,2,1
3151,30348,-1.01,0,0,3,1,1
3152,30351,-0.03,0,2,5,3,1
3153,30352,-1.01,0,0,3,1,1
3154,30357,0.4,1,3,6,5,1
3155,30358,-1.01,0,0,3,1,1
3156,30359,-1.01,0,0,3,1,1
3157,30365,1.44,1,5,8,6,1
3158,30418,4.67,1,16,19,53,1
3159,30424,0.89,1,4,7,6,1
3160,30442,1.27,1,6,9,18,1
3161,30450,1.87,1,6,9,8,1
3162,30486,2.94,1,11,14,36,1
3163,30491,0.4,1,3,6,5,1
3164,30519,2.87,1,10,13,28,1
3165,30524,-0.15,0,2,5,5,1
3166,30526,-0.52,0,1,4,2,1
3167,30542,1.94,1,7,10,16,1
3168,30566,2.56,1,9,12,24,1
3169,30588,2.13,1,8,11,22,1
3170,30598,0.65,1,4,7,10,1
3171,30612,2.61,1,8,11,14,1
3172,30645,4.22,1,13,16,33,1
3173,30647,-0.52,0,1,4,2,1
3174,30650,-0.03,0,2,5,3,1
3175,30654,0.46,1,3,6,4,1
3176,30680,2.99,1,10,13,26,1
3177,30683,-0.58,0,1,4,3,1
3178,30684,-1.01,0,0,3,1,1
3179,30687,-0.03,0,2,5,3,1
3180,30693,-0.21,0,2,5,6,1
3181,30699,1.44,1,5,8,6,1
3182,30702,-0.03,0,2,5,3,1
3183,30706,0.46,1,3,6,4,1
3184,30715,0.71,1,4,7,9,1
3185,30724,1.26,1,5,8,9,1
3186,30738,2.61,1,8,11,14,1
3187,30740,-0.52,0,1,4,2,1
3188,30741,-1.01,0,0,3,1,1
3189,30742,-1.01,0,0,3,1,1
3190,30755,3.22,1,9,12,13,1
3191,30758,-0.03,0,2,5,3,1
3192,30765,1.38,1,5,8,7,1
3193,30790,3.05,1,10,13,25,1
3194,30793,-0.03,0,2,5,3,1
3195,30816,4.82,1,13,16,23,1
3196,30828,1.63,1,6,9,12,1
3197,30856,3.97,1,12,15,28,1
3198,30858,-0.52,0,1,4,2,1
3199,30867,1.26,1,5,8,9,1
3200,30888,4.39,1,12,15,21,1
3201,30894,0.34,1,3,6,6,1
3202,30900,0.34,1,3,6,6,1
3203,30901,-1.01,0,0,3,1,1
3204,30907,0.34,1,3,6,6,1
3205,30923,3.59,1,10,13,16,1
3206,30950,2.93,1,10,13,27,1
3207,30952,-0.52,0,1,4,2,1
3208,30954,-0.52,0,1,4,2,1
3209,30958,0.46,1,3,6,4,1
3210,30964,0.34,1,3,6,6,1
3211,30991,3.48,1,11,14,27,1
3212,30995,0.46,1,3,6,4,1
3213,31022,2.38,1,9,12,27,1
3214,31024,-0.52,0,1,4,2,1
3215,31026,-0.52,0,1,4,2,1
3216,31030,-0.09,0,2,5,4,1
3217,31059,4.46,1,13,16,29,1
3218,31061,-0.52,0,1,4,2,1
3219,31104,6.37,1,18,21,43,1
3220,31112,0.22,1,3,6,8,1
3221,31124,2.18,1,7,10,12,1
3222,31134,1.75,1,6,9,10,1
3223,31139,0.4,1,3,6,5,1
3224,31142,-0.03,0,2,5,3,1
3225,31147,0.4,1,3,6,5,1
3226,31166,3.96,1,11,14,19,1
3227,31182,4.14,1,11,14,16,1
3228,31192,2.3,1,7,10,10,1
3229,31208,3.59,1,10,13,16,1
3230,31210,-0.52,0,1,4,2,1
3231,31220,1.75,1,6,9,10,1
3232,31221,-1.01,0,0,3,1,1
3233,31228,1.38,1,5,8,7,1
3234,31243,2.0,1,7,10,15,1
3235,31246,-0.03,0,2,5,3,1
3236,31264,2.92,1,9,12,18,1
3237,31289,2.5,1,9,12,25,1
3238,31305,1.39,1,6,9,16,1
3239,31310,0.4,1,3,6,5,1
3240,31318,1.87,1,6,9,8,1
3241,31334,3.59,1,10,13,16,1
3242,31378,5.21,1,16,19,44,1
3243,31383,-0.15,0,2,5,5,1
3244,31396,1.02,1,5,8,13,1
3245,31419,2.07,1,8,11,23,1
3246,31422,-0.03,0,2,5,3,1
3247,31430,0.77,1,4,7,8,1
3248,31441,2.24,1,7,10,11,1
3249,31452,2.24,1,7,10,11,1
3250,31455,-0.58,0,1,4,3,1
3251,31463,1.32,1,5,8,8,1
3252,31466,-0.58,0,1,4,3,1
3253,31473,0.83,1,4,7,7,1
3254,31480,0.83,1,4,7,7,1
3255,31491,1.69,1,6,9,11,1
3256,31518,4.58,1,13,16,27,1
3257,31522,-0.09,0,2,5,4,1
3258,31523,-1.01,0,0,3,1,1
3259,31535,1.08,1,5,8,12,1
3260,31536,-1.01,0,0,3,1,1
3261,31553,4.08,1,11,14,17,1
3262,31561,1.32,1,5,8,8,1
3263,31613,4.73,1,16,19,52,1
3264,31644,5.44,1,15,18,31,1
3265,31653,0.71,1,4,7,9,1
3266,31655,-0.52,0,1,4,2,1
3267,31657,-0.52,0,1,4,2,1
3268,31666,2.36,1,7,10,9,1
3269,31668,-0.52,0,1,4,2,1
3270,31676,0.77,1,4,7,8,1
3271,31678,-0.52,0,1,4,2,1
3272,31703,3.05,1,10,13,25,1
3273,31706,-0.58,0,1,4,3,1
3274,31708,-0.52,0,1,4,2,1
3275,31711,-0.03,0,2,5,3,1
3276,31713,-0.52,0,1,4,2,1
3277,31715,-0.52,0,1,4,2,1
3278,31716,-1.01,0,0,3,1,1
3279,31720,-0.09,0,2,5,4,1
3280,31737,1.88,1,7,10,17,1
3281,31739,-0.52,0,1,4,2,1
3282,31740,-1.01,0,0,3,1,1
3283,31753,1.57,1,6,9,13,1
3284,31771,3.47,1,10,13,18,1
3285,31801,5.5,1,15,18,30,1
3286,31804,-0.58,0,1,4,3,1
3287,31824,4.45,1,12,15,20,1
3288,31850,5.74,1,15,18,26,1
3289,31857,1.38,1,5,8,7,1
3290,31862,-0.15,0,2,5,5,1
3291,31866,0.46,1,3,6,4,1
3292,31888,4.88,1,13,16,22,1
3293,31896,1.32,1,5,8,8,1
3294,31903,1.38,1,5,8,7,1
3295,31908,0.4,1,3,6,5,1
3296,31917,1.81,1,6,9,9,1
3297,31930,2.67,1,8,11,13,1
3298,31964,4.71,1,14,17,34,1
3299,31967,-0.03,0,2,5,3,1
3300,31969,-0.52,0,1,4,2,1
3301,32002,4.77,1,14,17,33,1
3302,32023,4.39,1,12,15,21,1
3303,32035,2.73,1,8,11,12,1
3304,32046,-0.51,0,2,5,11,1
3305,32060,2.61,1,8,11,14,1
3306,32064,0.46,1,3,6,4,1
3307,32075,1.14,1,5,8,11,1
3308,32099,4.76,1,13,16,24,1
3309,32109,0.65,1,4,7,10,1
3310,32116,1.38,1,5,8,7,1
3311,32125,1.26,1,5,8,9,1
3312,32152,4.03,1,12,15,27,1
3313,32167,2.0,1,7,10,15,1
3314,32176,1.26,1,5,8,9,1
3315,32180,0.46,1,3,6,4,1
3316,32187,0.83,1,4,7,7,1
3317,32188,-1.01,0,0,3,1,1
3318,32194,0.34,1,3,6,6,1
3319,32206,1.08,1,5,8,12,1
3320,32208,-0.52,0,1,4,2,1
3321,32225,1.88,1,7,10,17,1
3322,32232,1.93,1,6,9,7,1
3323,32251,5.06,1,13,16,19,1
3324,32254,-0.58,0,1,4,3,1
3325,32256,-0.52,0,1,4,2,1
3326,32271,3.1,1,9,12,15,1
3327,32296,3.6,1,11,14,25,1
3328,32299,-0.03,0,2,5,3,1
3329,32308,1.81,1,6,9,9,1
3330,32328,3.9,1,11,14,20,1
3331,32331,-0.03,0,2,5,3,1
3332,32339,1.32,1,5,8,8,1
3333,32356,3.53,1,10,13,17,1
3334,32364,1.87,1,6,9,8,1
3335,32382,2.92,1,9,12,18,1
3336,32387,0.95,1,4,7,5,1
3337,32390,-0.58,0,1,4,3,1
3338,32400,1.2,1,5,8,10,1
3339,32405,0.95,1,4,7,5,1
3340,32410,-0.15,0,2,5,5,1
3341,32412,-0.52,0,1,4,2,1
3342,32415,-0.03,0,2,5,3,1
3343,32447,3.73,1,12,15,32,1
3344,32451,0.46,1,3,6,4,1
3345,32453,-0.52,0,1,4,2,1
3346,32472,2.86,1,9,12,19,1
3347,32497,3.6,1,11,14,25,1
3348,32503,0.89,1,4,7,6,1
3349,32515,2.18,1,7,10,12,1
3350,32516,-1.01,0,0,3,1,1
3351,32537,5.49,1,14,17,21,1
3352,32560,2.07,1,8,11,23,1
3353,32564,0.46,1,3,6,4,1
3354,32566,-0.52,0,1,4,2,1
3355,32591,4.7,1,13,16,25,1
3356,32592,-1.01,0,0,3,1,1
3357,32594,-0.52,0,1,4,2,1
3358,32595,-1.01,0,0,3,1,1
3359,32606,2.79,1,8,11,11,1
3360,32637,7.09,1,18,21,31,1
3361,32650,2.12,1,7,10,13,1
3362,32661,1.14,1,5,8,11,1
3363,32662,-1.01,0,0,3,1,1
3364,32691,3.91,1,12,15,29,1
3365,32705,1.51,1,6,9,14,1
3366,32709,0.46,1,3,6,4,1
3367,32710,-1.01,0,0,3,1,1
3368,32723,2.12,1,7,10,13,1
3369,32727,0.46,1,3,6,4,1
3370,32741,2.61,1,8,11,14,1
3371,32764,4.27,1,12,15,23,1
3372,32767,-0.03,0,2,5,3,1
3373,32768,-1.01,0,0,3,1,1
3374,32779,1.69,1,6,9,11,1
3375,32790,2.79,1,8,11,11,1
3376,32798,1.32,1,5,8,8,1
3377,32800,-0.52,0,1,4,2,1
3378,32805,0.4,1,3,6,5,1
3379,32814,0.71,1,4,7,9,1
3380,32839,4.15,1,12,15,25,1
3381,32846,0.83,1,4,7,7,1
3382,32847,-1.01,0,0,3,1,1
3383,32873,5.19,1,14,17,26,1
3384,32881,1.32,1,5,8,8,1
3385,32887,1.44,1,5,8,6,1
3386,32899,3.28,1,9,12,12,1
3387,32914,2.0,1,7,10,15,1
3388,32920,1.44,1,5,8,6,1
3389,32921,-1.01,0,0,3,1,1
3390,32962,4.84,1,15,18,41,1
3391,32964,-0.52,0,1,4,2,1
3392,32975,1.69,1,6,9,11,1
3393,32977,-0.52,0,1,4,2,1
3394,32999,3.23,1,10,13,22,1
3395,33004,0.95,1,4,7,5,1
3396,33011,1.38,1,5,8,7,1
3397,33015,-0.09,0,2,5,4,1
3398,33019,0.46,1,3,6,4,1
3399,33022,-0.03,0,2,5,3,1
3400,33026,0.46,1,3,6,4,1
3401,33027,-1.01,0,0,3,1,1
3402,33041,2.06,1,7,10,14,1
3403,33042,-1.01,0,0,3,1,1
3404,33052,1.2,1,5,8,10,1
3405,33055,-0.03,0,2,5,3,1
3406,33068,2.67,1,8,11,13,1
3407,33075,0.83,1,4,7,7,1
3408,33076,-1.01,0,0,3,1,1
3409,33104,5.07,1,14,17,28,1
3410,33105,-1.01,0,0,3,1,1
3411,33111,1.44,1,5,8,6,1
3412,33130,2.86,1,9,12,19,1
3413,33136,1.44,1,5,8,6,1
3414,33162,4.09,1,12,15,26,1
3415,33169,0.83,1,4,7,7,1
3416,33178,1.81,1,6,9,9,1
3417,33196,2.37,1,8,11,18,1
3418,33202,1.44,1,5,8,6,1
3419,33206,-0.09,0,2,5,4,1
3420,33209,-0.03,0,2,5,3,1
3421,33210,-1.01,0,0,3,1,1
3422,33213,-0.03,0,2,5,3,1
3423,33215,-0.52,0,1,4,2,1
3424,33219,0.46,1,3,6,4,1
3425,33222,-0.03,0,2,5,3,1
3426,33226,0.46,1,3,6,4,1
3427,33230,0.46,1,3,6,4,1
3428,33232,-0.52,0,1,4,2,1
3429,33253,3.84,1,11,14,21,1
3430,33259,0.89,1,4,7,6,1
3431,33261,-0.52,0,1,4,2,1
3432,33305,6.31,1,18,21,44,1
3433,33309,-0.09,0,2,5,4,1
3434,33310,-1.01,0,0,3,1,1
3435,33312,-0.52,0,1,4,2,1
3436,33340,5.62,1,15,18,28,1
3437,33366,5.19,1,14,17,26,1
3438,33367,-1.01,0,0,3,1,1
3439,33378,2.24,1,7,10,11,1
3440,33380,-0.52,0,1,4,2,1
3441,33385,0.95,1,4,7,5,1
3442,33392,0.83,1,4,7,7,1
3443,33394,-0.52,0,1,4,2,1
3444,33405,3.89,1,10,13,11,1
3445,33406,-1.01,0,0,3,1,1
3446,33424,4.57,1,12,15,18,1
3447,33439,2.0,1,7,10,15,1
3448,33495,6.14,1,19,22,56,1
3449,33508,3.22,1,9,12,13,1
3450,33512,0.46,1,3,6,4,1
3451,33517,0.4,1,3,6,5,1
3452,33536,3.41,1,10,13,19,1
3453,33538,-0.52,0,1,4,2,1
3454,33539,-1.01,0,0,3,1,1
3455,33543,-0.09,0,2,5,4,1
3456,33554,1.69,1,6,9,11,1
3457,33556,-0.52,0,1,4,2,1
3458,33573,3.53,1,10,13,17,1
3459,33594,4.39,1,12,15,21,1
3460,33613,3.96,1,11,14,19,1
3461,33633,4.45,1,12,15,20,1
3462,33647,3.71,1,10,13,14,1
3463,33656,1.81,1,6,9,9,1
3464,33667,2.24,1,7,10,11,1
3465,33677,2.3,1,7,10,10,1
3466,33694,2.98,1,9,12,17,1
3467,33705,2.79,1,8,11,11,1
3468,33725,3.35,1,10,13,20,1
3469,33729,0.46,1,3,6,4,1
3470,33737,1.32,1,5,8,8,1
3471,33768,5.44,1,15,18,31,1
3472,33771,-0.03,0,2,5,3,1
3473,33813,6.98,1,19,22,42,1
3474,33817,-0.09,0,2,5,4,1
3475,33821,0.46,1,3,6,4,1
3476,33823,-0.52,0,1,4,2,1
3477,33829,1.44,1,5,8,6,1
3478,33846,1.88,1,7,10,17,1
3479,33848,-0.52,0,1,4,2,1
3480,33864,3.04,1,9,12,16,1
3481,33869,0.95,1,4,7,5,1
3482,33872,-0.03,0,2,5,3,1
3483,33876,-0.09,0,2,5,4,1
3484,33883,0.83,1,4,7,7,1
3485,33897,3.71,1,10,13,14,1
3486,33910,2.67,1,8,11,13,1
3487,33915,0.95,1,4,7,5,1
3488,33919,0.46,1,3,6,4,1
3489,33922,-0.03,0,2,5,3,1
3490,33930,1.32,1,5,8,8,1
3491,33938,1.32,1,5,8,8,1
3492,33950,2.18,1,7,10,12,1
3493,33957,1.38,1,5,8,7,1
3494,33973,3.04,1,9,12,16,1
3495,33998,4.15,1,12,15,25,1
3496,34003,0.95,1,4,7,5,1
3497,34009,0.89,1,4,7,6,1
3498,34035,4.09,1,12,15,26,1
3499,34044,1.81,1,6,9,9,1
3500,34054,1.2,1,5,8,10,1
3501,34055,-1.01,0,0,3,1,1
3502,34065,1.75,1,6,9,10,1
3503,34066,-1.01,0,0,3,1,1
3504,34075,1.81,1,6,9,9,1
3505,34077,-0.52,0,1,4,2,1
3506,34105,7.27,1,18,21,28,1
3507,34112,0.83,1,4,7,7,1
3508,34113,-1.01,0,0,3,1,1
3509,34115,-0.52,0,1,4,2,1
3510,34125,1.75,1,6,9,10,1
3511,34137,2.73,1,8,11,12,1
3512,34142,0.4,1,3,6,5,1
3513,34145,-0.03,0,2,5,3,1
3514,34154,2.36,1,7,10,9,1
3515,34157,-0.58,0,1,4,3,1
3516,34163,1.44,1,5,8,6,1
3517,34164,-1.01,0,0,3,1,1
3518,34179,3.1,1,9,12,15,1
3519,34181,-0.52,0,1,4,2,1
3520,34201,3.35,1,10,13,20,1
3521,34205,0.46,1,3,6,4,1
3522,34223,4.02,1,11,14,18,1
3523,34236,3.22,1,9,12,13,1
3524,34251,4.2,1,11,14,15,1
3525,34264,3.77,1,10,13,13,1
3526,34282,4.02,1,11,14,18,1
3527,34288,1.44,1,5,8,6,1
3528,34312,5.86,1,15,18,24,1
3529,34315,-0.03,0,2,5,3,1
3530,34316,-1.01,0,0,3,1,1
3531,34325,1.26,1,5,8,9,1
3532,34328,-0.03,0,2,5,3,1
3533,34339,2.24,1,7,10,11,1
3534,34342,-0.03,0,2,5,3,1
3535,34358,3.59,1,10,13,16,1
3536,34369,1.69,1,6,9,11,1
3537,34383,3.71,1,10,13,14,1
3538,34390,0.28,1,3,6,7,1
3539,34419,6.11,1,16,19,29,1
3540,34427,1.32,1,5,8,8,1
3541,34433,1.44,1,5,8,6,1
3542,34438,0.95,1,4,7,5,1
3543,34442,0.46,1,3,6,4,1
3544,34472,3.3,1,11,14,30,1
3545,34473,-1.01,0,0,3,1,1
3546,34485,1.63,1,6,9,12,1
3547,34498,2.67,1,8,11,13,1
3548,34505,1.38,1,5,8,7,1
3549,34513,1.32,1,5,8,8,1
3550,34524,3.89,1,10,13,11,1
3551,34531,1.38,1,5,8,7,1
3552,34542,2.24,1,7,10,11,1
3553,34550,1.87,1,6,9,8,1
3554,34559,2.36,1,7,10,9,1
3555,34561,-0.52,0,1,4,2,1
3556,34563,-0.52,0,1,4,2,1
3557,34576,3.22,1,9,12,13,1
3558,34619,7.47,1,20,23,43,1
3559,34637,4.02,1,11,14,18,1
3560,34639,-0.52,0,1,4,2,1
3561,34667,5.62,1,15,18,28,1
3562,34677,1.75,1,6,9,10,1
3563,34695,3.47,1,10,13,18,1
3564,34760,6.15,1,20,23,65,1
3565,34765,0.95,1,4,7,5,1
3566,34768,-0.03,0,2,5,3,1
3567,34783,4.2,1,11,14,15,1
3568,34785,-0.52,0,1,4,2,1
3569,34791,1.44,1,5,8,6,1
3570,34797,0.89,1,4,7,6,1
3571,34800,-0.03,0,2,5,3,1
3572,34801,-1.01,0,0,3,1,1
3573,34838,6.73,1,18,21,37,1
3574,34845,1.93,1,6,9,7,1
3575,34853,1.32,1,5,8,8,1
3576,34855,-0.52,0,1,4,2,1
3577,34881,4.64,1,13,16,26,1
3578,34888,1.93,1,6,9,7,1
3579,34897,1.81,1,6,9,9,1
3580,34904,1.38,1,5,8,7,1
3581,34908,0.46,1,3,6,4,1
3582,34911,-0.03,0,2,5,3,1
3583,34916,0.95,1,4,7,5,1
3584,34922,1.44,1,5,8,6,1
3585,34938,3.59,1,10,13,16,1
3586,34943,0.95,1,4,7,5,1
3587,34945,-0.52,0,1,4,2,1
3588,34972,4.58,1,13,16,27,1
3589,34978,0.89,1,4,7,6,1
3590,34991,2.67,1,8,11,13,1
3591,35014,4.82,1,13,16,23,1
3592,35022,1.87,1,6,9,8,1
3593,35039,4.08,1,11,14,17,1
3594,35047,2.42,1,7,10,8,1
3595,35069,4.88,1,13,16,22,1
3596,35074,0.95,1,4,7,5,1
3597,35084,1.75,1,6,9,10,1
3598,35088,0.46,1,3,6,4,1
3599,35091,-0.03,0,2,5,3,1
3600,35102,2.79,1,8,11,11,1
3601,35111,1.26,1,5,8,9,1
3602,35116,0.4,1,3,6,5,1
3603,35148,5.93,1,16,19,32,1
3604,35157,2.36,1,7,10,9,1
3605,35176,3.96,1,11,14,19,1
3606,35192,3.04,1,9,12,16,1
3607,35198,1.44,1,5,8,6,1
3608,35202,-0.09,0,2,5,4,1
3609,35207,0.95,1,4,7,5,1
3610,35225,6.77,1,16,19,18,1
3611,35239,2.61,1,8,11,14,1
3612,35240,-1.01,0,0,3,1,1
3613,35242,-0.52,0,1,4,2,1
3614,35252,2.3,1,7,10,10,1
3615,35266,4.26,1,11,14,14,1
3616,35267,-1.01,0,0,3,1,1
3617,35281,2.61,1,8,11,14,1
3618,35282,-1.01,0,0,3,1,1
3619,35308,6.29,1,16,19,26,1
3620,35325,3.53,1,10,13,17,1
3621,35331,1.44,1,5,8,6,1
3622,35333,-0.52,0,1,4,2,1
3623,35334,-1.01,0,0,3,1,1
3624,35341,0.83,1,4,7,7,1
3625,35361,3.35,1,10,13,20,1
3626,35384,4.27,1,12,15,23,1
3627,35399,3.1,1,9,12,15,1
3628,35406,1.38,1,5,8,7,1
3629,35411,0.95,1,4,7,5,1
3630,35420,2.36,1,7,10,9,1
3631,35429,1.26,1,5,8,9,1
3632,35432,-0.58,0,1,4,3,1
3633,35433,-1.01,0,0,3,1,1
3634,35436,-0.03,0,2,5,3,1
3635,35437,-1.01,0,0,3,1,1
3636,35443,1.44,1,5,8,6,1
3637,35462,3.41,1,10,13,19,1
3638,35469,0.28,1,3,6,7,1
3639,35479,2.3,1,7,10,10,1
3640,35493,2.06,1,7,10,14,1
3641,35494,-1.01,0,0,3,1,1
3642,35511,4.08,1,11,14,17,1
3643,35525,2.61,1,8,11,14,1
3644,35527,-0.52,0,1,4,2,1
3645,35534,1.38,1,5,8,7,1
3646,35537,-0.03,0,2,5,3,1
3647,35539,-0.52,0,1,4,2,1
3648,35550,1.69,1,6,9,11,1
3649,35552,-0.52,0,1,4,2,1
3650,35555,-0.03,0,2,5,3,1
3651,35568,3.77,1,10,13,13,1
3652,35570,-0.52,0,1,4,2,1
3653,35573,-0.03,0,2,5,3,1
3654,35576,-0.03,0,2,5,3,1
3655,35577,-1.01,0,0,3,1,1
3656,35578,-1.01,0,0,3,1,1
3657,35594,3.04,1,9,12,16,1
3658,35605,3.34,1,9,12,11,1
3659,35617,2.18,1,7,10,12,1
3660,35629,2.73,1,8,11,12,1
3661,35637,1.32,1,5,8,8,1
3662,35647,1.75,1,6,9,10,1
3663,35650,-0.03,0,2,5,3,1
3664,35659,1.81,1,6,9,9,1
3665,35663,0.46,1,3,6,4,1
3666,35675,3.83,1,10,13,12,1
3667,35684,2.36,1,7,10,9,1
3668,35692,1.32,1,5,8,8,1
3669,35693,-1.01,0,0,3,1,1
3670,35702,2.36,1,7,10,9,1
3671,35704,-0.52,0,1,4,2,1
3672,35711,1.38,1,5,8,7,1
3673,35714,-0.58,0,1,4,3,1
3674,35730,3.04,1,9,12,16,1
3675,35733,-0.03,0,2,5,3,1
3676,35736,-0.03,0,2,5,3,1
3677,35737,-1.01,0,0,3,1,1
3678,35745,1.87,1,6,9,8,1
3679,35750,0.95,1,4,7,5,1
3680,35758,1.87,1,6,9,8,1
3681,35764,1.44,1,5,8,6,1
3682,35794,4.4,1,13,16,30,1
3683,35803,1.81,1,6,9,9,1
3684,35809,1.44,1,5,8,6,1
3685,35826,4.08,1,11,14,17,1
3686,35837,2.79,1,8,11,11,1
3687,35840,-0.03,0,2,5,3,1
3688,35847,0.83,1,4,7,7,1
3689,35854,0.83,1,4,7,7,1
3690,35878,3.66,1,11,14,24,1
3691,35887,1.81,1,6,9,9,1
3692,35888,-1.01,0,0,3,1,1
3693,35892,0.46,1,3,6,4,1
3694,35895,-0.58,0,1,4,3,1
3695,35906,3.34,1,9,12,11,1
3696,35908,-0.52,0,1,4,2,1
3697,35915,1.38,1,5,8,7,1
3698,35923,2.42,1,7,10,8,1
3699,35928,0.4,1,3,6,5,1
3700,35931,-0.03,0,2,5,3,1
3701,35952,3.84,1,11,14,21,1
3702,35957,0.95,1,4,7,5,1
3703,35984,6.78,1,17,20,27,1
3704,35997,3.22,1,9,12,13,1
3705,36007,2.3,1,7,10,10,1
3706,36008,-1.01,0,0,3,1,1
3707,36009,-1.01,0,0,3,1,1
3708,36011,-0.52,0,1,4,2,1
3709,36018,1.38,1,5,8,7,1
3710,36021,-0.03,0,2,5,3,1
3711,36037,3.59,1,10,13,16,1
3712,36040,-0.03,0,2,5,3,1
3713,36047,1.38,1,5,8,7,1
3714,36058,3.34,1,9,12,11,1
3715,36061,-0.03,0,2,5,3,1
3716,36063,-0.52,0,1,4,2,1
3717,36067,0.46,1,3,6,4,1
3718,36068,-1.01,0,0,3,1,1
3719,36081,2.67,1,8,11,13,1
3720,36104,5.37,1,14,17,23,1
3721,36106,-0.52,0,1,4,2,1
3722,36118,2.73,1,8,11,12,1
3723,36128,3.4,1,9,12,10,1
3724,36131,-0.03,0,2,5,3,1
3725,36132,-1.01,0,0,3,1,1
3726,36163,4.89,1,14,17,31,1
3727,36169,0.89,1,4,7,6,1
3728,36171,-0.52,0,1,4,2,1
3729,36176,0.4,1,3,6,5,1
3730,36202,4.09,1,12,15,26,1
3731,36220,4.02,1,11,14,18,1
3732,36225,0.95,1,4,7,5,1
3733,36228,-0.03,0,2,5,3,1
3734,36229,-1.01,0,0,3,1,1
3735,36235,0.89,1,4,7,6,1
3736,36238,-0.03,0,2,5,3,1
3737,36245,1.38,1,5,8,7,1
3738,36246,-1.01,0,0,3,1,1
3739,36262,2.49,1,8,11,16,1
3740,36266,0.46,1,3,6,4,1
3741,36276,2.85,1,8,11,10,1
3742,36279,-0.03,0,2,5,3,1
3743,36285,0.89,1,4,7,6,1
3744,36286,-1.01,0,0,3,1,1
3745,36292,1.44,1,5,8,6,1
3746,36296,0.46,1,3,6,4,1
3747,36304,0.22,1,3,6,8,1
3748,36308,0.46,1,3,6,4,1
3749,36309,-1.01,0,0,3,1,1
3750,36312,-0.03,0,2,5,3,1
3751,36325,1.02,1,5,8,13,1
3752,36327,-0.52,0,1,4,2,1
3753,36330,-0.03,0,2,5,3,1
3754,36340,1.75,1,6,9,10,1
3755,36346,0.89,1,4,7,6,1
3756,36362,4.14,1,11,14,16,1
3757,36368,0.34,1,3,6,6,1
3758,36383,2.55,1,8,11,15,1
3759,36384,-1.01,0,0,3,1,1
3760,36392,0.77,1,4,7,8,1
3761,36393,-1.01,0,0,3,1,1
3762,36404,3.34,1,9,12,11,1
3763,36424,3.9,1,11,14,20,1
3764,36450,4.09,1,12,15,26,1
3765,36460,2.85,1,8,11,10,1
3766,36461,-1.01,0,0,3,1,1
3767,36466,0.4,1,3,6,5,1
3768,36475,1.81,1,6,9,9,1
3769,36476,-1.01,0,0,3,1,1
3770,36513,6.18,1,17,20,37,1
3771,36532,5.06,1,13,16,19,1
3772,36536,0.46,1,3,6,4,1
3773,36541,0.4,1,3,6,5,1
3774,36542,-1.01,0,0,3,1,1
3775,36543,-1.01,0,0,3,1,1
3776,36561,4.57,1,12,15,18,1
3777,36567,0.89,1,4,7,6,1
3778,36570,-0.03,0,2,5,3,1
3779,36572,-0.52,0,1,4,2,1
3780,36574,-0.52,0,1,4,2,1
3781,36591,2.43,1,8,11,17,1
3782,36602,2.79,1,8,11,11,1
3783,36608,0.89,1,4,7,6,1
3784,36624,4.69,1,12,15,16,1
3785,36648,4.21,1,12,15,24,1
3786,36651,-0.03,0,2,5,3,1
3787,36673,2.68,1,9,12,22,1
3788,36685,2.73,1,8,11,12,1
3789,36686,-1.01,0,0,3,1,1
3790,36690,0.46,1,3,6,4,1
3791,36703,2.67,1,8,11,13,1
3792,36732,3.36,1,11,14,29,1
3793,36742,2.3,1,7,10,10,1
3794,36746,0.46,1,3,6,4,1
3795,36750,0.46,1,3,6,4,1
3796,36758,0.77,1,4,7,8,1
3797,36760,-0.52,0,1,4,2,1
3798,36765,0.95,1,4,7,5,1
3799,36774,2.91,1,8,11,9,1
3800,36777,-0.03,0,2,5,3,1
3801,36781,0.46,1,3,6,4,1
3802,36794,3.77,1,10,13,13,1
3803,36796,-0.52,0,1,4,2,1
3804,36801,0.4,1,3,6,5,1
3805,36808,1.38,1,5,8,7,1
3806,36810,-0.52,0,1,4,2,1
3807,36811,-1.01,0,0,3,1,1
3808,36815,-0.09,0,2,5,4,1
3809,36825,2.3,1,7,10,10,1
3810,36835,3.4,1,9,12,10,1
3811,36845,3.4,1,9,12,10,1
3812,36850,0.4,1,3,6,5,1
3813,36852,-0.52,0,1,4,2,1
3814,36874,5.43,1,14,17,22,1
3815,36896,5.98,1,15,18,22,1
3816,36904,1.87,1,6,9,8,1
3817,36905,-1.01,0,0,3,1,1
3818,36911,0.89,1,4,7,6,1
3819,36923,2.73,1,8,11,12,1
3820,36925,-0.52,0,1,4,2,1
3821,36926,-1.01,0,0,3,1,1
3822,36931,0.95,1,4,7,5,1
3823,36942,3.34,1,9,12,11,1
3824,36947,0.95,1,4,7,5,1
3825,36949,-0.52,0,1,4,2,1
3826,36951,-0.52,0,1,4,2,1
3827,36955,0.46,1,3,6,4,1
3828,36956,-1.01,0,0,3,1,1
3829,36962,1.44,1,5,8,6,1
3830,36966,-0.09,0,2,5,4,1
3831,36977,3.34,1,9,12,11,1
3832,36978,-1.01,0,0,3,1,1
3833,36980,-0.52,0,1,4,2,1
3834,36981,-1.01,0,0,3,1,1
3835,36997,3.59,1,10,13,16,1
3836,36998,-1.01,0,0,3,1,1
3837,37008,1.2,1,5,8,10,1
3838,37009,-1.01,0,0,3,1,1
3839,37015,0.89,1,4,7,6,1
3840,37018,-0.03,0,2,5,3,1
3841,37019,-1.01,0,0,3,1,1
3842,37026,1.38,1,5,8,7,1
3843,37046,4.45,1,12,15,20,1
3844,37057,3.89,1,10,13,11,1
3845,37061,-0.64,0,1,4,4,1
3846,37067,0.89,1,4,7,6,1
3847,37072,0.4,1,3,6,5,1
3848,37073,-1.01,0,0,3,1,1
3849,37074,-1.01,0,0,3,1,1
3850,37076,-0.52,0,1,4,2,1
3851,37079,-0.03,0,2,5,3,1
3852,37116,7.28,1,19,22,37,1
3853,37121,0.95,1,4,7,5,1
3854,37124,-0.03,0,2,5,3,1
3855,37126,-0.52,0,1,4,2,1
3856,37134,0.77,1,4,7,8,1
3857,37149,3.65,1,10,13,15,1
3858,37156,1.93,1,6,9,7,1
3859,37161,0.95,1,4,7,5,1
3860,37181,5.0,1,13,16,20,1
3861,37208,5.13,1,14,17,27,1
3862,37214,1.44,1,5,8,6,1
3863,37226,2.73,1,8,11,12,1
3864,37242,3.59,1,10,13,16,1
3865,37287,6.8,1,19,22,45,1
3866,37292,0.95,1,4,7,5,1
3867,37295,-0.03,0,2,5,3,1
3868,37299,-0.09,0,2,5,4,1
3869,37316,3.53,1,10,13,17,1
3870,37355,4.41,1,14,17,39,1
3871,37363,2.42,1,7,10,8,1
3872,37364,-1.01,0,0,3,1,1
3873,37369,0.95,1,4,7,5,1
3874,37381,2.18,1,7,10,12,1
3875,37395,2.61,1,8,11,14,1
3876,37409,4.26,1,11,14,14,1
3877,37410,-1.01,0,0,3,1,1
3878,37413,-0.03,0,2,5,3,1
3879,37435,4.88,1,13,16,22,1
3880,37440,0.95,1,4,7,5,1
3881,37463,3.72,1,11,14,23,1
3882,37465,-0.52,0,1,4,2,1
3883,37510,6.8,1,19,22,45,1
3884,37512,-0.52,0,1,4,2,1
3885,37526,4.81,1,12,15,14,1
3886,37533,0.28,1,3,6,7,1
3887,37537,-0.09,0,2,5,4,1
3888,37554,4.08,1,11,14,17,1
3889,37558,0.46,1,3,6,4,1
3890,37571,3.22,1,9,12,13,1
3891,37598,5.13,1,14,17,27,1
3892,37607,2.36,1,7,10,9,1
3893,37621,3.71,1,10,13,14,1
3894,37646,4.7,1,13,16,25,1
3895,37655,2.91,1,8,11,9,1
3896,37666,2.24,1,7,10,11,1
3897,37668,-0.52,0,1,4,2,1
3898,37675,1.38,1,5,8,7,1
3899,37690,4.2,1,11,14,15,1
3900,37696,0.89,1,4,7,6,1
3901,37699,-0.03,0,2,5,3,1
3902,37710,2.24,1,7,10,11,1
3903,37715,0.95,1,4,7,5,1
3904,37716,-1.01,0,0,3,1,1
3905,37718,-0.52,0,1,4,2,1
3906,37735,4.63,1,12,15,17,1
3907,37741,1.44,1,5,8,6,1
3908,37746,0.95,1,4,7,5,1
3909,37750,0.46,1,3,6,4,1
3910,37751,-1.01,0,0,3,1,1
3911,37756,-0.15,0,2,5,5,1
3912,37760,0.46,1,3,6,4,1
3913,37776,3.59,1,10,13,16,1
3914,37778,-0.52,0,1,4,2,1
3915,37796,4.57,1,12,15,18,1
3916,37802,0.89,1,4,7,6,1
3917,37813,1.69,1,6,9,11,1
3918,37826,3.77,1,10,13,13,1
3919,37848,3.78,1,11,14,22,1
3920,37849,-1.01,0,0,3,1,1
3921,37855,1.44,1,5,8,6,1
3922,37859,0.46,1,3,6,4,1
3923,37877,4.02,1,11,14,18,1
3924,37898,5.49,1,14,17,21,1
3925,37902,0.46,1,3,6,4,1
3926,37923,4.39,1,12,15,21,1
3927,37926,-0.03,0,2,5,3,1
3928,37938,2.73,1,8,11,12,1
3929,37971,4.77,1,14,17,33,1
3930,37980,1.81,1,6,9,9,1
3931,37982,-0.52,0,1,4,2,1
3932,38013,5.99,1,16,19,31,1
3933,38016,-0.03,0,2,5,3,1
3934,38025,2.36,1,7,10,9,1
3935,38041,4.14,1,11,14,16,1
3936,38043,-0.52,0,1,4,2,1
3937,38044,-1.01,0,0,3,1,1
3938,38057,2.12,1,7,10,13,1
3939,38064,1.38,1,5,8,7,1
3940,38069,0.95,1,4,7,5,1
3941,38070,-1.01,0,0,3,1,1
3942,38071,-1.01,0,0,3,1,1
3943,38075,0.46,1,3,6,4,1
3944,38078,-0.03,0,2,5,3,1
3945,38109,5.44,1,15,18,31,1
3946,38119,2.3,1,7,10,10,1
3947,38120,-1.01,0,0,3,1,1
3948,38122,-0.52,0,1,4,2,1
3949,38130,1.87,1,6,9,8,1
3950,38160,3.85,1,12,15,30,1
3951,38175,3.1,1,9,12,15,1
3952,38182,1.38,1,5,8,7,1
3953,38188,1.44,1,5,8,6,1
3954,38194,0.34,1,3,6,6,1
3955,38198,0.46,1,3,6,4,1
3956,38214,3.59,1,10,13,16,1
3957,38230,4.14,1,11,14,16,1
3958,38234,-0.09,0,2,5,4,1
3959,38247,3.77,1,10,13,13,1
3960,38265,4.57,1,12,15,18,1
3961,38273,1.32,1,5,8,8,1
3962,38274,-1.01,0,0,3,1,1
3963,38285,2.24,1,7,10,11,1
3964,38296,2.79,1,8,11,11,1
3965,38297,-1.01,0,0,3,1,1
3966,38302,0.4,1,3,6,5,1
3967,38310,1.32,1,5,8,8,1
3968,38326,3.04,1,9,12,16,1
3969,38330,0.46,1,3,6,4,1
3970,38336,1.44,1,5,8,6,1
3971,38340,-0.09,0,2,5,4,1
3972,38344,-0.09,0,2,5,4,1
3973,38351,1.93,1,6,9,7,1
3974,38355,0.46,1,3,6,4,1
3975,38362,1.38,1,5,8,7,1
3976,38365,-0.03,0,2,5,3,1
3977,38373,2.42,1,7,10,8,1
3978,38376,-0.03,0,2,5,3,1
3979,38381,0.95,1,4,7,5,1
3980,38409,6.17,1,16,19,28,1
3981,38416,1.93,1,6,9,7,1
3982,38419,-0.03,0,2,5,3,1
3983,38429,2.3,1,7,10,10,1
3984,38433,0.46,1,3,6,4,1
3985,38436,-0.03,0,2,5,3,1
3986,38445,1.81,1,6,9,9,1
3987,38454,0.71,1,4,7,9,1
3988,38467,2.12,1,7,10,13,1
3989,38468,-1.01,0,0,3,1,1
3990,38471,-0.03,0,2,5,3,1
3991,38476,0.95,1,4,7,5,1
3992,38485,2.36,1,7,10,9,1
3993,38494,2.36,1,7,10,9,1
3994,38500,0.89,1,4,7,6,1
3995,38512,2.18,1,7,10,12,1
3996,38537,4.15,1,12,15,25,1
3997,38555,2.92,1,9,12,18,1
3998,38567,1.08,1,5,8,12,1
3999,38585,1.82,1,7,10,18,1
4000,38587,-0.52,0,1,4,2,1
4001,38591,0.46,1,3,6,4,1
4002,38596,0.95,1,4,7,5,1
4003,38618,5.43,1,14,17,22,1
4004,38619,-1.01,0,0,3,1,1
4005,38625,0.89,1,4,7,6,1
4006,38634,1.81,1,6,9,9,1
4007,38637,-0.58,0,1,4,3,1
4008,38647,1.75,1,6,9,10,1
4009,38663,4.14,1,11,14,16,1
4010,38680,4.63,1,12,15,17,1
4011,38685,0.95,1,4,7,5,1
4012,38690,0.4,1,3,6,5,1
4013,38720,5.5,1,15,18,30,1
4014,38721,-1.01,0,0,3,1,1
4015,38722,-1.01,0,0,3,1,1
4016,38725,-0.03,0,2,5,3,1
4017,38748,4.27,1,12,15,23,1
4018,38793,6.8,1,19,22,45,1
4019,38804,1.69,1,6,9,11,1
4020,38805,-1.01,0,0,3,1,1
4021,38808,-0.03,0,2,5,3,1
4022,38811,-0.03,0,2,5,3,1
4023,38817,0.89,1,4,7,6,1
4024,38818,-1.01,0,0,3,1,1
4025,38842,3.66,1,11,14,24,1
4026,38860,4.02,1,11,14,18,1
4027,38865,-0.15,0,2,5,5,1
4028,38869,0.46,1,3,6,4,1
4029,38872,-0.03,0,2,5,3,1
4030,38873,-1.01,0,0,3,1,1
4031,38875,-0.52,0,1,4,2,1
4032,38885,2.3,1,7,10,10,1
4033,38891,0.89,1,4,7,6,1
4034,38895,0.46,1,3,6,4,1
4035,38896,-1.01,0,0,3,1,1
4036,38920,4.21,1,12,15,24,1
4037,38921,-1.01,0,0,3,1,1
4038,38933,1.08,1,5,8,12,1
4039,38937,0.46,1,3,6,4,1
4040,38938,-1.01,0,0,3,1,1
4041,38943,0.95,1,4,7,5,1
4042,38951,1.32,1,5,8,8,1
4043,38953,-0.52,0,1,4,2,1
4044,38963,2.3,1,7,10,10,1
4045,38979,3.04,1,9,12,16,1
4046,38990,2.79,1,8,11,11,1
4047,38994,0.46,1,3,6,4,1
4048,38998,0.46,1,3,6,4,1
4049,38999,-1.01,0,0,3,1,1
4050,39000,-1.01,0,0,3,1,1
4051,39008,1.32,1,5,8,8,1
4052,39009,-1.01,0,0,3,1,1
4053,39023,2.06,1,7,10,14,1
4054,39077,5.16,1,17,20,54,1
4055,39081,0.46,1,3,6,4,1
4056,39085,0.46,1,3,6,4,1
4057,39094,1.81,1,6,9,9,1
4058,39103,2.36,1,7,10,9,1
4059,39129,5.19,1,14,17,26,1
4060,39138,1.81,1,6,9,9,1
4061,39144,0.89,1,4,7,6,1
4062,39146,-0.52,0,1,4,2,1
4063,39150,0.46,1,3,6,4,1
4064,39156,1.44,1,5,8,6,1
4065,39197,5.94,1,17,20,41,1
4066,39215,3.47,1,10,13,18,1
4067,39224,1.81,1,6,9,9,1
4068,39238,1.51,1,6,9,14,1
4069,39241,-0.03,0,2,5,3,1
4070,39246,0.4,1,3,6,5,1
4071,39252,1.44,1,5,8,6,1
4072,39253,-1.01,0,0,3,1,1
4073,39272,5.61,1,14,17,19,1
4074,39276,0.46,1,3,6,4,1
4075,39287,2.79,1,8,11,11,1
4076,39294,0.83,1,4,7,7,1
4077,39305,1.69,1,6,9,11,1
4078,39307,-0.52,0,1,4,2,1
4079,39327,4.45,1,12,15,20,1
4080,39328,-1.01,0,0,3,1,1
4081,39397,5.36,1,19,22,69,1
4082,39398,-1.01,0,0,3,1,1
4083,39413,2.55,1,8,11,15,1
4084,39415,-0.52,0,1,4,2,1
4085,39416,-1.01,0,0,3,1,1
4086,39432,4.69,1,12,15,16,1
4087,39465,4.77,1,14,17,33,1
4088,39476,2.24,1,7,10,11,1
4089,39498,4.33,1,12,15,22,1
4090,39500,-0.52,0,1,4,2,1
4091,39524,4.76,1,13,16,24,1
4092,39542,3.47,1,10,13,18,1
4093,39543,-1.01,0,0,3,1,1
4094,39549,1.44,1,5,8,6,1
4095,39551,-0.52,0,1,4,2,1
4096,39556,0.4,1,3,6,5,1
4097,39570,3.71,1,10,13,14,1
4098,39576,0.89,1,4,7,6,1
4099,39581,0.95,1,4,7,5,1
4100,39583,-0.52,0,1,4,2,1
4101,39610,4.58,1,13,16,27,1
4102,39622,2.18,1,7,10,12,1
4103,39646,4.21,1,12,15,24,1
4104,39666,3.35,1,10,13,20,1
4105,39682,3.59,1,10,13,16,1
4106,39687,-0.15,0,2,5,5,1
4107,39703,4.14,1,11,14,16,1
4108,39738,5.2,1,15,18,35,1
4109,39749,1.69,1,6,9,11,1
4110,39750,-1.01,0,0,3,1,1
4111,39760,2.85,1,8,11,10,1
4112,39764,-0.09,0,2,5,4,1
4113,39766,-0.52,0,1,4,2,1
4114,39787,4.94,1,13,16,21,1
4115,39788,-1.01,0,0,3,1,1
4116,39802,3.71,1,10,13,14,1
4117,39807,0.95,1,4,7,5,1
4118,39814,1.93,1,6,9,7,1
4119,39816,-0.52,0,1,4,2,1
4120,39831,3.65,1,10,13,15,1
4121,39836,0.4,1,3,6,5,1
4122,39840,0.46,1,3,6,4,1
4123,39847,1.38,1,5,8,7,1
4124,39848,-1.01,0,0,3,1,1
4125,39855,1.38,1,5,8,7,1
4126,39860,0.95,1,4,7,5,1
4127,39872,2.18,1,7,10,12,1
4128,39874,-0.52,0,1,4,2,1
4129,39877,-0.03,0,2,5,3,1
4130,39881,0.46,1,3,6,4,1
4131,39884,-0.03,0,2,5,3,1
4132,39892,2.42,1,7,10,8,1
4133,39898,0.89,1,4,7,6,1
4134,39899,-1.01,0,0,3,1,1
4135,39906,1.93,1,6,9,7,1
4136,39913,1.93,1,6,9,7,1
4137,39916,-0.03,0,2,5,3,1
4138,39925,2.91,1,8,11,9,1
4139,39926,-1.01,0,0,3,1,1
4140,39929,-0.03,0,2,5,3,1
4141,39937,0.77,1,4,7,8,1
4142,39963,5.19,1,14,17,26,1
4143,39968,0.4,1,3,6,5,1
4144,39982,3.16,1,9,12,14,1
4145,39990,1.32,1,5,8,8,1
4146,39999,2.36,1,7,10,9,1
4147,40019,5.55,1,14,17,20,1
4148,40021,-0.52,0,1,4,2,1
4149,40023,-0.52,0,1,4,2,1
4150,40057,5.26,1,15,18,34,1
4151,40061,0.46,1,3,6,4,1
4152,40063,-0.52,0,1,4,2,1
4153,40068,0.4,1,3,6,5,1
4154,40073,0.95,1,4,7,5,1
4155,40074,-1.01,0,0,3,1,1
4156,40075,-1.01,0,0,3,1,1
4157,40076,-1.01,0,0,3,1,1
4158,40084,1.87,1,6,9,8,1
4159,40088,0.46,1,3,6,4,1
4160,40093,0.95,1,4,7,5,1
4161,40094,-1.01,0,0,3,1,1
4162,40100,1.44,1,5,8,6,1
4163,40102,-0.52,0,1,4,2,1
4164,40104,-0.52,0,1,4,2,1
4165,40108,0.46,1,3,6,4,1
4166,40125,4.08,1,11,14,17,1
4167,40128,-0.03,0,2,5,3,1
4168,40140,2.18,1,7,10,12,1
4169,40163,4.27,1,12,15,23,1
4170,40167,0.46,1,3,6,4,1
4171,40194,5.13,1,14,17,27,1
4172,40199,0.95,1,4,7,5,1
4173,40205,0.89,1,4,7,6,1
4174,40214,1.81,1,6,9,9,1
4175,40229,2.55,1,8,11,15,1
4176,40233,0.46,1,3,6,4,1
4177,40244,1.69,1,6,9,11,1
4178,40247,-0.03,0,2,5,3,1
4179,40269,3.78,1,11,14,22,1
4180,40270,-1.01,0,0,3,1,1
4181,40276,0.34,1,3,6,6,1
4182,40283,0.83,1,4,7,7,1
4183,40314,3.24,1,11,14,31,1
4184,40323,0.71,1,4,7,9,1
4185,40360,5.08,1,15,18,37,1
4186,40371,2.24,1,7,10,11,1
4187,40393,4.33,1,12,15,22,1
4188,40395,-0.52,0,1,4,2,1
4189,40396,-1.01,0,0,3,1,1
4190,40400,0.46,1,3,6,4,1
4191,40405,0.95,1,4,7,5,1
4192,40408,-0.03,0,2,5,3,1
4193,40424,3.04,1,9,12,16,1
4194,40426,-0.52,0,1,4,2,1
4195,40452,4.64,1,13,16,26,1
4196,40456,0.46,1,3,6,4,1
4197,40457,-1.01,0,0,3,1,1
4198,40464,0.83,1,4,7,7,1
4199,40476,2.18,1,7,10,12,1
4200,40478,-0.52,0,1,4,2,1
4201,40481,-0.03,0,2,5,3,1
4202,40498,4.08,1,11,14,17,1
4203,40507,2.36,1,7,10,9,1
4204,40514,0.28,1,3,6,7,1
4205,40518,0.46,1,3,6,4,1
4206,40524,0.89,1,4,7,6,1
4207,40528,0.46,1,3,6,4,1
4208,40533,0.95,1,4,7,5,1
4209,40575,5.88,1,17,20,42,1
4210,40590,3.65,1,10,13,15,1
4211,40595,0.95,1,4,7,5,1
4212,40622,4.58,1,13,16,27,1
4213,40633,2.79,1,8,11,11,1
4214,40655,2.68,1,9,12,22,1
4215,40656,-1.01,0,0,3,1,1
4216,40673,5.18,1,13,16,17,1
4217,40683,2.3,1,7,10,10,1
4218,40685,-0.52,0,1,4,2,1
4219,40686,-1.01,0,0,3,1,1
4220,40715,5.01,1,14,17,29,1
4221,40716,-1.01,0,0,3,1,1
4222,40736,5.55,1,14,17,20,1
4223,40750,4.26,1,11,14,14,1
4224,40755,-0.15,0,2,5,5,1
4225,40757,-0.52,0,1,4,2,1
4226,40775,2.92,1,9,12,18,1
4227,40777,-0.52,0,1,4,2,1
4228,40778,-1.01,0,0,3,1,1
4229,40791,2.12,1,7,10,13,1
4230,40792,-1.01,0,0,3,1,1
4231,40807,2.55,1,8,11,15,1
4232,40838,3.79,1,12,15,31,1
4233,40840,-0.52,0,1,4,2,1
4234,40853,2.67,1,8,11,13,1
4235,40854,-1.01,0,0,3,1,1
4236,40856,-0.52,0,1,4,2,1
4237,40857,-1.01,0,0,3,1,1
4238,40863,0.89,1,4,7,6,1
4239,40880,2.98,1,9,12,17,1
4240,40883,-0.03,0,2,5,3,1
4241,40889,0.89,1,4,7,6,1
4242,40891,-0.52,0,1,4,2,1
4243,40893,-0.52,0,1,4,2,1
4244,40906,2.12,1,7,10,13,1
4245,40910,-0.09,0,2,5,4,1
4246,40911,-1.01,0,0,3,1,1
4247,40914,-0.03,0,2,5,3,1
4248,40924,2.3,1,7,10,10,1
4249,40928,-0.09,0,2,5,4,1
4250,40936,1.32,1,5,8,8,1
4251,40939,-0.03,0,2,5,3,1
4252,40950,3.34,1,9,12,11,1
4253,40955,0.95,1,4,7,5,1
4254,40965,2.85,1,8,11,10,1
4255,40967,-0.52,0,1,4,2,1
4256,40979,1.63,1,6,9,12,1
4257,40981,-0.52,0,1,4,2,1
4258,40992,1.69,1,6,9,11,1
4259,41001,1.26,1,5,8,9,1
4260,41002,-1.01,0,0,3,1,1
4261,41010,1.32,1,5,8,8,1
4262,41020,2.3,1,7,10,10,1
4263,41029,2.36,1,7,10,9,1
4264,41034,0.4,1,3,6,5,1
4265,41035,-1.01,0,0,3,1,1
4266,41036,-1.01,0,0,3,1,1
4267,41044,2.42,1,7,10,8,1
4268,41048,0.46,1,3,6,4,1
4269,41050,-0.52,0,1,4,2,1
4270,41058,1.32,1,5,8,8,1
4271,41061,-0.03,0,2,5,3,1
4272,41084,4.82,1,13,16,23,1
4273,41097,3.77,1,10,13,13,1
4274,41101,-0.09,0,2,5,4,1
4275,41104,-0.03,0,2,5,3,1
4276,41123,2.86,1,9,12,19,1
4277,41132,2.36,1,7,10,9,1
4278,41153,4.94,1,13,16,21,1
4279,41154,-1.01,0,0,3,1,1
4280,41157,-0.03,0,2,5,3,1
4281,41183,6.84,1,17,20,26,1
4282,41188,0.95,1,4,7,5,1
4283,41192,-0.09,0,2,5,4,1
4284,41194,-0.52,0,1,4,2,1
4285,41209,3.65,1,10,13,15,1
4286,41212,-0.03,0,2,5,3,1
4287,41213,-1.01,0,0,3,1,1
4288,41216,-0.03,0,2,5,3,1
4289,41220,0.46,1,3,6,4,1
4290,41235,3.65,1,10,13,15,1
4291,41245,1.75,1,6,9,10,1
4292,41246,-1.01,0,0,3,1,1
4293,41247,-1.01,0,0,3,1,1
4294,41258,2.24,1,7,10,11,1
4295,41261,-0.03,0,2,5,3,1
4296,41270,2.91,1,8,11,9,1
4297,41273,-0.03,0,2,5,3,1
4298,41278,0.95,1,4,7,5,1
4299,41280,-0.52,0,1,4,2,1
4300,41281,-1.01,0,0,3,1,1
4301,41289,1.32,1,5,8,8,1
4302,41290,-1.01,0,0,3,1,1
4303,41304,2.61,1,8,11,14,1
4304,41305,-1.01,0,0,3,1,1
4305,41309,0.46,1,3,6,4,1
4306,41317,2.42,1,7,10,8,1
4307,41321,0.46,1,3,6,4,1
4308,41322,-1.01,0,0,3,1,1
4309,41330,0.77,1,4,7,8,1
4310,41344,3.16,1,9,12,14,1
4311,41358,2.06,1,7,10,14,1
4312,41394,5.69,1,16,19,36,1
4313,41421,5.13,1,14,17,27,1
4314,41422,-1.01,0,0,3,1,1
4315,41423,-1.01,0,0,3,1,1
4316,41430,1.93,1,6,9,7,1
4317,41437,1.38,1,5,8,7,1
4318,41490,6.87,1,20,23,53,1
4319,41493,-0.03,0,2,5,3,1
4320,41516,2.62,1,9,12,23,1
4321,41519,-0.03,0,2,5,3,1
4322,41522,-0.03,0,2,5,3,1
4323,41539,2.43,1,8,11,17,1
4324,41563,4.76,1,13,16,24,1
4325,41580,4.08,1,11,14,17,1
4326,41595,3.1,1,9,12,15,1
4327,41599,0.46,1,3,6,4,1
4328,41600,-1.01,0,0,3,1,1
4329,41605,0.95,1,4,7,5,1
4330,41607,-0.52,0,1,4,2,1
4331,41623,3.59,1,10,13,16,1
4332,41635,2.18,1,7,10,12,1
4333,41663,5.62,1,15,18,28,1
4334,41665,-0.52,0,1,4,2,1
4335,41684,3.96,1,11,14,19,1
4336,41689,0.95,1,4,7,5,1
4337,41693,0.46,1,3,6,4,1
4338,41702,2.36,1,7,10,9,1
4339,41707,0.95,1,4,7,5,1
4340,41711,0.46,1,3,6,4,1
4341,41716,0.95,1,4,7,5,1
4342,41724,1.87,1,6,9,8,1
4343,41728,0.46,1,3,6,4,1
4344,41731,-0.58,0,1,4,3,1
4345,41732,-1.01,0,0,3,1,1
4346,41772,7.65,1,20,23,40,1
4347,41795,3.72,1,11,14,23,1
4348,41807,3.28,1,9,12,12,1
4349,41818,2.79,1,8,11,11,1
4350,41819,-1.01,0,0,3,1,1
4351,41822,-0.03,0,2,5,3,1
4352,41823,-1.01,0,0,3,1,1
4353,41850,3.48,1,11,14,27,1
4354,41855,0.95,1,4,7,5,1
4355,41856,-1.01,0,0,3,1,1
4356,41871,2.55,1,8,11,15,1
4357,41875,0.46,1,3,6,4,1
4358,41881,0.89,1,4,7,6,1
4359,41931,5.95,1,18,21,50,1
4360,41948,2.43,1,8,11,17,1
4361,41986,3.37,1,12,15,38,1
4362,41988,-0.52,0,1,4,2,1
4363,42011,4.27,1,12,15,23,1
4364,42034,4.82,1,13,16,23,1
4365,42044,1.75,1,6,9,10,1
4366,42049,0.95,1,4,7,5,1
4367,42050,-1.01,0,0,3,1,1
4368,42060,1.75,1,6,9,10,1
4369,42062,-0.52,0,1,4,2,1
4370,42066,0.46,1,3,6,4,1
4371,42072,1.44,1,5,8,6,1
4372,42078,0.89,1,4,7,6,1
4373,42083,0.95,1,4,7,5,1
4374,42111,3.97,1,12,15,28,1
4375,42127,3.59,1,10,13,16,1
4376,42129,-0.52,0,1,4,2,1
4377,42150,4.39,1,12,15,21,1
4378,42160,2.3,1,7,10,10,1
4379,42163,-0.03,0,2,5,3,1
4380,42165,-0.52,0,1,4,2,1
4381,42176,2.79,1,8,11,11,1
4382,42187,3.34,1,9,12,11,1
4383,42190,-0.03,0,2,5,3,1
4384,42194,0.46,1,3,6,4,1
4385,42207,2.67,1,8,11,13,1
4386,42210,-0.03,0,2,5,3,1
4387,42213,-0.03,0,2,5,3,1
4388,42214,-1.01,0,0,3,1,1
4389,42217,-0.03,0,2,5,3,1
4390,42224,1.93,1,6,9,7,1
4391,42229,0.95,1,4,7,5,1
4392,42232,-0.03,0,2,5,3,1
4393,42252,5.0,1,13,16,20,1
4394,42261,2.36,1,7,10,9,1
4395,42262,-1.01,0,0,3,1,1
4396,42263,-1.01,0,0,3,1,1
4397,42268,-0.15,0,2,5,5,1
4398,42293,5.8,1,15,18,25,1
4399,42319,5.19,1,14,17,26,1
4400,42331,3.28,1,9,12,12,1
4401,42334,-0.03,0,2,5,3,1
4402,42343,2.36,1,7,10,9,1
4403,42344,-1.01,0,0,3,1,1
4404,42353,2.36,1,7,10,9,1
4405,42356,-0.03,0,2,5,3,1
4406,42358,-0.52,0,1,4,2,1
4407,42380,5.43,1,14,17,22,1
4408,42381,-1.01,0,0,3,1,1
4409,42394,3.22,1,9,12,13,1
4410,42402,2.42,1,7,10,8,1
4411,42410,0.77,1,4,7,8,1
4412,42413,-0.03,0,2,5,3,1
4413,42415,-0.52,0,1,4,2,1
4414,42422,0.83,1,4,7,7,1
4415,42427,0.95,1,4,7,5,1
4416,42431,0.46,1,3,6,4,1
4417,42442,1.14,1,5,8,11,1
4418,42464,5.98,1,15,18,22,1
4419,42473,1.81,1,6,9,9,1
4420,42484,2.24,1,7,10,11,1
4421,42486,-0.52,0,1,4,2,1
4422,42503,4.08,1,11,14,17,1
4423,42508,0.95,1,4,7,5,1
4424,42525,3.53,1,10,13,17,1
4425,42534,1.81,1,6,9,9,1
4426,42549,3.65,1,10,13,15,1
4427,42590,5.94,1,17,20,41,1
4428,42595,0.95,1,4,7,5,1
4429,42601,1.44,1,5,8,6,1
4430,42642,5.39,1,16,19,41,1
4431,42655,3.77,1,10,13,13,1
4432,42656,-1.01,0,0,3,1,1
4433,42657,-1.01,0,0,3,1,1
4434,42660,-0.03,0,2,5,3,1
4435,42667,0.83,1,4,7,7,1
4436,42669,-0.52,0,1,4,2,1
4437,42673,0.46,1,3,6,4,1
4438,42677,0.46,1,3,6,4,1
4439,42682,0.95,1,4,7,5,1
4440,42684,-0.52,0,1,4,2,1
4441,42687,-0.03,0,2,5,3,1
4442,42693,0.34,1,3,6,6,1
4443,42771,4.82,1,19,22,78,1
4444,42782,2.79,1,8,11,11,1
4445,42800,5.12,1,13,16,18,1
4446,42812,2.73,1,8,11,12,1
4447,42817,-0.15,0,2,5,5,1
4448,42827,2.85,1,8,11,10,1
4449,42828,-1.01,0,0,3,1,1
4450,42838,2.3,1,7,10,10,1
4451,42839,-1.01,0,0,3,1,1
4452,42842,-0.03,0,2,5,3,1
4453,42859,2.43,1,8,11,17,1
4454,42870,2.24,1,7,10,11,1
4455,42883,2.12,1,7,10,13,1
4456,42922,6.06,1,17,20,39,1
4457,42947,5.25,1,14,17,25,1
4458,42964,4.08,1,11,14,17,1
4459,42965,-1.01,0,0,3,1,1
4460,42973,2.42,1,7,10,8,1
4461,42976,-0.03,0,2,5,3,1
4462,42984,1.87,1,6,9,8,1
4463,42988,-0.09,0,2,5,4,1
4464,42995,0.28,1,3,6,7,1
4465,42998,-0.03,0,2,5,3,1
4466,43002,-0.09,0,2,5,4,1
4467,43023,5.49,1,14,17,21,1
4468,43027,0.46,1,3,6,4,1
4469,43028,-1.01,0,0,3,1,1
4470,43031,-0.03,0,2,5,3,1
4471,43032,-1.01,0,0,3,1,1
4472,43058,4.09,1,12,15,26,1
4473,43073,2.55,1,8,11,15,1
4474,43075,-0.52,0,1,4,2,1
4475,43080,0.4,1,3,6,5,1
4476,43082,-0.52,0,1,4,2,1
4477,43083,-1.01,0,0,3,1,1
4478,43097,4.26,1,11,14,14,1
4479,43110,2.67,1,8,11,13,1
4480,43127,3.53,1,10,13,17,1
4481,43144,4.08,1,11,14,17,1
4482,43171,5.68,1,15,18,27,1
4483,43177,1.44,1,5,8,6,1
4484,43192,4.75,1,12,15,15,1
4485,43214,3.23,1,10,13,22,1
4486,43215,-1.01,0,0,3,1,1
4487,43226,3.89,1,10,13,11,1
4488,43234,1.87,1,6,9,8,1
4489,43238,0.46,1,3,6,4,1
4490,43243,0.95,1,4,7,5,1
4491,43259,4.14,1,11,14,16,1
4492,43260,-1.01,0,0,3,1,1
4493,43270,2.3,1,7,10,10,1
4494,43272,-0.52,0,1,4,2,1
4495,43315,6.37,1,18,21,43,1
4496,43317,-0.52,0,1,4,2,1
4497,43318,-1.01,0,0,3,1,1
4498,43339,4.39,1,12,15,21,1
4499,43344,0.4,1,3,6,5,1
4500,43347,-0.03,0,2,5,3,1
4501,43348,-1.01,0,0,3,1,1
4502,43372,4.76,1,13,16,24,1
4503,43386,3.16,1,9,12,14,1
4504,43389,-0.03,0,2,5,3,1
4505,43393,0.46,1,3,6,4,1
4506,43395,-0.52,0,1,4,2,1
4507,43397,-0.52,0,1,4,2,1
4508,43414,4.63,1,12,15,17,1
4509,43419,0.95,1,4,7,5,1
4510,43420,-1.01,0,0,3,1,1
4511,43433,3.22,1,9,12,13,1
4512,43457,5.86,1,15,18,24,1
4513,43481,4.76,1,13,16,24,1
4514,43494,2.67,1,8,11,13,1
4515,43522,5.07,1,14,17,28,1
4516,43523,-1.01,0,0,3,1,1
4517,43524,-1.01,0,0,3,1,1
4518,43542,4.57,1,12,15,18,1
4519,43544,-0.52,0,1,4,2,1
4520,43546,-0.52,0,1,4,2,1
4521,43547,-1.01,0,0,3,1,1
4522,43554,1.38,1,5,8,7,1
4523,43556,-0.52,0,1,4,2,1
4524,43584,6.72,1,17,20,28,1
4525,43586,-0.52,0,1,4,2,1
4526,43594,1.87,1,6,9,8,1
4527,43614,4.45,1,12,15,20,1
4528,43618,0.46,1,3,6,4,1
4529,43630,3.28,1,9,12,12,1
4530,43634,0.46,1,3,6,4,1
4531,43635,-1.01,0,0,3,1,1
4532,43636,-1.01,0,0,3,1,1
4533,43641,0.95,1,4,7,5,1
4534,43654,2.67,1,8,11,13,1
4535,43669,3.1,1,9,12,15,1
4536,43671,-0.52,0,1,4,2,1
4537,43691,4.45,1,12,15,20,1
4538,43692,-1.01,0,0,3,1,1
4539,43697,-0.15,0,2,5,5,1
4540,43706,2.36,1,7,10,9,1
4541,43708,-0.52,0,1,4,2,1
4542,43719,2.79,1,8,11,11,1
4543,43720,-1.01,0,0,3,1,1
4544,43724,0.46,1,3,6,4,1
4545,43725,-1.01,0,0,3,1,1
4546,43735,2.3,1,7,10,10,1
4547,43748,3.77,1,10,13,13,1
4548,43769,4.94,1,13,16,21,1
4549,43779,2.3,1,7,10,10,1
4550,43784,0.95,1,4,7,5,1
4551,43785,-1.01,0,0,3,1,1
4552,43801,3.04,1,9,12,16,1
4553,43825,4.76,1,13,16,24,1
4554,43835,1.75,1,6,9,10,1
4555,43838,-0.03,0,2,5,3,1
4556,43840,-0.52,0,1,4,2,1
4557,43858,4.02,1,11,14,18,1
4558,43862,0.46,1,3,6,4,1
4559,43867,0.95,1,4,7,5,1
4560,43872,0.4,1,3,6,5,1
4561,43873,-1.01,0,0,3,1,1
4562,43888,2.55,1,8,11,15,1
4563,43914,6.84,1,17,20,26,1
4564,43915,-1.01,0,0,3,1,1
4565,43916,-1.01,0,0,3,1,1
4566,43919,-0.03,0,2,5,3,1
4567,43921,-0.52,0,1,4,2,1
4568,43946,6.35,1,16,19,25,1
4569,43955,2.36,1,7,10,9,1
4570,43969,3.16,1,9,12,14,1
4571,43970,-1.01,0,0,3,1,1
4572,43983,3.77,1,10,13,13,1
4573,43998,4.75,1,12,15,15,1
4574,44003,0.95,1,4,7,5,1
4575,44006,-0.03,0,2,5,3,1
4576,44016,2.85,1,8,11,10,1
4577,44020,0.46,1,3,6,4,1
4578,44023,-0.03,0,2,5,3,1
4579,44024,-1.01,0,0,3,1,1
4580,44051,5.68,1,15,18,27,1
4581,44055,0.46,1,3,6,4,1
4582,44061,0.89,1,4,7,6,1
4583,44064,-0.03,0,2,5,3,1
4584,44077,2.67,1,8,11,13,1
4585,44083,0.34,1,3,6,6,1
4586,44088,0.95,1,4,7,5,1
4587,44098,2.3,1,7,10,10,1
4588,44112,3.16,1,9,12,14,1
4589,44121,2.36,1,7,10,9,1
4590,44123,-0.52,0,1,4,2,1
4591,44126,-0.03,0,2,5,3,1
4592,44132,0.89,1,4,7,6,1
4593,44148,3.04,1,9,12,16,1
4594,44153,0.95,1,4,7,5,1
4595,44166,3.77,1,10,13,13,1
4596,44211,6.25,1,18,21,45,1
4597,44219,1.87,1,6,9,8,1
4598,44223,0.46,1,3,6,4,1
4599,44226,-0.03,0,2,5,3,1
4600,44242,3.59,1,10,13,16,1
4601,44249,1.38,1,5,8,7,1
4602,44257,1.32,1,5,8,8,1
4603,44274,4.08,1,11,14,17,1
4604,44282,1.32,1,5,8,8,1
4605,44283,-1.01,0,0,3,1,1
4606,44286,-0.03,0,2,5,3,1
4607,44299,3.22,1,9,12,13,1
4608,44316,2.98,1,9,12,17,1
4609,44318,-0.52,0,1,4,2,1
4610,44333,4.2,1,11,14,15,1
4611,44338,0.4,1,3,6,5,1
4612,44339,-1.01,0,0,3,1,1
4613,44353,3.71,1,10,13,14,1
4614,44381,3.97,1,12,15,28,1
4615,44386,0.95,1,4,7,5,1
4616,44395,1.81,1,6,9,9,1
4617,44408,2.12,1,7,10,13,1
4618,44412,0.46,1,3,6,4,1
4619,44443,3.79,1,12,15,31,1
4620,44463,4.45,1,12,15,20,1
4621,44500,5.63,1,16,19,37,1
4622,44502,-0.52,0,1,4,2,1
4623,44503,-1.01,0,0,3,1,1
4624,44521,4.02,1,11,14,18,1
4625,44537,4.14,1,11,14,16,1
4626,44543,0.89,1,4,7,6,1
4627,44551,1.87,1,6,9,8,1
4628,44554,-0.03,0,2,5,3,1
4629,44556,-0.52,0,1,4,2,1
4630,44560,0.46,1,3,6,4,1
4631,44564,0.46,1,3,6,4,1
4632,44576,3.28,1,9,12,12,1
4633,44582,1.44,1,5,8,6,1
4634,44586,0.46,1,3,6,4,1
4635,44588,-0.52,0,1,4,2,1
4636,44590,-0.52,0,1,4,2,1
4637,44616,3.54,1,11,14,26,1
4638,44622,0.89,1,4,7,6,1
4639,44624,-0.52,0,1,4,2,1
4640,44632,1.32,1,5,8,8,1
4641,44644,3.83,1,10,13,12,1
4642,44654,2.3,1,7,10,10,1
4643,44661,1.38,1,5,8,7,1
4644,44669,2.42,1,7,10,8,1
4645,44687,3.47,1,10,13,18,1
4646,44692,0.95,1,4,7,5,1
4647,44695,-0.03,0,2,5,3,1
4648,44710,4.2,1,11,14,15,1
4649,44715,0.4,1,3,6,5,1
4650,44728,2.12,1,7,10,13,1
4651,44733,0.95,1,4,7,5,1
4652,44735,-0.52,0,1,4,2,1
4653,44757,5.43,1,14,17,22,1
4654,44769,3.28,1,9,12,12,1
4655,44770,-1.01,0,0,3,1,1
4656,44773,-0.03,0,2,5,3,1
4657,44784,2.79,1,8,11,11,1
4658,44786,-0.52,0,1,4,2,1
4659,44821,6.3,1,17,20,35,1
4660,44831,2.85,1,8,11,10,1
4661,44837,0.89,1,4,7,6,1
4662,44846,2.36,1,7,10,9,1
4663,44859,2.67,1,8,11,13,1
4664,44866,0.83,1,4,7,7,1
4665,44884,4.02,1,11,14,18,1
4666,44885,-1.01,0,0,3,1,1
4667,44894,1.26,1,5,8,9,1
4668,44913,3.96,1,11,14,19,1
4669,44919,1.44,1,5,8,6,1
4670,44925,1.44,1,5,8,6,1
4671,44929,0.46,1,3,6,4,1
4672,44936,1.93,1,6,9,7,1
4673,44942,1.44,1,5,8,6,1
4674,44945,-0.03,0,2,5,3,1
4675,44991,7.84,1,21,24,46,1
4676,44995,0.46,1,3,6,4,1
4677,45002,1.38,1,5,8,7,1
4678,45009,1.93,1,6,9,7,1
4679,45024,2.55,1,8,11,15,1
4680,45026,-0.52,0,1,4,2,1
4681,45033,1.93,1,6,9,7,1
4682,45043,1.75,1,6,9,10,1
4683,45056,3.77,1,10,13,13,1
4684,45060,0.46,1,3,6,4,1
4685,45062,-0.52,0,1,4,2,1
4686,45066,-0.09,0,2,5,4,1
4687,45071,0.95,1,4,7,5,1
4688,45074,-0.03,0,2,5,3,1
4689,45076,-0.52,0,1,4,2,1
4690,45079,-0.03,0,2,5,3,1
4691,45084,0.4,1,3,6,5,1
4692,45109,4.15,1,12,15,25,1
4693,45110,-1.01,0,0,3,1,1
4694,45111,-1.01,0,0,3,1,1
4695,45117,0.89,1,4,7,6,1
4696,45128,1.69,1,6,9,11,1
4697,45166,5.02,1,15,18,38,1
4698,45172,1.44,1,5,8,6,1
4699,45174,-0.52,0,1,4,2,1
4700,45178,0.46,1,3,6,4,1
4701,45196,2.37,1,8,11,18,1
4702,45211,3.1,1,9,12,15,1
4703,45219,1.87,1,6,9,8,1
4704,45224,0.95,1,4,7,5,1
4705,45245,4.94,1,13,16,21,1
4706,45246,-1.01,0,0,3,1,1
4707,45249,-0.03,0,2,5,3,1
4708,45251,-0.52,0,1,4,2,1
4709,45252,-1.01,0,0,3,1,1
4710,45254,-0.52,0,1,4,2,1
4711,45259,0.95,1,4,7,5,1
4712,45268,2.36,1,7,10,9,1
4713,45275,1.93,1,6,9,7,1
4714,45291,3.04,1,9,12,16,1
4715,45292,-1.01,0,0,3,1,1
4716,45299,0.83,1,4,7,7,1
4717,45331,5.93,1,16,19,32,1
4718,45332,-1.01,0,0,3,1,1
4719,45353,3.84,1,11,14,21,1
4720,45356,-0.03,0,2,5,3,1
4721,45358,-0.52,0,1,4,2,1
4722,45359,-1.01,0,0,3,1,1
4723,45386,5.13,1,14,17,27,1
4724,45392,0.34,1,3,6,6,1
4725,45397,0.4,1,3,6,5,1
4726,45402,0.95,1,4,7,5,1
4727,45407,0.95,1,4,7,5,1
4728,45426,4.51,1,12,15,19,1
4729,45429,-0.03,0,2,5,3,1
4730,45442,4.32,1,11,14,13,1
4731,45466,5.31,1,14,17,24,1
4732,45483,2.98,1,9,12,17,1
4733,45486,-0.03,0,2,5,3,1
4734,45487,-1.01,0,0,3,1,1
4735,45488,-1.01,0,0,3,1,1
4736,45493,0.95,1,4,7,5,1
4737,45501,1.32,1,5,8,8,1
4738,45505,0.46,1,3,6,4,1
4739,45516,2.24,1,7,10,11,1
4740,45525,2.91,1,8,11,9,1
4741,45530,0.95,1,4,7,5,1
4742,45534,0.46,1,3,6,4,1
4743,45546,2.73,1,8,11,12,1
4744,45560,3.16,1,9,12,14,1
4745,45565,0.95,1,4,7,5,1
4746,45566,-1.01,0,0,3,1,1
4747,45570,-0.09,0,2,5,4,1
4748,45574,0.46,1,3,6,4,1
4749,45578,0.46,1,3,6,4,1
4750,45582,0.46,1,3,6,4,1
4751,45625,6.92,1,19,22,43,1
4752,45649,3.66,1,11,14,24,1
4753,45683,6.36,1,17,20,34,1
4754,45684,-1.01,0,0,3,1,1
4755,45689,0.4,1,3,6,5,1
4756,45690,-1.01,0,0,3,1,1
4757,45692,-0.52,0,1,4,2,1
4758,45703,2.24,1,7,10,11,1
4759,45712,1.81,1,6,9,9,1
4760,45719,1.38,1,5,8,7,1
4761,45726,1.38,1,5,8,7,1
4762,45728,-0.52,0,1,4,2,1
4763,45755,6.78,1,17,20,27,1
4764,45768,3.22,1,9,12,13,1
4765,45769,-1.01,0,0,3,1,1
4766,45776,0.83,1,4,7,7,1
4767,45784,1.87,1,6,9,8,1
4768,45792,1.87,1,6,9,8,1
4769,45814,5.43,1,14,17,22,1
4770,45823,0.71,1,4,7,9,1
4771,45836,2.12,1,7,10,13,1
4772,45837,-1.01,0,0,3,1,1
4773,45850,1.02,1,5,8,13,1
4774,45856,1.44,1,5,8,6,1
4775,45883,4.58,1,13,16,27,1
4776,45886,-0.03,0,2,5,3,1
4777,45888,-0.52,0,1,4,2,1
4778,45895,1.38,1,5,8,7,1
4779,45910,3.1,1,9,12,15,1
4780,45931,4.39,1,12,15,21,1
4781,45937,1.44,1,5,8,6,1
4782,45951,3.16,1,9,12,14,1
4783,45956,0.4,1,3,6,5,1
4784,45957,-1.01,0,0,3,1,1
4785,45981,4.76,1,13,16,24,1
4786,45990,0.71,1,4,7,9,1
4787,45995,0.95,1,4,7,5,1
4788,46008,3.22,1,9,12,13,1
4789,46009,-1.01,0,0,3,1,1
4790,46013,0.46,1,3,6,4,1
4791,46015,-0.52,0,1,4,2,1
4792,46018,-0.03,0,2,5,3,1
4793,46019,-1.01,0,0,3,1,1
4794,46055,4.04,1,13,16,36,1
4795,46062,1.93,1,6,9,7,1
4796,46065,-0.03,0,2,5,3,1
4797,46078,3.77,1,10,13,13,1
4798,46089,2.24,1,7,10,11,1
4799,46092,-0.03,0,2,5,3,1
4800,46107,4.2,1,11,14,15,1
4801,46108,-1.01,0,0,3,1,1
4802,46118,3.4,1,9,12,10,1
4803,46119,-1.01,0,0,3,1,1
4804,46123,0.46,1,3,6,4,1
4805,46160,6.18,1,17,20,37,1
4806,46173,2.12,1,7,10,13,1
4807,46182,2.36,1,7,10,9,1
4808,46186,0.46,1,3,6,4,1
4809,46188,-0.52,0,1,4,2,1
4810,46191,-0.58,0,1,4,3,1
4811,46206,3.65,1,10,13,15,1
4812,46236,3.3,1,11,14,30,1
4813,46246,2.85,1,8,11,10,1
4814,46252,0.34,1,3,6,6,1
4815,46260,1.87,1,6,9,8,1
4816,46262,-0.52,0,1,4,2,1
4817,46267,0.95,1,4,7,5,1
4818,46270,-0.03,0,2,5,3,1
4819,46293,5.37,1,14,17,23,1
4820,46355,5.23,1,18,21,62,1
4821,46386,6.54,1,17,20,31,1
4822,46389,-0.58,0,1,4,3,1
4823,46390,-1.01,0,0,3,1,1
4824,46396,0.89,1,4,7,6,1
4825,46397,-1.01,0,0,3,1,1
4826,46401,-0.09,0,2,5,4,1
4827,46404,-0.58,0,1,4,3,1
4828,46410,1.44,1,5,8,6,1
4829,46412,-0.52,0,1,4,2,1
4830,46417,0.4,1,3,6,5,1
4831,46418,-1.01,0,0,3,1,1
4832,46420,-0.52,0,1,4,2,1
4833,46426,1.44,1,5,8,6,1
4834,46430,0.46,1,3,6,4,1
4835,46439,2.91,1,8,11,9,1
4836,46451,2.73,1,8,11,12,1
4837,46492,5.39,1,16,19,41,1
4838,46498,1.44,1,5,8,6,1
4839,46504,0.89,1,4,7,6,1
4840,46516,2.73,1,8,11,12,1
4841,46530,3.16,1,9,12,14,1
4842,46547,3.53,1,10,13,17,1
4843,46553,0.89,1,4,7,6,1
4844,46561,2.42,1,7,10,8,1
4845,46584,3.72,1,11,14,23,1
4846,46590,1.44,1,5,8,6,1
4847,46596,0.89,1,4,7,6,1
4848,46604,1.32,1,5,8,8,1
4849,46618,3.71,1,10,13,14,1
4850,46623,0.95,1,4,7,5,1
4851,46633,3.4,1,9,12,10,1
4852,46665,7.03,1,18,21,32,1
4853,46667,-0.52,0,1,4,2,1
4854,46678,3.89,1,10,13,11,1
4855,46690,2.18,1,7,10,12,1
4856,46691,-1.01,0,0,3,1,1
4857,46692,-1.01,0,0,3,1,1
4858,46719,5.68,1,15,18,27,1
4859,46723,0.46,1,3,6,4,1
4860,46734,2.79,1,8,11,11,1
4861,46742,1.32,1,5,8,8,1
4862,46753,3.34,1,9,12,11,1
4863,46762,2.36,1,7,10,9,1
4864,46778,4.14,1,11,14,16,1
4865,46783,0.4,1,3,6,5,1
4866,46791,1.87,1,6,9,8,1
4867,46794,-0.03,0,2,5,3,1
4868,46806,2.18,1,7,10,12,1
4869,46809,-0.03,0,2,5,3,1
4870,46817,0.22,1,3,6,8,1
4871,46824,1.38,1,5,8,7,1
4872,46831,1.38,1,5,8,7,1
4873,46844,3.77,1,10,13,13,1
4874,46850,0.89,1,4,7,6,1
4875,46856,1.44,1,5,8,6,1
4876,46876,5.0,1,13,16,20,1
4877,46888,3.28,1,9,12,12,1
4878,46893,0.95,1,4,7,5,1
4879,46918,4.7,1,13,16,25,1
4880,46919,-1.01,0,0,3,1,1
4881,46933,4.26,1,11,14,14,1
4882,46974,6.49,1,18,21,41,1
4883,46983,2.36,1,7,10,9,1
4884,47002,4.51,1,12,15,19,1
4885,47003,-1.01,0,0,3,1,1
4886,47004,-1.01,0,0,3,1,1
4887,47006,-0.52,0,1,4,2,1
4888,47019,2.12,1,7,10,13,1
4889,47021,-0.52,0,1,4,2,1
4890,47023,-0.52,0,1,4,2,1
4891,47025,-0.52,0,1,4,2,1
4892,47042,4.08,1,11,14,17,1
4893,47049,1.93,1,6,9,7,1
4894,47051,-0.52,0,1,4,2,1
4895,47061,2.85,1,8,11,10,1
4896,47084,4.27,1,12,15,23,1
4897,47090,0.89,1,4,7,6,1
4898,47102,2.73,1,8,11,12,1
4899,47106,0.46,1,3,6,4,1
4900,47107,-1.01,0,0,3,1,1
4901,47126,5.06,1,13,16,19,1
4902,47128,-0.52,0,1,4,2,1
4903,47135,0.83,1,4,7,7,1
4904,47207,9.78,1,22,25,72,0
4905,47217,1.75,1,6,9,10,1
4906,47226,1.81,1,6,9,9,1
4907,47232,0.34,1,3,6,6,1
4908,47233,-1.01,0,0,3,1,1
4909,47237,0.46,1,3,6,4,1
4910,47248,3.34,1,9,12,11,1
4911,47253,0.95,1,4,7,5,1
4912,47259,1.44,1,5,8,6,1
4913,47265,0.89,1,4,7,6,1
4914,47266,-1.01,0,0,3,1,1
4915,47269,-0.03,0,2,5,3,1
4916,47271,-0.52,0,1,4,2,1
4917,47304,6.97,1,18,21,33,1
4918,47308,-0.09,0,2,5,4,1
4919,47310,-0.52,0,1,4,2,1
4920,47320,2.3,1,7,10,10,1
4921,47325,0.95,1,4,7,5,1
4922,47334,1.81,1,6,9,9,1
4923,47337,-0.03,0,2,5,3,1
4924,47345,2.42,1,7,10,8,1
4925,47351,1.44,1,5,8,6,1
4926,47360,2.36,1,7,10,9,1
4927,47362,-0.52,0,1,4,2,1
4928,47364,-0.52,0,1,4,2,1
4929,47366,-0.52,0,1,4,2,1
4930,47372,1.44,1,5,8,6,1
4931,47376,0.46,1,3,6,4,1
4932,47404,6.17,1,16,19,28,1
4933,47414,3.4,1,9,12,10,1
4934,47436,5.98,1,15,18,22,1
4935,47453,4.63,1,12,15,17,1
4936,47457,0.46,1,3,6,4,1
4937,47461,0.46,1,3,6,4,1
4938,47482,4.39,1,12,15,21,1
4939,47484,-0.52,0,1,4,2,1
4940,47485,-1.01,0,0,3,1,1
4941,47490,0.95,1,4,7,5,1
4942,47494,0.46,1,3,6,4,1
4943,47495,-1.01,0,0,3,1,1
4944,47504,2.36,1,7,10,9,1
4945,47519,4.75,1,12,15,15,1
4946,47527,1.87,1,6,9,8,1
4947,47537,1.75,1,6,9,10,1
4948,47541,0.46,1,3,6,4,1
4949,47550,0.71,1,4,7,9,1
4950,47557,1.38,1,5,8,7,1
4951,47579,4.33,1,12,15,22,1
4952,47580,-1.01,0,0,3,1,1
4953,47596,2.49,1,8,11,16,1
4954,47601,0.95,1,4,7,5,1
4955,47605,-0.09,0,2,5,4,1
4956,47609,0.46,1,3,6,4,1
4957,47610,-1.01,0,0,3,1,1
4958,47621,3.34,1,9,12,11,1
4959,47625,0.46,1,3,6,4,1
4960,47633,1.87,1,6,9,8,1
4961,47635,-0.52,0,1,4,2,1
4962,47648,3.22,1,9,12,13,1
4963,47657,2.91,1,8,11,9,1
4964,47659,-0.52,0,1,4,2,1
4965,47660,-1.01,0,0,3,1,1
4966,47674,3.16,1,9,12,14,1
4967,47677,-0.03,0,2,5,3,1
4968,47692,4.75,1,12,15,15,1
4969,47717,5.8,1,15,18,25,1
4970,47721,0.46,1,3,6,4,1
4971,47723,-0.52,0,1,4,2,1
4972,47737,3.71,1,10,13,14,1
4973,47742,0.95,1,4,7,5,1
4974,47748,1.44,1,5,8,6,1
4975,47749,-1.01,0,0,3,1,1
4976,47752,-0.03,0,2,5,3,1
4977,47763,2.79,1,8,11,11,1
4978,47768,0.95,1,4,7,5,1
4979,47772,0.46,1,3,6,4,1
4980,47789,4.08,1,11,14,17,1
4981,47808,5.06,1,13,16,19,1
4982,47813,0.95,1,4,7,5,1
4983,47814,-1.01,0,0,3,1,1
4984,47835,6.59,1,16,19,21,1
4985,47837,-0.52,0,1,4,2,1
4986,47879,5.88,1,17,20,42,1
4987,47930,6.99,1,20,23,51,1
4988,47937,1.38,1,5,8,7,1
4989,47965,5.62,1,15,18,28,1
4990,47977,1.63,1,6,9,12,1
4991,47980,-0.03,0,2,5,3,1
4992,47992,3.28,1,9,12,12,1
4993,47993,-1.01,0,0,3,1,1
4994,47995,-0.52,0,1,4,2,1
4995,48001,0.89,1,4,7,6,1
4996,48002,-1.01,0,0,3,1,1
4997,48003,-1.01,0,0,3,1,1
4998,48005,-0.52,0,1,4,2,1
4999,48021,4.14,1,11,14,16,1
5000,48042,3.29,1,10,13,21,1
5001,48052,1.2,1,5,8,10,1
5002,48057,0.4,1,3,6,5,1
5003,48059,-0.52,0,1,4,2,1
5004,48065,1.44,1,5,8,6,1
5005,48066,-1.01,0,0,3,1,1
5006,48087,4.39,1,12,15,21,1
5007,48089,-0.52,0,1,4,2,1
5008,48112,5.37,1,14,17,23,1
5009,48126,3.16,1,9,12,14,1
5010,48128,-0.52,0,1,4,2,1
5011,48136,2.42,1,7,10,8,1
5012,48143,1.38,1,5,8,7,1
5013,48145,-0.52,0,1,4,2,1
5014,48152,1.38,1,5,8,7,1
5015,48153,-1.01,0,0,3,1,1
5016,48155,-0.52,0,1,4,2,1
5017,48158,-0.03,0,2,5,3,1
5018,48184,4.64,1,13,16,26,1
5019,48185,-1.01,0,0,3,1,1
5020,48189,0.46,1,3,6,4,1
5021,48193,0.46,1,3,6,4,1
5022,48194,-1.01,0,0,3,1,1
5023,48202,1.32,1,5,8,8,1
5024,48204,-0.52,0,1,4,2,1
5025,48224,4.45,1,12,15,20,1
5026,48232,1.87,1,6,9,8,1
5027,48248,4.69,1,12,15,16,1
5028,48253,0.95,1,4,7,5,1
5029,48256,-0.03,0,2,5,3,1
5030,48257,-1.01,0,0,3,1,1
5031,48271,3.71,1,10,13,14,1
5032,48290,5.06,1,13,16,19,1
5033,48316,4.64,1,13,16,26,1
5034,48325,1.26,1,5,8,9,1
5035,48345,3.35,1,10,13,20,1
5036,48347,-0.52,0,1,4,2,1
5037,48351,0.46,1,3,6,4,1
5038,48362,2.24,1,7,10,11,1
5039,48367,0.95,1,4,7,5,1
5040,48370,-0.03,0,2,5,3,1
5041,48380,1.2,1,5,8,10,1
5042,48384,0.46,1,3,6,4,1
5043,48428,6.86,1,19,22,44,1
5044,48440,3.28,1,9,12,12,1
5045,48441,-1.01,0,0,3,1,1
5046,48444,-0.03,0,2,5,3,1
5047,48453,1.81,1,6,9,9,1
5048,48456,-0.03,0,2,5,3,1
5049,48462,1.44,1,5,8,6,1
5050,48476,4.26,1,11,14,14,1
5051,48487,3.34,1,9,12,11,1
5052,48490,-0.03,0,2,5,3,1
5053,48496,1.44,1,5,8,6,1
5054,48502,0.34,1,3,6,6,1
5055,48507,0.95,1,4,7,5,1
5056,48513,1.44,1,5,8,6,1
5057,48516,-0.03,0,2,5,3,1
5058,48528,3.28,1,9,12,12,1
5059,48536,1.87,1,6,9,8,1
5060,48541,0.4,1,3,6,5,1
5061,48561,2.25,1,8,11,20,1
5062,48570,2.91,1,8,11,9,1
5063,48572,-0.52,0,1,4,2,1
5064,48579,1.38,1,5,8,7,1
5065,48597,5.12,1,13,16,18,1
5066,48604,1.38,1,5,8,7,1
5067,48613,2.36,1,7,10,9,1
5068,48615,-0.52,0,1,4,2,1
5069,48623,2.42,1,7,10,8,1
5070,48647,5.86,1,15,18,24,1
5071,48650,-0.03,0,2,5,3,1
5072,48653,-0.03,0,2,5,3,1
5073,48670,4.63,1,12,15,17,1
5074,48687,2.43,1,8,11,17,1
5075,48697,2.85,1,8,11,10,1
5076,48699,-0.52,0,1,4,2,1
5077,48709,2.3,1,7,10,10,1
5078,48714,0.95,1,4,7,5,1
5079,48742,3.97,1,12,15,28,1
5080,48754,2.73,1,8,11,12,1
5081,48760,1.44,1,5,8,6,1
5082,48764,0.46,1,3,6,4,1
5083,48782,2.37,1,8,11,18,1
5084,48788,1.44,1,5,8,6,1
5085,48803,4.2,1,11,14,15,1
5086,48808,0.95,1,4,7,5,1
5087,48823,3.65,1,10,13,15,1
5088,48831,1.32,1,5,8,8,1
5089,48835,0.46,1,3,6,4,1
5090,48851,4.14,1,11,14,16,1
5091,48853,-0.52,0,1,4,2,1
5092,48858,0.95,1,4,7,5,1
5093,48863,0.95,1,4,7,5,1
5094,48896,5.32,1,15,18,33,1
5095,48897,-1.01,0,0,3,1,1
5096,48910,3.77,1,10,13,13,1
5097,48924,5.36,1,13,16,14,1
5098,48927,-0.03,0,2,5,3,1
5099,48930,-0.03,0,2,5,3,1
5100,48942,2.18,1,7,10,12,1
5101,48944,-0.52,0,1,4,2,1
5102,48951,1.38,1,5,8,7,1
5103,48957,1.44,1,5,8,6,1
5104,48970,3.77,1,10,13,13,1
5105,48980,2.3,1,7,10,10,1
5106,48982,-0.52,0,1,4,2,1
5107,49015,7.52,1,19,22,33,1
5108,49020,0.95,1,4,7,5,1
5109,49024,0.46,1,3,6,4,1
5110,49032,0.77,1,4,7,8,1
5111,49033,-1.01,0,0,3,1,1
5112,49038,0.4,1,3,6,5,1
5113,49040,-0.52,0,1,4,2,1
5114,49042,-0.52,0,1,4,2,1
5115,49049,1.93,1,6,9,7,1
5116,49050,-1.01,0,0,3,1,1
5117,49055,0.4,1,3,6,5,1
5118,49063,1.87,1,6,9,8,1
5119,49064,-1.01,0,0,3,1,1
5120,49071,1.93,1,6,9,7,1
5121,49080,1.81,1,6,9,9,1
5122,49081,-1.01,0,0,3,1,1
5123,49084,-0.03,0,2,5,3,1
5124,49109,4.7,1,13,16,25,1
5125,49112,-0.03,0,2,5,3,1
5126,49113,-1.01,0,0,3,1,1
5127,49119,1.44,1,5,8,6,1
5128,49120,-1.01,0,0,3,1,1
5129,49122,-0.52,0,1,4,2,1
5130,49134,3.28,1,9,12,12,1
5131,49167,5.87,1,16,19,33,1
5132,49192,6.35,1,16,19,25,1
5133,49203,2.79,1,8,11,11,1
5134,49209,1.44,1,5,8,6,1
5135,49221,3.83,1,10,13,12,1
5136,49232,3.34,1,9,12,11,1
5137,49233,-1.01,0,0,3,1,1
5138,49236,-0.03,0,2,5,3,1
5139,49265,6.66,1,17,20,29,1
5140,49273,2.42,1,7,10,8,1
5141,49278,0.4,1,3,6,5,1
5142,49286,2.42,1,7,10,8,1
5143,49289,-0.03,0,2,5,3,1
5144,49295,0.34,1,3,6,6,1
5145,49297,-0.52,0,1,4,2,1
5146,49298,-1.01,0,0,3,1,1
5147,49302,0.46,1,3,6,4,1
5148,49314,3.28,1,9,12,12,1
5149,49330,3.59,1,10,13,16,1
5150,49331,-1.01,0,0,3,1,1
5151,49333,-0.52,0,1,4,2,1
5152,49345,2.73,1,8,11,12,1
5153,49361,4.14,1,11,14,16,1
5154,49363,-0.52,0,1,4,2,1
5155,49364,-1.01,0,0,3,1,1
5156,49393,6.66,1,17,20,29,1
5157,49394,-1.01,0,0,3,1,1
5158,49408,3.71,1,10,13,14,1
5159,49410,-0.52,0,1,4,2,1
5160,49411,-1.01,0,0,3,1,1
5161,49437,5.19,1,14,17,26,1
5162,49458,4.39,1,12,15,21,1
5163,49465,1.38,1,5,8,7,1
5164,49488,4.82,1,13,16,23,1
5165,49490,-0.52,0,1,4,2,1
5166,49495,0.4,1,3,6,5,1
5167,49497,-0.52,0,1,4,2,1
5168,49506,2.36,1,7,10,9,1
5169,49507,-1.01,0,0,3,1,1
5170,49513,1.44,1,5,8,6,1
5171,49518,0.95,1,4,7,5,1
5172,49524,1.44,1,5,8,6,1
5173,49527,-0.58,0,1,4,3,1
5174,49530,-0.03,0,2,5,3,1
5175,49536,1.44,1,5,8,6,1
5176,49541,0.95,1,4,7,5,1
5177,49550,2.91,1,8,11,9,1
5178,49576,5.74,1,15,18,26,1
5179,49592,3.04,1,9,12,16,1
5180,49597,-0.15,0,2,5,5,1
5181,49602,0.95,1,4,7,5,1
5182,49606,0.46,1,3,6,4,1
5183,49609,-0.03,0,2,5,3,1
5184,49613,0.46,1,3,6,4,1
5185,49615,-0.52,0,1,4,2,1
5186,49620,0.95,1,4,7,5,1
5187,49625,0.4,1,3,6,5,1
5188,49639,3.16,1,9,12,14,1
5189,49660,3.29,1,10,13,21,1
5190,49674,3.71,1,10,13,14,1
5191,49687,3.22,1,9,12,13,1
5192,49694,1.38,1,5,8,7,1
5193,49699,0.95,1,4,7,5,1
5194,49705,1.44,1,5,8,6,1
5195,49709,0.46,1,3,6,4,1
5196,49743,6.91,1,18,21,34,1
5197,49767,6.41,1,16,19,24,1
5198,49777,2.3,1,7,10,10,1
5199,49779,-0.52,0,1,4,2,1
5200,49808,4.46,1,13,16,29,1
5201,49832,6.41,1,16,19,24,1
5202,49841,1.81,1,6,9,9,1
5203,49848,1.38,1,5,8,7,1
5204,49851,-0.03,0,2,5,3,1
5205,49858,1.38,1,5,8,7,1
5206,49860,-0.52,0,1,4,2,1
5207,49885,5.8,1,15,18,25,1
5208,49887,-0.52,0,1,4,2,1
5209,49891,0.46,1,3,6,4,1
5210,49916,5.25,1,14,17,25,1
5211,49929,3.77,1,10,13,13,1
5212,49940,3.34,1,9,12,11,1
5213,49949,2.36,1,7,10,9,1
5214,49955,0.89,1,4,7,6,1
5215,49960,0.95,1,4,7,5,1
5216,49986,5.74,1,15,18,26,1
5217,50001,3.1,1,9,12,15,1
5218,50024,5.92,1,15,18,23,1
5219,50025,-1.01,0,0,3,1,1
5220,50035,1.75,1,6,9,10,1
5221,50036,-1.01,0,0,3,1,1
5222,50039,-0.03,0,2,5,3,1
5223,50046,1.93,1,6,9,7,1
5224,50062,4.14,1,11,14,16,1
5225,50092,5.5,1,15,18,30,1
5226,50093,-1.01,0,0,3,1,1
5227,50106,3.22,1,9,12,13,1
5228,50111,0.4,1,3,6,5,1
5229,50121,2.3,1,7,10,10,1
5230,50124,-0.03,0,2,5,3,1
5231,50136,3.28,1,9,12,12,1
5232,50140,0.46,1,3,6,4,1
5233,50141,-1.01,0,0,3,1,1
5234,50150,2.91,1,8,11,9,1
5235,50158,2.42,1,7,10,8,1
5236,50162,0.46,1,3,6,4,1
5237,50175,3.22,1,9,12,13,1
5238,50190,3.65,1,10,13,15,1
5239,50211,3.84,1,11,14,21,1
5240,50214,-0.03,0,2,5,3,1
5241,50217,-0.03,0,2,5,3,1
5242,50221,0.46,1,3,6,4,1
5243,50245,6.41,1,16,19,24,1
5244,50255,2.3,1,7,10,10,1
5245,50256,-1.01,0,0,3,1,1
5246,50260,0.46,1,3,6,4,1
5247,50271,2.24,1,7,10,11,1
5248,50301,4.95,1,14,17,30,1
5249,50306,0.95,1,4,7,5,1
5250,50307,-1.01,0,0,3,1,1
5251,50312,0.4,1,3,6,5,1
5252,50313,-1.01,0,0,3,1,1
5253,50315,-0.52,0,1,4,2,1
5254,50328,2.67,1,8,11,13,1
5255,50329,-1.01,0,0,3,1,1
5256,50336,1.38,1,5,8,7,1
5257,50377,5.94,1,17,20,41,1
5258,50384,1.93,1,6,9,7,1
5259,50390,0.89,1,4,7,6,1
5260,50431,6.49,1,18,21,41,1
5261,50438,1.38,1,5,8,7,1
5262,50444,1.44,1,5,8,6,1
5263,50445,-1.01,0,0,3,1,1
5264,50464,3.41,1,10,13,19,1
5265,50470,0.89,1,4,7,6,1
5266,50494,6.41,1,16,19,24,1
5267,50505,2.79,1,8,11,11,1
5268,50510,0.4,1,3,6,5,1
5269,50512,-0.52,0,1,4,2,1
5270,50531,3.96,1,11,14,19,1
5271,50538,0.83,1,4,7,7,1
5272,50541,-0.03,0,2,5,3,1
5273,50545,0.46,1,3,6,4,1
5274,50555,1.75,1,6,9,10,1
5275,50570,2.55,1,8,11,15,1
5276,50592,4.33,1,12,15,22,1
5277,50617,3.6,1,11,14,25,1
5278,50626,0.71,1,4,7,9,1
5279,50647,5.49,1,14,17,21,1
5280,50658,1.69,1,6,9,11,1
5281,50671,2.67,1,8,11,13,1
5282,50673,-0.52,0,1,4,2,1
5283,50696,5.92,1,15,18,23,1
5284,50702,0.89,1,4,7,6,1
5285,50747,5.7,1,17,20,45,1
5286,50753,1.44,1,5,8,6,1
5287,50761,1.32,1,5,8,8,1
5288,50768,1.93,1,6,9,7,1
5289,50778,2.3,1,7,10,10,1
5290,50785,1.93,1,6,9,7,1
5291,50801,4.69,1,12,15,16,1
5292,50802,-1.01,0,0,3,1,1
5293,50816,3.71,1,10,13,14,1
5294,50820,0.46,1,3,6,4,1
5295,50826,1.44,1,5,8,6,1
5296,50835,1.81,1,6,9,9,1
5297,50840,0.95,1,4,7,5,1
5298,50853,2.67,1,8,11,13,1
5299,50862,1.81,1,6,9,9,1
5300,50864,-0.52,0,1,4,2,1
5301,50866,-0.52,0,1,4,2,1
5302,50868,-0.52,0,1,4,2,1
5303,50872,0.46,1,3,6,4,1
5304,50875,-0.03,0,2,5,3,1
5305,50881,1.44,1,5,8,6,1
5306,50887,1.44,1,5,8,6,1
5307,50903,4.14,1,11,14,16,1
5308,50910,1.93,1,6,9,7,1
5309,50912,-0.52,0,1,4,2,1
5310,50917,0.95,1,4,7,5,1
5311,50943,5.74,1,15,18,26,1
5312,50955,2.18,1,7,10,12,1
5313,50957,-0.52,0,1,4,2,1
5314,50992,6.3,1,17,20,35,1
5315,51003,2.24,1,7,10,11,1
5316,51013,1.75,1,6,9,10,1
5317,51016,-0.03,0,2,5,3,1
5318,51017,-1.01,0,0,3,1,1
5319,51020,-0.03,0,2,5,3,1
5320,51033,2.67,1,8,11,13,1
5321,51058,5.25,1,14,17,25,1
5322,51065,1.93,1,6,9,7,1
5323,51082,3.53,1,10,13,17,1
5324,51087,0.95,1,4,7,5,1
5325,51088,-1.01,0,0,3,1,1
5326,51090,-0.52,0,1,4,2,1
5327,51104,4.26,1,11,14,14,1
5328,51105,-1.01,0,0,3,1,1
5329,51106,-1.01,0,0,3,1,1
5330,51107,-1.01,0,0,3,1,1
5331,51119,2.18,1,7,10,12,1
5332,51126,1.38,1,5,8,7,1
5333,51134,1.87,1,6,9,8,1
5334,51135,-1.01,0,0,3,1,1
5335,51141,1.44,1,5,8,6,1
5336,51157,4.14,1,11,14,16,1
5337,51171,4.26,1,11,14,14,1
5338,51180,1.81,1,6,9,9,1
5339,51181,-1.01,0,0,3,1,1
5340,51182,-1.01,0,0,3,1,1
5341,51192,1.2,1,5,8,10,1
5342,51219,6.23,1,16,19,27,1
5343,51263,6.86,1,19,22,44,1
5344,51275,3.83,1,10,13,12,1
5345,51280,0.4,1,3,6,5,1
5346,51282,-0.52,0,1,4,2,1
5347,51284,-0.52,0,1,4,2,1
5348,51291,1.93,1,6,9,7,1
5349,51293,-0.52,0,1,4,2,1
5350,51301,1.32,1,5,8,8,1
5351,51310,2.36,1,7,10,9,1
5352,51321,2.79,1,8,11,11,1
5353,51325,0.46,1,3,6,4,1
5354,51327,-0.52,0,1,4,2,1
5355,51334,1.93,1,6,9,7,1
5356,51335,-1.01,0,0,3,1,1
5357,51353,3.47,1,10,13,18,1
5358,51357,0.46,1,3,6,4,1
5359,51361,0.46,1,3,6,4,1
5360,51374,3.77,1,10,13,13,1
5361,51378,0.46,1,3,6,4,1
5362,51382,0.46,1,3,6,4,1
5363,51383,-1.01,0,0,3,1,1
5364,51392,1.81,1,6,9,9,1
5365,51409,3.53,1,10,13,17,1
5366,51422,3.22,1,9,12,13,1
5367,51424,-0.52,0,1,4,2,1
5368,51426,-0.52,0,1,4,2,1
5369,51433,1.38,1,5,8,7,1
5370,51438,0.95,1,4,7,5,1
5371,51445,0.83,1,4,7,7,1
5372,51457,2.73,1,8,11,12,1
5373,51458,-1.01,0,0,3,1,1
5374,51470,2.73,1,8,11,12,1
5375,51485,2.55,1,8,11,15,1
5376,51488,-0.03,0,2,5,3,1
5377,51493,0.95,1,4,7,5,1
5378,51497,0.46,1,3,6,4,1
5379,51508,2.79,1,8,11,11,1
5380,51512,0.46,1,3,6,4,1
5381,51531,6.71,1,16,19,19,1
5382,51533,-0.52,0,1,4,2,1
5383,51534,-1.01,0,0,3,1,1
5384,51540,1.44,1,5,8,6,1
5385,51559,5.06,1,13,16,19,1
5386,51574,3.65,1,10,13,15,1
5387,51579,0.95,1,4,7,5,1
5388,51583,0.46,1,3,6,4,1
5389,51597,3.71,1,10,13,14,1
5390,51599,-0.52,0,1,4,2,1
5391,51600,-1.01,0,0,3,1,1
5392,51604,0.46,1,3,6,4,1
5393,51606,-0.52,0,1,4,2,1
5394,51611,0.95,1,4,7,5,1
5395,51613,-0.52,0,1,4,2,1
5396,51649,7.34,1,19,22,36,1
5397,51651,-0.52,0,1,4,2,1
5398,51656,0.95,1,4,7,5,1
5399,51662,0.89,1,4,7,6,1
5400,51693,7.64,1,19,22,31,1
5401,51709,3.59,1,10,13,16,1
5402,51717,1.32,1,5,8,8,1
5403,51719,-0.52,0,1,4,2,1
5404,51721,-0.52,0,1,4,2,1
5405,51725,0.46,1,3,6,4,1
5406,51740,3.65,1,10,13,15,1
5407,51741,-1.01,0,0,3,1,1
5408,51745,0.46,1,3,6,4,1
5409,51752,1.93,1,6,9,7,1
5410,51782,5.5,1,15,18,30,1
5411,51783,-1.01,0,0,3,1,1
5412,51788,0.95,1,4,7,5,1
5413,51805,2.98,1,9,12,17,1
5414,51806,-1.01,0,0,3,1,1
5415,51809,-0.03,0,2,5,3,1
5416,51810,-1.01,0,0,3,1,1
5417,51812,-0.52,0,1,4,2,1
5418,51813,-1.01,0,0,3,1,1
5419,51845,5.93,1,16,19,32,1
5420,51846,-1.01,0,0,3,1,1
5421,51879,5.32,1,15,18,33,1
5422,51890,2.79,1,8,11,11,1
5423,51902,3.28,1,9,12,12,1
5424,51909,0.83,1,4,7,7,1
5425,51913,0.46,1,3,6,4,1
5426,51918,0.95,1,4,7,5,1
5427,51951,5.32,1,15,18,33,1
5428,51952,-1.01,0,0,3,1,1
5429,51954,-0.52,0,1,4,2,1
5430,51961,1.93,1,6,9,7,1
5431,51962,-1.01,0,0,3,1,1
5432,51966,-0.09,0,2,5,4,1
5433,51969,-0.03,0,2,5,3,1
5434,51986,2.98,1,9,12,17,1
5435,51989,-0.03,0,2,5,3,1
5436,52011,3.78,1,11,14,22,1
5437,52013,-0.52,0,1,4,2,1
5438,52033,5.0,1,13,16,20,1
5439,52036,-0.03,0,2,5,3,1
5440,52038,-0.52,0,1,4,2,1
5441,52040,-0.52,0,1,4,2,1
5442,52050,2.85,1,8,11,10,1
5443,52052,-0.52,0,1,4,2,1
5444,52054,-0.52,0,1,4,2,1
5445,52086,7.03,1,18,21,32,1
5446,52087,-1.01,0,0,3,1,1
5447,52091,0.46,1,3,6,4,1
5448,52104,3.22,1,9,12,13,1
5449,52116,4.38,1,11,14,12,1
5450,52128,3.28,1,9,12,12,1
5451,52145,4.08,1,11,14,17,1
5452,52152,1.38,1,5,8,7,1
5453,52157,0.4,1,3,6,5,1
5454,52163,1.44,1,5,8,6,1
5455,52168,0.4,1,3,6,5,1
5456,52172,0.46,1,3,6,4,1
5457,52221,11.16,1,22,25,49,0
5458,52222,-1.01,0,0,3,1,1
5459,52232,1.2,1,5,8,10,1
5460,52238,0.89,1,4,7,6,1
5461,52258,3.9,1,11,14,20,1
5462,52263,0.95,1,4,7,5,1
5463,52271,1.87,1,6,9,8,1
5464,52274,-0.03,0,2,5,3,1
5465,52283,2.36,1,7,10,9,1
5466,52288,0.95,1,4,7,5,1
5467,52290,-0.52,0,1,4,2,1
5468,52321,5.99,1,16,19,31,1
5469,52331,2.85,1,8,11,10,1
5470,52339,1.87,1,6,9,8,1
5471,52365,4.09,1,12,15,26,1
5472,52380,3.65,1,10,13,15,1
5473,52384,0.46,1,3,6,4,1
5474,52420,5.69,1,16,19,36,1
5475,52428,1.32,1,5,8,8,1
5476,52435,1.93,1,6,9,7,1
5477,52441,0.89,1,4,7,6,1
5478,52457,5.24,1,13,16,16,1
5479,52467,1.75,1,6,9,10,1
5480,52475,1.32,1,5,8,8,1
5481,52482,1.93,1,6,9,7,1
5482,52489,1.93,1,6,9,7,1
5483,52508,6.16,1,15,18,19,1
5484,52515,1.38,1,5,8,7,1
5485,52518,-0.03,0,2,5,3,1
5486,52529,3.34,1,9,12,11,1
5487,52535,1.44,1,5,8,6,1
5488,52537,-0.52,0,1,4,2,1
5489,52554,4.08,1,11,14,17,1
5490,52561,0.83,1,4,7,7,1
5491,52570,1.81,1,6,9,9,1
5492,52584,3.16,1,9,12,14,1
5493,52594,3.4,1,9,12,10,1
5494,52596,-0.52,0,1,4,2,1
5495,52599,-0.03,0,2,5,3,1
5496,52602,-0.58,0,1,4,3,1
5497,52603,-1.01,0,0,3,1,1
5498,52620,4.63,1,12,15,17,1
5499,52623,-0.03,0,2,5,3,1
5500,52624,-1.01,0,0,3,1,1
5501,52627,-0.03,0,2,5,3,1
5502,52639,2.18,1,7,10,12,1
5503,52643,0.46,1,3,6,4,1
5504,52644,-1.01,0,0,3,1,1
5505,52664,4.45,1,12,15,20,1
5506,52668,0.46,1,3,6,4,1
5507,52673,0.95,1,4,7,5,1
5508,52683,2.85,1,8,11,10,1
5509,52692,2.36,1,7,10,9,1
5510,52695,-0.03,0,2,5,3,1
5511,52730,6.3,1,17,20,35,1
5512,52731,-1.01,0,0,3,1,1
5513,52742,2.79,1,8,11,11,1
5514,52759,3.53,1,10,13,17,1
5515,52766,0.28,1,3,6,7,1
5516,52772,0.89,1,4,7,6,1
5517,52779,1.93,1,6,9,7,1
5518,52803,4.76,1,13,16,24,1
5519,52822,4.51,1,12,15,19,1
5520,52827,0.4,1,3,6,5,1
5521,52841,3.16,1,9,12,14,1
5522,52852,2.24,1,7,10,11,1
5523,52858,1.44,1,5,8,6,1
5524,52867,2.91,1,8,11,9,1
5525,52870,-0.03,0,2,5,3,1
5526,52874,0.46,1,3,6,4,1
5527,52878,0.46,1,3,6,4,1
5528,52896,4.02,1,11,14,18,1
5529,52901,0.95,1,4,7,5,1
5530,52915,3.16,1,9,12,14,1
5531,52924,2.36,1,7,10,9,1
5532,52925,-1.01,0,0,3,1,1
5533,52930,0.95,1,4,7,5,1
5534,52933,-0.03,0,2,5,3,1
5535,52949,4.14,1,11,14,16,1
5536,52951,-0.52,0,1,4,2,1
5537,52963,3.83,1,10,13,12,1
5538,52966,-0.03,0,2,5,3,1
5539,52968,-0.52,0,1,4,2,1
5540,52975,0.83,1,4,7,7,1
5541,52997,5.98,1,15,18,22,1
5542,52998,-1.01,0,0,3,1,1
5543,53012,2.61,1,8,11,14,1
5544,53021,1.81,1,6,9,9,1
5545,53024,-0.03,0,2,5,3,1
5546,53033,1.81,1,6,9,9,1
5547,53039,1.44,1,5,8,6,1
5548,53044,0.4,1,3,6,5,1
5549,53056,2.73,1,8,11,12,1
5550,53058,-0.52,0,1,4,2,1
5551,53067,1.26,1,5,8,9,1
5552,53073,1.44,1,5,8,6,1
5553,53077,0.46,1,3,6,4,1
5554,53078,-1.01,0,0,3,1,1
5555,53081,-0.03,0,2,5,3,1
5556,53082,-1.01,0,0,3,1,1
5557,53094,2.73,1,8,11,12,1
5558,53114,5.55,1,14,17,20,1
5559,53115,-1.01,0,0,3,1,1
5560,53134,5.61,1,14,17,19,1
5561,53136,-0.52,0,1,4,2,1
5562,53139,-0.03,0,2,5,3,1
5563,53142,-0.03,0,2,5,3,1
5564,53165,4.82,1,13,16,23,1
5565,53169,-0.09,0,2,5,4,1
5566,53187,4.02,1,11,14,18,1
5567,53190,-0.03,0,2,5,3,1
5568,53202,4.38,1,11,14,12,1
5569,53203,-1.01,0,0,3,1,1
5570,53207,0.46,1,3,6,4,1
5571,53212,0.95,1,4,7,5,1
5572,53229,4.08,1,11,14,17,1
5573,53231,-0.52,0,1,4,2,1
5574,53240,1.81,1,6,9,9,1
5575,53265,5.25,1,14,17,25,1
5576,53273,1.87,1,6,9,8,1
5577,53275,-0.52,0,1,4,2,1
5578,53276,-1.01,0,0,3,1,1
5579,53279,-0.03,0,2,5,3,1
5580,53283,-0.09,0,2,5,4,1
5581,53295,4.38,1,11,14,12,1
5582,53301,0.89,1,4,7,6,1
5583,53305,0.46,1,3,6,4,1
5584,53317,3.28,1,9,12,12,1
5585,53320,-0.03,0,2,5,3,1
5586,53325,0.4,1,3,6,5,1
5587,53340,5.3,1,13,16,15,1
5588,53344,0.46,1,3,6,4,1
5589,53348,-0.64,0,1,4,4,1
5590,53357,1.81,1,6,9,9,1
5591,53380,6.47,1,16,19,23,1
5592,53381,-1.01,0,0,3,1,1
5593,53382,-1.01,0,0,3,1,1
5594,53383,-1.01,0,0,3,1,1
5595,53392,2.36,1,7,10,9,1
5596,53419,5.68,1,15,18,27,1
5597,53426,1.93,1,6,9,7,1
5598,53430,-0.09,0,2,5,4,1
5599,53433,-0.03,0,2,5,3,1
5600,53440,1.38,1,5,8,7,1
5601,53468,6.17,1,16,19,28,1
5602,53469,-1.01,0,0,3,1,1
5603,53491,4.33,1,12,15,22,1
5604,53505,4.26,1,11,14,14,1
5605,53516,3.89,1,10,13,11,1
5606,53517,-1.01,0,0,3,1,1
5607,53545,6.17,1,16,19,28,1
5608,53558,3.77,1,10,13,13,1
5609,53588,5.5,1,15,18,30,1
5610,53594,0.89,1,4,7,6,1
5611,53601,1.93,1,6,9,7,1
5612,53609,0.77,1,4,7,8,1
5613,53621,2.73,1,8,11,12,1
5614,53629,1.87,1,6,9,8,1
5615,53669,6.55,1,18,21,40,1
5616,53682,2.67,1,8,11,13,1
5617,53694,2.73,1,8,11,12,1
5618,53699,0.95,1,4,7,5,1
5619,53711,3.28,1,9,12,12,1
5620,53722,2.79,1,8,11,11,1
5621,53739,4.63,1,12,15,17,1
5622,53742,-0.03,0,2,5,3,1
5623,53758,3.59,1,10,13,16,1
5624,53762,0.46,1,3,6,4,1
5625,53766,0.46,1,3,6,4,1
5626,53772,1.44,1,5,8,6,1
5627,53777,0.95,1,4,7,5,1
5628,53795,3.47,1,10,13,18,1
5629,53811,3.59,1,10,13,16,1
5630,53849,6.12,1,17,20,38,1
5631,53854,0.95,1,4,7,5,1
5632,53867,3.22,1,9,12,13,1
5633,53870,-0.03,0,2,5,3,1
5634,53886,3.04,1,9,12,16,1
5635,53903,5.18,1,13,16,17,1
5636,53906,-0.03,0,2,5,3,1
5637,53922,3.59,1,10,13,16,1
5638,53923,-1.01,0,0,3,1,1
5639,53927,0.46,1,3,6,4,1
5640,53957,6.05,1,16,19,30,1
5641,53967,2.3,1,7,10,10,1
5642,53990,5.37,1,14,17,23,1
5643,53993,-0.03,0,2,5,3,1
5644,53997,0.46,1,3,6,4,1
5645,54005,2.42,1,7,10,8,1
5646,54016,2.79,1,8,11,11,1
5647,54020,0.46,1,3,6,4,1
5648,54029,2.91,1,8,11,9,1
5649,54054,5.25,1,14,17,25,1
5650,54101,5.03,1,16,19,47,1
5651,54110,2.36,1,7,10,9,1
5652,54124,3.71,1,10,13,14,1
5653,54133,1.81,1,6,9,9,1
5654,54134,-1.01,0,0,3,1,1
5655,54135,-1.01,0,0,3,1,1
5656,54163,6.17,1,16,19,28,1
5657,54165,-0.52,0,1,4,2,1
5658,54168,-0.03,0,2,5,3,1
5659,54183,3.65,1,10,13,15,1
5660,54186,-0.03,0,2,5,3,1
5661,54211,6.35,1,16,19,25,1
5662,54218,1.38,1,5,8,7,1
5663,54243,5.8,1,15,18,25,1
5664,54244,-1.01,0,0,3,1,1
5665,54245,-1.01,0,0,3,1,1
5666,54247,-0.52,0,1,4,2,1
5667,54256,1.81,1,6,9,9,1
5668,54259,-0.03,0,2,5,3,1
5669,54266,1.38,1,5,8,7,1
5670,54271,0.95,1,4,7,5,1
5671,54299,4.52,1,13,16,28,1
5672,54300,-1.01,0,0,3,1,1
5673,54302,-0.52,0,1,4,2,1
5674,54315,2.67,1,8,11,13,1
5675,54322,1.38,1,5,8,7,1
5676,54325,-0.03,0,2,5,3,1
5677,54327,-0.52,0,1,4,2,1
5678,54337,2.3,1,7,10,10,1
5679,54340,-0.03,0,2,5,3,1
5680,54349,2.36,1,7,10,9,1
5681,54352,-0.03,0,2,5,3,1
5682,54367,3.1,1,9,12,15,1
5683,54373,0.89,1,4,7,6,1
5684,54381,2.42,1,7,10,8,1
5685,54382,-1.01,0,0,3,1,1
5686,54392,2.3,1,7,10,10,1
5687,54432,7.1,1,19,22,40,1
5688,54434,-0.52,0,1,4,2,1
5689,54474,6.55,1,18,21,40,1
5690,54483,1.81,1,6,9,9,1
5691,54494,2.79,1,8,11,11,1
5692,54516,4.33,1,12,15,22,1
5693,54539,3.72,1,11,14,23,1
5694,54544,0.95,1,4,7,5,1
5695,54546,-0.52,0,1,4,2,1
5696,54547,-1.01,0,0,3,1,1
5697,54560,3.77,1,10,13,13,1
5698,54561,-1.01,0,0,3,1,1
5699,54570,2.36,1,7,10,9,1
5700,54589,5.06,1,13,16,19,1
5701,54591,-0.52,0,1,4,2,1
5702,54593,-0.52,0,1,4,2,1
5703,54611,5.12,1,13,16,18,1
5704,54630,3.41,1,10,13,19,1
5705,54640,1.75,1,6,9,10,1
5706,54646,1.44,1,5,8,6,1
5707,54650,0.46,1,3,6,4,1
5708,54653,-0.03,0,2,5,3,1
5709,54661,2.42,1,7,10,8,1
5710,54662,-1.01,0,0,3,1,1
5711,54664,-0.52,0,1,4,2,1
5712,54680,4.14,1,11,14,16,1
5713,54695,4.75,1,12,15,15,1
5714,54715,5.55,1,14,17,20,1
5715,54716,-1.01,0,0,3,1,1
5716,54771,7.3,1,21,24,55,1
5717,54787,4.14,1,11,14,16,1
5718,54793,0.34,1,3,6,6,1
5719,54798,0.95,1,4,7,5,1
5720,54799,-1.01,0,0,3,1,1
5721,54800,-1.01,0,0,3,1,1
5722,54803,-0.03,0,2,5,3,1
5723,54807,0.46,1,3,6,4,1
5724,54818,2.79,1,8,11,11,1
5725,54820,-0.52,0,1,4,2,1
5726,54821,-1.01,0,0,3,1,1
5727,54824,-0.03,0,2,5,3,1
5728,54830,1.44,1,5,8,6,1
5729,54835,0.95,1,4,7,5,1
5730,54840,0.95,1,4,7,5,1
5731,54847,1.93,1,6,9,7,1
5732,54852,0.4,1,3,6,5,1
5733,54872,3.35,1,10,13,20,1
5734,54881,1.81,1,6,9,9,1
5735,54909,5.07,1,14,17,28,1
5736,54914,0.4,1,3,6,5,1
5737,54925,1.69,1,6,9,11,1
5738,54954,5.56,1,15,18,29,1
5739,54968,4.26,1,11,14,14,1
5740,54979,3.34,1,9,12,11,1
5741,54988,1.81,1,6,9,9,1
5742,55003,2.55,1,8,11,15,1
5743,55009,0.34,1,3,6,6,1
5744,55030,3.84,1,11,14,21,1
5745,55035,0.95,1,4,7,5,1
5746,55050,2.55,1,8,11,15,1
5747,55054,0.46,1,3,6,4,1
5748,55057,-0.03,0,2,5,3,1
5749,55060,-0.03,0,2,5,3,1
5750,55065,0.95,1,4,7,5,1
5751,55066,-1.01,0,0,3,1,1
5752,55085,4.51,1,12,15,19,1
5753,55094,1.81,1,6,9,9,1
5754,55099,0.4,1,3,6,5,1
5755,55104,0.95,1,4,7,5,1
5756,55112,1.87,1,6,9,8,1
5757,55117,0.95,1,4,7,5,1
5758,55132,4.2,1,11,14,15,1
5759,55137,0.4,1,3,6,5,1
5760,55144,0.83,1,4,7,7,1
5761,55146,-0.52,0,1,4,2,1
5762,55150,0.46,1,3,6,4,1
5763,55156,1.44,1,5,8,6,1
5764,55157,-1.01,0,0,3,1,1
5765,55181,4.76,1,13,16,24,1
5766,55182,-1.01,0,0,3,1,1
5767,55186,0.46,1,3,6,4,1
5768,55187,-1.01,0,0,3,1,1
5769,55190,-0.03,0,2,5,3,1
5770,55205,3.1,1,9,12,15,1
5771,55212,1.93,1,6,9,7,1
5772,55222,2.3,1,7,10,10,1
5773,55267,6.8,1,19,22,45,1
5774,55281,3.16,1,9,12,14,1
5775,55288,1.93,1,6,9,7,1
5776,55295,1.38,1,5,8,7,1
5777,55301,0.89,1,4,7,6,1
5778,55305,0.46,1,3,6,4,1
5779,55310,0.4,1,3,6,5,1
5780,55347,6.18,1,17,20,37,1
5781,55354,1.93,1,6,9,7,1
5782,55355,-1.01,0,0,3,1,1
5783,55356,-1.01,0,0,3,1,1
5784,55360,0.46,1,3,6,4,1
5785,55368,1.32,1,5,8,8,1
5786,55385,2.98,1,9,12,17,1
5787,55386,-1.01,0,0,3,1,1
5788,55396,3.4,1,9,12,10,1
5789,55403,1.93,1,6,9,7,1
5790,55429,5.74,1,15,18,26,1
5791,55432,-0.03,0,2,5,3,1
5792,55433,-1.01,0,0,3,1,1
5793,55449,4.69,1,12,15,16,1
5794,55452,-0.03,0,2,5,3,1
5795,55475,5.37,1,14,17,23,1
5796,55481,0.89,1,4,7,6,1
5797,55482,-1.01,0,0,3,1,1
5798,55495,2.67,1,8,11,13,1
5799,55509,3.16,1,9,12,14,1
5800,55521,2.73,1,8,11,12,1
5801,55531,1.75,1,6,9,10,1
5802,55537,1.44,1,5,8,6,1
5803,55539,-0.52,0,1,4,2,1
5804,55549,3.4,1,9,12,10,1
5805,55551,-0.52,0,1,4,2,1
5806,55558,1.38,1,5,8,7,1
5807,55560,-0.52,0,1,4,2,1
5808,55563,-0.03,0,2,5,3,1
5809,55567,0.46,1,3,6,4,1
5810,55571,0.46,1,3,6,4,1
5811,55611,3.25,1,12,15,40,1
5812,55615,0.46,1,3,6,4,1
5813,55617,-0.52,0,1,4,2,1
5814,55631,2.61,1,8,11,14,1
5815,55647,4.69,1,12,15,16,1
5816,55654,1.93,1,6,9,7,1
5817,55662,2.42,1,7,10,8,1
5818,55693,4.89,1,14,17,31,1
5819,55700,1.93,1,6,9,7,1
5820,55702,-0.52,0,1,4,2,1
5821,55705,-0.03,0,2,5,3,1
5822,55716,2.79,1,8,11,11,1
5823,55726,2.3,1,7,10,10,1
5824,55727,-1.01,0,0,3,1,1
5825,55771,4.11,1,14,17,44,1
5826,55777,0.34,1,3,6,6,1
5827,55815,6.67,1,18,21,38,1
5828,55817,-0.52,0,1,4,2,1
5829,55823,0.89,1,4,7,6,1
5830,55828,0.95,1,4,7,5,1
5831,55836,2.42,1,7,10,8,1
5832,55854,3.47,1,10,13,18,1
5833,55865,1.69,1,6,9,11,1
5834,55875,2.3,1,7,10,10,1
5835,55876,-1.01,0,0,3,1,1
5836,55931,5.65,1,18,21,55,1
5837,55938,1.38,1,5,8,7,1
5838,55942,0.46,1,3,6,4,1
5839,55949,1.38,1,5,8,7,1
5840,55971,4.88,1,13,16,22,1
5841,55972,-1.01,0,0,3,1,1
5842,55973,-1.01,0,0,3,1,1
5843,55976,-0.03,0,2,5,3,1
5844,55981,0.95,1,4,7,5,1
5845,55991,2.85,1,8,11,10,1
5846,55999,2.42,1,7,10,8,1
5847,56027,5.07,1,14,17,28,1
5848,56030,-0.03,0,2,5,3,1
5849,56044,4.26,1,11,14,14,1
5850,56049,0.95,1,4,7,5,1
5851,56051,-0.52,0,1,4,2,1
5852,56054,-0.03,0,2,5,3,1
5853,56082,5.07,1,14,17,28,1
5854,56083,-1.01,0,0,3,1,1
5855,56084,-1.01,0,0,3,1,1
5856,56085,-1.01,0,0,3,1,1
5857,56111,5.74,1,15,18,26,1
5858,56115,0.46,1,3,6,4,1
5859,56124,2.36,1,7,10,9,1
5860,56125,-1.01,0,0,3,1,1
5861,56140,4.2,1,11,14,15,1
5862,56149,1.26,1,5,8,9,1
5863,56152,-0.03,0,2,5,3,1
5864,56153,-1.01,0,0,3,1,1
5865,56157,0.46,1,3,6,4,1
5866,56166,2.36,1,7,10,9,1
5867,56167,-1.01,0,0,3,1,1
5868,56177,1.75,1,6,9,10,1
5869,56212,6.3,1,17,20,35,1
5870,56216,0.46,1,3,6,4,1
5871,56217,-1.01,0,0,3,1,1
5872,56271,6.26,1,19,22,54,1
5873,56272,-1.01,0,0,3,1,1
5874,56323,5.34,1,17,20,51,1
5875,56364,4.84,1,15,18,41,1
5876,56370,0.34,1,3,6,6,1
5877,56371,-1.01,0,0,3,1,1
5878,56382,3.34,1,9,12,11,1
5879,56401,3.96,1,11,14,19,1
5880,56408,1.93,1,6,9,7,1
5881,56411,-0.03,0,2,5,3,1
5882,56419,1.87,1,6,9,8,1
5883,56420,-1.01,0,0,3,1,1
5884,56424,0.46,1,3,6,4,1
5885,56425,-1.01,0,0,3,1,1
5886,56426,-1.01,0,0,3,1,1
5887,56446,3.9,1,11,14,20,1
5888,56455,2.91,1,8,11,9,1
5889,56458,-0.03,0,2,5,3,1
5890,56468,2.3,1,7,10,10,1
5891,56479,2.79,1,8,11,11,1
5892,56490,2.79,1,8,11,11,1
5893,56491,-1.01,0,0,3,1,1
5894,56492,-1.01,0,0,3,1,1
5895,56529,5.08,1,15,18,37,1
5896,56553,4.76,1,13,16,24,1
5897,56569,4.14,1,11,14,16,1
5898,56599,5.5,1,15,18,30,1
5899,56611,3.28,1,9,12,12,1
5900,56622,2.24,1,7,10,11,1
5901,56624,-0.52,0,1,4,2,1
5902,56638,4.26,1,11,14,14,1
5903,56639,-1.01,0,0,3,1,1
5904,56646,0.83,1,4,7,7,1
5905,56649,-0.58,0,1,4,3,1
5906,56669,3.35,1,10,13,20,1
5907,56671,-0.52,0,1,4,2,1
5908,56675,0.46,1,3,6,4,1
5909,56695,5.0,1,13,16,20,1
5910,56720,5.8,1,15,18,25,1
5911,56733,2.67,1,8,11,13,1
5912,56741,2.42,1,7,10,8,1
5913,56759,4.57,1,12,15,18,1
5914,56762,-0.03,0,2,5,3,1
5915,56764,-0.52,0,1,4,2,1
5916,56765,-1.01,0,0,3,1,1
5917,56768,-0.03,0,2,5,3,1
5918,56769,-1.01,0,0,3,1,1
5919,56784,4.75,1,12,15,15,1
5920,56804,6.1,1,15,18,20,1
5921,56812,1.87,1,6,9,8,1
5922,56823,3.34,1,9,12,11,1
5923,56836,2.67,1,8,11,13,1
5924,56846,1.75,1,6,9,10,1
5925,56855,1.81,1,6,9,9,1
5926,56871,2.49,1,8,11,16,1
5927,56894,6.47,1,16,19,23,1
5928,56919,4.7,1,13,16,25,1
5929,56922,-0.58,0,1,4,3,1
5930,56923,-1.01,0,0,3,1,1
5931,56925,-0.52,0,1,4,2,1
5932,56929,0.46,1,3,6,4,1
5933,56930,-1.01,0,0,3,1,1
5934,56939,1.81,1,6,9,9,1
5935,56946,1.93,1,6,9,7,1
5936,56949,-0.03,0,2,5,3,1
5937,56953,-0.09,0,2,5,4,1
5938,56954,-1.01,0,0,3,1,1
5939,56963,0.71,1,4,7,9,1
5940,56965,-0.52,0,1,4,2,1
5941,56971,0.89,1,4,7,6,1
5942,56986,3.65,1,10,13,15,1
5943,56992,1.44,1,5,8,6,1
5944,56993,-1.01,0,0,3,1,1
5945,56994,-1.01,0,0,3,1,1
5946,57000,1.44,1,5,8,6,1
5947,57010,1.75,1,6,9,10,1
5948,57025,2.55,1,8,11,15,1
5949,57027,-0.52,0,1,4,2,1
5950,57037,2.85,1,8,11,10,1
5951,57050,3.22,1,9,12,13,1
5952,57060,2.3,1,7,10,10,1
5953,57076,3.59,1,10,13,16,1
5954,57083,1.93,1,6,9,7,1
5955,57125,5.33,1,16,19,42,1
5956,57134,2.36,1,7,10,9,1
5957,57142,1.32,1,5,8,8,1
5958,57168,4.64,1,13,16,26,1
5959,57184,3.59,1,10,13,16,1
5960,57197,3.22,1,9,12,13,1
5961,57214,5.18,1,13,16,17,1
5962,57216,-0.52,0,1,4,2,1
5963,57224,1.87,1,6,9,8,1
5964,57230,1.44,1,5,8,6,1
5965,57231,-1.01,0,0,3,1,1
5966,57237,1.44,1,5,8,6,1
5967,57238,-1.01,0,0,3,1,1
5968,57242,0.46,1,3,6,4,1
5969,57246,0.46,1,3,6,4,1
5970,57249,-0.03,0,2,5,3,1
5971,57264,4.75,1,12,15,15,1
5972,57266,-0.52,0,1,4,2,1
5973,57269,-0.03,0,2,5,3,1
5974,57274,0.95,1,4,7,5,1
5975,57294,3.35,1,10,13,20,1
5976,57343,6.56,1,19,22,49,1
5977,57353,2.3,1,7,10,10,1
5978,57361,1.87,1,6,9,8,1
5979,57366,0.95,1,4,7,5,1
5980,57376,1.75,1,6,9,10,1
5981,57387,3.89,1,10,13,11,1
5982,57395,1.87,1,6,9,8,1
5983,57400,0.4,1,3,6,5,1
5984,57403,-0.03,0,2,5,3,1
5985,57433,4.4,1,13,16,30,1
5986,57434,-1.01,0,0,3,1,1
5987,57450,3.04,1,9,12,16,1
5988,57459,2.36,1,7,10,9,1
5989,57461,-0.52,0,1,4,2,1
5990,57462,-1.01,0,0,3,1,1
5991,57463,-1.01,0,0,3,1,1
5992,57489,3.54,1,11,14,26,1
5993,57495,1.44,1,5,8,6,1
5994,57499,-0.09,0,2,5,4,1
5995,57501,-0.52,0,1,4,2,1
5996,57502,-1.01,0,0,3,1,1
5997,57544,4.23,1,14,17,42,1
5998,57553,2.36,1,7,10,9,1
5999,57556,-0.03,0,2,5,3,1
6000,57557,-1.01,0,0,3,1,1
6001,57560,-0.03,0,2,5,3,1
6002,57562,-0.52,0,1,4,2,1
6003,57571,2.36,1,7,10,9,1
6004,57575,-0.09,0,2,5,4,1
6005,57600,6.9,1,17,20,25,1
6006,57603,-0.03,0,2,5,3,1
6007,57604,-1.01,0,0,3,1,1
6008,57605,-1.01,0,0,3,1,1
6009,57614,2.91,1,8,11,9,1
6010,57620,1.44,1,5,8,6,1
6011,57621,-1.01,0,0,3,1,1
6012,57626,0.4,1,3,6,5,1
6013,57628,-0.52,0,1,4,2,1
6014,57638,1.75,1,6,9,10,1
6015,57646,1.87,1,6,9,8,1
6016,57652,1.44,1,5,8,6,1
6017,57683,3.79,1,12,15,31,1
6018,57684,-1.01,0,0,3,1,1
6019,57689,0.4,1,3,6,5,1
6020,57690,-1.01,0,0,3,1,1
6021,57707,4.63,1,12,15,17,1
6022,57712,0.4,1,3,6,5,1
6023,57715,-0.03,0,2,5,3,1
6024,57730,3.65,1,10,13,15,1
6025,57735,0.95,1,4,7,5,1
6026,57738,-0.03,0,2,5,3,1
6027,57742,0.46,1,3,6,4,1
6028,57753,3.34,1,9,12,11,1
6029,57759,0.89,1,4,7,6,1
6030,57765,0.34,1,3,6,6,1
6031,57774,2.36,1,7,10,9,1
6032,57783,2.36,1,7,10,9,1
6033,57801,5.67,1,14,17,18,1
6034,57814,1.57,1,6,9,13,1
6035,57815,-1.01,0,0,3,1,1
6036,57827,3.83,1,10,13,12,1
6037,57829,-0.52,0,1,4,2,1
6038,57830,-1.01,0,0,3,1,1
6039,57831,-1.01,0,0,3,1,1
6040,57835,0.46,1,3,6,4,1
6041,57840,0.4,1,3,6,5,1
6042,57852,2.73,1,8,11,12,1
6043,57879,5.13,1,14,17,27,1
6044,57898,5.06,1,13,16,19,1
6045,57902,0.46,1,3,6,4,1
6046,57906,0.46,1,3,6,4,1
6047,57908,-0.52,0,1,4,2,1
6048,57945,5.08,1,15,18,37,1
6049,57948,-0.03,0,2,5,3,1
6050,57956,1.32,1,5,8,8,1
6051,57959,-0.03,0,2,5,3,1
6052,57980,5.49,1,14,17,21,1
6053,57986,1.44,1,5,8,6,1
6054,57990,0.46,1,3,6,4,1
6055,57991,-1.01,0,0,3,1,1
6056,58007,5.79,1,14,17,16,1
6057,58024,3.53,1,10,13,17,1
6058,58026,-0.52,0,1,4,2,1
6059,58032,1.44,1,5,8,6,1
6060,58048,4.14,1,11,14,16,1
6061,58052,0.46,1,3,6,4,1
6062,58055,-0.03,0,2,5,3,1
6063,58059,0.46,1,3,6,4,1
6064,58069,2.3,1,7,10,10,1
6065,58077,2.42,1,7,10,8,1
6066,58078,-1.01,0,0,3,1,1
6067,58080,-0.52,0,1,4,2,1
6068,58085,0.95,1,4,7,5,1
6069,58091,1.44,1,5,8,6,1
6070,58096,0.95,1,4,7,5,1
6071,58106,2.85,1,8,11,10,1
6072,58120,2.61,1,8,11,14,1
6073,58122,-0.52,0,1,4,2,1
6074,58123,-1.01,0,0,3,1,1
6075,58142,4.51,1,12,15,19,1
6076,58151,2.36,1,7,10,9,1
6077,58152,-1.01,0,0,3,1,1
6078,58154,-0.52,0,1,4,2,1
6079,58177,4.27,1,12,15,23,1
6080,58182,0.95,1,4,7,5,1
6081,58184,-0.52,0,1,4,2,1
6082,58198,4.81,1,12,15,14,1
6083,58212,4.81,1,12,15,14,1
6084,58215,-0.03,0,2,5,3,1
6085,58218,-0.03,0,2,5,3,1
6086,58222,-0.09,0,2,5,4,1
6087,58223,-1.01,0,0,3,1,1
6088,58232,1.81,1,6,9,9,1
6089,58237,0.4,1,3,6,5,1
6090,58241,0.46,1,3,6,4,1
6091,58250,1.81,1,6,9,9,1
6092,58255,0.95,1,4,7,5,1
6093,58265,1.2,1,5,8,10,1
6094,58269,0.46,1,3,6,4,1
6095,58278,2.91,1,8,11,9,1
6096,58301,4.27,1,12,15,23,1
6097,58317,4.69,1,12,15,16,1
6098,58320,-0.58,0,1,4,3,1
6099,58326,1.44,1,5,8,6,1
6100,58330,0.46,1,3,6,4,1
6101,58333,-0.03,0,2,5,3,1
6102,58344,2.24,1,7,10,11,1
6103,58363,3.41,1,10,13,19,1
6104,58365,-0.52,0,1,4,2,1
6105,58371,1.44,1,5,8,6,1
6106,58393,3.23,1,10,13,22,1
6107,58401,2.42,1,7,10,8,1
6108,58409,1.32,1,5,8,8,1
6109,58415,1.44,1,5,8,6,1
6110,58416,-1.01,0,0,3,1,1
6111,58430,2.06,1,7,10,14,1
6112,58452,3.78,1,11,14,22,1
6113,58456,0.46,1,3,6,4,1
6114,58466,2.3,1,7,10,10,1
6115,58478,2.18,1,7,10,12,1
6116,58482,0.46,1,3,6,4,1
6117,58492,2.3,1,7,10,10,1
6118,58494,-0.52,0,1,4,2,1
6119,58499,0.95,1,4,7,5,1
6120,58502,-0.58,0,1,4,3,1
6121,58510,2.42,1,7,10,8,1
6122,58522,2.73,1,8,11,12,1
6123,58527,0.4,1,3,6,5,1
6124,58528,-1.01,0,0,3,1,1
6125,58538,2.3,1,7,10,10,1
6126,58546,1.87,1,6,9,8,1
6127,58556,2.85,1,8,11,10,1
6128,58572,3.59,1,10,13,16,1
6129,58579,1.38,1,5,8,7,1
6130,58586,1.38,1,5,8,7,1
6131,58590,-0.09,0,2,5,4,1
6132,58603,3.77,1,10,13,13,1
6133,58610,0.83,1,4,7,7,1
6134,58613,-0.03,0,2,5,3,1
6135,58617,-0.09,0,2,5,4,1
6136,58620,-0.03,0,2,5,3,1
6137,58622,-0.52,0,1,4,2,1
6138,58623,-1.01,0,0,3,1,1
6139,58643,4.45,1,12,15,20,1
6140,58644,-1.01,0,0,3,1,1
6141,58645,-1.01,0,0,3,1,1
6142,58650,0.95,1,4,7,5,1
6143,58654,0.46,1,3,6,4,1
6144,58656,-0.52,0,1,4,2,1
6145,58669,3.22,1,9,12,13,1
6146,58717,6.62,1,19,22,48,1
6147,58728,2.24,1,7,10,11,1
6148,58733,0.95,1,4,7,5,1
6149,58739,0.89,1,4,7,6,1
6150,58743,0.46,1,3,6,4,1
6151,58744,-1.01,0,0,3,1,1
6152,58771,4.58,1,13,16,27,1
6153,58784,3.22,1,9,12,13,1
6154,58785,-1.01,0,0,3,1,1
6155,58793,1.32,1,5,8,8,1
6156,58811,4.02,1,11,14,18,1
6157,58812,-1.01,0,0,3,1,1
6158,58862,6.5,1,19,22,50,1
6159,58864,-0.52,0,1,4,2,1
6160,58880,4.69,1,12,15,16,1
6161,58904,3.11,1,10,13,24,1
6162,58919,4.75,1,12,15,15,1
6163,58934,4.2,1,11,14,15,1
6164,58948,3.16,1,9,12,14,1
6165,58951,-0.03,0,2,5,3,1
6166,58957,0.89,1,4,7,6,1
6167,58959,-0.52,0,1,4,2,1
6168,58974,3.65,1,10,13,15,1
6169,58984,2.85,1,8,11,10,1
6170,58985,-1.01,0,0,3,1,1
6171,59007,4.88,1,13,16,22,1
6172,59020,2.12,1,7,10,13,1
6173,59022,-0.52,0,1,4,2,1
6174,59033,3.89,1,10,13,11,1
6175,59036,-0.03,0,2,5,3,1
6176,59042,1.44,1,5,8,6,1
6177,59045,-0.03,0,2,5,3,1
6178,59046,-1.01,0,0,3,1,1
6179,59060,2.61,1,8,11,14,1
6180,59086,6.84,1,17,20,26,1
6181,59109,5.37,1,14,17,23,1
6182,59111,-0.52,0,1,4,2,1
6183,59114,-0.03,0,2,5,3,1
6184,59130,2.49,1,8,11,16,1
6185,59137,1.93,1,6,9,7,1
6186,59138,-1.01,0,0,3,1,1
6187,59144,1.44,1,5,8,6,1
6188,59146,-0.52,0,1,4,2,1
6189,59150,0.46,1,3,6,4,1
6190,59154,0.46,1,3,6,4,1
6191,59160,1.44,1,5,8,6,1
6192,59162,-0.52,0,1,4,2,1
6193,59168,0.89,1,4,7,6,1
6194,59174,0.89,1,4,7,6,1
6195,59180,0.34,1,3,6,6,1
6196,59184,0.46,1,3,6,4,1
6197,59185,-1.01,0,0,3,1,1
6198,59191,0.89,1,4,7,6,1
6199,59214,3.72,1,11,14,23,1
6200,59219,0.95,1,4,7,5,1
6201,59229,1.75,1,6,9,10,1
6202,59232,-0.03,0,2,5,3,1
6203,59237,0.4,1,3,6,5,1
6204,59242,0.95,1,4,7,5,1
6205,59243,-1.01,0,0,3,1,1
6206,59260,3.53,1,10,13,17,1
6207,59276,4.69,1,12,15,16,1
6208,59283,0.83,1,4,7,7,1
6209,59291,1.87,1,6,9,8,1
6210,59322,5.99,1,16,19,31,1
6211,59327,0.95,1,4,7,5,1
6212,59331,0.46,1,3,6,4,1
6213,59334,-0.03,0,2,5,3,1
6214,59337,-0.03,0,2,5,3,1
6215,59347,2.85,1,8,11,10,1
6216,59363,3.04,1,9,12,16,1
6217,59369,1.44,1,5,8,6,1
6218,59371,-0.52,0,1,4,2,1
6219,59375,0.46,1,3,6,4,1
6220,59389,3.16,1,9,12,14,1
6221,59431,5.88,1,17,20,42,1
6222,59432,-1.01,0,0,3,1,1
6223,59441,2.36,1,7,10,9,1
6224,59448,1.93,1,6,9,7,1
6225,59457,2.36,1,7,10,9,1
6226,59461,0.46,1,3,6,4,1
6227,59462,-1.01,0,0,3,1,1
6228,59464,-0.52,0,1,4,2,1
6229,59469,0.95,1,4,7,5,1
6230,59483,3.16,1,9,12,14,1
6231,59495,2.18,1,7,10,12,1
6232,59507,3.28,1,9,12,12,1
6233,59530,5.37,1,14,17,23,1
6234,59540,2.3,1,7,10,10,1
6235,59551,3.34,1,9,12,11,1
6236,59557,0.89,1,4,7,6,1
6237,59576,3.96,1,11,14,19,1
6238,59579,-0.03,0,2,5,3,1
6239,59581,-0.52,0,1,4,2,1
6240,59586,0.95,1,4,7,5,1
6241,59595,2.36,1,7,10,9,1
6242,59604,2.91,1,8,11,9,1
6243,59609,0.4,1,3,6,5,1
6244,59610,-1.01,0,0,3,1,1
6245,59614,0.46,1,3,6,4,1
6246,59640,6.84,1,17,20,26,1
6247,59644,-0.09,0,2,5,4,1
6248,59646,-0.52,0,1,4,2,1
6249,59654,1.87,1,6,9,8,1
6250,59662,1.32,1,5,8,8,1
6251,59725,5.17,1,18,21,63,1
6252,59727,-0.52,0,1,4,2,1
6253,59742,3.65,1,10,13,15,1
6254,59746,0.46,1,3,6,4,1
6255,59747,-1.01,0,0,3,1,1
6256,59758,3.34,1,9,12,11,1
6257,59762,0.46,1,3,6,4,1
6258,59770,1.87,1,6,9,8,1
6259,59772,-0.52,0,1,4,2,1
6260,59790,3.47,1,10,13,18,1
6261,59798,1.87,1,6,9,8,1
6262,59827,5.01,1,14,17,29,1
6263,59830,-0.03,0,2,5,3,1
6264,59843,2.67,1,8,11,13,1
6265,59857,4.26,1,11,14,14,1
6266,59858,-1.01,0,0,3,1,1
6267,59874,3.59,1,10,13,16,1
6268,59875,-1.01,0,0,3,1,1
6269,59881,0.89,1,4,7,6,1
6270,59892,2.24,1,7,10,11,1
6271,59903,3.34,1,9,12,11,1
6272,59904,-1.01,0,0,3,1,1
6273,59905,-1.01,0,0,3,1,1
6274,59915,2.3,1,7,10,10,1
6275,59919,0.46,1,3,6,4,1
6276,59924,0.95,1,4,7,5,1
6277,59938,2.61,1,8,11,14,1
6278,59954,3.59,1,10,13,16,1
6279,59966,2.18,1,7,10,12,1
6280,59981,3.65,1,10,13,15,1
6281,60001,5.0,1,13,16,20,1
6282,60006,0.4,1,3,6,5,1
6283,60024,4.57,1,12,15,18,1
6284,60032,1.32,1,5,8,8,1
6285,60043,2.24,1,7,10,11,1
6286,60046,-0.03,0,2,5,3,1
6287,60052,0.89,1,4,7,6,1
6288,60058,0.34,1,3,6,6,1
6289,60083,4.7,1,13,16,25,1
6290,60096,1.57,1,6,9,13,1
6291,60098,-0.52,0,1,4,2,1
6292,60100,-0.52,0,1,4,2,1
6293,60104,0.46,1,3,6,4,1
6294,60105,-1.01,0,0,3,1,1
6295,60112,1.38,1,5,8,7,1
6296,60114,-0.52,0,1,4,2,1
6297,60186,9.78,1,22,25,72,0
6298,60188,-0.52,0,1,4,2,1
6299,60193,0.95,1,4,7,5,1
6300,60199,1.44,1,5,8,6,1
6301,60250,6.44,1,19,22,51,1
6302,60267,4.08,1,11,14,17,1
6303,60273,0.89,1,4,7,6,1
6304,60280,0.83,1,4,7,7,1
6305,60281,-1.01,0,0,3,1,1
6306,60282,-1.01,0,0,3,1,1
6307,60301,2.86,1,9,12,19,1
6308,60305,0.46,1,3,6,4,1
6309,60308,-0.03,0,2,5,3,1
6310,60321,3.22,1,9,12,13,1
6311,60328,1.93,1,6,9,7,1
6312,60338,2.85,1,8,11,10,1
6313,60360,4.33,1,12,15,22,1
6314,60370,2.85,1,8,11,10,1
6315,60393,5.37,1,14,17,23,1
6316,60395,-0.52,0,1,4,2,1
6317,60421,5.74,1,15,18,26,1
6318,60424,-0.03,0,2,5,3,1
6319,60439,4.2,1,11,14,15,1
6320,60453,2.61,1,8,11,14,1
6321,60460,1.93,1,6,9,7,1
6322,60461,-1.01,0,0,3,1,1
6323,60464,-0.03,0,2,5,3,1
6324,60472,2.42,1,7,10,8,1
6325,60478,1.44,1,5,8,6,1
6326,60494,2.49,1,8,11,16,1
6327,60497,-0.03,0,2,5,3,1
6328,60498,-1.01,0,0,3,1,1
6329,60499,-1.01,0,0,3,1,1
6330,60510,3.89,1,10,13,11,1
6331,60517,1.93,1,6,9,7,1
6332,60522,0.95,1,4,7,5,1
6333,60527,0.95,1,4,7,5,1
6334,60534,1.38,1,5,8,7,1
6335,60547,2.12,1,7,10,13,1
6336,60576,5.56,1,15,18,29,1
6337,60582,0.89,1,4,7,6,1
6338,60585,-0.03,0,2,5,3,1
6339,60587,-0.52,0,1,4,2,1
6340,60590,-0.03,0,2,5,3,1
6341,60602,4.38,1,11,14,12,1
6342,60611,1.81,1,6,9,9,1
6343,60620,2.91,1,8,11,9,1
6344,60646,5.19,1,14,17,26,1
6345,60650,0.46,1,3,6,4,1
6346,60656,1.44,1,5,8,6,1
6347,60657,-1.01,0,0,3,1,1
6348,60666,0.71,1,4,7,9,1
6349,60671,0.4,1,3,6,5,1
6350,60683,2.18,1,7,10,12,1
6351,60689,1.44,1,5,8,6,1
6352,60692,-0.03,0,2,5,3,1
6353,60697,0.4,1,3,6,5,1
6354,60706,2.91,1,8,11,9,1
6355,60729,3.72,1,11,14,23,1
6356,60742,3.22,1,9,12,13,1
6357,60747,0.4,1,3,6,5,1
6358,60756,2.36,1,7,10,9,1
6359,60767,2.79,1,8,11,11,1
6360,60768,-1.01,0,0,3,1,1
6361,60770,-0.52,0,1,4,2,1
6362,60774,0.46,1,3,6,4,1
6363,60785,2.24,1,7,10,11,1
6364,60811,5.74,1,15,18,26,1
6365,60816,0.95,1,4,7,5,1
6366,60819,-0.03,0,2,5,3,1
6367,60822,-0.03,0,2,5,3,1
6368,60828,1.44,1,5,8,6,1
6369,60830,-0.52,0,1,4,2,1
6370,60848,4.57,1,12,15,18,1
6371,60855,1.38,1,5,8,7,1
6372,60857,-0.52,0,1,4,2,1
6373,60870,2.12,1,7,10,13,1
6374,60872,-0.52,0,1,4,2,1
6375,60888,3.04,1,9,12,16,1
6376,60894,0.34,1,3,6,6,1
6377,60895,-1.01,0,0,3,1,1
6378,60899,0.46,1,3,6,4,1
6379,60900,-1.01,0,0,3,1,1
6380,60909,1.81,1,6,9,9,1
6381,60914,0.95,1,4,7,5,1
6382,60939,4.7,1,13,16,25,1
6383,60943,-0.09,0,2,5,4,1
6384,60984,4.84,1,15,18,41,1
6385,60988,0.46,1,3,6,4,1
6386,60989,-1.01,0,0,3,1,1
6387,60994,0.95,1,4,7,5,1
6388,61011,4.08,1,11,14,17,1
6389,61014,-0.03,0,2,5,3,1
6390,61015,-1.01,0,0,3,1,1
6391,61017,-0.52,0,1,4,2,1
6392,61018,-1.01,0,0,3,1,1
6393,61026,1.32,1,5,8,8,1
6394,61027,-1.01,0,0,3,1,1
6395,61032,0.95,1,4,7,5,1
6396,61044,2.18,1,7,10,12,1
6397,61049,0.95,1,4,7,5,1
6398,61052,-0.03,0,2,5,3,1
6399,61055,-0.03,0,2,5,3,1
6400,61064,1.26,1,5,8,9,1
6401,61067,-0.03,0,2,5,3,1
6402,61072,0.4,1,3,6,5,1
6403,61074,-0.52,0,1,4,2,1
6404,61081,1.38,1,5,8,7,1
6405,61090,1.81,1,6,9,9,1
6406,61091,-1.01,0,0,3,1,1
6407,61093,-0.52,0,1,4,2,1
6408,61099,0.89,1,4,7,6,1
6409,61110,3.34,1,9,12,11,1
6410,61111,-1.01,0,0,3,1,1
6411,61121,2.85,1,8,11,10,1
6412,61135,4.26,1,11,14,14,1
6413,61136,-1.01,0,0,3,1,1
6414,61137,-1.01,0,0,3,1,1
6415,61141,0.46,1,3,6,4,1
6416,61145,0.46,1,3,6,4,1
6417,61146,-1.01,0,0,3,1,1
6418,61164,4.57,1,12,15,18,1
6419,61170,0.34,1,3,6,6,1
6420,61174,0.46,1,3,6,4,1
6421,61178,0.46,1,3,6,4,1
6422,61181,-0.03,0,2,5,3,1
6423,61208,6.23,1,16,19,27,1
6424,61216,2.42,1,7,10,8,1
6425,61239,4.27,1,12,15,23,1
6426,61242,-0.03,0,2,5,3,1
6427,61250,1.87,1,6,9,8,1
6428,61255,0.95,1,4,7,5,1
6429,61257,-0.52,0,1,4,2,1
6430,61291,4.71,1,14,17,34,1
6431,61298,0.83,1,4,7,7,1
6432,61303,0.95,1,4,7,5,1
6433,61306,-0.03,0,2,5,3,1
6434,61307,-1.01,0,0,3,1,1
6435,61316,1.81,1,6,9,9,1
6436,61338,5.43,1,14,17,22,1
6437,61376,5.02,1,15,18,38,1
6438,61384,2.42,1,7,10,8,1
6439,61399,3.1,1,9,12,15,1
6440,61408,2.36,1,7,10,9,1
6441,61418,1.75,1,6,9,10,1
6442,61426,2.42,1,7,10,8,1
6443,61433,1.93,1,6,9,7,1
6444,61434,-1.01,0,0,3,1,1
6445,61440,1.44,1,5,8,6,1
6446,61443,-0.03,0,2,5,3,1
6447,61445,-0.52,0,1,4,2,1
6448,61446,-1.01,0,0,3,1,1
6449,61447,-1.01,0,0,3,1,1
6450,61461,3.71,1,10,13,14,1
6451,61492,4.89,1,14,17,31,1
6452,61493,-1.01,0,0,3,1,1
6453,61502,2.91,1,8,11,9,1
6454,61513,2.24,1,7,10,11,1
6455,61515,-0.52,0,1,4,2,1
6456,61523,1.87,1,6,9,8,1
6457,61524,-1.01,0,0,3,1,1
6458,61528,0.46,1,3,6,4,1
6459,61538,2.85,1,8,11,10,1
6460,61540,-0.52,0,1,4,2,1
6461,61548,1.32,1,5,8,8,1
6462,61550,-0.52,0,1,4,2,1
6463,61551,-1.01,0,0,3,1,1
6464,61559,2.42,1,7,10,8,1
6465,61560,-1.01,0,0,3,1,1
6466,61583,3.72,1,11,14,23,1
6467,61584,-1.01,0,0,3,1,1
6468,61592,2.42,1,7,10,8,1
6469,61600,1.87,1,6,9,8,1
6470,61611,3.34,1,9,12,11,1
6471,61616,0.4,1,3,6,5,1
6472,61617,-1.01,0,0,3,1,1
6473,61629,3.28,1,9,12,12,1
6474,61631,-0.52,0,1,4,2,1
6475,61646,5.3,1,13,16,15,1
6476,61658,2.73,1,8,11,12,1
6477,61689,5.99,1,16,19,31,1
6478,61700,3.34,1,9,12,11,1
6479,61701,-1.01,0,0,3,1,1
6480,61702,-1.01,0,0,3,1,1
6481,61706,0.46,1,3,6,4,1
6482,61713,0.83,1,4,7,7,1
6483,61716,-0.03,0,2,5,3,1
6484,61718,-0.52,0,1,4,2,1
6485,61724,1.44,1,5,8,6,1
6486,61725,-1.01,0,0,3,1,1
6487,61734,2.36,1,7,10,9,1
6488,61740,1.44,1,5,8,6,1
6489,61749,2.36,1,7,10,9,1
6490,61784,6.3,1,17,20,35,1
6491,61786,-0.52,0,1,4,2,1
6492,61791,0.95,1,4,7,5,1
6493,61794,-0.03,0,2,5,3,1
6494,61801,1.93,1,6,9,7,1
6495,61813,2.73,1,8,11,12,1
6496,61822,1.26,1,5,8,9,1
6497,61823,-1.01,0,0,3,1,1
6498,61834,2.79,1,8,11,11,1
6499,61835,-1.01,0,0,3,1,1
6500,61837,-0.52,0,1,4,2,1
6501,61838,-1.01,0,0,3,1,1
6502,61846,2.42,1,7,10,8,1
6503,61848,-0.52,0,1,4,2,1
6504,61853,0.95,1,4,7,5,1
6505,61855,-0.52,0,1,4,2,1
6506,61876,5.49,1,14,17,21,1
6507,61882,0.89,1,4,7,6,1
6508,61896,3.16,1,9,12,14,1
6509,61908,3.83,1,10,13,12,1
6510,61925,2.43,1,8,11,17,1
6511,61936,2.24,1,7,10,11,1
6512,61939,-0.03,0,2,5,3,1
6513,61940,-1.01,0,0,3,1,1
6514,61945,0.4,1,3,6,5,1
6515,61952,1.38,1,5,8,7,1
6516,61953,-1.01,0,0,3,1,1
6517,61954,-1.01,0,0,3,1,1
6518,61958,0.46,1,3,6,4,1
6519,61962,0.46,1,3,6,4,1
6520,61964,-0.52,0,1,4,2,1
6521,61965,-1.01,0,0,3,1,1
6522,61972,1.93,1,6,9,7,1
6523,61978,0.89,1,4,7,6,1
6524,61979,-1.01,0,0,3,1,1
6525,61981,-0.52,0,1,4,2,1
6526,61987,0.89,1,4,7,6,1
6527,61988,-1.01,0,0,3,1,1
6528,61994,1.44,1,5,8,6,1
6529,62003,1.81,1,6,9,9,1
6530,62004,-1.01,0,0,3,1,1
6531,62010,0.89,1,4,7,6,1
6532,62023,3.77,1,10,13,13,1
6533,62026,-0.03,0,2,5,3,1
6534,62027,-1.01,0,0,3,1,1
6535,62028,-1.01,0,0,3,1,1
6536,62033,0.95,1,4,7,5,1
6537,62044,2.79,1,8,11,11,1
6538,62070,5.74,1,15,18,26,1
6539,62071,-1.01,0,0,3,1,1
6540,62074,-0.03,0,2,5,3,1
6541,62078,0.46,1,3,6,4,1
6542,62082,0.46,1,3,6,4,1
6543,62092,2.3,1,7,10,10,1
6544,62093,-1.01,0,0,3,1,1
6545,62100,1.38,1,5,8,7,1
6546,62121,5.49,1,14,17,21,1
6547,62132,2.79,1,8,11,11,1
6548,62148,3.59,1,10,13,16,1
6549,62157,2.36,1,7,10,9,1
6550,62177,5.0,1,13,16,20,1
6551,62178,-1.01,0,0,3,1,1
6552,62186,1.32,1,5,8,8,1
6553,62190,0.46,1,3,6,4,1
6554,62198,1.87,1,6,9,8,1
6555,62200,-0.52,0,1,4,2,1
6556,62206,0.34,1,3,6,6,1
6557,62207,-1.01,0,0,3,1,1
6558,62210,-0.03,0,2,5,3,1
6559,62212,-0.52,0,1,4,2,1
6560,62248,5.69,1,16,19,36,1
6561,62249,-1.01,0,0,3,1,1
6562,62265,3.04,1,9,12,16,1
6563,62266,-1.01,0,0,3,1,1
6564,62305,3.86,1,13,16,39,1
6565,62320,3.65,1,10,13,15,1
6566,62345,5.8,1,15,18,25,1
6567,62347,-0.52,0,1,4,2,1
6568,62363,4.14,1,11,14,16,1
6569,62377,3.16,1,9,12,14,1
6570,62378,-1.01,0,0,3,1,1
6571,62384,1.44,1,5,8,6,1
6572,62386,-0.52,0,1,4,2,1
6573,62389,-0.03,0,2,5,3,1
6574,62391,-0.52,0,1,4,2,1
6575,62392,-1.01,0,0,3,1,1
6576,62403,2.79,1,8,11,11,1
6577,62416,4.32,1,11,14,13,1
6578,62433,3.53,1,10,13,17,1
6579,62436,-0.03,0,2,5,3,1
6580,62437,-1.01,0,0,3,1,1
6581,62438,-1.01,0,0,3,1,1
6582,62439,-1.01,0,0,3,1,1
6583,62443,0.46,1,3,6,4,1
6584,62464,3.29,1,10,13,21,1
6585,62468,0.46,1,3,6,4,1
6586,62469,-1.01,0,0,3,1,1
6587,62470,-1.01,0,0,3,1,1
6588,62476,0.89,1,4,7,6,1
6589,62490,3.71,1,10,13,14,1
6590,62494,-0.09,0,2,5,4,1
6591,62495,-1.01,0,0,3,1,1
6592,62496,-1.01,0,0,3,1,1
6593,62510,2.61,1,8,11,14,1
6594,62512,-0.52,0,1,4,2,1
6595,62518,0.34,1,3,6,6,1
6596,62524,0.89,1,4,7,6,1
6597,62537,2.67,1,8,11,13,1
6598,62569,6.48,1,17,20,32,1
6599,62578,1.81,1,6,9,9,1
6600,62588,2.3,1,7,10,10,1
6601,62623,6.3,1,17,20,35,1
6602,62636,2.12,1,7,10,13,1
6603,62640,0.46,1,3,6,4,1
6604,62645,0.4,1,3,6,5,1
6605,62648,-0.03,0,2,5,3,1
6606,62666,5.12,1,13,16,18,1
6607,62687,5.49,1,14,17,21,1
6608,62712,4.7,1,13,16,25,1
6609,62751,7.16,1,19,22,39,1
6610,62775,4.76,1,13,16,24,1
6611,62787,3.83,1,10,13,12,1
6612,62790,-0.03,0,2,5,3,1
6613,62791,-1.01,0,0,3,1,1
6614,62792,-1.01,0,0,3,1,1
6615,62793,-1.01,0,0,3,1,1
6616,62809,3.04,1,9,12,16,1
6617,62818,2.36,1,7,10,9,1
6618,62820,-0.52,0,1,4,2,1
6619,62831,3.34,1,9,12,11,1
6620,62843,3.28,1,9,12,12,1
6621,62857,2.61,1,8,11,14,1
6622,62860,-0.03,0,2,5,3,1
6623,62861,-1.01,0,0,3,1,1
6624,62870,1.26,1,5,8,9,1
6625,62882,3.28,1,9,12,12,1
6626,62883,-1.01,0,0,3,1,1
6627,62884,-1.01,0,0,3,1,1
6628,62896,1.63,1,6,9,12,1
6629,62898,-0.52,0,1,4,2,1
6630,62910,2.18,1,7,10,12,1
6631,62925,4.75,1,12,15,15,1
6632,62926,-1.01,0,0,3,1,1
6633,62933,0.83,1,4,7,7,1
6634,62943,2.3,1,7,10,10,1
6635,62949,0.89,1,4,7,6,1
6636,62950,-1.01,0,0,3,1,1
6637,62954,0.46,1,3,6,4,1
6638,62965,2.24,1,7,10,11,1
6639,62967,-0.52,0,1,4,2,1
6640,62973,1.44,1,5,8,6,1
6641,62984,3.34,1,9,12,11,1
6642,62986,-0.52,0,1,4,2,1
6643,62987,-1.01,0,0,3,1,1
6644,62995,2.42,1,7,10,8,1
6645,63005,2.3,1,7,10,10,1
6646,63009,0.46,1,3,6,4,1
6647,63011,-0.52,0,1,4,2,1
6648,63021,2.85,1,8,11,10,1
6649,63030,2.36,1,7,10,9,1
6650,63073,6.92,1,19,22,43,1
6651,63075,-0.52,0,1,4,2,1
6652,63089,4.26,1,11,14,14,1
6653,63102,2.67,1,8,11,13,1
6654,63103,-1.01,0,0,3,1,1
6655,63112,2.36,1,7,10,9,1
6656,63115,-0.03,0,2,5,3,1
6657,63119,-0.09,0,2,5,4,1
6658,63122,-0.03,0,2,5,3,1
6659,63123,-1.01,0,0,3,1,1
6660,63133,3.4,1,9,12,10,1
6661,63140,1.93,1,6,9,7,1
6662,63144,0.46,1,3,6,4,1
6663,63158,2.61,1,8,11,14,1
6664,63161,-0.58,0,1,4,3,1
6665,63170,2.91,1,8,11,9,1
6666,63171,-1.01,0,0,3,1,1
6667,63187,3.59,1,10,13,16,1
6668,63193,1.44,1,5,8,6,1
6669,63198,0.4,1,3,6,5,1
6670,63202,0.46,1,3,6,4,1
6671,63234,5.93,1,16,19,32,1
6672,63250,2.49,1,8,11,16,1
6673,63282,5.38,1,15,18,32,1
6674,63290,1.87,1,6,9,8,1
6675,63297,1.38,1,5,8,7,1
6676,63304,1.93,1,6,9,7,1
6677,63316,3.28,1,9,12,12,1
6678,63324,1.87,1,6,9,8,1
6679,63328,0.46,1,3,6,4,1
6680,63355,5.68,1,15,18,27,1
6681,63364,1.81,1,6,9,9,1
6682,63367,-0.03,0,2,5,3,1
6683,63374,1.93,1,6,9,7,1
6684,63377,-0.03,0,2,5,3,1
6685,63383,0.89,1,4,7,6,1
6686,63390,1.93,1,6,9,7,1
6687,63393,-0.03,0,2,5,3,1
6688,63411,4.02,1,11,14,18,1
6689,63415,0.46,1,3,6,4,1
6690,63424,1.81,1,6,9,9,1
6691,63430,1.44,1,5,8,6,1
6692,63470,4.9,1,15,18,40,1
6693,63476,0.89,1,4,7,6,1
6694,63495,4.51,1,12,15,19,1
6695,63498,-0.03,0,2,5,3,1
6696,63500,-0.52,0,1,4,2,1
6697,63508,2.42,1,7,10,8,1
6698,63523,2.0,1,7,10,15,1
6699,63558,5.75,1,16,19,35,1
6700,63562,0.46,1,3,6,4,1
6701,63587,5.25,1,14,17,25,1
6702,63593,1.44,1,5,8,6,1
6703,63598,0.4,1,3,6,5,1
6704,63604,1.44,1,5,8,6,1
6705,63609,0.95,1,4,7,5,1
6706,63611,-0.52,0,1,4,2,1
6707,63619,2.42,1,7,10,8,1
6708,63641,5.43,1,14,17,22,1
6709,63647,1.44,1,5,8,6,1
6710,63653,1.44,1,5,8,6,1
6711,63657,0.46,1,3,6,4,1
6712,63660,-0.03,0,2,5,3,1
6713,63678,2.92,1,9,12,18,1
6714,63694,4.14,1,11,14,16,1
6715,63697,-0.03,0,2,5,3,1
6716,63721,4.21,1,12,15,24,1
6717,63734,3.22,1,9,12,13,1
6718,63739,0.95,1,4,7,5,1
6719,63742,-0.03,0,2,5,3,1
6720,63758,5.79,1,14,17,16,1
6721,63761,-0.03,0,2,5,3,1
6722,63763,-0.52,0,1,4,2,1
6723,63766,-0.03,0,2,5,3,1
6724,63767,-1.01,0,0,3,1,1
6725,63776,1.81,1,6,9,9,1
6726,63789,3.22,1,9,12,13,1
6727,63795,1.44,1,5,8,6,1
6728,63803,2.42,1,7,10,8,1
6729,63806,-0.03,0,2,5,3,1
6730,63807,-1.01,0,0,3,1,1
6731,63808,-1.01,0,0,3,1,1
6732,63817,2.36,1,7,10,9,1
6733,63841,4.76,1,13,16,24,1
6734,63851,2.3,1,7,10,10,1
6735,63856,0.95,1,4,7,5,1
6736,63857,-1.01,0,0,3,1,1
6737,63858,-1.01,0,0,3,1,1
6738,63860,-0.52,0,1,4,2,1
6739,63862,-0.52,0,1,4,2,1
6740,63868,0.89,1,4,7,6,1
6741,63871,-0.03,0,2,5,3,1
6742,63889,3.47,1,10,13,18,1
6743,63894,0.95,1,4,7,5,1
6744,63899,0.95,1,4,7,5,1
6745,63926,5.68,1,15,18,27,1
6746,63931,0.95,1,4,7,5,1
6747,63932,-1.01,0,0,3,1,1
6748,63938,1.44,1,5,8,6,1
6749,63940,-0.52,0,1,4,2,1
6750,63951,2.79,1,8,11,11,1
6751,63966,4.2,1,11,14,15,1
6752,63971,0.4,1,3,6,5,1
6753,63972,-1.01,0,0,3,1,1
6754,63989,4.63,1,12,15,17,1
6755,63997,1.87,1,6,9,8,1
6756,63998,-1.01,0,0,3,1,1
6757,63999,-1.01,0,0,3,1,1
6758,64003,-0.64,0,1,4,4,1
6759,64009,1.44,1,5,8,6,1
6760,64010,-1.01,0,0,3,1,1
6761,64013,-0.03,0,2,5,3,1
6762,64014,-1.01,0,0,3,1,1
6763,64026,2.73,1,8,11,12,1
6764,64034,1.32,1,5,8,8,1
6765,64035,-1.01,0,0,3,1,1
6766,64039,0.46,1,3,6,4,1
6767,64040,-1.01,0,0,3,1,1
6768,64042,-0.52,0,1,4,2,1
6769,64051,1.81,1,6,9,9,1
6770,64068,3.53,1,10,13,17,1
6771,64091,4.27,1,12,15,23,1
6772,64099,1.87,1,6,9,8,1
6773,64104,0.4,1,3,6,5,1
6774,64107,-0.03,0,2,5,3,1
6775,64116,2.36,1,7,10,9,1
6776,64119,-0.03,0,2,5,3,1
6777,64136,3.53,1,10,13,17,1
6778,64137,-1.01,0,0,3,1,1
6779,64138,-1.01,0,0,3,1,1
6780,64143,0.95,1,4,7,5,1
6781,64154,3.34,1,9,12,11,1
6782,64166,3.28,1,9,12,12,1
6783,64177,3.34,1,9,12,11,1
6784,64183,1.44,1,5,8,6,1
6785,64188,0.95,1,4,7,5,1
6786,64200,3.28,1,9,12,12,1
6787,64229,5.01,1,14,17,29,1
6788,64234,0.95,1,4,7,5,1
6789,64243,2.36,1,7,10,9,1
6790,64245,-0.52,0,1,4,2,1
6791,64249,0.46,1,3,6,4,1
6792,64261,3.28,1,9,12,12,1
6793,64266,0.95,1,4,7,5,1
6794,64278,1.63,1,6,9,12,1
6795,64293,3.1,1,9,12,15,1
6796,64296,-0.03,0,2,5,3,1
6797,64303,1.38,1,5,8,7,1
6798,64308,0.95,1,4,7,5,1
6799,64310,-0.52,0,1,4,2,1
6800,64317,1.38,1,5,8,7,1
6801,64320,-0.03,0,2,5,3,1
6802,64321,-1.01,0,0,3,1,1
6803,64328,1.93,1,6,9,7,1
6804,64337,2.36,1,7,10,9,1
6805,64340,-0.03,0,2,5,3,1
6806,64342,-0.52,0,1,4,2,1
6807,64347,0.95,1,4,7,5,1
6808,64348,-1.01,0,0,3,1,1
6809,64352,0.46,1,3,6,4,1
6810,64365,1.57,1,6,9,13,1
6811,64367,-0.52,0,1,4,2,1
6812,64370,-0.58,0,1,4,3,1
6813,64392,4.88,1,13,16,22,1
6814,64393,-1.01,0,0,3,1,1
6815,64395,-0.52,0,1,4,2,1
6816,64398,-0.03,0,2,5,3,1
6817,64404,1.44,1,5,8,6,1
6818,64409,0.4,1,3,6,5,1
6819,64414,0.95,1,4,7,5,1
6820,64431,2.98,1,9,12,17,1
6821,64441,2.3,1,7,10,10,1
6822,64481,6.55,1,18,21,40,1
6823,64487,1.44,1,5,8,6,1
6824,64491,-0.09,0,2,5,4,1
6825,64499,1.87,1,6,9,8,1
6826,64501,-0.52,0,1,4,2,1
6827,64510,1.81,1,6,9,9,1
6828,64511,-1.01,0,0,3,1,1
6829,64528,5.18,1,13,16,17,1
6830,64547,3.96,1,11,14,19,1
6831,64574,5.13,1,14,17,27,1
6832,64576,-0.52,0,1,4,2,1
6833,64581,0.95,1,4,7,5,1
6834,64587,1.44,1,5,8,6,1
6835,64610,4.82,1,13,16,23,1
6836,64689,5.86,1,21,24,79,1
6837,64693,0.46,1,3,6,4,1
6838,64702,1.81,1,6,9,9,1
6839,64707,0.95,1,4,7,5,1
6840,64712,0.95,1,4,7,5,1
6841,64722,2.3,1,7,10,10,1
6842,64724,-0.52,0,1,4,2,1
6843,64731,1.93,1,6,9,7,1
6844,64733,-0.52,0,1,4,2,1
6845,64738,0.4,1,3,6,5,1
6846,64741,-0.03,0,2,5,3,1
6847,64748,1.93,1,6,9,7,1
6848,64765,3.53,1,10,13,17,1
6849,64775,3.4,1,9,12,10,1
6850,64781,0.89,1,4,7,6,1
6851,64789,2.42,1,7,10,8,1
6852,64790,-1.01,0,0,3,1,1
6853,64829,7.16,1,19,22,39,1
6854,64846,3.53,1,10,13,17,1
6855,64851,0.95,1,4,7,5,1
6856,64852,-1.01,0,0,3,1,1
6857,64859,1.93,1,6,9,7,1
6858,64896,5.63,1,16,19,37,1
6859,64930,6.36,1,17,20,34,1
6860,64954,4.21,1,12,15,24,1
6861,64958,0.46,1,3,6,4,1
6862,64968,2.3,1,7,10,10,1
6863,64974,1.44,1,5,8,6,1
6864,64996,4.88,1,13,16,22,1
6865,65006,2.3,1,7,10,10,1
6866,65013,0.83,1,4,7,7,1
6867,65023,2.3,1,7,10,10,1
6868,65065,5.88,1,17,20,42,1
6869,65072,1.38,1,5,8,7,1
6870,65073,-1.01,0,0,3,1,1
6871,65074,-1.01,0,0,3,1,1
6872,65075,-1.01,0,0,3,1,1
6873,65077,-0.52,0,1,4,2,1
6874,65078,-1.01,0,0,3,1,1
6875,65080,-0.52,0,1,4,2,1
6876,65088,2.42,1,7,10,8,1
6877,65097,2.91,1,8,11,9,1
6878,65115,4.02,1,11,14,18,1
6879,65134,5.06,1,13,16,19,1
6880,65140,1.44,1,5,8,6,1
6881,65146,0.89,1,4,7,6,1
6882,65186,7.1,1,19,22,40,1
6883,65189,-0.03,0,2,5,3,1
6884,65198,1.81,1,6,9,9,1
6885,65227,5.01,1,14,17,29,1
6886,65243,3.59,1,10,13,16,1
6887,65247,0.46,1,3,6,4,1
6888,65259,4.38,1,11,14,12,1
6889,65261,-0.52,0,1,4,2,1
6890,65269,1.87,1,6,9,8,1
6891,65277,1.87,1,6,9,8,1
6892,65279,-0.52,0,1,4,2,1
6893,65289,2.85,1,8,11,10,1
6894,65316,6.78,1,17,20,27,1
6895,65331,3.65,1,10,13,15,1
6896,65337,1.44,1,5,8,6,1
6897,65340,-0.03,0,2,5,3,1
6898,65370,6.6,1,17,20,30,1
6899,65379,1.81,1,6,9,9,1
6900,65387,1.87,1,6,9,8,1
6901,65403,4.14,1,11,14,16,1
6902,65429,6.84,1,17,20,26,1
6903,65467,3.92,1,13,16,38,1
6904,65478,2.79,1,8,11,11,1
6905,65492,3.71,1,10,13,14,1
6906,65507,3.1,1,9,12,15,1
6907,65518,2.79,1,8,11,11,1
6908,65521,-0.03,0,2,5,3,1
6909,65533,2.18,1,7,10,12,1
6910,65539,1.44,1,5,8,6,1
6911,65549,2.3,1,7,10,10,1
6912,65579,6.05,1,16,19,30,1
6913,65588,2.91,1,8,11,9,1
6914,65618,4.4,1,13,16,30,1
6915,65620,-0.52,0,1,4,2,1
6916,65629,2.36,1,7,10,9,1
6917,65642,2.12,1,7,10,13,1
6918,65651,1.81,1,6,9,9,1
6919,65667,4.14,1,11,14,16,1
6920,65679,3.28,1,9,12,12,1
6921,65680,-1.01,0,0,3,1,1
6922,65690,2.85,1,8,11,10,1
6923,65698,1.87,1,6,9,8,1
6924,65699,-1.01,0,0,3,1,1
6925,65704,0.95,1,4,7,5,1
6926,65707,-0.03,0,2,5,3,1
6927,65713,0.89,1,4,7,6,1
6928,65718,0.95,1,4,7,5,1
6929,65727,2.36,1,7,10,9,1
6930,65733,1.44,1,5,8,6,1
6931,65745,2.73,1,8,11,12,1
6932,65760,3.65,1,10,13,15,1
6933,65764,0.46,1,3,6,4,1
6934,65788,5.86,1,15,18,24,1
6935,65794,1.44,1,5,8,6,1
6936,65797,-0.03,0,2,5,3,1
6937,65800,-0.03,0,2,5,3,1
6938,65842,6.43,1,18,21,42,1
6939,65844,-0.52,0,1,4,2,1
6940,65845,-1.01,0,0,3,1,1
6941,65846,-1.01,0,0,3,1,1
6942,65851,0.95,1,4,7,5,1
6943,65855,0.46,1,3,6,4,1
6944,65859,0.46,1,3,6,4,1
6945,65874,2.55,1,8,11,15,1
6946,65883,1.81,1,6,9,9,1
6947,65922,4.96,1,15,18,39,1
6948,65929,1.93,1,6,9,7,1
6949,65931,-0.52,0,1,4,2,1
6950,65977,7.29,1,20,23,46,1
6951,65988,2.24,1,7,10,11,1
6952,65992,0.46,1,3,6,4,1
6953,65995,-0.03,0,2,5,3,1
6954,65997,-0.52,0,1,4,2,1
6955,66005,1.87,1,6,9,8,1
6956,66015,2.3,1,7,10,10,1
6957,66018,-0.03,0,2,5,3,1
6958,66029,1.69,1,6,9,11,1
6959,66041,2.73,1,8,11,12,1
6960,66050,2.91,1,8,11,9,1
6961,66055,0.95,1,4,7,5,1
6962,66062,0.83,1,4,7,7,1
6963,66070,2.42,1,7,10,8,1
6964,66075,0.4,1,3,6,5,1
6965,66078,-0.03,0,2,5,3,1
6966,66079,-1.01,0,0,3,1,1
6967,66094,4.2,1,11,14,15,1
6968,66129,5.2,1,15,18,35,1
6969,66130,-1.01,0,0,3,1,1
6970,66149,4.51,1,12,15,19,1
6971,66156,1.38,1,5,8,7,1
6972,66177,5.49,1,14,17,21,1
6973,66180,-0.03,0,2,5,3,1
6974,66190,1.75,1,6,9,10,1
6975,66193,-0.03,0,2,5,3,1
6976,66199,0.89,1,4,7,6,1
6977,66202,-0.03,0,2,5,3,1
6978,66204,-0.52,0,1,4,2,1
6979,66206,-0.52,0,1,4,2,1
6980,66207,-1.01,0,0,3,1,1
6981,66216,2.36,1,7,10,9,1
6982,66230,3.71,1,10,13,14,1
6983,66231,-1.01,0,0,3,1,1
6984,66236,0.95,1,4,7,5,1
6985,66243,1.38,1,5,8,7,1
6986,66254,3.34,1,9,12,11,1
6987,66291,7.28,1,19,22,37,1
6988,66293,-0.52,0,1,4,2,1
6989,66319,7.39,1,18,21,26,1
6990,66324,0.95,1,4,7,5,1
6991,66330,1.44,1,5,8,6,1
6992,66331,-1.01,0,0,3,1,1
6993,66333,-0.52,0,1,4,2,1
6994,66345,2.73,1,8,11,12,1
6995,66346,-1.01,0,0,3,1,1
6996,66349,-0.03,0,2,5,3,1
6997,66355,1.44,1,5,8,6,1
6998,66368,4.32,1,11,14,13,1
6999,66378,1.75,1,6,9,10,1
7000,66393,2.55,1,8,11,15,1
7001,66395,-0.52,0,1,4,2,1
7002,66398,-0.03,0,2,5,3,1
7003,66401,-0.03,0,2,5,3,1
7004,66419,4.57,1,12,15,18,1
7005,66422,-0.03,0,2,5,3,1
7006,66434,3.28,1,9,12,12,1
7007,66442,2.42,1,7,10,8,1
7008,66443,-1.01,0,0,3,1,1
7009,66450,0.83,1,4,7,7,1
7010,66452,-0.52,0,1,4,2,1
7011,66456,0.46,1,3,6,4,1
7012,66458,-0.52,0,1,4,2,1
7013,66467,1.81,1,6,9,9,1
7014,66469,-0.52,0,1,4,2,1
7015,66477,2.42,1,7,10,8,1
7016,66478,-1.01,0,0,3,1,1
7017,66496,3.47,1,10,13,18,1
7018,66515,4.51,1,12,15,19,1
7019,66520,0.95,1,4,7,5,1
7020,66529,1.81,1,6,9,9,1
7021,66540,3.34,1,9,12,11,1
7022,66543,-0.58,0,1,4,3,1
7023,66547,0.46,1,3,6,4,1
7024,66552,0.95,1,4,7,5,1
7025,66554,-0.52,0,1,4,2,1
7026,66556,-0.52,0,1,4,2,1
7027,66559,-0.03,0,2,5,3,1
7028,66567,1.87,1,6,9,8,1
7029,66582,3.65,1,10,13,15,1
7030,66586,0.46,1,3,6,4,1
7031,66596,2.85,1,8,11,10,1
7032,66620,4.21,1,12,15,24,1
7033,66627,0.83,1,4,7,7,1
7034,66643,3.59,1,10,13,16,1
7035,66651,1.32,1,5,8,8,1
7036,66677,5.74,1,15,18,26,1
7037,66678,-1.01,0,0,3,1,1
7038,66684,0.89,1,4,7,6,1
7039,66705,3.29,1,10,13,21,1
7040,66712,1.93,1,6,9,7,1
7041,66716,-0.09,0,2,5,4,1
7042,66717,-1.01,0,0,3,1,1
7043,66718,-1.01,0,0,3,1,1
7044,66734,3.04,1,9,12,16,1
7045,66736,-0.52,0,1,4,2,1
7046,66740,0.46,1,3,6,4,1
7047,66752,2.73,1,8,11,12,1
7048,66765,2.12,1,7,10,13,1
7049,66770,0.95,1,4,7,5,1
7050,66779,1.81,1,6,9,9,1
7051,66784,0.4,1,3,6,5,1
7052,66795,2.24,1,7,10,11,1
7053,66800,0.95,1,4,7,5,1
7054,66803,-0.03,0,2,5,3,1
7055,66805,-0.52,0,1,4,2,1
7056,66807,-0.52,0,1,4,2,1
7057,66838,4.89,1,14,17,31,1
7058,66850,2.73,1,8,11,12,1
7059,66881,5.99,1,16,19,31,1
7060,66893,2.73,1,8,11,12,1
7061,66899,0.89,1,4,7,6,1
7062,66903,0.46,1,3,6,4,1
7063,66912,1.81,1,6,9,9,1
7064,66951,6.61,1,18,21,39,1
7065,66981,6.05,1,16,19,30,1
7066,66987,1.44,1,5,8,6,1
7067,66989,-0.52,0,1,4,2,1
7068,66994,0.95,1,4,7,5,1
7069,66996,-0.52,0,1,4,2,1
7070,66999,-0.03,0,2,5,3,1
7071,67017,2.37,1,8,11,18,1
7072,67020,-0.03,0,2,5,3,1
7073,67022,-0.52,0,1,4,2,1
7074,67033,2.79,1,8,11,11,1
7075,67039,1.44,1,5,8,6,1
7076,67040,-1.01,0,0,3,1,1
7077,67056,4.14,1,11,14,16,1
7078,67069,3.77,1,10,13,13,1
7079,67092,4.82,1,13,16,23,1
7080,67093,-1.01,0,0,3,1,1
7081,67094,-1.01,0,0,3,1,1
7082,67097,-0.03,0,2,5,3,1
7083,67098,-1.01,0,0,3,1,1
7084,67102,0.46,1,3,6,4,1
7085,67104,-0.52,0,1,4,2,1
7086,67129,4.15,1,12,15,25,1
7087,67136,0.83,1,4,7,7,1
7088,67145,2.91,1,8,11,9,1
7089,67149,-0.09,0,2,5,4,1
7090,67155,1.44,1,5,8,6,1
7091,67163,1.32,1,5,8,8,1
7092,67166,-0.03,0,2,5,3,1
7093,67177,3.34,1,9,12,11,1
7094,67186,2.36,1,7,10,9,1
7095,67200,3.16,1,9,12,14,1
7096,67215,3.65,1,10,13,15,1
7097,67218,-0.03,0,2,5,3,1
7098,67241,4.82,1,13,16,23,1
7099,67253,3.28,1,9,12,12,1
7100,67258,0.95,1,4,7,5,1
7101,67293,5.2,1,15,18,35,1
7102,67294,-1.01,0,0,3,1,1
7103,67324,5.5,1,15,18,30,1
7104,67328,0.46,1,3,6,4,1
7105,67340,3.28,1,9,12,12,1
7106,67341,-1.01,0,0,3,1,1
7107,67343,-0.52,0,1,4,2,1
7108,67375,5.93,1,16,19,32,1
7109,67392,3.53,1,10,13,17,1
7110,67404,3.28,1,9,12,12,1
7111,67413,2.91,1,8,11,9,1
7112,67421,1.32,1,5,8,8,1
7113,67427,1.44,1,5,8,6,1
7114,67439,3.83,1,10,13,12,1
7115,67443,0.46,1,3,6,4,1
7116,67448,0.4,1,3,6,5,1
7117,67458,2.3,1,7,10,10,1
7118,67459,-1.01,0,0,3,1,1
7119,67473,4.26,1,11,14,14,1
7120,67486,3.77,1,10,13,13,1
7121,67490,0.46,1,3,6,4,1
7122,67503,2.67,1,8,11,13,1
7123,67524,4.39,1,12,15,21,1
7124,67529,0.95,1,4,7,5,1
7125,67534,0.95,1,4,7,5,1
7126,67553,5.06,1,13,16,19,1
7127,67564,2.79,1,8,11,11,1
7128,67569,0.95,1,4,7,5,1
7129,67574,0.95,1,4,7,5,1
7130,67592,4.57,1,12,15,18,1
7131,67604,2.73,1,8,11,12,1
7132,67607,-0.03,0,2,5,3,1
7133,67609,-0.52,0,1,4,2,1
7134,67615,1.44,1,5,8,6,1
7135,67617,-0.52,0,1,4,2,1
7136,67656,4.96,1,15,18,39,1
7137,67659,-0.03,0,2,5,3,1
7138,67677,4.02,1,11,14,18,1
7139,67682,0.4,1,3,6,5,1
7140,67694,2.73,1,8,11,12,1
7141,67713,4.51,1,12,15,19,1
7142,67719,1.44,1,5,8,6,1
7143,67727,1.87,1,6,9,8,1
7144,67733,0.89,1,4,7,6,1
7145,67739,1.44,1,5,8,6,1
7146,67741,-0.52,0,1,4,2,1
7147,67746,0.95,1,4,7,5,1
7148,67747,-1.01,0,0,3,1,1
7149,67756,1.81,1,6,9,9,1
7150,67757,-1.01,0,0,3,1,1
7151,67765,1.87,1,6,9,8,1
7152,67773,1.32,1,5,8,8,1
7153,67782,1.81,1,6,9,9,1
7154,67796,4.81,1,12,15,14,1
7155,67803,1.38,1,5,8,7,1
7156,67806,-0.03,0,2,5,3,1
7157,67843,7.28,1,19,22,37,1
7158,67846,-0.03,0,2,5,3,1
7159,67850,0.46,1,3,6,4,1
7160,67860,2.3,1,7,10,10,1
7161,67880,5.0,1,13,16,20,1
7162,67928,6.07,1,18,21,48,1
7163,67929,-1.01,0,0,3,1,1
7164,67930,-1.01,0,0,3,1,1
7165,67945,3.65,1,10,13,15,1
7166,67946,-1.01,0,0,3,1,1
7167,67954,1.87,1,6,9,8,1
7168,67958,-0.09,0,2,5,4,1
7169,67973,3.1,1,9,12,15,1
7170,67991,4.57,1,12,15,18,1
7171,67997,1.44,1,5,8,6,1
7172,68002,0.4,1,3,6,5,1
7173,68007,0.95,1,4,7,5,1
7174,68008,-1.01,0,0,3,1,1
7175,68017,2.36,1,7,10,9,1
7176,68019,-0.52,0,1,4,2,1
7177,68054,5.75,1,16,19,35,1
7178,68057,-0.03,0,2,5,3,1
7179,68067,2.3,1,7,10,10,1
7180,68070,-0.03,0,2,5,3,1
7181,68075,0.95,1,4,7,5,1
7182,68076,-1.01,0,0,3,1,1
7183,68099,5.92,1,15,18,23,1
7184,68105,1.44,1,5,8,6,1
7185,68106,-1.01,0,0,3,1,1
7186,68107,-1.01,0,0,3,1,1
7187,68111,0.46,1,3,6,4,1
7188,68114,-0.03,0,2,5,3,1
7189,68120,0.89,1,4,7,6,1
7190,68128,1.32,1,5,8,8,1
7191,68153,4.7,1,13,16,25,1
7192,68154,-1.01,0,0,3,1,1
7193,68156,-0.52,0,1,4,2,1
7194,68184,4.52,1,13,16,28,1
7195,68185,-1.01,0,0,3,1,1
7196,68186,-1.01,0,0,3,1,1
7197,68190,-0.09,0,2,5,4,1
7198,68201,2.79,1,8,11,11,1
7199,68226,5.8,1,15,18,25,1
7200,68235,1.26,1,5,8,9,1
7201,68243,1.32,1,5,8,8,1
7202,68244,-1.01,0,0,3,1,1
7203,68248,0.46,1,3,6,4,1
7204,68251,-0.03,0,2,5,3,1
7205,68269,2.92,1,9,12,18,1
7206,68272,-0.03,0,2,5,3,1
7207,68278,0.89,1,4,7,6,1
7208,68279,-1.01,0,0,3,1,1
7209,68287,0.77,1,4,7,8,1
7210,68298,1.14,1,5,8,11,1
7211,68299,-1.01,0,0,3,1,1
7212,68308,1.26,1,5,8,9,1
7213,68313,0.95,1,4,7,5,1
7214,68403,5.2,1,21,24,90,1
7215,68410,1.38,1,5,8,7,1
7216,68411,-1.01,0,0,3,1,1
7217,68420,1.26,1,5,8,9,1
7218,68422,-0.52,0,1,4,2,1
7219,68432,1.2,1,5,8,10,1
7220,68435,-0.03,0,2,5,3,1
7221,68445,1.75,1,6,9,10,1
7222,68446,-1.01,0,0,3,1,1
7223,68477,4.34,1,13,16,31,1
7224,68480,-0.03,0,2,5,3,1
7225,68482,-0.52,0,1,4,2,1
7226,68487,0.95,1,4,7,5,1
7227,68496,1.81,1,6,9,9,1
7228,68504,1.87,1,6,9,8,1
7229,68533,5.56,1,15,18,29,1
7230,68542,1.81,1,6,9,9,1
7231,68561,4.51,1,12,15,19,1
7232,68568,1.38,1,5,8,7,1
7233,68569,-1.01,0,0,3,1,1
7234,68577,1.32,1,5,8,8,1
7235,68584,1.93,1,6,9,7,1
7236,68614,6.6,1,17,20,30,1
7237,68643,5.01,1,14,17,29,1
7238,68654,2.24,1,7,10,11,1
7239,68668,2.61,1,8,11,14,1
7240,68686,2.92,1,9,12,18,1
7241,68720,6.91,1,18,21,34,1
7242,68722,-0.52,0,1,4,2,1
7243,68731,1.81,1,6,9,9,1
7244,68737,1.44,1,5,8,6,1
7245,68748,1.14,1,5,8,11,1
7246,68760,2.18,1,7,10,12,1
7247,68783,3.72,1,11,14,23,1
7248,68797,3.71,1,10,13,14,1
7249,68800,-0.03,0,2,5,3,1
7250,68807,0.83,1,4,7,7,1
7251,68808,-1.01,0,0,3,1,1
7252,68809,-1.01,0,0,3,1,1
7253,68812,-0.03,0,2,5,3,1
7254,68822,1.2,1,5,8,10,1
7255,68824,-0.52,0,1,4,2,1
7256,68837,3.77,1,10,13,13,1
7257,68838,-1.01,0,0,3,1,1
7258,68841,-0.03,0,2,5,3,1
7259,68858,5.18,1,13,16,17,1
7260,68872,4.26,1,11,14,14,1
7261,68884,1.63,1,6,9,12,1
7262,68890,1.44,1,5,8,6,1
7263,68896,1.44,1,5,8,6,1
7264,68901,0.4,1,3,6,5,1
7265,68907,1.44,1,5,8,6,1
7266,68952,5.7,1,17,20,45,1
7267,68989,3.98,1,13,16,37,1
7268,68993,0.46,1,3,6,4,1
7269,69001,1.87,1,6,9,8,1
7270,69010,1.81,1,6,9,9,1
7271,69013,-0.03,0,2,5,3,1
7272,69019,0.89,1,4,7,6,1
7273,69029,1.75,1,6,9,10,1
7274,69030,-1.01,0,0,3,1,1
7275,69034,0.46,1,3,6,4,1
7276,69036,-0.52,0,1,4,2,1
7277,69057,5.49,1,14,17,21,1
7278,69068,3.34,1,9,12,11,1
7279,69085,2.98,1,9,12,17,1
7280,69088,-0.03,0,2,5,3,1
7281,69115,3.48,1,11,14,27,1
7282,69123,1.87,1,6,9,8,1
7283,69146,2.62,1,9,12,23,1
7284,69218,5.18,1,19,22,72,1
7285,69224,1.44,1,5,8,6,1
7286,69228,0.46,1,3,6,4,1
7287,69240,1.08,1,5,8,12,1
7288,69264,3.66,1,11,14,24,1
7289,69266,-0.52,0,1,4,2,1
7290,69282,3.59,1,10,13,16,1
7291,69287,0.95,1,4,7,5,1
7292,69288,-1.01,0,0,3,1,1
7293,69311,4.27,1,12,15,23,1
7294,69312,-1.01,0,0,3,1,1
7295,69320,1.32,1,5,8,8,1
7296,69322,-0.52,0,1,4,2,1
7297,69364,5.88,1,17,20,42,1
7298,69366,-0.52,0,1,4,2,1
7299,69372,1.44,1,5,8,6,1
7300,69379,1.38,1,5,8,7,1
7301,69384,0.4,1,3,6,5,1
7302,69385,-1.01,0,0,3,1,1
7303,69415,4.95,1,14,17,30,1
7304,69420,0.95,1,4,7,5,1
7305,69433,2.12,1,7,10,13,1
7306,69435,-0.52,0,1,4,2,1
7307,69439,0.46,1,3,6,4,1
7308,69446,0.83,1,4,7,7,1
7309,69450,0.46,1,3,6,4,1
7310,69453,-0.03,0,2,5,3,1
7311,69454,-1.01,0,0,3,1,1
7312,69499,4.05,1,14,17,45,1
7313,69524,2.5,1,9,12,25,1
7314,69534,2.3,1,7,10,10,1
7315,69545,2.24,1,7,10,11,1
7316,69553,1.87,1,6,9,8,1
7317,69555,-0.52,0,1,4,2,1
7318,69572,3.53,1,10,13,17,1
7319,69575,-0.03,0,2,5,3,1
7320,69577,-0.52,0,1,4,2,1
7321,69578,-1.01,0,0,3,1,1
7322,69580,-0.52,0,1,4,2,1
7323,69583,-0.03,0,2,5,3,1
7324,69608,4.15,1,12,15,25,1
7325,69621,3.22,1,9,12,13,1
7326,69623,-0.52,0,1,4,2,1
7327,69630,0.83,1,4,7,7,1
7328,69635,0.95,1,4,7,5,1
7329,69638,-0.03,0,2,5,3,1
7330,69643,0.4,1,3,6,5,1
7331,69650,1.38,1,5,8,7,1
7332,69658,1.87,1,6,9,8,1
7333,69666,0.22,1,3,6,8,1
7334,69721,5.1,1,17,20,55,1
7335,69727,0.34,1,3,6,6,1
7336,69734,0.83,1,4,7,7,1
7337,69735,-1.01,0,0,3,1,1
7338,69737,-0.52,0,1,4,2,1
7339,69743,1.44,1,5,8,6,1
7340,69761,2.37,1,8,11,18,1
7341,69766,0.4,1,3,6,5,1
7342,69770,0.46,1,3,6,4,1
7343,69798,3.42,1,11,14,28,1
7344,69835,5.08,1,15,18,37,1
7345,69861,1.89,1,8,11,26,1
7346,69880,4.51,1,12,15,19,1
7347,69903,3.17,1,10,13,23,1
7348,69908,0.4,1,3,6,5,1
7349,69910,-0.52,0,1,4,2,1
7350,69914,0.46,1,3,6,4,1
7351,69916,-0.52,0,1,4,2,1
7352,69925,1.81,1,6,9,9,1
7353,69926,-1.01,0,0,3,1,1
7354,69934,1.32,1,5,8,8,1
7355,69955,4.39,1,12,15,21,1
7356,69963,1.87,1,6,9,8,1
7357,69965,-0.52,0,1,4,2,1
7358,69988,3.17,1,10,13,23,1
7359,70009,3.29,1,10,13,21,1
7360,70017,1.87,1,6,9,8,1
7361,70021,0.46,1,3,6,4,1
7362,70023,-0.52,0,1,4,2,1
7363,70035,1.63,1,6,9,12,1
7364,70057,0.48,1,5,8,22,1
7365,70060,-0.03,0,2,5,3,1
7366,70061,-1.01,0,0,3,1,1
7367,70111,5.4,1,17,20,50,1
7368,70115,0.46,1,3,6,4,1
7369,70123,1.87,1,6,9,8,1
7370,70149,4.09,1,12,15,26,1
7371,70179,3.85,1,12,15,30,1
7372,70193,3.16,1,9,12,14,1
7373,70196,-0.03,0,2,5,3,1
7374,70199,-0.03,0,2,5,3,1
7375,70261,3.58,1,15,18,62,1
7376,70274,2.12,1,7,10,13,1
7377,70277,-0.03,0,2,5,3,1
7378,70281,0.46,1,3,6,4,1
7379,70302,3.29,1,10,13,21,1
7380,70310,1.32,1,5,8,8,1
7381,70311,-1.01,0,0,3,1,1
7382,70317,0.89,1,4,7,6,1
7383,70322,0.95,1,4,7,5,1
7384,70324,-0.52,0,1,4,2,1
7385,70360,3.49,1,12,15,36,1
7386,70371,1.69,1,6,9,11,1
7387,70379,1.32,1,5,8,8,1
7388,70381,-0.52,0,1,4,2,1
7389,70395,3.71,1,10,13,14,1
7390,70411,3.04,1,9,12,16,1
7391,70412,-1.01,0,0,3,1,1
7392,70432,3.35,1,10,13,20,1
7393,70433,-1.01,0,0,3,1,1
7394,70440,1.38,1,5,8,7,1
7395,70443,-0.03,0,2,5,3,1
7396,70491,2.77,1,12,15,48,1
7397,70499,1.87,1,6,9,8,1
7398,70517,3.47,1,10,13,18,1
7399,70524,0.83,1,4,7,7,1
7400,70566,4.78,1,15,18,42,1
7401,70570,0.46,1,3,6,4,1
7402,70572,-0.52,0,1,4,2,1
7403,70581,1.81,1,6,9,9,1
7404,70583,-0.52,0,1,4,2,1
7405,70604,3.84,1,11,14,21,1
7406,70607,-0.03,0,2,5,3,1
7407,70620,3.22,1,9,12,13,1
7408,70634,2.06,1,7,10,14,1
7409,70639,0.95,1,4,7,5,1
7410,70640,-1.01,0,0,3,1,1
7411,70645,0.4,1,3,6,5,1
7412,70650,0.95,1,4,7,5,1
7413,70665,3.1,1,9,12,15,1
7414,70668,-0.03,0,2,5,3,1
7415,70676,1.87,1,6,9,8,1
7416,70686,1.75,1,6,9,10,1
7417,70709,3.72,1,11,14,23,1
7418,70711,-0.52,0,1,4,2,1
7419,70735,3.66,1,11,14,24,1
7420,70747,2.73,1,8,11,12,1
7421,70757,1.75,1,6,9,10,1
7422,70763,0.89,1,4,7,6,1
7423,70769,1.44,1,5,8,6,1
7424,70775,0.89,1,4,7,6,1
7425,70781,0.89,1,4,7,6,1
7426,70784,-0.03,0,2,5,3,1
7427,70785,-1.01,0,0,3,1,1
7428,70791,0.89,1,4,7,6,1
7429,70797,0.89,1,4,7,6,1
7430,70806,2.36,1,7,10,9,1
7431,70817,1.14,1,5,8,11,1
7432,70826,1.81,1,6,9,9,1
7433,70842,3.59,1,10,13,16,1
7434,70843,-1.01,0,0,3,1,1
7435,70854,3.34,1,9,12,11,1
7436,70905,4.24,1,15,18,51,1
7437,70929,4.76,1,13,16,24,1
7438,70958,5.01,1,14,17,29,1
7439,70959,-1.01,0,0,3,1,1
7440,70961,-0.52,0,1,4,2,1
7441,70978,3.53,1,10,13,17,1
7442,70992,2.61,1,8,11,14,1
7443,70995,-0.03,0,2,5,3,1
7444,71003,2.42,1,7,10,8,1
7445,71007,0.46,1,3,6,4,1
7446,71011,0.46,1,3,6,4,1
7447,71017,0.89,1,4,7,6,1
7448,71019,-0.52,0,1,4,2,1
7449,71022,-0.03,0,2,5,3,1
7450,71025,-0.03,0,2,5,3,1
7451,71100,3.9,1,17,20,75,1
7452,71101,-1.01,0,0,3,1,1
7453,71115,0.96,1,5,8,14,1
7454,71119,0.46,1,3,6,4,1
7455,71121,-0.52,0,1,4,2,1
7456,71145,2.01,1,8,11,24,1
7457,71149,0.46,1,3,6,4,1
7458,71156,1.93,1,6,9,7,1
7459,71157,-1.01,0,0,3,1,1
7460,71203,6.19,1,18,21,46,1
7461,71208,0.95,1,4,7,5,1
7462,71212,0.46,1,3,6,4,1
7463,71225,3.22,1,9,12,13,1
7464,71241,3.04,1,9,12,16,1
7465,71250,1.81,1,6,9,9,1
7466,71304,5.71,1,18,21,54,1
7467,71307,-0.03,0,2,5,3,1
7468,71310,-0.03,0,2,5,3,1
7469,71315,0.95,1,4,7,5,1
7470,71316,-1.01,0,0,3,1,1
7471,71341,3.6,1,11,14,25,1
7472,71371,3.85,1,12,15,30,1
7473,71378,1.93,1,6,9,7,1
7474,71379,-1.01,0,0,3,1,1
7475,71390,2.79,1,8,11,11,1
7476,71405,2.0,1,7,10,15,1
7477,71409,0.46,1,3,6,4,1
7478,71417,1.87,1,6,9,8,1
7479,71433,2.49,1,8,11,16,1
7480,71435,-0.52,0,1,4,2,1
7481,71436,-1.01,0,0,3,1,1
7482,71437,-1.01,0,0,3,1,1
7483,71478,6.49,1,18,21,41,1
7484,71486,1.87,1,6,9,8,1
7485,71487,-1.01,0,0,3,1,1
7486,71499,2.18,1,7,10,12,1
7487,71502,-0.03,0,2,5,3,1
7488,71519,2.43,1,8,11,17,1
7489,71520,-1.01,0,0,3,1,1
7490,71533,2.67,1,8,11,13,1
7491,71534,-1.01,0,0,3,1,1
7492,71543,2.36,1,7,10,9,1
7493,71564,3.29,1,10,13,21,1
7494,71571,0.83,1,4,7,7,1
7495,71580,1.26,1,5,8,9,1
7496,71597,1.88,1,7,10,17,1
7497,71609,1.63,1,6,9,12,1
7498,71612,-0.03,0,2,5,3,1
7499,71615,-0.03,0,2,5,3,1
7500,71617,-0.52,0,1,4,2,1
7501,71624,1.38,1,5,8,7,1
7502,71632,1.32,1,5,8,8,1
7503,71637,0.95,1,4,7,5,1
7504,71654,0.78,1,5,8,17,1
7505,71669,2.0,1,7,10,15,1
7506,71704,6.3,1,17,20,35,1
7507,71705,-1.01,0,0,3,1,1
7508,71708,-0.03,0,2,5,3,1
7509,71717,2.36,1,7,10,9,1
7510,71739,3.78,1,11,14,22,1
7511,71779,5.45,1,16,19,40,1
7512,71793,2.61,1,8,11,14,1
7513,71809,4.14,1,11,14,16,1
7514,71815,0.34,1,3,6,6,1
7515,71817,-0.52,0,1,4,2,1
7516,71820,-0.03,0,2,5,3,1
7517,71841,6.04,1,15,18,21,1
7518,71845,0.46,1,3,6,4,1
7519,71852,1.38,1,5,8,7,1
7520,71877,5.8,1,15,18,25,1
7521,71882,0.95,1,4,7,5,1
7522,71886,0.46,1,3,6,4,1
7523,71887,-1.01,0,0,3,1,1
7524,71901,4.26,1,11,14,14,1
7525,71904,-0.03,0,2,5,3,1
7526,71905,-1.01,0,0,3,1,1
7527,71920,1.45,1,6,9,15,1
7528,71925,0.95,1,4,7,5,1
7529,71930,0.4,1,3,6,5,1
7530,71933,-0.03,0,2,5,3,1
7531,71955,3.78,1,11,14,22,1
7532,71958,-0.03,0,2,5,3,1
7533,71967,1.26,1,5,8,9,1
7534,71978,0.59,1,4,7,11,1
7535,72010,5.38,1,15,18,32,1
7536,72012,-0.52,0,1,4,2,1
7537,72020,2.42,1,7,10,8,1
7538,72077,4.98,1,17,20,57,1
7539,72082,0.95,1,4,7,5,1
7540,72088,1.44,1,5,8,6,1
7541,72111,4.82,1,13,16,23,1
7542,72147,4.59,1,14,17,36,1
7543,72216,5.91,1,20,23,69,1
7544,72225,1.26,1,5,8,9,1
7545,72230,0.4,1,3,6,5,1
7546,72266,5.14,1,15,18,36,1
7547,72280,4.26,1,11,14,14,1
7548,72281,-1.01,0,0,3,1,1
7549,72294,2.12,1,7,10,13,1
7550,72304,1.75,1,6,9,10,1
7551,72317,2.12,1,7,10,13,1
7552,72335,3.47,1,10,13,18,1
7553,72360,4.7,1,13,16,25,1
7554,72365,0.4,1,3,6,5,1
7555,72369,0.46,1,3,6,4,1
7556,72370,-1.01,0,0,3,1,1
7557,72377,1.93,1,6,9,7,1
7558,72416,5.51,1,16,19,39,1
7559,72455,4.96,1,15,18,39,1
7560,72471,1.94,1,7,10,16,1
7561,72479,1.87,1,6,9,8,1
7562,72490,2.79,1,8,11,11,1
7563,72499,2.36,1,7,10,9,1
7564,72500,-1.01,0,0,3,1,1
7565,72527,4.58,1,13,16,27,1
7566,72530,-0.03,0,2,5,3,1
7567,72559,5.01,1,14,17,29,1
7568,72574,2.0,1,7,10,15,1
7569,72625,4.24,1,15,18,51,1
7570,72629,0.46,1,3,6,4,1
7571,72643,4.81,1,12,15,14,1
7572,72647,0.46,1,3,6,4,1
7573,72682,5.75,1,16,19,35,1
7574,72693,2.79,1,8,11,11,1
7575,72715,5.43,1,14,17,22,1
7576,72732,2.43,1,8,11,17,1
7577,72746,3.71,1,10,13,14,1
7578,72748,-0.52,0,1,4,2,1
7579,72756,1.87,1,6,9,8,1
7580,72766,1.75,1,6,9,10,1
7581,72770,0.46,1,3,6,4,1
7582,72773,-0.03,0,2,5,3,1
7583,72779,1.44,1,5,8,6,1
7584,72784,0.95,1,4,7,5,1
7585,72806,3.78,1,11,14,22,1
7586,72811,0.4,1,3,6,5,1
7587,72828,2.98,1,9,12,17,1
7588,72833,0.95,1,4,7,5,1
7589,72870,5.63,1,16,19,37,1
7590,72874,-0.09,0,2,5,4,1
7591,72881,1.38,1,5,8,7,1
7592,72886,0.95,1,4,7,5,1
7593,72890,0.46,1,3,6,4,1
7594,72911,5.49,1,14,17,21,1
7595,72912,-1.01,0,0,3,1,1
7596,72921,2.36,1,7,10,9,1
7597,72928,1.93,1,6,9,7,1
7598,72933,0.95,1,4,7,5,1
7599,72936,-0.03,0,2,5,3,1
7600,72949,2.12,1,7,10,13,1
7601,72950,-1.01,0,0,3,1,1
7602,72962,2.73,1,8,11,12,1
7603,72963,-1.01,0,0,3,1,1
7604,72974,2.24,1,7,10,11,1
7605,72981,0.83,1,4,7,7,1
7606,72995,3.16,1,9,12,14,1
7607,72996,-1.01,0,0,3,1,1
7608,73017,3.29,1,10,13,21,1
7609,73033,3.04,1,9,12,16,1
7610,73085,6.38,1,19,22,52,1
7611,73087,-0.52,0,1,4,2,1
7612,73094,1.38,1,5,8,7,1
7613,73100,1.44,1,5,8,6,1
7614,73101,-1.01,0,0,3,1,1
7615,73114,3.22,1,9,12,13,1
7616,73115,-1.01,0,0,3,1,1
7617,73120,0.95,1,4,7,5,1
7618,73121,-1.01,0,0,3,1,1
7619,73125,-0.09,0,2,5,4,1
7620,73126,-1.01,0,0,3,1,1
7621,73137,2.79,1,8,11,11,1
7622,73150,3.22,1,9,12,13,1
7623,73156,0.89,1,4,7,6,1
7624,73158,-0.52,0,1,4,2,1
7625,73159,-1.01,0,0,3,1,1
7626,73186,4.58,1,13,16,27,1
7627,73203,2.98,1,9,12,17,1
7628,73239,6.24,1,17,20,36,1
7629,73251,2.18,1,7,10,12,1
7630,73255,-0.09,0,2,5,4,1
7631,73263,2.42,1,7,10,8,1
7632,73266,-0.03,0,2,5,3,1
7633,73271,0.4,1,3,6,5,1
7634,73295,4.76,1,13,16,24,1
7635,73327,4.83,1,14,17,32,1
7636,73330,-0.03,0,2,5,3,1
7637,73331,-1.01,0,0,3,1,1
7638,73333,-0.52,0,1,4,2,1
7639,73343,2.85,1,8,11,10,1
7640,73344,-1.01,0,0,3,1,1
7641,73345,-1.01,0,0,3,1,1
7642,73354,2.36,1,7,10,9,1
7643,73361,1.38,1,5,8,7,1
7644,73369,1.87,1,6,9,8,1
7645,73371,-0.52,0,1,4,2,1
7646,73379,1.87,1,6,9,8,1
7647,73399,4.45,1,12,15,20,1
7648,73420,4.39,1,12,15,21,1
7649,73424,0.46,1,3,6,4,1
7650,73436,3.28,1,9,12,12,1
7651,73442,1.44,1,5,8,6,1
7652,73452,2.3,1,7,10,10,1
7653,73460,2.42,1,7,10,8,1
7654,73469,1.26,1,5,8,9,1
7655,73479,2.85,1,8,11,10,1
7656,73492,4.32,1,11,14,13,1
7657,73493,-1.01,0,0,3,1,1
7658,73499,0.89,1,4,7,6,1
7659,73502,-0.03,0,2,5,3,1
7660,73506,0.46,1,3,6,4,1
7661,73508,-0.52,0,1,4,2,1
7662,73516,0.22,1,3,6,8,1
7663,73524,2.42,1,7,10,8,1
7664,73528,0.46,1,3,6,4,1
7665,73568,5.45,1,16,19,40,1
7666,73573,0.4,1,3,6,5,1
7667,73578,0.4,1,3,6,5,1
7668,73592,2.06,1,7,10,14,1
7669,73605,2.12,1,7,10,13,1
7670,73607,-0.52,0,1,4,2,1
7671,73609,-0.52,0,1,4,2,1
7672,73619,1.75,1,6,9,10,1
7673,73640,4.39,1,12,15,21,1
7674,73664,5.86,1,15,18,24,1
7675,73666,-0.52,0,1,4,2,1
7676,73667,-1.01,0,0,3,1,1
7677,73669,-0.52,0,1,4,2,1
7678,73679,2.85,1,8,11,10,1
7679,73680,-1.01,0,0,3,1,1
7680,73686,0.89,1,4,7,6,1
7681,73700,2.06,1,7,10,14,1
7682,73708,1.32,1,5,8,8,1
7683,73709,-1.01,0,0,3,1,1
7684,73711,-0.52,0,1,4,2,1
7685,73714,-0.03,0,2,5,3,1
7686,73725,2.79,1,8,11,11,1
7687,73732,0.83,1,4,7,7,1
7688,73733,-1.01,0,0,3,1,1
7689,73743,1.75,1,6,9,10,1
7690,73744,-1.01,0,0,3,1,1
7691,73745,-1.01,0,0,3,1,1
7692,73761,4.14,1,11,14,16,1
7693,73786,3.6,1,11,14,25,1
7694,73787,-1.01,0,0,3,1,1
7695,73818,2.14,1,9,12,31,1
7696,73820,-0.52,0,1,4,2,1
7697,73824,0.46,1,3,6,4,1
7698,73834,1.75,1,6,9,10,1
7699,73838,0.46,1,3,6,4,1
7700,73848,3.4,1,9,12,10,1
7701,73849,-1.01,0,0,3,1,1
7702,73883,5.26,1,15,18,34,1
7703,73890,0.83,1,4,7,7,1
7704,73892,-0.52,0,1,4,2,1
7705,73905,3.22,1,9,12,13,1
7706,73916,2.24,1,7,10,11,1
7707,73933,2.98,1,9,12,17,1
7708,73944,3.34,1,9,12,11,1
7709,73948,0.46,1,3,6,4,1
7710,73952,0.46,1,3,6,4,1
7711,73958,1.44,1,5,8,6,1
7712,73959,-1.01,0,0,3,1,1
7713,73962,-0.03,0,2,5,3,1
7714,73967,0.95,1,4,7,5,1
7715,73969,-0.52,0,1,4,2,1
7716,73975,1.44,1,5,8,6,1
7717,73985,1.75,1,6,9,10,1
7718,73990,0.4,1,3,6,5,1
7719,73999,1.81,1,6,9,9,1
7720,74000,-1.01,0,0,3,1,1
7721,74008,2.42,1,7,10,8,1
7722,74009,-1.01,0,0,3,1,1
7723,74023,2.61,1,8,11,14,1
7724,74035,2.18,1,7,10,12,1
7725,74038,-0.03,0,2,5,3,1
7726,74044,1.44,1,5,8,6,1
7727,74066,4.33,1,12,15,22,1
7728,74069,-0.03,0,2,5,3,1
7729,74110,4.84,1,15,18,41,1
7730,74155,5.15,1,16,19,45,1
7731,74159,0.46,1,3,6,4,1
7732,74163,0.46,1,3,6,4,1
7733,74165,-0.52,0,1,4,2,1
7734,74183,4.57,1,12,15,18,1
7735,74190,1.93,1,6,9,7,1
7736,74196,0.89,1,4,7,6,1
7737,74203,1.38,1,5,8,7,1
7738,74213,2.3,1,7,10,10,1
7739,74224,3.34,1,9,12,11,1
7740,74231,0.83,1,4,7,7,1
7741,74238,1.93,1,6,9,7,1
7742,74239,-1.01,0,0,3,1,1
7743,74240,-1.01,0,0,3,1,1
7744,74277,6.18,1,17,20,37,1
7745,74283,1.44,1,5,8,6,1
7746,74289,0.34,1,3,6,6,1
7747,74291,-0.52,0,1,4,2,1
7748,74302,1.69,1,6,9,11,1
7749,74303,-1.01,0,0,3,1,1
7750,74337,6.36,1,17,20,34,1
7751,74347,2.3,1,7,10,10,1
7752,74356,2.36,1,7,10,9,1
7753,74358,-0.52,0,1,4,2,1
7754,74361,-0.58,0,1,4,3,1
7755,74375,2.61,1,8,11,14,1
7756,74388,2.12,1,7,10,13,1
7757,74405,2.43,1,8,11,17,1
7758,74408,-0.03,0,2,5,3,1
7759,74412,0.46,1,3,6,4,1
7760,74425,1.57,1,6,9,13,1
7761,74429,0.46,1,3,6,4,1
7762,74432,-0.03,0,2,5,3,1
7763,74445,2.12,1,7,10,13,1
7764,74450,0.95,1,4,7,5,1
7765,74456,1.44,1,5,8,6,1
7766,74464,1.32,1,5,8,8,1
7767,74467,-0.03,0,2,5,3,1
7768,74478,1.69,1,6,9,11,1
7769,74479,-1.01,0,0,3,1,1
7770,74481,-0.52,0,1,4,2,1
7771,74495,2.61,1,8,11,14,1
7772,74506,2.24,1,7,10,11,1
7773,74508,-0.52,0,1,4,2,1
7774,74513,0.4,1,3,6,5,1
7775,74519,0.89,1,4,7,6,1
7776,74523,0.46,1,3,6,4,1
7777,74536,2.12,1,7,10,13,1
7778,74538,-0.52,0,1,4,2,1
7779,74548,1.2,1,5,8,10,1
7780,74555,0.28,1,3,6,7,1
7781,74556,-1.01,0,0,3,1,1
7782,74563,0.83,1,4,7,7,1
7783,74565,-0.52,0,1,4,2,1
7784,74568,-0.03,0,2,5,3,1
7785,74572,0.46,1,3,6,4,1
7786,74610,4.47,1,14,17,38,1
7787,74611,-1.01,0,0,3,1,1
7788,74616,0.95,1,4,7,5,1
7789,74627,3.34,1,9,12,11,1
7790,74634,0.83,1,4,7,7,1
7791,74642,1.87,1,6,9,8,1
7792,74651,2.36,1,7,10,9,1
7793,74661,1.2,1,5,8,10,1
7794,74673,2.73,1,8,11,12,1
7795,74696,3.72,1,11,14,23,1
7796,74713,3.53,1,10,13,17,1
7797,74720,0.83,1,4,7,7,1
7798,74737,3.53,1,10,13,17,1
7799,74748,2.79,1,8,11,11,1
7800,74758,1.2,1,5,8,10,1
7801,74759,-1.01,0,0,3,1,1
7802,74765,0.89,1,4,7,6,1
7803,74766,-1.01,0,0,3,1,1
7804,74767,-1.01,0,0,3,1,1
7805,74768,-1.01,0,0,3,1,1
7806,74773,0.95,1,4,7,5,1
7807,74775,-0.52,0,1,4,2,1
7808,74800,4.7,1,13,16,25,1
7809,74802,-0.52,0,1,4,2,1
7810,74808,0.89,1,4,7,6,1
7811,74813,0.95,1,4,7,5,1
7812,74819,1.44,1,5,8,6,1
7813,74824,0.95,1,4,7,5,1
7814,74827,-0.58,0,1,4,3,1
7815,74829,-0.52,0,1,4,2,1
7816,74868,6.06,1,17,20,39,1
7817,74887,4.51,1,12,15,19,1
7818,74892,0.95,1,4,7,5,1
7819,74894,-0.52,0,1,4,2,1
7820,74903,1.26,1,5,8,9,1
7821,74909,1.44,1,5,8,6,1
7822,74920,2.79,1,8,11,11,1
7823,74931,2.79,1,8,11,11,1
7824,74951,2.8,1,9,12,20,1
7825,74966,3.65,1,10,13,15,1
7826,74969,-0.03,0,2,5,3,1
7827,74971,-0.52,0,1,4,2,1
7828,74972,-1.01,0,0,3,1,1
7829,74981,1.26,1,5,8,9,1
7830,74991,2.3,1,7,10,10,1
7831,75010,4.51,1,12,15,19,1
7832,75016,0.34,1,3,6,6,1
7833,75018,-0.52,0,1,4,2,1
7834,75058,7.65,1,20,23,40,1
7835,75074,1.94,1,7,10,16,1
7836,75095,3.84,1,11,14,21,1
7837,75099,0.46,1,3,6,4,1
7838,75128,6.66,1,17,20,29,1
7839,75131,-0.03,0,2,5,3,1
7840,75143,3.28,1,9,12,12,1
7841,75168,3.05,1,10,13,25,1
7842,75177,1.26,1,5,8,9,1
7843,75179,-0.52,0,1,4,2,1
7844,75184,0.4,1,3,6,5,1
7845,75204,3.9,1,11,14,20,1
7846,75215,1.69,1,6,9,11,1
7847,75225,0.65,1,4,7,10,1
7848,75226,-1.01,0,0,3,1,1
7849,75229,-0.58,0,1,4,3,1
7850,75235,1.44,1,5,8,6,1
7851,75250,3.1,1,9,12,15,1
7852,75253,-0.03,0,2,5,3,1
7853,75275,4.88,1,13,16,22,1
7854,75297,5.43,1,14,17,22,1
7855,75299,-0.52,0,1,4,2,1
7856,75306,0.83,1,4,7,7,1
7857,75337,5.99,1,16,19,31,1
7858,75341,0.46,1,3,6,4,1
7859,75345,-0.64,0,1,4,4,1
7860,75352,1.93,1,6,9,7,1
7861,75365,3.22,1,9,12,13,1
7862,75379,4.26,1,11,14,14,1
7863,75383,0.46,1,3,6,4,1
7864,75386,-0.03,0,2,5,3,1
7865,75389,-0.03,0,2,5,3,1
7866,75400,1.69,1,6,9,11,1
7867,75403,-0.03,0,2,5,3,1
7868,75412,1.81,1,6,9,9,1
7869,75430,2.92,1,9,12,18,1
7870,75435,0.95,1,4,7,5,1
7871,75436,-1.01,0,0,3,1,1
7872,75459,5.37,1,14,17,23,1
7873,75508,6.56,1,19,22,49,1
7874,75511,-0.03,0,2,5,3,1
7875,75517,0.34,1,3,6,6,1
7876,75518,-1.01,0,0,3,1,1
7877,75556,6.67,1,18,21,38,1
7878,75614,3.82,1,15,18,58,1
7879,75616,-0.52,0,1,4,2,1
7880,75618,-0.52,0,1,4,2,1
7881,75620,-0.52,0,1,4,2,1
7882,75629,1.81,1,6,9,9,1
7883,75633,0.46,1,3,6,4,1
7884,75639,0.34,1,3,6,6,1
7885,75664,4.15,1,12,15,25,1
7886,75671,1.38,1,5,8,7,1
7887,75685,3.71,1,10,13,14,1
7888,75686,-1.01,0,0,3,1,1
7889,75700,3.71,1,10,13,14,1
7890,75716,1.39,1,6,9,16,1
7891,75722,0.89,1,4,7,6,1
7892,75725,-0.03,0,2,5,3,1
7893,75750,3.05,1,10,13,25,1
7894,75752,-0.52,0,1,4,2,1
7895,75760,1.87,1,6,9,8,1
7896,75772,2.73,1,8,11,12,1
7897,75796,3.66,1,11,14,24,1
7898,75799,-0.03,0,2,5,3,1
7899,75827,3.97,1,12,15,28,1
7900,75874,6.68,1,19,22,47,1
7901,75883,1.81,1,6,9,9,1
7902,75884,-1.01,0,0,3,1,1
7903,75887,-0.58,0,1,4,3,1
7904,75889,-0.52,0,1,4,2,1
7905,75895,1.44,1,5,8,6,1
7906,75896,-1.01,0,0,3,1,1
7907,75903,1.38,1,5,8,7,1
7908,75928,5.25,1,14,17,25,1
7909,75946,2.92,1,9,12,18,1
7910,75964,4.02,1,11,14,18,1
7911,75965,-1.01,0,0,3,1,1
7912,75967,-0.52,0,1,4,2,1
7913,75983,3.04,1,9,12,16,1
7914,76002,2.31,1,8,11,19,1
7915,76006,0.46,1,3,6,4,1
7916,76007,-1.01,0,0,3,1,1
7917,76010,-0.03,0,2,5,3,1
7918,76011,-1.01,0,0,3,1,1
7919,76018,0.28,1,3,6,7,1
7920,76034,5.79,1,14,17,16,1
7921,76063,5.01,1,14,17,29,1
7922,76064,-1.01,0,0,3,1,1
7923,76073,2.36,1,7,10,9,1
7924,76079,0.89,1,4,7,6,1
7925,76083,0.46,1,3,6,4,1
7926,76084,-1.01,0,0,3,1,1
7927,76123,3.86,1,13,16,39,1
7928,76131,1.32,1,5,8,8,1
7929,76158,7.33,1,18,21,27,1
7930,76185,5.13,1,14,17,27,1
7931,76186,-1.01,0,0,3,1,1
7932,76190,0.46,1,3,6,4,1
7933,76215,4.15,1,12,15,25,1
7934,76218,-0.03,0,2,5,3,1
7935,76220,-0.52,0,1,4,2,1
7936,76237,3.53,1,10,13,17,1
7937,76240,-0.03,0,2,5,3,1
7938,76248,2.42,1,7,10,8,1
7939,76249,-1.01,0,0,3,1,1
7940,76251,-0.52,0,1,4,2,1
7941,76253,-0.52,0,1,4,2,1
7942,76263,2.3,1,7,10,10,1
7943,76275,3.28,1,9,12,12,1
7944,76289,3.16,1,9,12,14,1
7945,76306,4.63,1,12,15,17,1
7946,76320,3.71,1,10,13,14,1
7947,76325,0.95,1,4,7,5,1
7948,76329,0.46,1,3,6,4,1
7949,76331,-0.52,0,1,4,2,1
7950,76336,0.4,1,3,6,5,1
7951,76340,-0.09,0,2,5,4,1
7952,76347,1.38,1,5,8,7,1
7953,76354,0.83,1,4,7,7,1
7954,76369,3.65,1,10,13,15,1
7955,76374,0.95,1,4,7,5,1
7956,76379,0.95,1,4,7,5,1
7957,76383,0.46,1,3,6,4,1
7958,76387,0.46,1,3,6,4,1
7959,76388,-1.01,0,0,3,1,1
7960,76399,2.79,1,8,11,11,1
7961,76409,2.85,1,8,11,10,1
7962,76413,0.46,1,3,6,4,1
7963,76414,-1.01,0,0,3,1,1
7964,76422,1.87,1,6,9,8,1
7965,76428,1.44,1,5,8,6,1
7966,76437,1.81,1,6,9,9,1
7967,76456,5.06,1,13,16,19,1
7968,76459,-0.03,0,2,5,3,1
7969,76462,-0.03,0,2,5,3,1
7970,76470,1.32,1,5,8,8,1
7971,76487,3.53,1,10,13,17,1
7972,76490,-0.03,0,2,5,3,1
7973,76501,3.34,1,9,12,11,1
7974,76516,3.1,1,9,12,15,1
7975,76523,1.38,1,5,8,7,1
7976,76529,0.89,1,4,7,6,1
7977,76535,1.44,1,5,8,6,1
7978,76547,3.28,1,9,12,12,1
7979,76558,2.24,1,7,10,11,1
7980,76591,5.32,1,15,18,33,1
7981,76609,2.37,1,8,11,18,1
7982,76612,-0.03,0,2,5,3,1
7983,76634,4.33,1,12,15,22,1
7984,76650,3.59,1,10,13,16,1
7985,76651,-1.01,0,0,3,1,1
7986,76671,4.45,1,12,15,20,1
7987,76674,-0.03,0,2,5,3,1
7988,76679,0.95,1,4,7,5,1
7989,76681,-0.52,0,1,4,2,1
7990,76689,2.42,1,7,10,8,1
7991,76716,6.23,1,16,19,27,1
7992,76727,3.34,1,9,12,11,1
7993,76730,-0.03,0,2,5,3,1
7994,76734,0.46,1,3,6,4,1
7995,76746,2.18,1,7,10,12,1
7996,76755,1.26,1,5,8,9,1
7997,76771,3.59,1,10,13,16,1
7998,76780,2.91,1,8,11,9,1
7999,76787,1.38,1,5,8,7,1
8000,76821,6.91,1,18,21,34,1
8001,76836,3.65,1,10,13,15,1
8002,76842,0.89,1,4,7,6,1
8003,76850,1.87,1,6,9,8,1
8004,76866,4.14,1,11,14,16,1
8005,76884,4.02,1,11,14,18,1
8006,76888,-0.09,0,2,5,4,1
8007,76891,-0.03,0,2,5,3,1
8008,76897,1.44,1,5,8,6,1
8009,76906,2.36,1,7,10,9,1
8010,76910,0.46,1,3,6,4,1
8011,76922,3.83,1,10,13,12,1
8012,76926,0.46,1,3,6,4,1
8013,76929,-0.03,0,2,5,3,1
8014,76941,4.38,1,11,14,12,1
8015,76957,4.14,1,11,14,16,1
8016,76964,1.38,1,5,8,7,1
8017,76977,3.22,1,9,12,13,1
8018,76981,-0.09,0,2,5,4,1
8019,76985,0.46,1,3,6,4,1
8020,76987,-0.52,0,1,4,2,1
8021,77016,6.66,1,17,20,29,1
8022,77033,4.63,1,12,15,17,1
8023,77035,-0.52,0,1,4,2,1
8024,77040,0.4,1,3,6,5,1
8025,77058,4.57,1,12,15,18,1
8026,77070,3.28,1,9,12,12,1
8027,77072,-0.52,0,1,4,2,1
8028,77077,0.4,1,3,6,5,1
8029,77079,-0.52,0,1,4,2,1
8030,77083,0.46,1,3,6,4,1
8031,77085,-0.52,0,1,4,2,1
8032,77086,-1.01,0,0,3,1,1
8033,77090,0.46,1,3,6,4,1
8034,77093,-0.03,0,2,5,3,1
8035,77100,0.83,1,4,7,7,1
8036,77109,2.36,1,7,10,9,1
8037,77115,0.89,1,4,7,6,1
8038,77126,3.34,1,9,12,11,1
8039,77135,1.26,1,5,8,9,1
8040,77139,0.46,1,3,6,4,1
8041,77145,1.44,1,5,8,6,1
8042,77152,1.93,1,6,9,7,1
8043,77155,-0.03,0,2,5,3,1
8044,77177,5.98,1,15,18,22,1
8045,77182,0.4,1,3,6,5,1
8046,77184,-0.52,0,1,4,2,1
8047,77188,0.46,1,3,6,4,1
8048,77195,1.93,1,6,9,7,1
8049,77196,-1.01,0,0,3,1,1
8050,77197,-1.01,0,0,3,1,1
8051,77198,-1.01,0,0,3,1,1
8052,77210,2.73,1,8,11,12,1
8053,77212,-0.52,0,1,4,2,1
8054,77215,-0.03,0,2,5,3,1
8055,77219,0.46,1,3,6,4,1
8056,77248,5.01,1,14,17,29,1
8057,77254,0.89,1,4,7,6,1
8058,77261,0.83,1,4,7,7,1
8059,77263,-0.52,0,1,4,2,1
8060,77275,3.28,1,9,12,12,1
8061,77280,0.95,1,4,7,5,1
8062,77289,1.26,1,5,8,9,1
8063,77301,3.28,1,9,12,12,1
8064,77316,3.65,1,10,13,15,1
8065,77333,3.53,1,10,13,17,1
8066,77334,-1.01,0,0,3,1,1
8067,77343,2.36,1,7,10,9,1
8068,77346,-0.03,0,2,5,3,1
8069,77361,4.75,1,12,15,15,1
8070,77363,-0.52,0,1,4,2,1
8071,77365,-0.52,0,1,4,2,1
8072,77393,4.52,1,13,16,28,1
8073,77399,0.89,1,4,7,6,1
8074,77413,4.81,1,12,15,14,1
8075,77422,1.81,1,6,9,9,1
8076,77436,3.71,1,10,13,14,1
8077,77452,4.14,1,11,14,16,1
8078,77475,3.72,1,11,14,23,1
8079,77478,-0.03,0,2,5,3,1
8080,77486,2.42,1,7,10,8,1
8081,77494,1.87,1,6,9,8,1
8082,77512,3.47,1,10,13,18,1
8083,77513,-1.01,0,0,3,1,1
8084,77514,-1.01,0,0,3,1,1
8085,77519,0.4,1,3,6,5,1
8086,77527,1.32,1,5,8,8,1
8087,77533,1.44,1,5,8,6,1
8088,77535,-0.52,0,1,4,2,1
8089,77537,-0.52,0,1,4,2,1
8090,77542,0.95,1,4,7,5,1
8091,77547,0.95,1,4,7,5,1
8092,77549,-0.52,0,1,4,2,1
8093,77557,2.42,1,7,10,8,1
8094,77564,1.93,1,6,9,7,1
8095,77567,-0.03,0,2,5,3,1
8096,77570,-0.03,0,2,5,3,1
8097,77571,-1.01,0,0,3,1,1
8098,77583,2.18,1,7,10,12,1
8099,77584,-1.01,0,0,3,1,1
8100,77585,-1.01,0,0,3,1,1
8101,77588,-0.03,0,2,5,3,1
8102,77597,1.81,1,6,9,9,1
8103,77606,1.26,1,5,8,9,1
8104,77611,0.4,1,3,6,5,1
8105,77612,-1.01,0,0,3,1,1
8106,77613,-1.01,0,0,3,1,1
8107,77625,2.18,1,7,10,12,1
8108,77678,6.32,1,19,22,53,1
8109,77682,0.46,1,3,6,4,1
8110,77694,3.83,1,10,13,12,1
8111,77696,-0.52,0,1,4,2,1
8112,77697,-1.01,0,0,3,1,1
8113,77707,2.3,1,7,10,10,1
8114,77719,2.18,1,7,10,12,1
8115,77733,2.61,1,8,11,14,1
8116,77742,2.91,1,8,11,9,1
8117,77746,0.46,1,3,6,4,1
8118,77758,3.28,1,9,12,12,1
8119,77766,1.32,1,5,8,8,1
8120,77776,2.3,1,7,10,10,1
8121,77784,0.77,1,4,7,8,1
8122,77788,0.46,1,3,6,4,1
8123,77796,2.42,1,7,10,8,1
8124,77811,4.2,1,11,14,15,1
8125,77817,1.44,1,5,8,6,1
8126,77820,-0.03,0,2,5,3,1
8127,77836,3.59,1,10,13,16,1
8128,77840,0.46,1,3,6,4,1
8129,77846,1.44,1,5,8,6,1
8130,77865,3.96,1,11,14,19,1
8131,77891,6.29,1,16,19,26,1
8132,77908,2.98,1,9,12,17,1
8133,77918,2.85,1,8,11,10,1
8134,77928,2.3,1,7,10,10,1
8135,77929,-1.01,0,0,3,1,1
8136,77969,7.65,1,20,23,40,1
8137,77979,1.75,1,6,9,10,1
8138,77996,2.98,1,9,12,17,1
8139,78004,1.87,1,6,9,8,1
8140,78005,-1.01,0,0,3,1,1
8141,78011,1.44,1,5,8,6,1
8142,78014,-0.03,0,2,5,3,1
8143,78020,0.34,1,3,6,6,1
8144,78028,1.32,1,5,8,8,1
8145,78030,-0.52,0,1,4,2,1
8146,78034,0.46,1,3,6,4,1
8147,78046,3.83,1,10,13,12,1
8148,78048,-0.52,0,1,4,2,1
8149,78049,-1.01,0,0,3,1,1
8150,78064,2.55,1,8,11,15,1
8151,78079,1.45,1,6,9,15,1
8152,78086,1.38,1,5,8,7,1
8153,78118,5.38,1,15,18,32,1
8154,78132,2.61,1,8,11,14,1
8155,78151,3.41,1,10,13,19,1
8156,78168,2.43,1,8,11,17,1
8157,78169,-1.01,0,0,3,1,1
8158,78174,0.95,1,4,7,5,1
8159,78185,1.69,1,6,9,11,1
8160,78186,-1.01,0,0,3,1,1
8161,78196,2.3,1,7,10,10,1
8162,78197,-1.01,0,0,3,1,1
8163,78210,4.32,1,11,14,13,1
8164,78215,0.95,1,4,7,5,1
8165,78230,3.65,1,10,13,15,1
8166,78238,2.42,1,7,10,8,1
8167,78247,2.36,1,7,10,9,1
8168,78274,5.68,1,15,18,27,1
8169,78282,1.87,1,6,9,8,1
8170,78284,-0.52,0,1,4,2,1
8171,78286,-0.52,0,1,4,2,1
8172,78288,-0.52,0,1,4,2,1
8173,78292,0.46,1,3,6,4,1
8174,78296,0.46,1,3,6,4,1
8175,78322,5.19,1,14,17,26,1
8176,78331,1.81,1,6,9,9,1
8177,78338,1.38,1,5,8,7,1
8178,78340,-0.52,0,1,4,2,1
8179,78344,0.46,1,3,6,4,1
8180,78347,-0.03,0,2,5,3,1
8181,78349,-0.52,0,1,4,2,1
8182,78368,2.31,1,8,11,19,1
8183,78388,5.0,1,13,16,20,1
8184,78408,5.55,1,14,17,20,1
8185,78419,2.24,1,7,10,11,1
8186,78428,1.81,1,6,9,9,1
8187,78443,4.75,1,12,15,15,1
8188,78475,7.58,1,19,22,32,1
8189,78480,0.4,1,3,6,5,1
8190,78494,3.16,1,9,12,14,1
8191,78514,3.35,1,10,13,20,1
8192,78525,2.79,1,8,11,11,1
8193,78530,0.95,1,4,7,5,1
8194,78532,-0.52,0,1,4,2,1
8195,78533,-1.01,0,0,3,1,1
8196,78568,5.75,1,16,19,35,1
8197,78569,-1.01,0,0,3,1,1
8198,78573,0.46,1,3,6,4,1
8199,78581,1.32,1,5,8,8,1
8200,78597,4.14,1,11,14,16,1
8201,78599,-0.52,0,1,4,2,1
8202,78603,0.46,1,3,6,4,1
8203,78608,0.4,1,3,6,5,1
8204,78609,-1.01,0,0,3,1,1
8205,78613,0.46,1,3,6,4,1
8206,78620,1.38,1,5,8,7,1
8207,78629,1.81,1,6,9,9,1
8208,78634,0.95,1,4,7,5,1
8209,78635,-1.01,0,0,3,1,1
8210,78637,-0.52,0,1,4,2,1
8211,78640,-0.03,0,2,5,3,1
8212,78652,2.18,1,7,10,12,1
8213,78654,-0.52,0,1,4,2,1
8214,78656,-0.52,0,1,4,2,1
8215,78657,-1.01,0,0,3,1,1
8216,78666,1.81,1,6,9,9,1
8217,78671,0.95,1,4,7,5,1
8218,78678,0.83,1,4,7,7,1
8219,78679,-1.01,0,0,3,1,1
8220,78683,0.46,1,3,6,4,1
8221,78684,-1.01,0,0,3,1,1
8222,78686,-0.52,0,1,4,2,1
8223,78691,0.4,1,3,6,5,1
8224,78698,1.93,1,6,9,7,1
8225,78715,3.53,1,10,13,17,1
8226,78724,1.81,1,6,9,9,1
8227,78727,-0.03,0,2,5,3,1
8228,78733,1.44,1,5,8,6,1
8229,78762,5.56,1,15,18,29,1
8230,78783,3.84,1,11,14,21,1
8231,78794,2.79,1,8,11,11,1
8232,78811,2.98,1,9,12,17,1
8233,78855,6.31,1,18,21,44,1
8234,78873,5.12,1,13,16,18,1
8235,78881,2.42,1,7,10,8,1
8236,78886,0.95,1,4,7,5,1
8237,78890,-0.09,0,2,5,4,1
8238,78898,1.32,1,5,8,8,1
8239,78911,3.22,1,9,12,13,1
8240,78930,5.06,1,13,16,19,1
8241,78937,1.38,1,5,8,7,1
8242,78940,-0.58,0,1,4,3,1
8243,78951,1.69,1,6,9,11,1
8244,78952,-1.01,0,0,3,1,1
8245,78961,1.81,1,6,9,9,1
8246,78967,0.34,1,3,6,6,1
8247,78969,-0.52,0,1,4,2,1
8248,78978,1.81,1,6,9,9,1
8249,78979,-1.01,0,0,3,1,1
8250,78993,3.71,1,10,13,14,1
8251,78999,1.44,1,5,8,6,1
8252,79027,4.52,1,13,16,28,1
8253,79039,3.83,1,10,13,12,1
8254,79045,0.89,1,4,7,6,1
8255,79050,0.95,1,4,7,5,1
8256,79051,-1.01,0,0,3,1,1
8257,79065,3.16,1,9,12,14,1
8258,79075,2.3,1,7,10,10,1
8259,79076,-1.01,0,0,3,1,1
8260,79077,-1.01,0,0,3,1,1
8261,79082,0.95,1,4,7,5,1
8262,79099,2.98,1,9,12,17,1
8263,79112,1.57,1,6,9,13,1
8264,79116,0.46,1,3,6,4,1
8265,79152,6.79,1,18,21,36,1
8266,79172,5.55,1,14,17,20,1
8267,79173,-1.01,0,0,3,1,1
8268,79190,4.08,1,11,14,17,1
8269,79205,3.65,1,10,13,15,1
8270,79207,-0.52,0,1,4,2,1
8271,79209,-0.52,0,1,4,2,1
8272,79213,-0.09,0,2,5,4,1
8273,79221,1.87,1,6,9,8,1
8274,79222,-1.01,0,0,3,1,1
8275,79223,-1.01,0,0,3,1,1
8276,79224,-1.01,0,0,3,1,1
8277,79225,-1.01,0,0,3,1,1
8278,79230,0.4,1,3,6,5,1
8279,79233,-0.03,0,2,5,3,1
8280,79242,1.26,1,5,8,9,1
8281,79253,2.79,1,8,11,11,1
8282,79254,-1.01,0,0,3,1,1
8283,79277,4.82,1,13,16,23,1
8284,79279,-0.52,0,1,4,2,1
8285,79293,2.61,1,8,11,14,1
8286,79300,1.93,1,6,9,7,1
8287,79301,-1.01,0,0,3,1,1
8288,79303,-0.52,0,1,4,2,1
8289,79316,2.12,1,7,10,13,1
8290,79323,1.38,1,5,8,7,1
8291,79332,1.81,1,6,9,9,1
8292,79338,0.89,1,4,7,6,1
8293,79345,1.93,1,6,9,7,1
8294,79353,1.87,1,6,9,8,1
8295,79356,-0.03,0,2,5,3,1
8296,79370,3.16,1,9,12,14,1
8297,79372,-0.52,0,1,4,2,1
8298,79378,1.44,1,5,8,6,1
8299,79384,1.44,1,5,8,6,1
8300,79392,2.42,1,7,10,8,1
8301,79397,-0.15,0,2,5,5,1
8302,79398,-1.01,0,0,3,1,1
8303,79400,-0.52,0,1,4,2,1
8304,79402,-0.52,0,1,4,2,1
8305,79414,2.73,1,8,11,12,1
8306,79417,-0.03,0,2,5,3,1
8307,79425,1.87,1,6,9,8,1
8308,79452,6.23,1,16,19,27,1
8309,79486,5.26,1,15,18,34,1
8310,79525,5.51,1,16,19,39,1
8311,79535,2.85,1,8,11,10,1
8312,79539,-0.09,0,2,5,4,1
8313,79540,-1.01,0,0,3,1,1
8314,79547,1.93,1,6,9,7,1
8315,79583,5.69,1,16,19,36,1
8316,79586,-0.03,0,2,5,3,1
8317,79600,3.16,1,9,12,14,1
8318,79604,0.46,1,3,6,4,1
8319,79622,4.57,1,12,15,18,1
8320,79623,-1.01,0,0,3,1,1
8321,79629,0.34,1,3,6,6,1
8322,79636,0.83,1,4,7,7,1
8323,79642,1.44,1,5,8,6,1
8324,79647,0.95,1,4,7,5,1
8325,79649,-0.52,0,1,4,2,1
8326,79665,3.04,1,9,12,16,1
8327,79675,2.3,1,7,10,10,1
8328,79677,-0.52,0,1,4,2,1
8329,79680,-0.03,0,2,5,3,1
8330,79712,5.38,1,15,18,32,1
8331,79713,-1.01,0,0,3,1,1
8332,79715,-0.52,0,1,4,2,1
8333,79723,1.87,1,6,9,8,1
8334,79738,3.1,1,9,12,15,1
8335,79764,4.09,1,12,15,26,1
8336,79774,1.75,1,6,9,10,1
8337,79787,4.87,1,12,15,13,1
8338,79827,5.45,1,16,19,40,1
8339,79838,2.79,1,8,11,11,1
8340,79841,-0.03,0,2,5,3,1
8341,79855,2.61,1,8,11,14,1
8342,79866,3.34,1,9,12,11,1
8343,79893,5.13,1,14,17,27,1
8344,79910,4.08,1,11,14,17,1
8345,79927,2.98,1,9,12,17,1
8346,79932,0.95,1,4,7,5,1
8347,79936,0.46,1,3,6,4,1
8348,79938,-0.52,0,1,4,2,1
8349,79957,3.96,1,11,14,19,1
8350,79962,0.95,1,4,7,5,1
8351,79965,-0.03,0,2,5,3,1
8352,79970,0.4,1,3,6,5,1
8353,79985,2.0,1,7,10,15,1
8354,79986,-1.01,0,0,3,1,1
8355,79995,1.81,1,6,9,9,1
8356,80018,4.27,1,12,15,23,1
8357,80020,-0.52,0,1,4,2,1
8358,80025,0.95,1,4,7,5,1
8359,80033,1.87,1,6,9,8,1
8360,80040,1.93,1,6,9,7,1
8361,80053,2.67,1,8,11,13,1
8362,80065,3.28,1,9,12,12,1
8363,80067,-0.52,0,1,4,2,1
8364,80073,0.89,1,4,7,6,1
8365,80086,3.77,1,10,13,13,1
8366,80097,2.24,1,7,10,11,1
8367,80134,6.73,1,18,21,37,1
8368,80139,0.95,1,4,7,5,1
8369,80154,3.65,1,10,13,15,1
8370,80155,-1.01,0,0,3,1,1
8371,80159,-0.09,0,2,5,4,1
8372,80188,5.56,1,15,18,29,1
8373,80192,-0.09,0,2,5,4,1
8374,80204,2.18,1,7,10,12,1
8375,80221,4.08,1,11,14,17,1
8376,80227,0.34,1,3,6,6,1
8377,80232,0.4,1,3,6,5,1
8378,80237,0.95,1,4,7,5,1
8379,80241,0.46,1,3,6,4,1
8380,80248,1.38,1,5,8,7,1
8381,80299,7.54,1,21,24,51,1
8382,80303,0.46,1,3,6,4,1
8383,80317,2.06,1,7,10,14,1
8384,80324,0.83,1,4,7,7,1
8385,80327,-0.03,0,2,5,3,1
8386,80330,-0.03,0,2,5,3,1
8387,80335,0.95,1,4,7,5,1
8388,80336,-1.01,0,0,3,1,1
8389,80337,-1.01,0,0,3,1,1
8390,80338,-1.01,0,0,3,1,1
8391,80379,5.94,1,17,20,41,1
8392,80410,7.09,1,18,21,31,1
8393,80412,-0.52,0,1,4,2,1
8394,80425,3.22,1,9,12,13,1
8395,80433,1.87,1,6,9,8,1
8396,80450,2.43,1,8,11,17,1
8397,80455,0.95,1,4,7,5,1
8398,80489,5.81,1,16,19,34,1
8399,80494,0.4,1,3,6,5,1
8400,80511,2.43,1,8,11,17,1
8401,80519,2.42,1,7,10,8,1
8402,80532,3.22,1,9,12,13,1
8403,80547,4.2,1,11,14,15,1
8404,80571,5.86,1,15,18,24,1
8405,80574,-0.03,0,2,5,3,1
8406,80606,4.28,1,13,16,32,1
8407,80611,0.95,1,4,7,5,1
8408,80631,5.0,1,13,16,20,1
8409,80637,1.44,1,5,8,6,1
8410,80670,3.67,1,12,15,33,1
8411,80672,-0.52,0,1,4,2,1
8412,80698,4.64,1,13,16,26,1
8413,80703,0.95,1,4,7,5,1
8414,80704,-1.01,0,0,3,1,1
8415,80713,2.91,1,8,11,9,1
8416,80715,-0.52,0,1,4,2,1
8417,80718,-0.03,0,2,5,3,1
8418,80720,-0.52,0,1,4,2,1
8419,80723,-0.03,0,2,5,3,1
8420,80724,-1.01,0,0,3,1,1
8421,80734,2.3,1,7,10,10,1
8422,80756,4.33,1,12,15,22,1
8423,80765,1.81,1,6,9,9,1
8424,80768,-0.03,0,2,5,3,1
8425,80781,2.12,1,7,10,13,1
8426,80788,1.93,1,6,9,7,1
8427,80806,4.02,1,11,14,18,1
8428,80811,0.95,1,4,7,5,1
8429,80812,-1.01,0,0,3,1,1
8430,80824,2.18,1,7,10,12,1
8431,80825,-1.01,0,0,3,1,1
8432,80829,0.46,1,3,6,4,1
8433,80843,3.16,1,9,12,14,1
8434,80871,3.42,1,11,14,28,1
8435,80887,4.14,1,11,14,16,1
8436,80889,-0.52,0,1,4,2,1
8437,80895,0.89,1,4,7,6,1
8438,80915,1.7,1,7,10,20,1
8439,80917,-0.52,0,1,4,2,1
8440,80929,2.18,1,7,10,12,1
8441,80933,0.46,1,3,6,4,1
8442,80946,2.67,1,8,11,13,1
8443,80971,4.15,1,12,15,25,1
8444,80974,-0.03,0,2,5,3,1
8445,80975,-1.01,0,0,3,1,1
8446,80982,1.38,1,5,8,7,1
8447,80983,-1.01,0,0,3,1,1
8448,81006,3.72,1,11,14,23,1
8449,81009,-0.03,0,2,5,3,1
8450,81017,1.87,1,6,9,8,1
8451,81021,0.46,1,3,6,4,1
8452,81023,-0.52,0,1,4,2,1
8453,81055,5.38,1,15,18,32,1
8454,81078,4.27,1,12,15,23,1
8455,81079,-1.01,0,0,3,1,1
8456,81082,-0.03,0,2,5,3,1
8457,81096,3.71,1,10,13,14,1
8458,81105,0.16,1,3,6,9,1
8459,81121,4.69,1,12,15,16,1
8460,81123,-0.52,0,1,4,2,1
8461,81127,0.46,1,3,6,4,1
8462,81143,3.04,1,9,12,16,1
8463,81144,-1.01,0,0,3,1,1
8464,81148,0.46,1,3,6,4,1
8465,81150,-0.52,0,1,4,2,1
8466,81153,-0.03,0,2,5,3,1
8467,81178,5.8,1,15,18,25,1
8468,81184,0.34,1,3,6,6,1
8469,81188,0.46,1,3,6,4,1
8470,81200,2.73,1,8,11,12,1
8471,81204,0.46,1,3,6,4,1
8472,81206,-0.52,0,1,4,2,1
8473,81226,3.9,1,11,14,20,1
8474,81230,0.46,1,3,6,4,1
8475,81266,6.79,1,18,21,36,1
8476,81286,3.9,1,11,14,20,1
8477,81300,3.16,1,9,12,14,1
8478,81312,1.08,1,5,8,12,1
8479,81321,2.36,1,7,10,9,1
8480,81350,6.66,1,17,20,29,1
8481,81372,4.33,1,12,15,22,1
8482,81376,0.46,1,3,6,4,1
8483,81394,4.02,1,11,14,18,1
8484,81400,0.89,1,4,7,6,1
8485,81406,1.44,1,5,8,6,1
8486,81408,-0.52,0,1,4,2,1
8487,81423,3.65,1,10,13,15,1
8488,81427,0.46,1,3,6,4,1
8489,81431,0.46,1,3,6,4,1
8490,81433,-0.52,0,1,4,2,1
8491,81486,5.77,1,18,21,53,1
8492,81492,1.44,1,5,8,6,1
8493,81508,4.14,1,11,14,16,1
8494,81516,1.87,1,6,9,8,1
8495,81532,3.59,1,10,13,16,1
8496,81554,2.13,1,8,11,22,1
8497,81555,-1.01,0,0,3,1,1
8498,81559,0.46,1,3,6,4,1
8499,81566,1.38,1,5,8,7,1
8500,81569,-0.03,0,2,5,3,1
8501,81573,0.46,1,3,6,4,1
8502,81578,0.4,1,3,6,5,1
8503,81591,2.12,1,7,10,13,1
8504,81600,1.26,1,5,8,9,1
8505,81610,2.3,1,7,10,10,1
8506,81616,0.89,1,4,7,6,1
8507,81617,-1.01,0,0,3,1,1
8508,81622,-0.15,0,2,5,5,1
8509,81625,-0.03,0,2,5,3,1
8510,81633,1.32,1,5,8,8,1
8511,81638,0.4,1,3,6,5,1
8512,81647,1.26,1,5,8,9,1
8513,81663,2.49,1,8,11,16,1
8514,81670,1.93,1,6,9,7,1
8515,81702,4.83,1,14,17,32,1
8516,81710,2.42,1,7,10,8,1
8517,81724,3.16,1,9,12,14,1
8518,81740,3.04,1,9,12,16,1
8519,81761,4.39,1,12,15,21,1
8520,81771,2.3,1,7,10,10,1
8521,81775,0.46,1,3,6,4,1
8522,81797,3.78,1,11,14,22,1
8523,81818,3.84,1,11,14,21,1
8524,81829,3.34,1,9,12,11,1
8525,81832,-0.03,0,2,5,3,1
8526,81836,0.46,1,3,6,4,1
8527,81847,2.79,1,8,11,11,1
8528,81853,0.89,1,4,7,6,1
8529,81867,2.61,1,8,11,14,1
8530,81869,-0.52,0,1,4,2,1
8531,81881,2.73,1,8,11,12,1
8532,81882,-1.01,0,0,3,1,1
8533,81887,0.95,1,4,7,5,1
8534,81891,-0.09,0,2,5,4,1
8535,81899,1.32,1,5,8,8,1
8536,81918,2.86,1,9,12,19,1
8537,81920,-0.52,0,1,4,2,1
8538,81936,2.49,1,8,11,16,1
8539,81938,-0.52,0,1,4,2,1
8540,81963,4.7,1,13,16,25,1
8541,81979,1.94,1,7,10,16,1
8542,81990,2.24,1,7,10,11,1
8543,82037,4.48,1,15,18,47,1
8544,82058,2.74,1,9,12,21,1
8545,82070,1.63,1,6,9,12,1
8546,82071,-1.01,0,0,3,1,1
8547,82096,5.8,1,15,18,25,1
8548,82098,-0.52,0,1,4,2,1
8549,82100,-0.52,0,1,4,2,1
8550,82117,3.53,1,10,13,17,1
8551,82122,0.95,1,4,7,5,1
8552,82125,-0.03,0,2,5,3,1
8553,82147,4.33,1,12,15,22,1
8554,82180,6.42,1,17,20,33,1
8555,82181,-1.01,0,0,3,1,1
8556,82182,-1.01,0,0,3,1,1
8557,82183,-1.01,0,0,3,1,1
8558,82188,0.95,1,4,7,5,1
8559,82190,-0.52,0,1,4,2,1
8560,82205,3.1,1,9,12,15,1
8561,82234,5.56,1,15,18,29,1
8562,82239,0.95,1,4,7,5,1
8563,82240,-1.01,0,0,3,1,1
8564,82246,0.89,1,4,7,6,1
8565,82267,3.29,1,10,13,21,1
8566,82270,-0.03,0,2,5,3,1
8567,82271,-1.01,0,0,3,1,1
8568,82273,-0.52,0,1,4,2,1
8569,82279,0.89,1,4,7,6,1
8570,82287,1.32,1,5,8,8,1
8571,82289,-0.52,0,1,4,2,1
8572,82296,1.38,1,5,8,7,1
8573,82298,-0.52,0,1,4,2,1
8574,82303,0.95,1,4,7,5,1
8575,82315,1.63,1,6,9,12,1
8576,82319,0.46,1,3,6,4,1
8577,82327,1.32,1,5,8,8,1
8578,82329,-0.52,0,1,4,2,1
8579,82330,-1.01,0,0,3,1,1
8580,82338,1.32,1,5,8,8,1
8581,82342,0.46,1,3,6,4,1
8582,82344,-0.52,0,1,4,2,1
8583,82386,6.43,1,18,21,42,1
8584,82388,-0.52,0,1,4,2,1
8585,82394,0.89,1,4,7,6,1
8586,82405,3.34,1,9,12,11,1
8587,82417,2.73,1,8,11,12,1
8588,82420,-0.03,0,2,5,3,1
8589,82449,5.01,1,14,17,29,1
8590,82472,3.17,1,10,13,23,1
8591,82482,1.75,1,6,9,10,1
8592,82488,0.34,1,3,6,6,1
8593,82492,0.46,1,3,6,4,1
8594,82498,1.44,1,5,8,6,1
8595,82499,-1.01,0,0,3,1,1
8596,82500,-1.01,0,0,3,1,1
8597,82502,-0.52,0,1,4,2,1
8598,82511,2.91,1,8,11,9,1
8599,82540,6.66,1,17,20,29,1
8600,82556,3.04,1,9,12,16,1
8601,82574,2.37,1,8,11,18,1
8602,82577,-0.58,0,1,4,3,1
8603,82578,-1.01,0,0,3,1,1
8604,82600,6.53,1,16,19,22,1
8605,82617,4.08,1,11,14,17,1
8606,82636,4.51,1,12,15,19,1
8607,82643,1.93,1,6,9,7,1
8608,82647,0.46,1,3,6,4,1
8609,82671,4.21,1,12,15,24,1
8610,82674,-0.03,0,2,5,3,1
8611,82679,0.95,1,4,7,5,1
8612,82695,3.04,1,9,12,16,1
8613,82714,2.86,1,9,12,19,1
8614,82742,5.07,1,14,17,28,1
8615,82757,3.1,1,9,12,15,1
8616,82781,5.31,1,14,17,24,1
8617,82785,0.46,1,3,6,4,1
8618,82786,-1.01,0,0,3,1,1
8619,82820,6.91,1,18,21,34,1
8620,82823,-0.03,0,2,5,3,1
8621,82824,-1.01,0,0,3,1,1
8622,82827,-0.03,0,2,5,3,1
8623,82828,-1.01,0,0,3,1,1
8624,82831,-0.03,0,2,5,3,1
8625,82844,1.57,1,6,9,13,1
8626,82847,-0.03,0,2,5,3,1
8627,82862,3.1,1,9,12,15,1
8628,82871,1.81,1,6,9,9,1
8629,82880,1.26,1,5,8,9,1
8630,82886,1.44,1,5,8,6,1
8631,82890,0.46,1,3,6,4,1
8632,82957,6.58,1,21,24,67,1
8633,82960,-0.03,0,2,5,3,1
8634,82971,2.79,1,8,11,11,1
8635,82974,-0.03,0,2,5,3,1
8636,82995,6.04,1,15,18,21,1
8637,83000,0.95,1,4,7,5,1
8638,83001,-1.01,0,0,3,1,1
8639,83007,0.89,1,4,7,6,1
8640,83019,1.63,1,6,9,12,1
8641,83052,6.42,1,17,20,33,1
8642,83061,1.26,1,5,8,9,1
8643,83062,-1.01,0,0,3,1,1
8644,83065,-0.03,0,2,5,3,1
8645,83071,0.89,1,4,7,6,1
8646,83084,2.67,1,8,11,13,1
8647,83091,1.38,1,5,8,7,1
8648,83093,-0.52,0,1,4,2,1
8649,83096,-0.03,0,2,5,3,1
8650,83153,6.63,1,20,23,57,1
8651,83160,0.28,1,3,6,7,1
8652,83174,3.71,1,10,13,14,1
8653,83175,-1.01,0,0,3,1,1
8654,83180,0.4,1,3,6,5,1
8655,83217,5.63,1,16,19,37,1
8656,83243,4.64,1,13,16,26,1
8657,83247,0.46,1,3,6,4,1
8658,83254,1.38,1,5,8,7,1
8659,83284,4.4,1,13,16,30,1
8660,83293,1.81,1,6,9,9,1
8661,83300,0.83,1,4,7,7,1
8662,83304,0.46,1,3,6,4,1
8663,83314,1.2,1,5,8,10,1
8664,83338,6.96,1,17,20,24,1
8665,83361,5.92,1,15,18,23,1
8666,83363,-0.52,0,1,4,2,1
8667,83377,2.61,1,8,11,14,1
8668,83397,4.45,1,12,15,20,1
8669,83410,2.12,1,7,10,13,1
8670,83412,-0.52,0,1,4,2,1
8671,83416,0.46,1,3,6,4,1
8672,83437,3.29,1,10,13,21,1
8673,83441,-0.09,0,2,5,4,1
8674,83447,0.89,1,4,7,6,1
8675,83458,2.24,1,7,10,11,1
8676,83483,4.15,1,12,15,25,1
8677,83507,4.21,1,12,15,24,1
8678,83508,-1.01,0,0,3,1,1
8679,83517,1.81,1,6,9,9,1
8680,83519,-0.52,0,1,4,2,1
8681,83547,6.17,1,16,19,28,1
8682,83549,-0.52,0,1,4,2,1
8683,83551,-0.52,0,1,4,2,1
8684,83573,4.33,1,12,15,22,1
8685,83591,2.37,1,8,11,18,1
8686,83592,-1.01,0,0,3,1,1
8687,83604,2.73,1,8,11,12,1
8688,83606,-0.52,0,1,4,2,1
8689,83607,-1.01,0,0,3,1,1
8690,83619,3.28,1,9,12,12,1
8691,83636,5.18,1,13,16,17,1
8692,83645,1.81,1,6,9,9,1
8693,83648,-0.03,0,2,5,3,1
8694,83664,3.04,1,9,12,16,1
8695,83667,-0.03,0,2,5,3,1
8696,83681,3.71,1,10,13,14,1
8697,83686,0.4,1,3,6,5,1
8698,83689,-0.03,0,2,5,3,1
8699,83717,5.62,1,15,18,28,1
8700,83725,1.87,1,6,9,8,1
8701,83727,-0.52,0,1,4,2,1
8702,83728,-1.01,0,0,3,1,1
8703,83755,4.03,1,12,15,27,1
8704,83761,1.44,1,5,8,6,1
8705,83771,1.2,1,5,8,10,1
8706,83784,3.22,1,9,12,13,1
8707,83813,5.01,1,14,17,29,1
8708,83823,2.3,1,7,10,10,1
8709,83841,4.02,1,11,14,18,1
8710,83843,-0.52,0,1,4,2,1
8711,83848,0.95,1,4,7,5,1
8712,83865,3.53,1,10,13,17,1
8713,83887,4.88,1,13,16,22,1
8714,83890,-0.03,0,2,5,3,1
8715,83922,6.48,1,17,20,32,1
8716,83927,-0.15,0,2,5,5,1
8717,83952,3.05,1,10,13,25,1
8718,83968,3.59,1,10,13,16,1
8719,83973,0.4,1,3,6,5,1
8720,83994,3.29,1,10,13,21,1
8721,84000,0.34,1,3,6,6,1
8722,84017,4.08,1,11,14,17,1
8723,84021,0.46,1,3,6,4,1
8724,84026,0.4,1,3,6,5,1
8725,84042,3.04,1,9,12,16,1
8726,84048,1.44,1,5,8,6,1
8727,84050,-0.52,0,1,4,2,1
8728,84052,-0.52,0,1,4,2,1
8729,84056,0.46,1,3,6,4,1
8730,84057,-1.01,0,0,3,1,1
8731,84058,-1.01,0,0,3,1,1
8732,84065,1.38,1,5,8,7,1
8733,84066,-1.01,0,0,3,1,1
8734,84074,1.32,1,5,8,8,1
8735,84083,2.36,1,7,10,9,1
8736,84093,2.85,1,8,11,10,1
8737,84097,-0.09,0,2,5,4,1
8738,84104,1.38,1,5,8,7,1
8739,84105,-1.01,0,0,3,1,1
8740,84119,2.06,1,7,10,14,1
8741,84134,3.65,1,10,13,15,1
8742,84144,3.4,1,9,12,10,1
8743,84152,1.32,1,5,8,8,1
8744,84158,0.89,1,4,7,6,1
8745,84208,6.5,1,19,22,50,1
8746,84232,3.66,1,11,14,24,1
8747,84248,3.04,1,9,12,16,1
8748,84263,2.55,1,8,11,15,1
8749,84266,-0.03,0,2,5,3,1
8750,84267,-1.01,0,0,3,1,1
8751,84273,0.89,1,4,7,6,1
8752,84280,1.38,1,5,8,7,1
8753,84304,4.76,1,13,16,24,1
8754,84323,5.61,1,14,17,19,1
8755,84334,2.79,1,8,11,11,1
8756,84335,-1.01,0,0,3,1,1
8757,84355,4.45,1,12,15,20,1
8758,84383,2.87,1,10,13,28,1
8759,84390,1.38,1,5,8,7,1
8760,84405,3.1,1,9,12,15,1
8761,84408,-0.03,0,2,5,3,1
8762,84418,2.3,1,7,10,10,1
8763,84419,-1.01,0,0,3,1,1
8764,84422,-0.03,0,2,5,3,1
8765,84465,6.92,1,19,22,43,1
8766,84466,-1.01,0,0,3,1,1
8767,84493,5.68,1,15,18,27,1
8768,84510,2.98,1,9,12,17,1
8769,84512,-0.52,0,1,4,2,1
8770,84518,-0.21,0,2,5,6,1
8771,84524,0.34,1,3,6,6,1
8772,84525,-1.01,0,0,3,1,1
8773,84528,-0.03,0,2,5,3,1
8774,84539,1.69,1,6,9,11,1
8775,84551,2.73,1,8,11,12,1
8776,84555,0.46,1,3,6,4,1
8777,84570,3.1,1,9,12,15,1
8778,84580,2.85,1,8,11,10,1
8779,84601,3.84,1,11,14,21,1
8780,84628,3.48,1,11,14,27,1
8781,84638,2.85,1,8,11,10,1
8782,84655,2.43,1,8,11,17,1
8783,84658,-0.03,0,2,5,3,1
8784,84678,3.9,1,11,14,20,1
8785,84687,1.81,1,6,9,9,1
8786,84688,-1.01,0,0,3,1,1
8787,84725,3.43,1,12,15,37,1
8788,84733,0.77,1,4,7,8,1
8789,84735,-0.52,0,1,4,2,1
8790,84738,-0.03,0,2,5,3,1
8791,84757,3.41,1,10,13,19,1
8792,84758,-1.01,0,0,3,1,1
8793,84775,3.53,1,10,13,17,1
8794,84778,-0.58,0,1,4,3,1
8795,84796,4.57,1,12,15,18,1
8796,84802,0.34,1,3,6,6,1
8797,84808,0.89,1,4,7,6,1
8798,84815,1.38,1,5,8,7,1
8799,84826,2.79,1,8,11,11,1
8800,84836,1.2,1,5,8,10,1
8801,84837,-1.01,0,0,3,1,1
8802,84870,4.77,1,14,17,33,1
8803,84874,-0.09,0,2,5,4,1
8804,84878,0.46,1,3,6,4,1
8805,84881,-0.03,0,2,5,3,1
8806,84888,1.38,1,5,8,7,1
8807,84900,2.73,1,8,11,12,1
8808,84903,-0.03,0,2,5,3,1
8809,84932,5.01,1,14,17,29,1
8810,84941,1.81,1,6,9,9,1
8811,84945,0.46,1,3,6,4,1
8812,84948,-0.03,0,2,5,3,1
8813,84961,3.77,1,10,13,13,1
8814,84969,1.32,1,5,8,8,1
8815,84994,4.7,1,13,16,25,1
8816,85005,2.24,1,7,10,11,1
8817,85013,1.87,1,6,9,8,1
8818,85014,-1.01,0,0,3,1,1
8819,85033,3.41,1,10,13,19,1
8820,85039,1.44,1,5,8,6,1
8821,85046,1.93,1,6,9,7,1
8822,85051,0.95,1,4,7,5,1
8823,85053,-0.52,0,1,4,2,1
8824,85065,1.63,1,6,9,12,1
8825,85079,3.71,1,10,13,14,1
8826,85089,2.85,1,8,11,10,1
8827,85096,1.93,1,6,9,7,1
8828,85104,1.87,1,6,9,8,1
8829,85107,-0.03,0,2,5,3,1
8830,85135,5.62,1,15,18,28,1
8831,85136,-1.01,0,0,3,1,1
8832,85143,1.38,1,5,8,7,1
8833,85144,-1.01,0,0,3,1,1
8834,85156,3.83,1,10,13,12,1
8835,85157,-1.01,0,0,3,1,1
8836,85159,-0.52,0,1,4,2,1
8837,85168,1.81,1,6,9,9,1
8838,85195,3.48,1,11,14,27,1
8839,85205,1.75,1,6,9,10,1
8840,85213,1.87,1,6,9,8,1
8841,85217,-0.09,0,2,5,4,1
8842,85237,3.9,1,11,14,20,1
8843,85255,4.57,1,12,15,18,1
8844,85257,-0.52,0,1,4,2,1
8845,85263,-0.21,0,2,5,6,1
8846,85265,-0.52,0,1,4,2,1
8847,85269,0.46,1,3,6,4,1
8848,85275,0.34,1,3,6,6,1
8849,85279,0.46,1,3,6,4,1
8850,85316,5.63,1,16,19,37,1
8851,85340,4.76,1,13,16,24,1
8852,85360,5.55,1,14,17,20,1
8853,85362,-0.52,0,1,4,2,1
8854,85365,-0.03,0,2,5,3,1
8855,85366,-1.01,0,0,3,1,1
8856,85367,-1.01,0,0,3,1,1
8857,85395,3.42,1,11,14,28,1
8858,85412,3.53,1,10,13,17,1
8859,85425,2.12,1,7,10,13,1
8860,85434,2.91,1,8,11,9,1
8861,85437,-0.03,0,2,5,3,1
8862,85438,-1.01,0,0,3,1,1
8863,85445,0.83,1,4,7,7,1
8864,85478,4.22,1,13,16,33,1
8865,85480,-0.52,0,1,4,2,1
8866,85482,-0.52,0,1,4,2,1
8867,85487,0.95,1,4,7,5,1
8868,85488,-1.01,0,0,3,1,1
8869,85490,-0.52,0,1,4,2,1
8870,85501,2.24,1,7,10,11,1
8871,85507,0.89,1,4,7,6,1
8872,85513,0.89,1,4,7,6,1
8873,85517,-0.09,0,2,5,4,1
8874,85519,-0.52,0,1,4,2,1
8875,85530,3.34,1,9,12,11,1
8876,85535,0.95,1,4,7,5,1
8877,85546,2.79,1,8,11,11,1
8878,85548,-0.52,0,1,4,2,1
8879,85549,-1.01,0,0,3,1,1
8880,85558,1.81,1,6,9,9,1
8881,85561,-0.58,0,1,4,3,1
8882,85575,2.61,1,8,11,14,1
8883,85586,2.24,1,7,10,11,1
8884,85595,1.26,1,5,8,9,1
8885,85614,2.86,1,9,12,19,1
8886,85640,4.64,1,13,16,26,1
8887,85646,0.34,1,3,6,6,1
8888,85651,0.95,1,4,7,5,1
8889,85659,1.87,1,6,9,8,1
8890,85673,4.81,1,12,15,14,1
8891,85676,-0.03,0,2,5,3,1
8892,85681,0.95,1,4,7,5,1
8893,85688,1.38,1,5,8,7,1
8894,85693,0.4,1,3,6,5,1
8895,85698,0.4,1,3,6,5,1
8896,85709,2.79,1,8,11,11,1
8897,85721,2.18,1,7,10,12,1
8898,85729,1.32,1,5,8,8,1
8899,85737,1.87,1,6,9,8,1
8900,85745,1.87,1,6,9,8,1
8901,85747,-0.52,0,1,4,2,1
8902,85755,2.42,1,7,10,8,1
8903,85780,4.15,1,12,15,25,1
8904,85822,7.53,1,20,23,42,1
8905,85823,-1.01,0,0,3,1,1
8906,85851,5.07,1,14,17,28,1
8907,85867,4.69,1,12,15,16,1
8908,85871,0.46,1,3,6,4,1
8909,85880,2.91,1,8,11,9,1
8910,85887,1.93,1,6,9,7,1
8911,85888,-1.01,0,0,3,1,1
8912,85910,4.33,1,12,15,22,1
8913,85918,1.87,1,6,9,8,1
8914,85943,4.7,1,13,16,25,1
8915,85969,4.09,1,12,15,26,1
8916,85972,-0.03,0,2,5,3,1
8917,85995,5.37,1,14,17,23,1
8918,86026,4.34,1,13,16,31,1
8919,86028,-0.52,0,1,4,2,1
8920,86045,2.43,1,8,11,17,1
8921,86049,-0.09,0,2,5,4,1
8922,86051,-0.52,0,1,4,2,1
8923,86076,5.25,1,14,17,25,1
8924,86099,5.37,1,14,17,23,1
8925,86106,0.28,1,3,6,7,1
8926,86123,4.08,1,11,14,17,1
8927,86124,-1.01,0,0,3,1,1
8928,86144,2.8,1,9,12,20,1
8929,86146,-0.52,0,1,4,2,1
8930,86166,3.35,1,10,13,20,1
8931,86178,1.63,1,6,9,12,1
8932,86192,3.71,1,10,13,14,1
8933,86193,-1.01,0,0,3,1,1
8934,86194,-1.01,0,0,3,1,1
8935,86195,-1.01,0,0,3,1,1
8936,86201,0.89,1,4,7,6,1
8937,86214,1.57,1,6,9,13,1
8938,86218,0.46,1,3,6,4,1
8939,86225,1.38,1,5,8,7,1
8940,86235,2.3,1,7,10,10,1
8941,86239,0.46,1,3,6,4,1
8942,86273,5.26,1,15,18,34,1
8943,86274,-1.01,0,0,3,1,1
8944,86296,4.88,1,13,16,22,1
8945,86298,-0.52,0,1,4,2,1
8946,86307,2.36,1,7,10,9,1
8947,86322,3.65,1,10,13,15,1
8948,86326,-0.09,0,2,5,4,1
8949,86328,-0.52,0,1,4,2,1
8950,86343,3.1,1,9,12,15,1
8951,86348,-0.15,0,2,5,5,1
8952,86381,4.22,1,13,16,33,1
8953,86382,-1.01,0,0,3,1,1
8954,86383,-1.01,0,0,3,1,1
8955,86389,0.34,1,3,6,6,1
8956,86394,0.95,1,4,7,5,1
8957,86400,1.44,1,5,8,6,1
8958,86413,3.77,1,10,13,13,1
8959,86439,2.99,1,10,13,26,1
8960,86442,-0.03,0,2,5,3,1
8961,86464,4.88,1,13,16,22,1
8962,86478,0.96,1,5,8,14,1
8963,86505,4.03,1,12,15,27,1
8964,86508,-0.03,0,2,5,3,1
8965,86513,0.95,1,4,7,5,1
8966,86517,0.46,1,3,6,4,1
8967,86518,-1.01,0,0,3,1,1
8968,86519,-1.01,0,0,3,1,1
8969,86535,2.49,1,8,11,16,1
8970,86548,1.57,1,6,9,13,1
8971,86553,0.95,1,4,7,5,1
8972,86567,2.61,1,8,11,14,1
8973,86582,3.65,1,10,13,15,1
8974,86584,-0.52,0,1,4,2,1
8975,86588,0.46,1,3,6,4,1
8976,86590,-0.52,0,1,4,2,1
8977,86592,-0.52,0,1,4,2,1
8978,86593,-1.01,0,0,3,1,1
8979,86603,1.75,1,6,9,10,1
8980,86610,0.83,1,4,7,7,1
8981,86618,1.32,1,5,8,8,1
8982,86619,-1.01,0,0,3,1,1
8983,86628,1.26,1,5,8,9,1
8984,86662,5.26,1,15,18,34,1
8985,86663,-1.01,0,0,3,1,1
8986,86665,-0.52,0,1,4,2,1
8987,86670,0.4,1,3,6,5,1
8988,86671,-1.01,0,0,3,1,1
8989,86687,3.59,1,10,13,16,1
8990,86692,0.95,1,4,7,5,1
8991,86705,2.12,1,7,10,13,1
8992,86708,-0.03,0,2,5,3,1
8993,86717,1.81,1,6,9,9,1
8994,86719,-0.52,0,1,4,2,1
8995,86731,2.73,1,8,11,12,1
8996,86772,5.94,1,17,20,41,1
8997,86803,4.89,1,14,17,31,1
8998,86856,6.32,1,19,22,53,1
8999,86871,4.2,1,11,14,15,1
9000,86877,0.89,1,4,7,6,1
9001,86888,2.79,1,8,11,11,1
9002,86918,4.95,1,14,17,30,1
9003,86924,0.89,1,4,7,6,1
9004,86981,10.68,1,22,25,57,0
9005,86986,0.4,1,3,6,5,1
9006,86988,-0.52,0,1,4,2,1
9007,86997,1.26,1,5,8,9,1
9008,87007,1.2,1,5,8,10,1
9009,87024,3.53,1,10,13,17,1
9010,87036,3.28,1,9,12,12,1
9011,87045,2.36,1,7,10,9,1
9012,87047,-0.52,0,1,4,2,1
9013,87065,3.47,1,10,13,18,1
9014,87069,-0.09,0,2,5,4,1
9015,87085,3.59,1,10,13,16,1
9016,87098,3.22,1,9,12,13,1
9017,87102,0.46,1,3,6,4,1
9018,87104,-0.52,0,1,4,2,1
9019,87105,-1.01,0,0,3,1,1
9020,87135,2.75,1,10,13,30,1
9021,87138,-0.03,0,2,5,3,1
9022,87144,1.44,1,5,8,6,1
9023,87150,1.44,1,5,8,6,1
9024,87151,-1.01,0,0,3,1,1
9025,87160,1.81,1,6,9,9,1
9026,87162,-0.52,0,1,4,2,1
9027,87166,-0.09,0,2,5,4,1
9028,87171,0.4,1,3,6,5,1
9029,87175,0.46,1,3,6,4,1
9030,87176,-1.01,0,0,3,1,1
9031,87177,-1.01,0,0,3,1,1
9032,87197,5.55,1,14,17,20,1
9033,87203,1.44,1,5,8,6,1
9034,87204,-1.01,0,0,3,1,1
9035,87205,-1.01,0,0,3,1,1
9036,87217,4.38,1,11,14,12,1
9037,87224,1.38,1,5,8,7,1
9038,87226,-0.52,0,1,4,2,1
9039,87240,3.16,1,9,12,14,1
9040,87249,2.91,1,8,11,9,1
9041,87254,0.4,1,3,6,5,1
9042,87257,-0.58,0,1,4,3,1
9043,87275,2.37,1,8,11,18,1
9044,87303,7.82,1,19,22,28,1
9045,87310,1.93,1,6,9,7,1
9046,87314,0.46,1,3,6,4,1
9047,87338,5.86,1,15,18,24,1
9048,87353,3.1,1,9,12,15,1
9049,87360,0.83,1,4,7,7,1
9050,87361,-1.01,0,0,3,1,1
9051,87377,3.04,1,9,12,16,1
9052,87382,0.95,1,4,7,5,1
9053,87399,5.18,1,13,16,17,1
9054,87402,-0.03,0,2,5,3,1
9055,87419,3.53,1,10,13,17,1
9056,87422,-0.03,0,2,5,3,1
9057,87424,-0.52,0,1,4,2,1
9058,87451,5.68,1,15,18,27,1
9059,87466,2.55,1,8,11,15,1
9060,87467,-1.01,0,0,3,1,1
9061,87474,0.83,1,4,7,7,1
9062,87487,4.32,1,11,14,13,1
9063,87502,3.1,1,9,12,15,1
9064,87513,1.69,1,6,9,11,1
9065,87531,4.02,1,11,14,18,1
9066,87542,2.79,1,8,11,11,1
9067,87550,1.32,1,5,8,8,1
9068,87565,1.45,1,6,9,15,1
9069,87569,-0.09,0,2,5,4,1
9070,87575,1.44,1,5,8,6,1
9071,87576,-1.01,0,0,3,1,1
9072,87585,1.81,1,6,9,9,1
9073,87586,-1.01,0,0,3,1,1
9074,87593,1.93,1,6,9,7,1
9075,87599,0.89,1,4,7,6,1
9076,87607,1.32,1,5,8,8,1
9077,87613,0.89,1,4,7,6,1
9078,87616,-0.03,0,2,5,3,1
9079,87631,3.1,1,9,12,15,1
9080,87645,4.26,1,11,14,14,1
9081,87662,4.08,1,11,14,17,1
9082,87663,-1.01,0,0,3,1,1
9083,87673,1.75,1,6,9,10,1
9084,87677,0.46,1,3,6,4,1
9085,87685,1.87,1,6,9,8,1
9086,87686,-1.01,0,0,3,1,1
9087,87688,-0.52,0,1,4,2,1
9088,87692,0.46,1,3,6,4,1
9089,87694,-0.52,0,1,4,2,1
9090,87710,3.59,1,10,13,16,1
9091,87720,1.75,1,6,9,10,1
9092,87752,5.93,1,16,19,32,1
9093,87770,2.37,1,8,11,18,1
9094,87776,1.44,1,5,8,6,1
9095,87779,-0.03,0,2,5,3,1
9096,87780,-1.01,0,0,3,1,1
9097,87784,0.46,1,3,6,4,1
9098,87795,2.24,1,7,10,11,1
9099,87818,3.72,1,11,14,23,1
9100,87833,4.2,1,11,14,15,1
9101,87859,6.29,1,16,19,26,1
9102,87872,2.12,1,7,10,13,1
9103,87878,0.34,1,3,6,6,1
9104,87881,-0.03,0,2,5,3,1
9105,87882,-1.01,0,0,3,1,1
9106,87900,4.02,1,11,14,18,1
9107,87904,0.46,1,3,6,4,1
9108,87905,-1.01,0,0,3,1,1
9109,87929,3.66,1,11,14,24,1
9110,87932,-0.03,0,2,5,3,1
9111,87935,-0.03,0,2,5,3,1
9112,87939,-0.09,0,2,5,4,1
9113,87950,3.34,1,9,12,11,1
9114,87955,0.4,1,3,6,5,1
9115,87973,4.57,1,12,15,18,1
9116,87976,-0.03,0,2,5,3,1
9117,87979,-0.03,0,2,5,3,1
9118,87994,4.2,1,11,14,15,1
9119,87997,-0.03,0,2,5,3,1
9120,88001,0.46,1,3,6,4,1
9121,88005,0.46,1,3,6,4,1
9122,88007,-0.52,0,1,4,2,1
9123,88018,2.24,1,7,10,11,1
9124,88019,-1.01,0,0,3,1,1
9125,88022,-0.03,0,2,5,3,1
9126,88036,3.16,1,9,12,14,1
9127,88039,-0.03,0,2,5,3,1
9128,88043,0.46,1,3,6,4,1
9129,88049,0.89,1,4,7,6,1
9130,88051,-0.52,0,1,4,2,1
9131,88056,0.95,1,4,7,5,1
9132,88062,0.89,1,4,7,6,1
9133,88085,4.27,1,12,15,23,1
9134,88105,5.55,1,14,17,20,1
9135,88112,0.83,1,4,7,7,1
9136,88113,-1.01,0,0,3,1,1
9137,88114,-1.01,0,0,3,1,1
9138,88127,2.67,1,8,11,13,1
9139,88129,-0.52,0,1,4,2,1
9140,88132,-0.03,0,2,5,3,1
9141,88138,0.89,1,4,7,6,1
9142,88149,1.69,1,6,9,11,1
9143,88150,-1.01,0,0,3,1,1
9144,88160,1.75,1,6,9,10,1
9145,88186,3.54,1,11,14,26,1
9146,88188,-0.52,0,1,4,2,1
9147,88198,1.2,1,5,8,10,1
9148,88200,-0.52,0,1,4,2,1
9149,88201,-1.01,0,0,3,1,1
9150,88206,-0.15,0,2,5,5,1
9151,88218,2.18,1,7,10,12,1
9152,88226,1.87,1,6,9,8,1
9153,88228,-0.52,0,1,4,2,1
9154,88236,1.32,1,5,8,8,1
9155,88244,2.42,1,7,10,8,1
9156,88304,5.35,1,18,21,60,1
9157,88307,-0.03,0,2,5,3,1
9158,88310,-0.03,0,2,5,3,1
9159,88321,2.79,1,8,11,11,1
9160,88326,0.95,1,4,7,5,1
9161,88335,2.36,1,7,10,9,1
9162,88339,0.46,1,3,6,4,1
9163,88349,2.3,1,7,10,10,1
9164,88352,-0.03,0,2,5,3,1
9165,88362,0.65,1,4,7,10,1
9166,88376,2.61,1,8,11,14,1
9167,88380,0.46,1,3,6,4,1
9168,88381,-1.01,0,0,3,1,1
9169,88405,3.66,1,11,14,24,1
9170,88413,1.32,1,5,8,8,1
9171,88414,-1.01,0,0,3,1,1
9172,88417,-0.03,0,2,5,3,1
9173,88419,-0.52,0,1,4,2,1
9174,88433,3.71,1,10,13,14,1
9175,88452,4.51,1,12,15,19,1
9176,88461,1.81,1,6,9,9,1
9177,88466,0.4,1,3,6,5,1
9178,88481,3.1,1,9,12,15,1
9179,88493,1.63,1,6,9,12,1
9180,88526,6.42,1,17,20,33,1
9181,88545,3.41,1,10,13,19,1
9182,88546,-1.01,0,0,3,1,1
9183,88551,0.95,1,4,7,5,1
9184,88560,2.36,1,7,10,9,1
9185,88561,-1.01,0,0,3,1,1
9186,88567,1.44,1,5,8,6,1
9187,88571,0.46,1,3,6,4,1
9188,88572,-1.01,0,0,3,1,1
9189,88580,1.32,1,5,8,8,1
9190,88585,0.4,1,3,6,5,1
9191,88587,-0.52,0,1,4,2,1
9192,88594,0.83,1,4,7,7,1
9193,88596,-0.52,0,1,4,2,1
9194,88601,0.95,1,4,7,5,1
9195,88605,-0.09,0,2,5,4,1
9196,88616,3.34,1,9,12,11,1
9197,88628,2.18,1,7,10,12,1
9198,88640,1.63,1,6,9,12,1
9199,88642,-0.52,0,1,4,2,1
9200,88659,4.63,1,12,15,17,1
9201,88667,1.87,1,6,9,8,1
9202,88678,2.79,1,8,11,11,1
9203,88691,2.67,1,8,11,13,1
9204,88722,5.99,1,16,19,31,1
9205,88730,0.77,1,4,7,8,1
9206,88757,5.13,1,14,17,27,1
9207,88761,0.46,1,3,6,4,1
9208,88765,0.46,1,3,6,4,1
9209,88766,-1.01,0,0,3,1,1
9210,88767,-1.01,0,0,3,1,1
9211,88776,2.36,1,7,10,9,1
9212,88779,-0.03,0,2,5,3,1
9213,88782,-0.03,0,2,5,3,1
9214,88783,-1.01,0,0,3,1,1
9215,88785,-0.52,0,1,4,2,1
9216,88795,2.3,1,7,10,10,1
9217,88812,3.53,1,10,13,17,1
9218,88815,-0.03,0,2,5,3,1
9219,88825,2.3,1,7,10,10,1
9220,88829,0.46,1,3,6,4,1
9221,88830,-1.01,0,0,3,1,1
9222,88833,-0.03,0,2,5,3,1
9223,88834,-1.01,0,0,3,1,1
9224,88839,0.95,1,4,7,5,1
9225,88840,-1.01,0,0,3,1,1
9226,88863,4.82,1,13,16,23,1
9227,88866,-0.03,0,2,5,3,1
9228,88874,1.87,1,6,9,8,1
9229,88875,-1.01,0,0,3,1,1
9230,88876,-1.01,0,0,3,1,1
9231,88883,0.83,1,4,7,7,1
9232,88884,-1.01,0,0,3,1,1
9233,88889,0.4,1,3,6,5,1
9234,88891,-0.52,0,1,4,2,1
9235,88905,2.06,1,7,10,14,1
9236,88914,1.81,1,6,9,9,1
9237,88922,1.87,1,6,9,8,1
9238,88926,0.46,1,3,6,4,1
9239,88969,6.37,1,18,21,43,1
9240,88982,1.02,1,5,8,13,1
9241,88985,-0.03,0,2,5,3,1
9242,88987,-0.52,0,1,4,2,1
9243,88999,1.63,1,6,9,12,1
9244,89004,0.4,1,3,6,5,1
9245,89012,1.87,1,6,9,8,1
9246,89014,-0.52,0,1,4,2,1
9247,89026,1.63,1,6,9,12,1
9248,89041,2.55,1,8,11,15,1
9249,89045,0.46,1,3,6,4,1
9250,89051,0.89,1,4,7,6,1
9251,89057,1.44,1,5,8,6,1
9252,89065,1.87,1,6,9,8,1
9253,89071,0.34,1,3,6,6,1
9254,89082,2.79,1,8,11,11,1
9255,89085,-0.03,0,2,5,3,1
9256,89087,-0.52,0,1,4,2,1
9257,89092,0.4,1,3,6,5,1
9258,89097,0.95,1,4,7,5,1
9259,89121,3.66,1,11,14,24,1
9260,89122,-1.01,0,0,3,1,1
9261,89129,1.93,1,6,9,7,1
9262,89132,-0.03,0,2,5,3,1
9263,89134,-0.52,0,1,4,2,1
9264,89136,-0.52,0,1,4,2,1
9265,89142,0.89,1,4,7,6,1
9266,89149,0.83,1,4,7,7,1
9267,89153,-0.09,0,2,5,4,1
9268,89156,-0.03,0,2,5,3,1
9269,89158,-0.52,0,1,4,2,1
9270,89160,-0.52,0,1,4,2,1
9271,89176,3.59,1,10,13,16,1
9272,89195,3.96,1,11,14,19,1
9273,89201,0.89,1,4,7,6,1
9274,89217,4.14,1,11,14,16,1
9275,89225,1.87,1,6,9,8,1
9276,89228,-0.03,0,2,5,3,1
9277,89242,3.16,1,9,12,14,1
9278,89243,-1.01,0,0,3,1,1
9279,89247,-0.09,0,2,5,4,1
9280,89264,4.63,1,12,15,17,1
9281,89276,3.28,1,9,12,12,1
9282,89285,2.36,1,7,10,9,1
9283,89292,0.83,1,4,7,7,1
9284,89296,0.46,1,3,6,4,1
9285,89301,0.95,1,4,7,5,1
9286,89307,0.89,1,4,7,6,1
9287,89326,4.51,1,12,15,19,1
9288,89327,-1.01,0,0,3,1,1
9289,89331,-0.09,0,2,5,4,1
9290,89340,1.81,1,6,9,9,1
9291,89349,2.36,1,7,10,9,1
9292,89365,1.94,1,7,10,16,1
9293,89366,-1.01,0,0,3,1,1
9294,89371,0.4,1,3,6,5,1
9295,89373,-0.52,0,1,4,2,1
9296,89381,0.77,1,4,7,8,1
9297,89390,1.81,1,6,9,9,1
9298,89395,0.95,1,4,7,5,1
9299,89396,-1.01,0,0,3,1,1
9300,89409,2.12,1,7,10,13,1
9301,89411,-0.52,0,1,4,2,1
9302,89425,3.71,1,10,13,14,1
9303,89428,-0.03,0,2,5,3,1
9304,89439,2.79,1,8,11,11,1
9305,89442,-0.03,0,2,5,3,1
9306,89443,-1.01,0,0,3,1,1
9307,89452,1.81,1,6,9,9,1
9308,89466,3.71,1,10,13,14,1
9309,89487,3.29,1,10,13,21,1
9310,89528,4.29,1,14,17,41,1
9311,89538,2.85,1,8,11,10,1
9312,89542,0.46,1,3,6,4,1
9313,89544,-0.52,0,1,4,2,1
9314,89545,-1.01,0,0,3,1,1
9315,89549,0.46,1,3,6,4,1
9316,89570,4.39,1,12,15,21,1
9317,89575,0.95,1,4,7,5,1
9318,89579,0.46,1,3,6,4,1
9319,89586,1.93,1,6,9,7,1
9320,89588,-0.52,0,1,4,2,1
9321,89600,2.73,1,8,11,12,1
9322,89635,5.75,1,16,19,35,1
9323,89649,4.26,1,11,14,14,1
9324,89650,-1.01,0,0,3,1,1
9325,89651,-1.01,0,0,3,1,1
9326,89668,3.53,1,10,13,17,1
9327,89673,0.95,1,4,7,5,1
9328,89686,1.57,1,6,9,13,1
9329,89696,2.3,1,7,10,10,1
9330,89701,0.95,1,4,7,5,1
9331,89744,5.82,1,17,20,43,1
9332,89747,-0.58,0,1,4,3,1
9333,89751,0.46,1,3,6,4,1
9334,89759,0.77,1,4,7,8,1
9335,89765,0.89,1,4,7,6,1
9336,89777,4.38,1,11,14,12,1
9337,89779,-0.52,0,1,4,2,1
9338,89783,0.46,1,3,6,4,1
9339,89791,1.87,1,6,9,8,1
9340,89797,0.34,1,3,6,6,1
9341,89802,0.95,1,4,7,5,1
9342,89809,0.28,1,3,6,7,1
9343,89811,-0.52,0,1,4,2,1
9344,89812,-1.01,0,0,3,1,1
9345,89827,2.55,1,8,11,15,1
9346,89828,-1.01,0,0,3,1,1
9347,89829,-1.01,0,0,3,1,1
9348,89833,0.46,1,3,6,4,1
9349,89848,1.45,1,6,9,15,1
9350,89850,-0.52,0,1,4,2,1
9351,89862,3.28,1,9,12,12,1
9352,89872,3.4,1,9,12,10,1
9353,89879,0.83,1,4,7,7,1
9354,89896,2.98,1,9,12,17,1
9355,89932,4.59,1,14,17,36,1
9356,89941,1.26,1,5,8,9,1
9357,89948,0.83,1,4,7,7,1
9358,89955,1.93,1,6,9,7,1
9359,89961,0.89,1,4,7,6,1
9360,89964,-0.03,0,2,5,3,1
9361,90001,6.18,1,17,20,37,1
9362,90002,-1.01,0,0,3,1,1
9363,90013,2.79,1,8,11,11,1
9364,90016,-0.03,0,2,5,3,1
9365,90024,0.77,1,4,7,8,1
9366,90034,2.3,1,7,10,10,1
9367,90042,1.87,1,6,9,8,1
9368,90043,-1.01,0,0,3,1,1
9369,90045,-0.52,0,1,4,2,1
9370,90047,-0.52,0,1,4,2,1
9371,90052,0.4,1,3,6,5,1
9372,90054,-0.52,0,1,4,2,1
9373,90063,1.26,1,5,8,9,1
9374,90064,-1.01,0,0,3,1,1
9375,90069,0.4,1,3,6,5,1
9376,90071,-0.52,0,1,4,2,1
9377,90076,0.95,1,4,7,5,1
9378,90084,1.87,1,6,9,8,1
9379,90109,4.7,1,13,16,25,1
9380,90162,6.87,1,20,23,53,1
9381,90163,-1.01,0,0,3,1,1
9382,90166,-0.03,0,2,5,3,1
9383,90176,1.75,1,6,9,10,1
9384,90225,6.01,1,18,21,49,1
9385,90228,-0.03,0,2,5,3,1
9386,90230,-0.52,0,1,4,2,1
9387,90236,1.44,1,5,8,6,1
9388,90239,-0.58,0,1,4,3,1
9389,90271,3.18,1,11,14,32,1
9390,90278,1.38,1,5,8,7,1
9391,90319,4.84,1,15,18,41,1
9392,90320,-1.01,0,0,3,1,1
9393,90328,0.77,1,4,7,8,1
9394,90331,-0.03,0,2,5,3,1
9395,90343,1.63,1,6,9,12,1
9396,90354,3.34,1,9,12,11,1
9397,90407,5.77,1,18,21,53,1
9398,90416,1.81,1,6,9,9,1
9399,90418,-0.52,0,1,4,2,1
9400,90424,1.44,1,5,8,6,1
9401,90433,1.26,1,5,8,9,1
9402,90439,0.89,1,4,7,6,1
9403,90455,3.59,1,10,13,16,1
9404,90456,-1.01,0,0,3,1,1
9405,90485,6.11,1,16,19,29,1
9406,90502,5.18,1,13,16,17,1
9407,90530,4.52,1,13,16,28,1
9408,90540,1.75,1,6,9,10,1
9409,90549,2.36,1,7,10,9,1
9410,90577,3.97,1,12,15,28,1
9411,90579,-0.52,0,1,4,2,1
9412,90583,0.46,1,3,6,4,1
9413,90588,0.95,1,4,7,5,1
9414,90601,3.22,1,9,12,13,1
9415,90605,0.46,1,3,6,4,1
9416,90620,4.2,1,11,14,15,1
9417,90627,1.38,1,5,8,7,1
9418,90630,-0.03,0,2,5,3,1
9419,90638,0.77,1,4,7,8,1
9420,90640,-0.52,0,1,4,2,1
9421,90641,-1.01,0,0,3,1,1
9422,90648,1.38,1,5,8,7,1
9423,90653,0.95,1,4,7,5,1
9424,90675,3.78,1,11,14,22,1
9425,90680,0.95,1,4,7,5,1
9426,90683,-0.03,0,2,5,3,1
9427,90684,-1.01,0,0,3,1,1
9428,90688,0.46,1,3,6,4,1
9429,90717,6.11,1,16,19,29,1
9430,90718,-1.01,0,0,3,1,1
9431,90723,0.95,1,4,7,5,1
9432,90727,0.46,1,3,6,4,1
9433,90746,4.51,1,12,15,19,1
9434,90773,5.13,1,14,17,27,1
9435,90776,-0.03,0,2,5,3,1
9436,90778,-0.52,0,1,4,2,1
9437,90792,1.51,1,6,9,14,1
9438,90798,0.89,1,4,7,6,1
9439,90802,0.46,1,3,6,4,1
9440,90803,-1.01,0,0,3,1,1
9441,90806,-0.58,0,1,4,3,1
9442,90878,5.73,1,20,23,72,1
9443,90879,-1.01,0,0,3,1,1
9444,90880,-1.01,0,0,3,1,1
9445,90881,-1.01,0,0,3,1,1
9446,90882,-1.01,0,0,3,1,1
9447,90884,-0.52,0,1,4,2,1
9448,90889,0.95,1,4,7,5,1
9449,90891,-0.52,0,1,4,2,1
9450,90896,0.4,1,3,6,5,1
9451,90906,2.3,1,7,10,10,1
9452,90916,2.3,1,7,10,10,1
9453,90918,-0.52,0,1,4,2,1
9454,90935,2.98,1,9,12,17,1
9455,90945,2.85,1,8,11,10,1
9456,90948,-0.03,0,2,5,3,1
9457,90955,1.93,1,6,9,7,1
9458,90958,-0.03,0,2,5,3,1
9459,90960,-0.52,0,1,4,2,1
9460,90961,-1.01,0,0,3,1,1
9461,90963,-0.52,0,1,4,2,1
9462,90964,-1.01,0,0,3,1,1
9463,90976,2.18,1,7,10,12,1
9464,91008,4.83,1,14,17,32,1
9465,91022,2.61,1,8,11,14,1
9466,91023,-1.01,0,0,3,1,1
9467,91029,0.89,1,4,7,6,1
9468,91030,-1.01,0,0,3,1,1
9469,91043,2.67,1,8,11,13,1
9470,91076,5.32,1,15,18,33,1
9471,91108,5.38,1,15,18,32,1
9472,91116,1.32,1,5,8,8,1
9473,91119,-0.58,0,1,4,3,1
9474,91125,1.44,1,5,8,6,1
9475,91135,1.2,1,5,8,10,1
9476,91137,-0.52,0,1,4,2,1
9477,91139,-0.52,0,1,4,2,1
9478,91146,0.28,1,3,6,7,1
9479,91160,4.26,1,11,14,14,1
9480,91166,1.44,1,5,8,6,1
9481,91173,0.83,1,4,7,7,1
9482,91174,-1.01,0,0,3,1,1
9483,91189,4.2,1,11,14,15,1
9484,91190,-1.01,0,0,3,1,1
9485,91193,-0.03,0,2,5,3,1
9486,91196,-0.03,0,2,5,3,1
9487,91203,0.28,1,3,6,7,1
9488,91209,0.89,1,4,7,6,1
9489,91222,2.67,1,8,11,13,1
9490,91237,4.75,1,12,15,15,1
9491,91243,1.44,1,5,8,6,1
9492,91245,-0.52,0,1,4,2,1
9493,91255,2.85,1,8,11,10,1
9494,91262,1.93,1,6,9,7,1
9495,91264,-0.52,0,1,4,2,1
9496,91288,4.21,1,12,15,24,1
9497,91290,-0.52,0,1,4,2,1
9498,91311,2.74,1,9,12,21,1
9499,91317,1.44,1,5,8,6,1
9500,91321,0.46,1,3,6,4,1
9501,91329,1.32,1,5,8,8,1
9502,91350,3.84,1,11,14,21,1
9503,91355,0.95,1,4,7,5,1
9504,91358,-0.58,0,1,4,3,1
9505,91365,1.93,1,6,9,7,1
9506,91371,0.34,1,3,6,6,1
9507,91380,2.36,1,7,10,9,1
9508,91411,6.54,1,17,20,31,1
9509,91417,1.44,1,5,8,6,1
9510,91418,-1.01,0,0,3,1,1
9511,91438,4.45,1,12,15,20,1
9512,91446,1.87,1,6,9,8,1
9513,91455,0.71,1,4,7,9,1
9514,91457,-0.52,0,1,4,2,1
9515,91466,1.26,1,5,8,9,1
9516,91468,-0.52,0,1,4,2,1
9517,91470,-0.52,0,1,4,2,1
9518,91473,-0.03,0,2,5,3,1
9519,91474,-1.01,0,0,3,1,1
9520,91489,4.2,1,11,14,15,1
9521,91501,2.18,1,7,10,12,1
9522,91508,1.38,1,5,8,7,1
9523,91509,-1.01,0,0,3,1,1
9524,91510,-1.01,0,0,3,1,1
9525,91513,-0.03,0,2,5,3,1
9526,91535,4.88,1,13,16,22,1
9527,91542,1.38,1,5,8,7,1
9528,91585,4.17,1,14,17,43,1
9529,91590,0.95,1,4,7,5,1
9530,91623,5.32,1,15,18,33,1
9531,91624,-1.01,0,0,3,1,1
9532,91625,-1.01,0,0,3,1,1
9533,91629,0.46,1,3,6,4,1
9534,91635,1.44,1,5,8,6,1
9535,91641,1.44,1,5,8,6,1
9536,91644,-0.03,0,2,5,3,1
9537,91646,-0.52,0,1,4,2,1
9538,91647,-1.01,0,0,3,1,1
9539,91651,0.46,1,3,6,4,1
9540,91652,-1.01,0,0,3,1,1
9541,91657,0.95,1,4,7,5,1
9542,91658,-1.01,0,0,3,1,1
9543,91667,1.81,1,6,9,9,1
9544,91669,-0.52,0,1,4,2,1
9545,91672,-0.03,0,2,5,3,1
9546,91698,4.64,1,13,16,26,1
9547,91703,-0.15,0,2,5,5,1
9548,91709,0.89,1,4,7,6,1
9549,91713,0.46,1,3,6,4,1
9550,91715,-0.52,0,1,4,2,1
9551,91730,3.1,1,9,12,15,1
9552,91733,-0.03,0,2,5,3,1
9553,91740,1.93,1,6,9,7,1
9554,91749,2.36,1,7,10,9,1
9555,91765,3.59,1,10,13,16,1
9556,91774,2.91,1,8,11,9,1
9557,91785,3.34,1,9,12,11,1
9558,91797,2.73,1,8,11,12,1
9559,91803,0.34,1,3,6,6,1
9560,91808,0.95,1,4,7,5,1
9561,91810,-0.52,0,1,4,2,1
9562,91811,-1.01,0,0,3,1,1
9563,91826,2.55,1,8,11,15,1
9564,91846,3.9,1,11,14,20,1
9565,91866,5.55,1,14,17,20,1
9566,91867,-1.01,0,0,3,1,1
9567,91869,-0.52,0,1,4,2,1
9568,91874,0.4,1,3,6,5,1
9569,91876,-0.52,0,1,4,2,1
9570,91899,4.82,1,13,16,23,1
9571,91917,3.47,1,10,13,18,1
9572,91930,4.32,1,11,14,13,1
9573,91931,-1.01,0,0,3,1,1
9574,91951,5.0,1,13,16,20,1
9575,91959,1.87,1,6,9,8,1
9576,91988,4.46,1,13,16,29,1
9577,91997,2.36,1,7,10,9,1
9578,92011,3.16,1,9,12,14,1
9579,92037,4.64,1,13,16,26,1
9580,92041,0.46,1,3,6,4,1
9581,92044,-0.58,0,1,4,3,1
9582,92049,0.95,1,4,7,5,1
9583,92054,-0.15,0,2,5,5,1
9584,92059,0.4,1,3,6,5,1
9585,92060,-1.01,0,0,3,1,1
9586,92067,1.93,1,6,9,7,1
9587,92075,2.42,1,7,10,8,1
9588,92076,-1.01,0,0,3,1,1
9589,92084,1.32,1,5,8,8,1
9590,92107,4.27,1,12,15,23,1
9591,92108,-1.01,0,0,3,1,1
9592,92116,0.77,1,4,7,8,1
9593,92133,4.63,1,12,15,17,1
9594,92143,2.3,1,7,10,10,1
9595,92153,2.85,1,8,11,10,1
9596,92186,5.87,1,16,19,33,1
9597,92210,3.11,1,10,13,24,1
9598,92211,-1.01,0,0,3,1,1
9599,92245,6.91,1,18,21,34,1
9600,92272,4.03,1,12,15,27,1
9601,92273,-1.01,0,0,3,1,1
9602,92288,2.0,1,7,10,15,1
9603,92293,0.95,1,4,7,5,1
9604,92306,2.12,1,7,10,13,1
9605,92307,-1.01,0,0,3,1,1
9606,92308,-1.01,0,0,3,1,1
9607,92309,-1.01,0,0,3,1,1
9608,92334,4.15,1,12,15,25,1
9609,92336,-0.52,0,1,4,2,1
9610,92345,1.81,1,6,9,9,1
9611,92351,0.89,1,4,7,6,1
9612,92353,-0.52,0,1,4,2,1
9613,92365,1.63,1,6,9,12,1
9614,92373,0.77,1,4,7,8,1
9615,92379,1.44,1,5,8,6,1
9616,92405,4.64,1,13,16,26,1
9617,92411,0.89,1,4,7,6,1
9618,92428,4.08,1,11,14,17,1
9619,92438,2.3,1,7,10,10,1
9620,92442,0.46,1,3,6,4,1
9621,92444,-0.52,0,1,4,2,1
9622,92454,1.75,1,6,9,10,1
9623,92461,0.83,1,4,7,7,1
9624,92462,-1.01,0,0,3,1,1
9625,92466,0.46,1,3,6,4,1
9626,92480,3.16,1,9,12,14,1
9627,92484,0.46,1,3,6,4,1
9628,92496,3.28,1,9,12,12,1
9629,92509,1.57,1,6,9,13,1
9630,92511,-0.52,0,1,4,2,1
9631,92515,0.46,1,3,6,4,1
9632,92523,1.87,1,6,9,8,1
9633,92528,0.95,1,4,7,5,1
9634,92529,-1.01,0,0,3,1,1
9635,92530,-1.01,0,0,3,1,1
9636,92539,1.81,1,6,9,9,1
9637,92548,1.81,1,6,9,9,1
9638,92566,5.67,1,14,17,18,1
9639,92586,3.35,1,10,13,20,1
9640,92600,2.61,1,8,11,14,1
9641,92603,-0.03,0,2,5,3,1
9642,92604,-1.01,0,0,3,1,1
9643,92610,0.89,1,4,7,6,1
9644,92637,5.13,1,14,17,27,1
9645,92639,-0.52,0,1,4,2,1
9646,92641,-0.52,0,1,4,2,1
9647,92649,2.42,1,7,10,8,1
9648,92654,0.95,1,4,7,5,1
9649,92657,-0.03,0,2,5,3,1
9650,92658,-1.01,0,0,3,1,1
9651,92671,2.12,1,7,10,13,1
9652,92691,3.35,1,10,13,20,1
9653,92701,1.75,1,6,9,10,1
9654,92707,1.44,1,5,8,6,1
9655,92728,4.39,1,12,15,21,1
9656,92731,-0.58,0,1,4,3,1
9657,92753,3.78,1,11,14,22,1
9658,92800,6.13,1,18,21,47,1
9659,92808,1.32,1,5,8,8,1
9660,92826,4.02,1,11,14,18,1
9661,92844,4.02,1,11,14,18,1
9662,92862,2.92,1,9,12,18,1
9663,92874,1.63,1,6,9,12,1
9664,92875,-1.01,0,0,3,1,1
9665,92943,5.97,1,20,23,68,1
9666,92951,1.87,1,6,9,8,1
9667,92955,0.46,1,3,6,4,1
9668,92960,0.95,1,4,7,5,1
9669,92981,3.84,1,11,14,21,1
9670,92982,-1.01,0,0,3,1,1
9671,92984,-0.52,0,1,4,2,1
9672,92987,-0.03,0,2,5,3,1
9673,92990,-0.03,0,2,5,3,1
9674,92999,1.81,1,6,9,9,1
9675,93002,-0.03,0,2,5,3,1
9676,93018,4.14,1,11,14,16,1
9677,93022,0.46,1,3,6,4,1
9678,93040,4.02,1,11,14,18,1
9679,93042,-0.52,0,1,4,2,1
9680,93044,-0.52,0,1,4,2,1
9681,93045,-1.01,0,0,3,1,1
9682,93057,2.73,1,8,11,12,1
9683,93062,0.4,1,3,6,5,1
9684,93068,1.44,1,5,8,6,1
9685,93073,0.4,1,3,6,5,1
9686,93083,2.3,1,7,10,10,1
9687,93084,-1.01,0,0,3,1,1
9688,93085,-1.01,0,0,3,1,1
9689,93095,2.85,1,8,11,10,1
9690,93110,4.75,1,12,15,15,1
9691,93115,0.95,1,4,7,5,1
9692,93118,-0.03,0,2,5,3,1
9693,93126,1.87,1,6,9,8,1
9694,93134,0.77,1,4,7,8,1
9695,93135,-1.01,0,0,3,1,1
9696,93142,1.38,1,5,8,7,1
9697,93152,2.3,1,7,10,10,1
9698,93177,5.25,1,14,17,25,1
9699,93182,0.4,1,3,6,5,1
9700,93206,6.96,1,17,20,24,1
9701,93212,0.34,1,3,6,6,1
9702,93227,3.65,1,10,13,15,1
9703,93266,6.06,1,17,20,39,1
9704,93268,-0.52,0,1,4,2,1
9705,93270,-0.52,0,1,4,2,1
9706,93276,1.44,1,5,8,6,1
9707,93285,1.26,1,5,8,9,1
9708,93292,1.93,1,6,9,7,1
9709,93293,-1.01,0,0,3,1,1
9710,93301,1.87,1,6,9,8,1
9711,93303,-0.52,0,1,4,2,1
9712,93312,2.36,1,7,10,9,1
9713,93317,0.4,1,3,6,5,1
9714,93327,2.3,1,7,10,10,1
9715,93331,-0.09,0,2,5,4,1
9716,93347,3.04,1,9,12,16,1
9717,93355,0.77,1,4,7,8,1
9718,93362,1.38,1,5,8,7,1
9719,93371,1.26,1,5,8,9,1
9720,93391,4.45,1,12,15,20,1
9721,93396,0.4,1,3,6,5,1
9722,93439,6.92,1,19,22,43,1
9723,93443,0.46,1,3,6,4,1
9724,93453,2.3,1,7,10,10,1
9725,93455,-0.52,0,1,4,2,1
9726,93463,1.32,1,5,8,8,1
9727,93486,5.92,1,15,18,23,1
9728,93496,2.85,1,8,11,10,1
9729,93504,1.87,1,6,9,8,1
9730,93509,0.4,1,3,6,5,1
9731,93513,0.46,1,3,6,4,1
9732,93517,0.46,1,3,6,4,1
9733,93519,-0.52,0,1,4,2,1
9734,93546,6.23,1,16,19,27,1
9735,93559,3.77,1,10,13,13,1
9736,93565,0.89,1,4,7,6,1
9737,93575,1.75,1,6,9,10,1
9738,93596,4.94,1,13,16,21,1
9739,93606,2.85,1,8,11,10,1
9740,93608,-0.52,0,1,4,2,1
9741,93610,-0.52,0,1,4,2,1
9742,93640,4.95,1,14,17,30,1
9743,93650,2.3,1,7,10,10,1
9744,93651,-1.01,0,0,3,1,1
9745,93652,-1.01,0,0,3,1,1
9746,93662,1.75,1,6,9,10,1
9747,93666,0.46,1,3,6,4,1
9748,93702,6.24,1,17,20,36,1
9749,93704,-0.52,0,1,4,2,1
9750,93717,1.57,1,6,9,13,1
9751,93720,-0.03,0,2,5,3,1
9752,93724,0.46,1,3,6,4,1
9753,93735,2.79,1,8,11,11,1
9754,93757,3.78,1,11,14,22,1
9755,93782,4.15,1,12,15,25,1
9756,93787,0.4,1,3,6,5,1
9757,93797,2.85,1,8,11,10,1
9758,93804,1.93,1,6,9,7,1
9759,93819,3.1,1,9,12,15,1
9760,93835,3.04,1,9,12,16,1
9761,93836,-1.01,0,0,3,1,1
9762,93889,6.87,1,20,23,53,1
9763,93897,1.32,1,5,8,8,1
9764,93898,-1.01,0,0,3,1,1
9765,93900,-0.52,0,1,4,2,1
9766,93902,-0.52,0,1,4,2,1
9767,93903,-1.01,0,0,3,1,1
9768,93906,-0.03,0,2,5,3,1
9769,93920,3.16,1,9,12,14,1
9770,93923,-0.03,0,2,5,3,1
9771,93931,1.87,1,6,9,8,1
9772,93938,1.93,1,6,9,7,1
9773,93957,4.51,1,12,15,19,1
9774,93968,3.34,1,9,12,11,1
9775,93979,2.79,1,8,11,11,1
9776,94012,6.42,1,17,20,33,1
9777,94018,1.44,1,5,8,6,1
9778,94019,-1.01,0,0,3,1,1
9779,94035,3.59,1,10,13,16,1
9780,94060,4.15,1,12,15,25,1
9781,94068,1.87,1,6,9,8,1
9782,94076,1.32,1,5,8,8,1
9783,94081,0.95,1,4,7,5,1
9784,94114,5.32,1,15,18,33,1
9785,94127,2.12,1,7,10,13,1
9786,94140,3.22,1,9,12,13,1
9787,94155,3.1,1,9,12,15,1
9788,94157,-0.52,0,1,4,2,1
9789,94164,1.93,1,6,9,7,1
9790,94166,-0.52,0,1,4,2,1
9791,94178,3.28,1,9,12,12,1
9792,94183,0.4,1,3,6,5,1
9793,94187,0.46,1,3,6,4,1
9794,94209,4.88,1,13,16,22,1
9795,94216,1.93,1,6,9,7,1
9796,94218,-0.52,0,1,4,2,1
9797,94223,0.4,1,3,6,5,1
9798,94225,-0.52,0,1,4,2,1
9799,94238,3.77,1,10,13,13,1
9800,94242,0.46,1,3,6,4,1
9801,94250,1.32,1,5,8,8,1
9802,94257,1.38,1,5,8,7,1
9803,94279,3.78,1,11,14,22,1
9804,94281,-0.52,0,1,4,2,1
9805,94315,5.81,1,16,19,34,1
9806,94316,-1.01,0,0,3,1,1
9807,94324,0.77,1,4,7,8,1
9808,94352,7.27,1,18,21,28,1
9809,94357,0.4,1,3,6,5,1
9810,94360,-0.03,0,2,5,3,1
9811,94361,-1.01,0,0,3,1,1
9812,94363,-0.52,0,1,4,2,1
9813,94372,2.36,1,7,10,9,1
9814,94373,-1.01,0,0,3,1,1
9815,94381,1.87,1,6,9,8,1
9816,94391,2.85,1,8,11,10,1
9817,94392,-1.01,0,0,3,1,1
9818,94408,4.14,1,11,14,16,1
9819,94413,0.95,1,4,7,5,1
9820,94437,5.31,1,14,17,24,1
9821,94443,0.89,1,4,7,6,1
9822,94458,4.2,1,11,14,15,1
9823,94464,1.44,1,5,8,6,1
9824,94480,4.14,1,11,14,16,1
9825,94481,-1.01,0,0,3,1,1
9826,94490,1.81,1,6,9,9,1
9827,94503,3.77,1,10,13,13,1
9828,94505,-0.52,0,1,4,2,1
9829,94507,-0.52,0,1,4,2,1
9830,94516,1.81,1,6,9,9,1
9831,94525,1.81,1,6,9,9,1
9832,94526,-1.01,0,0,3,1,1
9833,94529,-0.03,0,2,5,3,1
9834,94537,1.87,1,6,9,8,1
9835,94557,3.9,1,11,14,20,1
9836,94578,6.04,1,15,18,21,1
9837,94585,1.93,1,6,9,7,1
9838,94595,1.75,1,6,9,10,1
9839,94603,1.87,1,6,9,8,1
9840,94607,0.46,1,3,6,4,1
9841,94614,1.93,1,6,9,7,1
9842,94616,-0.52,0,1,4,2,1
9843,94617,-1.01,0,0,3,1,1
9844,94620,-0.03,0,2,5,3,1
9845,94629,1.81,1,6,9,9,1
9846,94642,2.12,1,7,10,13,1
9847,94651,1.81,1,6,9,9,1
9848,94654,-0.03,0,2,5,3,1
9849,94655,-1.01,0,0,3,1,1
9850,94679,4.76,1,13,16,24,1
9851,94685,0.89,1,4,7,6,1
9852,94687,-0.52,0,1,4,2,1
9853,94693,0.89,1,4,7,6,1
9854,94704,2.24,1,7,10,11,1
9855,94706,-0.52,0,1,4,2,1
9856,94718,2.73,1,8,11,12,1
9857,94733,3.1,1,9,12,15,1
9858,94739,0.89,1,4,7,6,1
9859,94742,-0.03,0,2,5,3,1
9860,94748,0.89,1,4,7,6,1
9861,94755,0.83,1,4,7,7,1
9862,94757,-0.52,0,1,4,2,1
9863,94787,6.6,1,17,20,30,1
9864,94808,3.84,1,11,14,21,1
9865,94815,0.28,1,3,6,7,1
9866,94838,4.27,1,12,15,23,1
9867,94861,4.82,1,13,16,23,1
9868,94862,-1.01,0,0,3,1,1
9869,94868,1.44,1,5,8,6,1
9870,94883,3.1,1,9,12,15,1
9871,94888,0.95,1,4,7,5,1
9872,94890,-0.52,0,1,4,2,1
9873,94904,3.16,1,9,12,14,1
9874,94914,2.3,1,7,10,10,1
9875,94915,-1.01,0,0,3,1,1
9876,94916,-1.01,0,0,3,1,1
9877,94921,0.95,1,4,7,5,1
9878,94927,0.34,1,3,6,6,1
9879,94932,0.4,1,3,6,5,1
9880,94938,1.44,1,5,8,6,1
9881,94985,7.23,1,20,23,47,1
9882,95007,5.43,1,14,17,22,1
9883,95011,0.46,1,3,6,4,1
9884,95019,1.87,1,6,9,8,1
9885,95022,-0.03,0,2,5,3,1
9886,95029,1.93,1,6,9,7,1
9887,95030,-1.01,0,0,3,1,1
9888,95034,0.46,1,3,6,4,1
9889,95035,-1.01,0,0,3,1,1
9890,95042,0.83,1,4,7,7,1
9891,95043,-1.01,0,0,3,1,1
9892,95057,3.16,1,9,12,14,1
9893,95060,-0.03,0,2,5,3,1
9894,95076,3.04,1,9,12,16,1
9895,95088,3.28,1,9,12,12,1
9896,95095,1.93,1,6,9,7,1
9897,95100,0.95,1,4,7,5,1
9898,95106,0.89,1,4,7,6,1
9899,95117,2.79,1,8,11,11,1
9900,95119,-0.52,0,1,4,2,1
9901,95124,0.4,1,3,6,5,1
9902,95127,-0.03,0,2,5,3,1
9903,95133,0.89,1,4,7,6,1
9904,95148,3.1,1,9,12,15,1
9905,95149,-1.01,0,0,3,1,1
9906,95157,0.22,1,3,6,8,1
9907,95169,2.18,1,7,10,12,1
9908,95193,4.76,1,13,16,24,1
9909,95207,3.16,1,9,12,14,1
9910,95214,1.38,1,5,8,7,1
9911,95219,0.4,1,3,6,5,1
9912,95220,-1.01,0,0,3,1,1
9913,95232,2.18,1,7,10,12,1
9914,95246,2.06,1,7,10,14,1
9915,95248,-0.52,0,1,4,2,1
9916,95250,-0.52,0,1,4,2,1
9917,95255,0.4,1,3,6,5,1
9918,95257,-0.52,0,1,4,2,1
9919,95275,4.02,1,11,14,18,1
9920,95276,-1.01,0,0,3,1,1
9921,95287,2.24,1,7,10,11,1
9922,95310,5.37,1,14,17,23,1
9923,95316,-0.21,0,2,5,6,1
9924,95336,3.9,1,11,14,20,1
9925,95400,5.66,1,19,22,64,1
9926,95402,-0.52,0,1,4,2,1
9927,95414,2.18,1,7,10,12,1
9928,95415,-1.01,0,0,3,1,1
9929,95429,3.16,1,9,12,14,1
9930,95434,0.95,1,4,7,5,1
9931,95457,5.92,1,15,18,23,1
9932,95464,1.38,1,5,8,7,1
9933,95491,3.48,1,11,14,27,1
9934,95495,0.46,1,3,6,4,1
9935,95499,0.46,1,3,6,4,1
9936,95511,2.73,1,8,11,12,1
9937,95517,0.89,1,4,7,6,1
9938,95519,-0.52,0,1,4,2,1
9939,95538,3.41,1,10,13,19,1
9940,95552,3.71,1,10,13,14,1
9941,95556,0.46,1,3,6,4,1
9942,95576,2.8,1,9,12,20,1
9943,95587,2.79,1,8,11,11,1
9944,95603,4.14,1,11,14,16,1
9945,95604,-1.01,0,0,3,1,1
9946,95621,2.98,1,9,12,17,1
9947,95625,0.46,1,3,6,4,1
9948,95626,-1.01,0,0,3,1,1
9949,95647,6.59,1,16,19,21,1
9950,95649,-0.52,0,1,4,2,1
9951,95651,-0.52,0,1,4,2,1
9952,95712,5.29,1,18,21,61,1
9953,95714,-0.52,0,1,4,2,1
9954,95718,0.46,1,3,6,4,1
9955,95726,1.87,1,6,9,8,1
9956,95734,1.87,1,6,9,8,1
9957,95741,1.38,1,5,8,7,1
9958,95743,-0.52,0,1,4,2,1
9959,95745,-0.52,0,1,4,2,1
9960,95749,0.46,1,3,6,4,1
9961,95751,-0.52,0,1,4,2,1
9962,95764,3.77,1,10,13,13,1
9963,95768,0.46,1,3,6,4,1
9964,95769,-1.01,0,0,3,1,1
9965,95788,5.61,1,14,17,19,1
9966,95789,-1.01,0,0,3,1,1
9967,95795,0.89,1,4,7,6,1
9968,95812,4.08,1,11,14,17,1
9969,95825,3.77,1,10,13,13,1
9970,95851,6.84,1,17,20,26,1
9971,95855,-0.09,0,2,5,4,1
9972,95859,0.46,1,3,6,4,1
9973,95874,2.55,1,8,11,15,1
9974,95886,4.38,1,11,14,12,1
9975,95891,0.4,1,3,6,5,1
9976,95897,0.89,1,4,7,6,1
9977,95900,-0.03,0,2,5,3,1
9978,95905,0.4,1,3,6,5,1
9979,95929,5.31,1,14,17,24,1
9980,95932,-0.03,0,2,5,3,1
9981,95940,1.32,1,5,8,8,1
9982,95954,2.06,1,7,10,14,1
9983,95965,3.34,1,9,12,11,1
9984,95970,0.4,1,3,6,5,1
9985,95979,1.81,1,6,9,9,1
9986,95987,1.87,1,6,9,8,1
9987,95996,2.36,1,7,10,9,1
9988,95997,-1.01,0,0,3,1,1
9989,96000,-0.03,0,2,5,3,1
9990,96029,3.91,1,12,15,29,1
9991,96041,1.63,1,6,9,12,1
9992,96043,-0.52,0,1,4,2,1
9993,96083,6.0,1,17,20,40,1
9994,96098,3.65,1,10,13,15,1
9995,96100,-0.52,0,1,4,2,1
9996,96105,0.95,1,4,7,5,1
9997,96112,1.93,1,6,9,7,1
9998,96115,-0.03,0,2,5,3,1
9999,96116,-1.01,0,0,3,1,1
10000,96137,4.39,1,12,15,21,1
10001,96142,0.4,1,3,6,5,1
10002,96151,2.36,1,7,10,9,1
10003,96164,3.77,1,10,13,13,1
10004,96167,-0.03,0,2,5,3,1
10005,96183,2.49,1,8,11,16,1
10006,96216,5.32,1,15,18,33,1
10007,96235,4.51,1,12,15,19,1
10008,96268,4.77,1,14,17,33,1
10009,96270,-0.52,0,1,4,2,1
10010,96280,2.3,1,7,10,10,1
10011,96295,3.65,1,10,13,15,1
10012,96301,1.44,1,5,8,6,1
10013,96302,-1.01,0,0,3,1,1
10014,96322,4.45,1,12,15,20,1
10015,96323,-1.01,0,0,3,1,1
10016,96325,-0.52,0,1,4,2,1
10017,96339,3.16,1,9,12,14,1
10018,96341,-0.52,0,1,4,2,1
10019,96354,1.02,1,5,8,13,1
10020,96358,0.46,1,3,6,4,1
10021,96364,1.44,1,5,8,6,1
10022,96372,1.87,1,6,9,8,1
10023,96374,-0.52,0,1,4,2,1
10024,96380,1.44,1,5,8,6,1
10025,96383,-0.03,0,2,5,3,1
10026,96391,2.42,1,7,10,8,1
10027,96393,-0.52,0,1,4,2,1
10028,96400,1.38,1,5,8,7,1
10029,96408,2.42,1,7,10,8,1
10030,96409,-1.01,0,0,3,1,1
10031,96410,-1.01,0,0,3,1,1
10032,96427,4.08,1,11,14,17,1
10033,96451,4.76,1,13,16,24,1
10034,96462,2.24,1,7,10,11,1
10035,96472,1.75,1,6,9,10,1
10036,96474,-0.52,0,1,4,2,1
10037,96486,3.28,1,9,12,12,1
10038,96495,2.36,1,7,10,9,1
10039,96498,-0.03,0,2,5,3,1
10040,96499,-1.01,0,0,3,1,1
10041,96506,1.38,1,5,8,7,1
10042,96510,0.46,1,3,6,4,1
10043,96552,6.43,1,18,21,42,1
10044,96554,-0.52,0,1,4,2,1
10045,96556,-0.52,0,1,4,2,1
10046,96564,2.42,1,7,10,8,1
10047,96580,3.59,1,10,13,16,1
10048,96590,1.75,1,6,9,10,1
10049,96607,3.53,1,10,13,17,1
10050,96610,-0.03,0,2,5,3,1
10051,96622,4.38,1,11,14,12,1
10052,96640,4.57,1,12,15,18,1
10053,96647,1.38,1,5,8,7,1
10054,96652,0.95,1,4,7,5,1
10055,96670,2.92,1,9,12,18,1
10056,96671,-1.01,0,0,3,1,1
10057,96687,1.94,1,7,10,16,1
10058,96689,-0.52,0,1,4,2,1
10059,96693,0.46,1,3,6,4,1
10060,96712,3.96,1,11,14,19,1
10061,96718,0.89,1,4,7,6,1
10062,96719,-1.01,0,0,3,1,1
10063,96729,2.3,1,7,10,10,1
10064,96751,5.98,1,15,18,22,1
10065,96761,2.3,1,7,10,10,1
10066,96772,2.79,1,8,11,11,1
10067,96773,-1.01,0,0,3,1,1
10068,96789,4.69,1,12,15,16,1
10069,96793,0.46,1,3,6,4,1
10070,96794,-1.01,0,0,3,1,1
10071,96796,-0.52,0,1,4,2,1
10072,96797,-1.01,0,0,3,1,1
10073,96799,-0.52,0,1,4,2,1
10074,96811,3.83,1,10,13,12,1
10075,96812,-1.01,0,0,3,1,1
10076,96837,5.25,1,14,17,25,1
10077,96841,0.46,1,3,6,4,1
10078,96845,0.46,1,3,6,4,1
10079,96853,1.32,1,5,8,8,1
10080,96856,-0.03,0,2,5,3,1
10081,96866,1.75,1,6,9,10,1
10082,96870,-0.09,0,2,5,4,1
10083,96871,-1.01,0,0,3,1,1
10084,96874,-0.03,0,2,5,3,1
10085,96899,4.7,1,13,16,25,1
10086,96904,0.4,1,3,6,5,1
10087,96917,2.67,1,8,11,13,1
10088,96921,-0.09,0,2,5,4,1
10089,96923,-0.52,0,1,4,2,1
10090,96930,1.93,1,6,9,7,1
10091,96940,1.75,1,6,9,10,1
10092,96945,0.95,1,4,7,5,1
10093,96998,6.87,1,20,23,53,1
10094,97007,1.81,1,6,9,9,1
10095,97013,0.89,1,4,7,6,1
10096,97019,0.89,1,4,7,6,1
10097,97042,4.82,1,13,16,23,1
10098,97058,3.04,1,9,12,16,1
10099,97061,-0.03,0,2,5,3,1
10100,97079,2.92,1,9,12,18,1
10101,97101,3.78,1,11,14,22,1
10102,97109,1.32,1,5,8,8,1
10103,97113,0.46,1,3,6,4,1
10104,97121,2.42,1,7,10,8,1
10105,97124,-0.03,0,2,5,3,1
10106,97129,0.4,1,3,6,5,1
10107,97152,5.37,1,14,17,23,1
10108,97174,5.43,1,14,17,22,1
10109,97195,4.94,1,13,16,21,1
10110,97209,2.61,1,8,11,14,1
10111,97229,4.45,1,12,15,20,1
10112,97244,4.75,1,12,15,15,1
10113,97247,-0.58,0,1,4,3,1
10114,97249,-0.52,0,1,4,2,1
10115,97252,-0.03,0,2,5,3,1
10116,97271,3.41,1,10,13,19,1
10117,97274,-0.03,0,2,5,3,1
10118,97276,-0.52,0,1,4,2,1
10119,97306,6.05,1,16,19,30,1
10120,97310,0.46,1,3,6,4,1
10121,97324,3.16,1,9,12,14,1
10122,97329,0.4,1,3,6,5,1
10123,97335,0.34,1,3,6,6,1
10124,97340,0.95,1,4,7,5,1
10125,97358,4.02,1,11,14,18,1
10126,97374,4.14,1,11,14,16,1
10127,97375,-1.01,0,0,3,1,1
10128,97390,3.65,1,10,13,15,1
10129,97397,1.38,1,5,8,7,1
10130,97398,-1.01,0,0,3,1,1
10131,97404,1.44,1,5,8,6,1
10132,97406,-0.52,0,1,4,2,1
10133,97412,0.89,1,4,7,6,1
10134,97418,0.34,1,3,6,6,1
10135,97433,3.65,1,10,13,15,1
10136,97436,-0.03,0,2,5,3,1
10137,97437,-1.01,0,0,3,1,1
10138,97443,-0.21,0,2,5,6,1
10139,97449,1.44,1,5,8,6,1
10140,97458,1.81,1,6,9,9,1
10141,97461,-0.03,0,2,5,3,1
10142,97462,-1.01,0,0,3,1,1
10143,97472,1.75,1,6,9,10,1
10144,97473,-1.01,0,0,3,1,1
10145,97475,-0.52,0,1,4,2,1
10146,97480,0.4,1,3,6,5,1
10147,97487,1.93,1,6,9,7,1
10148,97503,2.49,1,8,11,16,1
10149,97543,7.1,1,19,22,40,1
10150,97550,1.93,1,6,9,7,1
10151,97562,2.73,1,8,11,12,1
10152,97597,5.2,1,15,18,35,1
10153,97601,0.46,1,3,6,4,1
10154,97611,1.75,1,6,9,10,1
10155,97617,0.89,1,4,7,6,1
10156,97618,-1.01,0,0,3,1,1
10157,97632,1.51,1,6,9,14,1
10158,97645,2.67,1,8,11,13,1
10159,97648,-0.03,0,2,5,3,1
10160,97653,0.4,1,3,6,5,1
10161,97663,2.3,1,7,10,10,1
10162,97665,-0.52,0,1,4,2,1
10163,97668,-0.03,0,2,5,3,1
10164,97677,2.91,1,8,11,9,1
10165,97679,-0.52,0,1,4,2,1
10166,97683,-0.09,0,2,5,4,1
10167,97686,-0.03,0,2,5,3,1
10168,97696,2.3,1,7,10,10,1
10169,97697,-1.01,0,0,3,1,1
10170,97709,2.18,1,7,10,12,1
10171,97721,2.73,1,8,11,12,1
10172,97724,-0.58,0,1,4,3,1
10173,97729,0.4,1,3,6,5,1
10174,97740,3.34,1,9,12,11,1
10175,97744,0.46,1,3,6,4,1
10176,97754,2.85,1,8,11,10,1
10177,97784,4.95,1,14,17,30,1
10178,97796,2.18,1,7,10,12,1
10179,97806,1.75,1,6,9,10,1
10180,97845,5.51,1,16,19,39,1
10181,97847,-0.52,0,1,4,2,1
10182,97851,0.46,1,3,6,4,1
10183,97874,2.62,1,9,12,23,1
10184,97879,0.95,1,4,7,5,1
10185,97886,0.83,1,4,7,7,1
10186,97888,-0.52,0,1,4,2,1
10187,97892,0.46,1,3,6,4,1
10188,97909,4.63,1,12,15,17,1
10189,97914,0.95,1,4,7,5,1
10190,97917,-0.03,0,2,5,3,1
10191,97930,2.12,1,7,10,13,1
10192,97935,0.4,1,3,6,5,1
10193,97945,1.75,1,6,9,10,1
10194,97962,4.08,1,11,14,17,1
10195,97964,-0.52,0,1,4,2,1
10196,97972,1.87,1,6,9,8,1
10197,98018,5.09,1,16,19,46,1
10198,98020,-0.52,0,1,4,2,1
10199,98031,3.34,1,9,12,11,1
10200,98038,1.93,1,6,9,7,1
10201,98053,3.65,1,10,13,15,1
10202,98054,-1.01,0,0,3,1,1
10203,98070,4.14,1,11,14,16,1
10204,98074,0.46,1,3,6,4,1
10205,98075,-1.01,0,0,3,1,1
10206,98081,1.44,1,5,8,6,1
10207,98113,4.28,1,13,16,32,1
10208,98118,0.4,1,3,6,5,1
10209,98121,-0.03,0,2,5,3,1
10210,98131,1.75,1,6,9,10,1
10211,98154,3.72,1,11,14,23,1
10212,98161,0.83,1,4,7,7,1
10213,98176,2.0,1,7,10,15,1
10214,98201,5.25,1,14,17,25,1
10215,98203,-0.52,0,1,4,2,1
10216,98244,4.29,1,14,17,41,1
10217,98260,4.69,1,12,15,16,1
10218,98263,-0.03,0,2,5,3,1
10219,98280,4.63,1,12,15,17,1
10220,98281,-1.01,0,0,3,1,1
10221,98285,0.46,1,3,6,4,1
10222,98295,2.3,1,7,10,10,1
10223,98313,2.92,1,9,12,18,1
10224,98315,-0.52,0,1,4,2,1
10225,98322,1.38,1,5,8,7,1
10226,98332,3.4,1,9,12,10,1
10227,98339,0.83,1,4,7,7,1
10228,98349,0.65,1,4,7,10,1
10229,98356,1.38,1,5,8,7,1
10230,98363,1.38,1,5,8,7,1
10231,98368,0.4,1,3,6,5,1
10232,98405,5.08,1,15,18,37,1
10233,98410,0.95,1,4,7,5,1
10234,98422,2.18,1,7,10,12,1
10235,98434,2.73,1,8,11,12,1
10236,98461,6.78,1,17,20,27,1
10237,98467,0.89,1,4,7,6,1
10238,98468,-1.01,0,0,3,1,1
10239,98476,1.87,1,6,9,8,1
10240,98490,1.51,1,6,9,14,1
10241,98498,0.77,1,4,7,8,1
10242,98501,-0.03,0,2,5,3,1
10243,98503,-0.52,0,1,4,2,1
10244,98510,0.83,1,4,7,7,1
10245,98515,0.4,1,3,6,5,1
10246,98517,-0.52,0,1,4,2,1
10247,98520,-0.03,0,2,5,3,1
10248,98547,3.48,1,11,14,27,1
10249,98551,0.46,1,3,6,4,1
10250,98560,2.91,1,8,11,9,1
10251,98563,-0.03,0,2,5,3,1
10252,98592,5.56,1,15,18,29,1
10253,98595,-0.03,0,2,5,3,1
10254,98600,0.4,1,3,6,5,1
10255,98621,4.39,1,12,15,21,1
10256,98656,5.75,1,16,19,35,1
10257,98707,5.89,1,18,21,51,1
10258,98712,0.4,1,3,6,5,1
10259,98750,5.57,1,16,19,38,1
10260,98757,1.93,1,6,9,7,1
10261,98791,4.71,1,14,17,34,1
10262,98792,-1.01,0,0,3,1,1
10263,98797,-0.15,0,2,5,5,1
10264,98802,0.95,1,4,7,5,1
10265,98846,6.86,1,19,22,44,1
10266,98852,0.89,1,4,7,6,1
10267,98853,-1.01,0,0,3,1,1
10268,98866,3.22,1,9,12,13,1
10269,98877,2.79,1,8,11,11,1
10270,98883,0.89,1,4,7,6,1
10271,98891,2.42,1,7,10,8,1
10272,98896,0.4,1,3,6,5,1
10273,98899,-0.03,0,2,5,3,1
10274,98904,0.95,1,4,7,5,1
10275,98914,1.75,1,6,9,10,1
10276,98926,2.73,1,8,11,12,1
10277,98929,-0.03,0,2,5,3,1
10278,98930,-1.01,0,0,3,1,1
10279,98931,-1.01,0,0,3,1,1
10280,98935,-0.09,0,2,5,4,1
10281,98938,-0.03,0,2,5,3,1
10282,98939,-1.01,0,0,3,1,1
10283,98940,-1.01,0,0,3,1,1
10284,98942,-0.52,0,1,4,2,1
10285,98972,6.05,1,16,19,30,1
10286,98974,-0.52,0,1,4,2,1
10287,98995,4.39,1,12,15,21,1
10288,99007,2.18,1,7,10,12,1
10289,99023,4.69,1,12,15,16,1
10290,99028,0.95,1,4,7,5,1
10291,99044,3.59,1,10,13,16,1
10292,99045,-1.01,0,0,3,1,1
10293,99052,1.38,1,5,8,7,1
10294,99074,4.33,1,12,15,22,1
10295,99081,0.83,1,4,7,7,1
10296,99087,0.34,1,3,6,6,1
10297,99101,2.61,1,8,11,14,1
10298,99110,1.26,1,5,8,9,1
10299,99112,-0.52,0,1,4,2,1
10300,99122,1.75,1,6,9,10,1
10301,99124,-0.52,0,1,4,2,1
10302,99139,2.55,1,8,11,15,1
10303,99146,1.38,1,5,8,7,1
10304,99150,-0.09,0,2,5,4,1
10305,99163,2.67,1,8,11,13,1
10306,99179,3.59,1,10,13,16,1
10307,99188,1.81,1,6,9,9,1
10308,99197,1.81,1,6,9,9,1
10309,99215,3.47,1,10,13,18,1
10310,99232,3.53,1,10,13,17,1
10311,99240,1.32,1,5,8,8,1
10312,99254,3.16,1,9,12,14,1
10313,99258,0.46,1,3,6,4,1
10314,99259,-1.01,0,0,3,1,1
10315,99274,4.2,1,11,14,15,1
10316,99278,0.46,1,3,6,4,1
10317,99280,-0.52,0,1,4,2,1
10318,99282,-0.52,0,1,4,2,1
10319,99286,0.46,1,3,6,4,1
10320,99322,5.69,1,16,19,36,1
10321,99327,0.4,1,3,6,5,1
10322,99331,-0.09,0,2,5,4,1
10323,99334,-0.03,0,2,5,3,1
10324,99340,1.44,1,5,8,6,1
10325,99345,0.4,1,3,6,5,1
10326,99346,-1.01,0,0,3,1,1
10327,99368,5.43,1,14,17,22,1
10328,99401,5.87,1,16,19,33,1
10329,99411,0.65,1,4,7,10,1
10330,99417,0.34,1,3,6,6,1
10331,99434,1.88,1,7,10,17,1
10332,99461,5.13,1,14,17,27,1
10333,99492,5.99,1,16,19,31,1
10334,99495,-0.03,0,2,5,3,1
10335,99521,5.19,1,14,17,26,1
10336,99526,0.95,1,4,7,5,1
10337,99537,2.79,1,8,11,11,1
10338,99611,6.16,1,21,24,74,1
10339,99615,0.46,1,3,6,4,1
10340,99616,-1.01,0,0,3,1,1
10341,99651,6.85,1,18,21,35,1
10342,99654,-0.58,0,1,4,3,1
10343,99666,2.73,1,8,11,12,1
10344,99669,-0.03,0,2,5,3,1
10345,99674,0.95,1,4,7,5,1
10346,99688,4.26,1,11,14,14,1
10347,99691,-0.03,0,2,5,3,1
10348,99693,-0.52,0,1,4,2,1
10349,99705,2.18,1,7,10,12,1
10350,99708,-0.03,0,2,5,3,1
10351,99713,0.95,1,4,7,5,1
10352,99718,-0.15,0,2,5,5,1
10353,99726,1.32,1,5,8,8,1
10354,99732,1.44,1,5,8,6,1
10355,99743,1.14,1,5,8,11,1
10356,99745,-0.52,0,1,4,2,1
10357,99746,-1.01,0,0,3,1,1
10358,99747,-1.01,0,0,3,1,1
10359,99764,3.53,1,10,13,17,1
10360,99767,-0.03,0,2,5,3,1
10361,99772,0.95,1,4,7,5,1
10362,99774,-0.52,0,1,4,2,1
10363,99793,3.41,1,10,13,19,1
10364,99795,-0.52,0,1,4,2,1
10365,99802,0.28,1,3,6,7,1
10366,99803,-1.01,0,0,3,1,1
10367,99829,4.09,1,12,15,26,1
10368,99830,-1.01,0,0,3,1,1
10369,99832,-0.52,0,1,4,2,1
10370,99877,6.25,1,18,21,45,1
10371,99893,4.69,1,12,15,16,1
10372,99926,3.67,1,12,15,33,1
10373,99929,-0.03,0,2,5,3,1
10374,99932,-0.03,0,2,5,3,1
10375,99934,-0.52,0,1,4,2,1
10376,99937,-0.03,0,2,5,3,1
10377,99938,-1.01,0,0,3,1,1
10378,99957,3.41,1,10,13,19,1
10379,99973,3.59,1,10,13,16,1
10380,99990,2.98,1,9,12,17,1
10381,100028,5.02,1,15,18,38,1
10382,100040,2.73,1,8,11,12,1
10383,100046,0.89,1,4,7,6,1
10384,100051,0.95,1,4,7,5,1
10385,100052,-1.01,0,0,3,1,1
10386,100063,2.79,1,8,11,11,1
10387,100067,0.46,1,3,6,4,1
10388,100071,0.46,1,3,6,4,1
10389,100081,1.2,1,5,8,10,1
10390,100082,-1.01,0,0,3,1,1
10391,100089,1.38,1,5,8,7,1
10392,100092,-0.03,0,2,5,3,1
10393,100094,-0.52,0,1,4,2,1
10394,100095,-1.01,0,0,3,1,1
10395,100121,4.09,1,12,15,26,1
10396,100130,2.36,1,7,10,9,1
10397,100135,0.4,1,3,6,5,1
10398,100138,-0.03,0,2,5,3,1
10399,100147,1.81,1,6,9,9,1
10400,100164,3.53,1,10,13,17,1
10401,100195,5.99,1,16,19,31,1
10402,100197,-0.52,0,1,4,2,1
10403,100206,2.91,1,8,11,9,1
10404,100222,2.49,1,8,11,16,1
10405,100225,-0.03,0,2,5,3,1
10406,100227,-0.52,0,1,4,2,1
10407,100249,5.43,1,14,17,22,1
10408,100269,3.9,1,11,14,20,1
10409,100282,3.77,1,10,13,13,1
10410,100291,1.81,1,6,9,9,1
10411,100301,2.3,1,7,10,10,1
10412,100306,-0.15,0,2,5,5,1
10413,100331,4.15,1,12,15,25,1
10414,100335,0.46,1,3,6,4,1
10415,100339,0.46,1,3,6,4,1
10416,100351,2.18,1,7,10,12,1
10417,100355,-0.09,0,2,5,4,1
10418,100378,4.82,1,13,16,23,1
10419,100380,-0.52,0,1,4,2,1
10420,100386,1.44,1,5,8,6,1
10421,100387,-1.01,0,0,3,1,1
10422,100392,0.95,1,4,7,5,1
10423,100404,3.28,1,9,12,12,1
10424,100431,5.68,1,15,18,27,1
10425,100435,-0.09,0,2,5,4,1
10426,100438,-0.03,0,2,5,3,1
10427,100459,5.49,1,14,17,21,1
10428,100479,2.8,1,9,12,20,1
10429,100489,2.3,1,7,10,10,1
10430,100495,0.89,1,4,7,6,1
10431,100496,-1.01,0,0,3,1,1
10432,100499,-0.03,0,2,5,3,1
10433,100501,-0.52,0,1,4,2,1
10434,100507,1.44,1,5,8,6,1
10435,100518,2.79,1,8,11,11,1
10436,100533,3.65,1,10,13,15,1
10437,100555,4.33,1,12,15,22,1
10438,100567,2.18,1,7,10,12,1
10439,100568,-1.01,0,0,3,1,1
10440,100578,1.75,1,6,9,10,1
10441,100585,0.83,1,4,7,7,1
10442,100587,-0.52,0,1,4,2,1
10443,100622,4.65,1,14,17,35,1
10444,100624,-0.52,0,1,4,2,1
10445,100625,-1.01,0,0,3,1,1
10446,100626,-1.01,0,0,3,1,1
10447,100641,2.55,1,8,11,15,1
10448,100659,4.57,1,12,15,18,1
10449,100664,-0.15,0,2,5,5,1
10450,100665,-1.01,0,0,3,1,1
10451,100667,-0.52,0,1,4,2,1
10452,100669,-0.52,0,1,4,2,1
10453,100674,0.4,1,3,6,5,1
10454,100686,3.28,1,9,12,12,1
10455,100691,0.95,1,4,7,5,1
10456,100694,-0.03,0,2,5,3,1
10457,100698,0.46,1,3,6,4,1
10458,100712,4.26,1,11,14,14,1
10459,100716,0.46,1,3,6,4,1
10460,100722,1.44,1,5,8,6,1
10461,100735,3.22,1,9,12,13,1
10462,100738,-0.03,0,2,5,3,1
10463,100739,-1.01,0,0,3,1,1
10464,100741,-0.52,0,1,4,2,1
10465,100743,-0.52,0,1,4,2,1
10466,100748,0.4,1,3,6,5,1
10467,100752,0.46,1,3,6,4,1
10468,100762,0.65,1,4,7,10,1
10469,100780,5.67,1,14,17,18,1
10470,100790,2.3,1,7,10,10,1
10471,100792,-0.52,0,1,4,2,1
10472,100794,-0.52,0,1,4,2,1
10473,100795,-1.01,0,0,3,1,1
10474,100797,-0.52,0,1,4,2,1
10475,100800,-0.03,0,2,5,3,1
10476,100801,-1.01,0,0,3,1,1
10477,100802,-1.01,0,0,3,1,1
10478,100849,11.28,1,22,25,47,0
10479,100861,2.73,1,8,11,12,1
10480,100869,1.32,1,5,8,8,1
10481,100872,-0.58,0,1,4,3,1
10482,100884,3.83,1,10,13,12,1
10483,100887,-0.03,0,2,5,3,1
10484,100890,-0.03,0,2,5,3,1
10485,100900,1.75,1,6,9,10,1
10486,100910,2.85,1,8,11,10,1
10487,100922,2.18,1,7,10,12,1
10488,100932,1.75,1,6,9,10,1
10489,100939,0.83,1,4,7,7,1
10490,100949,2.3,1,7,10,10,1
10491,100952,-0.03,0,2,5,3,1
10492,100960,2.42,1,7,10,8,1
10493,100961,-1.01,0,0,3,1,1
10494,100998,6.73,1,18,21,37,1
10495,101040,6.98,1,19,22,42,1
10496,101070,4.4,1,13,16,30,1
10497,101086,4.69,1,12,15,16,1
10498,101088,-0.52,0,1,4,2,1
10499,101089,-1.01,0,0,3,1,1
10500,101097,1.32,1,5,8,8,1
10501,101120,4.82,1,13,16,23,1
10502,101121,-1.01,0,0,3,1,1
10503,101139,4.02,1,11,14,18,1
10504,101145,0.89,1,4,7,6,1
10505,101148,-0.03,0,2,5,3,1
10506,101149,-1.01,0,0,3,1,1
10507,101150,-1.01,0,0,3,1,1
10508,101153,-0.03,0,2,5,3,1
10509,101161,2.42,1,7,10,8,1
10510,101162,-1.01,0,0,3,1,1
10511,101184,3.78,1,11,14,22,1
10512,101209,6.9,1,17,20,25,1
10513,101245,5.14,1,15,18,36,1
10514,101246,-1.01,0,0,3,1,1
10515,101255,1.26,1,5,8,9,1
10516,101258,-0.03,0,2,5,3,1
10517,101266,2.42,1,7,10,8,1
10518,101267,-1.01,0,0,3,1,1
10519,101272,0.95,1,4,7,5,1
10520,101273,-1.01,0,0,3,1,1
10521,101296,3.72,1,11,14,23,1
10522,101303,1.38,1,5,8,7,1
10523,101316,1.57,1,6,9,13,1
10524,101330,3.16,1,9,12,14,1
10525,101360,6.05,1,16,19,30,1
10526,101373,3.22,1,9,12,13,1
10527,101374,-1.01,0,0,3,1,1
10528,101423,7.11,1,20,23,49,1
10529,101424,-1.01,0,0,3,1,1
10530,101428,-0.09,0,2,5,4,1
10531,101433,0.95,1,4,7,5,1
10532,101451,4.57,1,12,15,18,1
10533,101463,1.63,1,6,9,12,1
10534,101503,5.45,1,16,19,40,1
10535,101517,3.71,1,10,13,14,1
10536,101518,-1.01,0,0,3,1,1
10537,101536,5.12,1,13,16,18,1
10538,101540,0.46,1,3,6,4,1
10539,101559,3.96,1,11,14,19,1
10540,101561,-0.52,0,1,4,2,1
10541,101591,4.95,1,14,17,30,1
10542,101604,2.67,1,8,11,13,1
10543,101605,-1.01,0,0,3,1,1
10544,101606,-1.01,0,0,3,1,1
10545,101610,0.46,1,3,6,4,1
10546,101635,4.7,1,13,16,25,1
10547,101655,4.45,1,12,15,20,1
10548,101666,1.69,1,6,9,11,1
10549,101671,0.95,1,4,7,5,1
10550,101675,0.46,1,3,6,4,1
10551,101678,-0.03,0,2,5,3,1
10552,101680,-0.52,0,1,4,2,1
10553,101725,4.6,1,15,18,45,1
10554,101727,-0.52,0,1,4,2,1
10555,101731,-0.09,0,2,5,4,1
10556,101738,1.38,1,5,8,7,1
10557,101739,-1.01,0,0,3,1,1
10558,101743,0.46,1,3,6,4,1
10559,101747,-0.09,0,2,5,4,1
10560,101775,4.52,1,13,16,28,1
10561,101779,0.46,1,3,6,4,1
10562,101797,3.47,1,10,13,18,1
10563,101825,4.52,1,13,16,28,1
10564,101826,-1.01,0,0,3,1,1
10565,101862,5.69,1,16,19,36,1
10566,101867,0.95,1,4,7,5,1
10567,101872,0.95,1,4,7,5,1
10568,101883,2.79,1,8,11,11,1
10569,101885,-0.52,0,1,4,2,1
10570,101911,4.64,1,13,16,26,1
10571,101917,1.44,1,5,8,6,1
10572,101920,-0.03,0,2,5,3,1
10573,101934,3.16,1,9,12,14,1
10574,101936,-0.52,0,1,4,2,1
10575,101943,1.93,1,6,9,7,1
10576,101948,0.95,1,4,7,5,1
10577,101952,0.46,1,3,6,4,1
10578,101959,1.93,1,6,9,7,1
10579,101960,-1.01,0,0,3,1,1
10580,101965,0.95,1,4,7,5,1
10581,101969,-0.09,0,2,5,4,1
10582,101979,1.75,1,6,9,10,1
10583,101989,1.2,1,5,8,10,1
10584,101991,-0.52,0,1,4,2,1
10585,101996,0.4,1,3,6,5,1
10586,102000,0.46,1,3,6,4,1
10587,102007,0.83,1,4,7,7,1
10588,102020,3.22,1,9,12,13,1
10589,102030,2.85,1,8,11,10,1
10590,102036,0.89,1,4,7,6,1
10591,102055,2.86,1,9,12,19,1
10592,102065,1.75,1,6,9,10,1
10593,102069,-0.09,0,2,5,4,1
10594,102078,2.36,1,7,10,9,1
10595,102083,0.4,1,3,6,5,1
10596,102100,2.43,1,8,11,17,1
10597,102105,0.95,1,4,7,5,1
10598,102108,-0.03,0,2,5,3,1
10599,102129,5.49,1,14,17,21,1
10600,102130,-1.01,0,0,3,1,1
10601,102139,1.81,1,6,9,9,1
10602,102142,-0.03,0,2,5,3,1
10603,102158,2.49,1,8,11,16,1
10604,102170,2.73,1,8,11,12,1
10605,102175,0.95,1,4,7,5,1
10606,102190,3.1,1,9,12,15,1
10607,102219,6.66,1,17,20,29,1
10608,102221,-0.52,0,1,4,2,1
10609,102223,-0.52,0,1,4,2,1
10610,102237,2.61,1,8,11,14,1
10611,102253,4.69,1,12,15,16,1
10612,102256,-0.03,0,2,5,3,1
10613,102260,0.46,1,3,6,4,1
10614,102261,-1.01,0,0,3,1,1
10615,102262,-1.01,0,0,3,1,1
10616,102270,1.87,1,6,9,8,1
10617,102276,1.44,1,5,8,6,1
10618,102281,0.95,1,4,7,5,1
10619,102285,0.46,1,3,6,4,1
10620,102290,0.4,1,3,6,5,1
10621,102297,1.38,1,5,8,7,1
10622,102300,-0.58,0,1,4,3,1
10623,102326,5.74,1,15,18,26,1
10624,102336,3.4,1,9,12,10,1
10625,102342,1.44,1,5,8,6,1
10626,102378,5.69,1,16,19,36,1
10627,102398,5.0,1,13,16,20,1
10628,102412,3.71,1,10,13,14,1
10629,102416,0.46,1,3,6,4,1
10630,102425,1.81,1,6,9,9,1
10631,102434,1.81,1,6,9,9,1
10632,102436,-0.52,0,1,4,2,1
10633,102449,2.67,1,8,11,13,1
10634,102453,-0.09,0,2,5,4,1
10635,102467,2.06,1,7,10,14,1
10636,102470,-0.03,0,2,5,3,1
10637,102477,1.93,1,6,9,7,1
10638,102510,5.32,1,15,18,33,1
10639,102518,1.32,1,5,8,8,1
10640,102533,3.65,1,10,13,15,1
10641,102541,1.32,1,5,8,8,1
10642,102549,2.42,1,7,10,8,1
10643,102553,0.46,1,3,6,4,1
10644,102565,2.18,1,7,10,12,1
10645,102574,2.36,1,7,10,9,1
10646,102582,2.42,1,7,10,8,1
10647,102587,0.95,1,4,7,5,1
10648,102589,-0.52,0,1,4,2,1
10649,102598,2.36,1,7,10,9,1
10650,102606,0.77,1,4,7,8,1
10651,102629,5.37,1,14,17,23,1
10652,102637,2.42,1,7,10,8,1
10653,102638,-1.01,0,0,3,1,1
10654,102643,0.95,1,4,7,5,1
10655,102660,4.63,1,12,15,17,1
10656,102662,-0.52,0,1,4,2,1
10657,102663,-1.01,0,0,3,1,1
10658,102675,2.18,1,7,10,12,1
10659,102703,5.62,1,15,18,28,1
10660,102705,-0.52,0,1,4,2,1
10661,102706,-1.01,0,0,3,1,1
10662,102707,-1.01,0,0,3,1,1
10663,102719,2.73,1,8,11,12,1
10664,102736,3.53,1,10,13,17,1
10665,102739,-0.03,0,2,5,3,1
10666,102740,-1.01,0,0,3,1,1
10667,102741,-1.01,0,0,3,1,1
10668,102744,-0.03,0,2,5,3,1
10669,102761,4.63,1,12,15,17,1
10670,102777,2.49,1,8,11,16,1
10671,102782,0.95,1,4,7,5,1
10672,102792,2.85,1,8,11,10,1
10673,102799,1.38,1,5,8,7,1
10674,102814,4.2,1,11,14,15,1
10675,102845,7.64,1,19,22,31,1
10676,102846,-1.01,0,0,3,1,1
10677,102848,-0.52,0,1,4,2,1
10678,102856,1.87,1,6,9,8,1
10679,102867,2.24,1,7,10,11,1
10680,102871,-0.64,0,1,4,4,1
10681,102877,0.89,1,4,7,6,1
10682,102879,-0.52,0,1,4,2,1
10683,102882,-0.03,0,2,5,3,1
10684,102918,6.79,1,18,21,36,1
10685,102919,-1.01,0,0,3,1,1
10686,102923,0.46,1,3,6,4,1
10687,102925,-0.52,0,1,4,2,1
10688,102929,0.46,1,3,6,4,1
10689,102938,2.91,1,8,11,9,1
10690,102940,-0.52,0,1,4,2,1
10691,102946,1.44,1,5,8,6,1
10692,102948,-0.52,0,1,4,2,1
10693,102966,2.92,1,9,12,18,1
10694,102967,-1.01,0,0,3,1,1
10695,102975,1.32,1,5,8,8,1
10696,102993,4.02,1,11,14,18,1
10697,103003,3.4,1,9,12,10,1
10698,103015,1.08,1,5,8,12,1
10699,103016,-1.01,0,0,3,1,1
10700,103030,3.16,1,9,12,14,1
10701,103032,-0.52,0,1,4,2,1
10702,103050,4.02,1,11,14,18,1
10703,103051,-1.01,0,0,3,1,1
10704,103058,0.28,1,3,6,7,1
10705,103059,-1.01,0,0,3,1,1
10706,103082,4.82,1,13,16,23,1
10707,103092,2.3,1,7,10,10,1
10708,103117,3.05,1,10,13,25,1
10709,103132,3.1,1,9,12,15,1
10710,103142,1.75,1,6,9,10,1
10711,103149,1.38,1,5,8,7,1
10712,103153,0.46,1,3,6,4,1
10713,103168,4.75,1,12,15,15,1
10714,103169,-1.01,0,0,3,1,1
10715,103170,-1.01,0,0,3,1,1
10716,103172,-0.52,0,1,4,2,1
10717,103177,0.95,1,4,7,5,1
10718,103199,4.88,1,13,16,22,1
10719,103210,2.79,1,8,11,11,1
10720,103221,2.79,1,8,11,11,1
10721,103230,1.81,1,6,9,9,1
10722,103239,1.26,1,5,8,9,1
10723,103240,-1.01,0,0,3,1,1
10724,103248,1.87,1,6,9,8,1
10725,103251,-0.03,0,2,5,3,1
10726,103266,4.75,1,12,15,15,1
10727,103281,3.65,1,10,13,15,1
10728,103309,5.07,1,14,17,28,1
10729,103327,1.82,1,7,10,18,1
10730,103328,-1.01,0,0,3,1,1
10731,103342,4.26,1,11,14,14,1
10732,103344,-0.52,0,1,4,2,1
10733,103367,4.27,1,12,15,23,1
10734,103373,1.44,1,5,8,6,1
10735,103376,-0.03,0,2,5,3,1
10736,103384,1.87,1,6,9,8,1
10737,103390,1.44,1,5,8,6,1
10738,103417,5.13,1,14,17,27,1
10739,103438,3.84,1,11,14,21,1
10740,103440,-0.52,0,1,4,2,1
10741,103447,1.93,1,6,9,7,1
10742,103462,2.55,1,8,11,15,1
10743,103474,2.73,1,8,11,12,1
10744,103487,3.77,1,10,13,13,1
10745,103501,2.61,1,8,11,14,1
10746,103510,2.91,1,8,11,9,1
10747,103513,-0.03,0,2,5,3,1
10748,103518,0.95,1,4,7,5,1
10749,103520,-0.52,0,1,4,2,1
10750,103523,-0.03,0,2,5,3,1
10751,103525,-0.52,0,1,4,2,1
10752,103545,2.8,1,9,12,20,1
10753,103566,4.39,1,12,15,21,1
10754,103590,4.76,1,13,16,24,1
10755,103637,7.78,1,21,24,47,1
10756,103647,2.85,1,8,11,10,1
10757,103654,1.38,1,5,8,7,1
10758,103656,-0.52,0,1,4,2,1
10759,103674,5.12,1,13,16,18,1
10760,103677,-0.03,0,2,5,3,1
10761,103685,2.42,1,7,10,8,1
10762,103699,2.61,1,8,11,14,1
10763,103702,-0.58,0,1,4,3,1
10764,103719,5.73,1,14,17,17,1
10765,103725,0.89,1,4,7,6,1
10766,103734,2.91,1,8,11,9,1
10767,103744,2.3,1,7,10,10,1
10768,103750,0.89,1,4,7,6,1
10769,103766,3.04,1,9,12,16,1
10770,103770,0.46,1,3,6,4,1
10771,103783,2.12,1,7,10,13,1
10772,103786,-0.03,0,2,5,3,1
10773,103803,3.53,1,10,13,17,1
10774,103816,3.22,1,9,12,13,1
10775,103824,1.32,1,5,8,8,1
10776,103833,2.36,1,7,10,9,1
10777,103863,5.5,1,15,18,30,1
10778,103872,1.26,1,5,8,9,1
10779,103875,-0.03,0,2,5,3,1
10780,103876,-1.01,0,0,3,1,1
10781,103883,1.38,1,5,8,7,1
10782,103887,0.46,1,3,6,4,1
10783,103889,-0.52,0,1,4,2,1
10784,103896,1.38,1,5,8,7,1
10785,103906,0.65,1,4,7,10,1
10786,103917,2.24,1,7,10,11,1
10787,103920,-0.03,0,2,5,3,1
10788,103924,0.46,1,3,6,4,1
10789,103939,2.55,1,8,11,15,1
10790,103943,0.46,1,3,6,4,1
10791,103964,4.39,1,12,15,21,1
10792,103968,0.46,1,3,6,4,1
10793,104013,5.15,1,16,19,45,1
10794,104014,-1.01,0,0,3,1,1
10795,104035,5.49,1,14,17,21,1
10796,104047,2.73,1,8,11,12,1
10797,104048,-1.01,0,0,3,1,1
10798,104054,0.89,1,4,7,6,1
10799,104056,-0.52,0,1,4,2,1
10800,104058,-0.52,0,1,4,2,1
10801,104062,0.46,1,3,6,4,1
10802,104067,0.95,1,4,7,5,1
10803,104068,-1.01,0,0,3,1,1
10804,104081,2.12,1,7,10,13,1
10805,104089,1.87,1,6,9,8,1
10806,104090,-1.01,0,0,3,1,1
10807,104133,5.27,1,16,19,43,1
10808,104138,0.4,1,3,6,5,1
10809,104151,3.22,1,9,12,13,1
10810,104163,3.83,1,10,13,12,1
10811,104165,-0.52,0,1,4,2,1
10812,104175,1.75,1,6,9,10,1
10813,104183,1.87,1,6,9,8,1
10814,104197,2.61,1,8,11,14,1
10815,104208,1.69,1,6,9,11,1
10816,104213,0.4,1,3,6,5,1
10817,104228,4.2,1,11,14,15,1
10818,104230,-0.52,0,1,4,2,1
10819,104233,-0.03,0,2,5,3,1
10820,104236,-0.03,0,2,5,3,1
10821,104237,-1.01,0,0,3,1,1
10822,104261,6.41,1,16,19,24,1
10823,104265,0.46,1,3,6,4,1
10824,104269,0.46,1,3,6,4,1
10825,104288,4.51,1,12,15,19,1
10826,104289,-1.01,0,0,3,1,1
10827,104300,2.24,1,7,10,11,1
10828,104312,2.73,1,8,11,12,1
10829,104358,5.64,1,17,20,46,1
10830,104364,0.89,1,4,7,6,1
10831,104366,-0.52,0,1,4,2,1
10832,104367,-1.01,0,0,3,1,1
10833,104368,-1.01,0,0,3,1,1
10834,104379,2.24,1,7,10,11,1
10835,104391,3.28,1,9,12,12,1
10836,104402,2.79,1,8,11,11,1
10837,104409,1.38,1,5,8,7,1
10838,104428,3.96,1,11,14,19,1
10839,104430,-0.52,0,1,4,2,1
10840,104438,1.87,1,6,9,8,1
10841,104439,-1.01,0,0,3,1,1
10842,104452,3.22,1,9,12,13,1
10843,104457,0.95,1,4,7,5,1
10844,104523,6.09,1,20,23,66,1
10845,104524,-1.01,0,0,3,1,1
10846,104525,-1.01,0,0,3,1,1
10847,104526,-1.01,0,0,3,1,1
10848,104534,1.87,1,6,9,8,1
10849,104540,1.44,1,5,8,6,1
10850,104552,1.63,1,6,9,12,1
10851,104555,-0.58,0,1,4,3,1
10852,104556,-1.01,0,0,3,1,1
10853,104564,2.42,1,7,10,8,1
10854,104575,2.79,1,8,11,11,1
10855,104597,3.78,1,11,14,22,1
10856,104612,4.2,1,11,14,15,1
10857,104624,2.73,1,8,11,12,1
10858,104625,-1.01,0,0,3,1,1
10859,104639,3.16,1,9,12,14,1
10860,104644,0.4,1,3,6,5,1
10861,104648,0.46,1,3,6,4,1
10862,104660,2.18,1,7,10,12,1
10863,104671,3.34,1,9,12,11,1
10864,104672,-1.01,0,0,3,1,1
10865,104675,-0.03,0,2,5,3,1
10866,104677,-0.52,0,1,4,2,1
10867,104690,1.57,1,6,9,13,1
10868,104715,2.5,1,9,12,25,1
10869,104718,-0.58,0,1,4,3,1
10870,104726,2.42,1,7,10,8,1
10871,104728,-0.52,0,1,4,2,1
10872,104740,2.73,1,8,11,12,1
10873,104742,-0.52,0,1,4,2,1
10874,104765,3.72,1,11,14,23,1
10875,104766,-1.01,0,0,3,1,1
10876,104767,-1.01,0,0,3,1,1
10877,104774,1.93,1,6,9,7,1
10878,104776,-0.52,0,1,4,2,1
10879,104788,3.83,1,10,13,12,1
10880,104791,-0.03,0,2,5,3,1
10881,104792,-1.01,0,0,3,1,1
10882,104807,2.0,1,7,10,15,1
10883,104808,-1.01,0,0,3,1,1
10884,104814,0.89,1,4,7,6,1
10885,104815,-1.01,0,0,3,1,1
10886,104820,0.95,1,4,7,5,1
10887,104824,0.46,1,3,6,4,1
10888,104833,1.81,1,6,9,9,1
10889,104846,3.77,1,10,13,13,1
10890,104848,-0.52,0,1,4,2,1
10891,104858,1.2,1,5,8,10,1
10892,104880,4.33,1,12,15,22,1
10893,104891,1.69,1,6,9,11,1
10894,104903,2.73,1,8,11,12,1
10895,104926,5.37,1,14,17,23,1
10896,104927,-1.01,0,0,3,1,1
10897,104936,2.36,1,7,10,9,1
10898,104948,3.28,1,9,12,12,1
10899,104952,0.46,1,3,6,4,1
10900,104966,3.16,1,9,12,14,1
10901,104968,-0.52,0,1,4,2,1
10902,104985,4.63,1,12,15,17,1
10903,104988,-0.03,0,2,5,3,1
10904,105009,5.49,1,14,17,21,1
10905,105011,-0.52,0,1,4,2,1
10906,105014,-0.03,0,2,5,3,1
10907,105030,3.59,1,10,13,16,1
10908,105032,-0.52,0,1,4,2,1
10909,105046,2.61,1,8,11,14,1
10910,105074,4.52,1,13,16,28,1
10911,105079,0.95,1,4,7,5,1
10912,105100,5.49,1,14,17,21,1
10913,105101,-1.01,0,0,3,1,1
10914,105107,1.44,1,5,8,6,1
10915,105181,5.61,1,20,23,74,1
10916,105191,1.75,1,6,9,10,1
10917,105214,4.27,1,12,15,23,1
10918,105219,0.95,1,4,7,5,1
10919,105247,6.17,1,16,19,28,1
10920,105267,3.9,1,11,14,20,1
10921,105269,-0.52,0,1,4,2,1
10922,105277,1.87,1,6,9,8,1
10923,105284,0.83,1,4,7,7,1
10924,105287,-0.03,0,2,5,3,1
10925,105307,2.8,1,9,12,20,1
10926,105311,0.46,1,3,6,4,1
10927,105359,5.52,1,17,20,48,1
10928,105360,-1.01,0,0,3,1,1
10929,105361,-1.01,0,0,3,1,1
10930,105366,0.95,1,4,7,5,1
10931,105380,2.61,1,8,11,14,1
10932,105386,1.44,1,5,8,6,1
10933,105394,1.32,1,5,8,8,1
10934,105399,0.4,1,3,6,5,1
10935,105405,1.44,1,5,8,6,1
10936,105418,2.12,1,7,10,13,1
10937,105432,2.06,1,7,10,14,1
10938,105436,0.46,1,3,6,4,1
10939,105450,2.61,1,8,11,14,1
10940,105462,2.73,1,8,11,12,1
10941,105470,1.87,1,6,9,8,1
10942,105473,-0.03,0,2,5,3,1
10943,105482,2.91,1,8,11,9,1
10944,105484,-0.52,0,1,4,2,1
10945,105499,4.2,1,11,14,15,1
10946,105506,1.38,1,5,8,7,1
10947,105547,5.39,1,16,19,41,1
10948,105551,0.46,1,3,6,4,1
10949,105566,4.2,1,11,14,15,1
10950,105571,0.95,1,4,7,5,1
10951,105577,1.44,1,5,8,6,1
10952,105579,-0.52,0,1,4,2,1
10953,105588,1.81,1,6,9,9,1
10954,105589,-1.01,0,0,3,1,1
10955,105592,-0.03,0,2,5,3,1
10956,105594,-0.52,0,1,4,2,1
10957,105595,-1.01,0,0,3,1,1
10958,105627,4.83,1,14,17,32,1
10959,105631,0.46,1,3,6,4,1
10960,105646,3.65,1,10,13,15,1
10961,105675,6.11,1,16,19,29,1
10962,105724,6.56,1,19,22,49,1
10963,105725,-1.01,0,0,3,1,1
10964,105727,-0.52,0,1,4,2,1
10965,105785,5.47,1,18,21,58,1
10966,105786,-1.01,0,0,3,1,1
10967,105789,-0.03,0,2,5,3,1
10968,105793,0.46,1,3,6,4,1
10969,105807,2.61,1,8,11,14,1
10970,105808,-1.01,0,0,3,1,1
10971,105816,1.87,1,6,9,8,1
10972,105828,2.18,1,7,10,12,1
10973,105840,3.28,1,9,12,12,1
10974,105906,5.54,1,19,22,66,1
10975,105922,3.59,1,10,13,16,1
10976,105929,1.38,1,5,8,7,1
10977,105939,1.75,1,6,9,10,1
10978,105943,0.46,1,3,6,4,1
10979,105962,4.51,1,12,15,19,1
10980,105964,-0.52,0,1,4,2,1
10981,105965,-1.01,0,0,3,1,1
10982,105966,-1.01,0,0,3,1,1
10983,105976,2.3,1,7,10,10,1
10984,105978,-0.52,0,1,4,2,1
10985,105992,4.26,1,11,14,14,1
10986,106022,4.95,1,14,17,30,1
10987,106030,1.87,1,6,9,8,1
10988,106033,-0.03,0,2,5,3,1
10989,106040,1.93,1,6,9,7,1
10990,106070,6.6,1,17,20,30,1
10991,106083,3.22,1,9,12,13,1
10992,106119,4.59,1,14,17,36,1
10993,106128,2.36,1,7,10,9,1
10994,106142,3.16,1,9,12,14,1
10995,106150,0.22,1,3,6,8,1
10996,106155,0.95,1,4,7,5,1
10997,106156,-1.01,0,0,3,1,1
10998,106159,-0.03,0,2,5,3,1
10999,106165,0.89,1,4,7,6,1
11000,106173,1.32,1,5,8,8,1
11001,106189,4.14,1,11,14,16,1
11002,106196,1.38,1,5,8,7,1
11003,106200,0.46,1,3,6,4,1
11004,106207,1.93,1,6,9,7,1
11005,106209,-0.52,0,1,4,2,1
11006,106214,0.4,1,3,6,5,1
11007,106225,1.69,1,6,9,11,1
11008,106226,-1.01,0,0,3,1,1
11009,106233,1.93,1,6,9,7,1
11010,106248,3.65,1,10,13,15,1
11011,106254,0.89,1,4,7,6,1
11012,106255,-1.01,0,0,3,1,1
11013,106257,-0.52,0,1,4,2,1
11014,106268,3.34,1,9,12,11,1
11015,106272,-0.09,0,2,5,4,1
11016,106276,0.46,1,3,6,4,1
11017,106291,4.2,1,11,14,15,1
11018,106292,-1.01,0,0,3,1,1
11019,106293,-1.01,0,0,3,1,1
11020,106306,3.77,1,10,13,13,1
11021,106307,-1.01,0,0,3,1,1
11022,106308,-1.01,0,0,3,1,1
11023,106334,2.99,1,10,13,26,1
11024,106335,-1.01,0,0,3,1,1
11025,106336,-1.01,0,0,3,1,1
11026,106343,1.38,1,5,8,7,1
11027,106364,3.29,1,10,13,21,1
11028,106365,-1.01,0,0,3,1,1
11029,106369,0.46,1,3,6,4,1
11030,106403,4.16,1,13,16,34,1
11031,106426,3.72,1,11,14,23,1
11032,106460,5.26,1,15,18,34,1
11033,106482,3.23,1,10,13,22,1
11034,106490,1.87,1,6,9,8,1
11035,106493,-0.03,0,2,5,3,1
11036,106497,0.46,1,3,6,4,1
11037,106508,2.24,1,7,10,11,1
11038,106523,3.65,1,10,13,15,1
11039,106530,1.93,1,6,9,7,1
11040,106540,2.3,1,7,10,10,1
11041,106542,-0.52,0,1,4,2,1
11042,106544,-0.52,0,1,4,2,1
11043,106559,3.65,1,10,13,15,1
11044,106568,1.26,1,5,8,9,1
11045,106579,2.24,1,7,10,11,1
11046,106584,0.4,1,3,6,5,1
11047,106588,0.46,1,3,6,4,1
11048,106608,3.35,1,10,13,20,1
11049,106609,-1.01,0,0,3,1,1
11050,106612,-0.03,0,2,5,3,1
11051,106615,-0.03,0,2,5,3,1
11052,106617,-0.52,0,1,4,2,1
11053,106636,2.86,1,9,12,19,1
11054,106641,0.4,1,3,6,5,1
11055,106642,-1.01,0,0,3,1,1
11056,106643,-1.01,0,0,3,1,1
11057,106645,-0.52,0,1,4,2,1
11058,106647,-0.52,0,1,4,2,1
11059,106671,5.31,1,14,17,24,1
11060,106676,-0.15,0,2,5,5,1
11061,106678,-0.52,0,1,4,2,1
11062,106681,-0.03,0,2,5,3,1
11063,106684,-0.03,0,2,5,3,1
11064,106687,-0.03,0,2,5,3,1
11065,106689,-0.52,0,1,4,2,1
11066,106700,3.89,1,10,13,11,1
11067,106703,-0.03,0,2,5,3,1
11068,106712,2.91,1,8,11,9,1
11069,106714,-0.52,0,1,4,2,1
11070,106733,2.31,1,8,11,19,1
11071,106737,0.46,1,3,6,4,1
11072,106767,5.5,1,15,18,30,1
11073,106768,-1.01,0,0,3,1,1
11074,106770,-0.52,0,1,4,2,1
11075,106779,1.81,1,6,9,9,1
11076,106783,-0.09,0,2,5,4,1
11077,106785,-0.52,0,1,4,2,1
11078,106795,2.3,1,7,10,10,1
11079,106810,3.65,1,10,13,15,1
11080,106815,0.4,1,3,6,5,1
11081,106819,0.46,1,3,6,4,1
11082,106824,0.4,1,3,6,5,1
11083,106825,-1.01,0,0,3,1,1
11084,106829,0.46,1,3,6,4,1
11085,106850,4.94,1,13,16,21,1
11086,106859,2.36,1,7,10,9,1
11087,106862,-0.03,0,2,5,3,1
11088,106864,-0.52,0,1,4,2,1
11089,106869,0.95,1,4,7,5,1
11090,106872,-0.03,0,2,5,3,1
11091,106881,1.81,1,6,9,9,1
11092,106889,1.32,1,5,8,8,1
11093,106890,-1.01,0,0,3,1,1
11094,106929,4.41,1,14,17,39,1
11095,106953,5.31,1,14,17,24,1
11096,106958,0.4,1,3,6,5,1
11097,106959,-1.01,0,0,3,1,1
11098,106977,4.02,1,11,14,18,1
11099,106980,-0.03,0,2,5,3,1
11100,106985,0.95,1,4,7,5,1
11101,106998,3.77,1,10,13,13,1
11102,107004,1.44,1,5,8,6,1
11103,107008,0.46,1,3,6,4,1
11104,107009,-1.01,0,0,3,1,1
11105,107016,1.38,1,5,8,7,1
11106,107021,0.95,1,4,7,5,1
11107,107026,0.95,1,4,7,5,1
11108,107030,0.46,1,3,6,4,1
11109,107035,0.4,1,3,6,5,1
11110,107043,1.32,1,5,8,8,1
11111,107063,5.0,1,13,16,20,1
11112,107071,1.32,1,5,8,8,1
11113,107076,0.4,1,3,6,5,1
11114,107080,0.46,1,3,6,4,1
11115,107081,-1.01,0,0,3,1,1
11116,107082,-1.01,0,0,3,1,1
11117,107091,2.36,1,7,10,9,1
11118,107097,1.44,1,5,8,6,1
11119,107101,0.46,1,3,6,4,1
11120,107128,5.68,1,15,18,27,1
11121,107138,3.4,1,9,12,10,1
11122,107158,4.45,1,12,15,20,1
11123,107174,4.69,1,12,15,16,1
11124,107183,2.36,1,7,10,9,1
11125,107195,3.83,1,10,13,12,1
11126,107196,-1.01,0,0,3,1,1
11127,107200,0.46,1,3,6,4,1
11128,107205,0.95,1,4,7,5,1
11129,107208,-0.03,0,2,5,3,1
11130,107236,6.72,1,17,20,28,1
11131,107249,1.57,1,6,9,13,1
11132,107255,0.89,1,4,7,6,1
11133,107257,-0.52,0,1,4,2,1
11134,107259,-0.52,0,1,4,2,1
11135,107261,-0.52,0,1,4,2,1
11136,107265,0.46,1,3,6,4,1
11137,107268,-0.03,0,2,5,3,1
11138,107280,2.18,1,7,10,12,1
11139,107281,-1.01,0,0,3,1,1
11140,107285,0.46,1,3,6,4,1
11141,107303,4.57,1,12,15,18,1
11142,107322,3.96,1,11,14,19,1
11143,107327,0.95,1,4,7,5,1
11144,107334,1.93,1,6,9,7,1
11145,107350,4.14,1,11,14,16,1
11146,107354,0.46,1,3,6,4,1
11147,107355,-1.01,0,0,3,1,1
11148,107362,1.38,1,5,8,7,1
11149,107364,-0.52,0,1,4,2,1
11150,107371,1.93,1,6,9,7,1
11151,107392,4.39,1,12,15,21,1
11152,107393,-1.01,0,0,3,1,1
11153,107401,1.87,1,6,9,8,1
11154,107409,1.87,1,6,9,8,1
11155,107425,4.69,1,12,15,16,1
11156,107430,0.95,1,4,7,5,1
11157,107431,-1.01,0,0,3,1,1
11158,107438,1.38,1,5,8,7,1
11159,107439,-1.01,0,0,3,1,1
11160,107478,4.41,1,14,17,39,1
11161,107485,1.38,1,5,8,7,1
11162,107489,0.46,1,3,6,4,1
11163,107491,-0.52,0,1,4,2,1
11164,107501,2.3,1,7,10,10,1
11165,107502,-1.01,0,0,3,1,1
11166,107520,4.57,1,12,15,18,1
11167,107523,-0.03,0,2,5,3,1
11168,107531,2.42,1,7,10,8,1
11169,107534,-0.03,0,2,5,3,1
11170,107538,0.46,1,3,6,4,1
11171,107545,1.93,1,6,9,7,1
11172,107556,2.79,1,8,11,11,1
11173,107576,3.9,1,11,14,20,1
11174,107580,0.46,1,3,6,4,1
11175,107582,-0.52,0,1,4,2,1
11176,107602,5.55,1,14,17,20,1
11177,107611,2.91,1,8,11,9,1
11178,107613,-0.52,0,1,4,2,1
11179,107616,-0.03,0,2,5,3,1
11180,107628,2.73,1,8,11,12,1
11181,107633,0.95,1,4,7,5,1
11182,107634,-1.01,0,0,3,1,1
11183,107643,1.26,1,5,8,9,1
11184,107644,-1.01,0,0,3,1,1
11185,107655,1.69,1,6,9,11,1
11186,107681,5.74,1,15,18,26,1
11187,107693,3.83,1,10,13,12,1
11188,107699,1.44,1,5,8,6,1
11189,107704,0.95,1,4,7,5,1
11190,107708,-0.09,0,2,5,4,1
11191,107716,0.77,1,4,7,8,1
11192,107721,0.95,1,4,7,5,1
11193,107727,1.44,1,5,8,6,1
11194,107728,-1.01,0,0,3,1,1
11195,107742,4.26,1,11,14,14,1
11196,107743,-1.01,0,0,3,1,1
11197,107749,1.44,1,5,8,6,1
11198,107759,2.3,1,7,10,10,1
11199,107762,-0.03,0,2,5,3,1
11200,107767,0.95,1,4,7,5,1
11201,107798,5.44,1,15,18,31,1
11202,107808,2.3,1,7,10,10,1
11203,107809,-1.01,0,0,3,1,1
11204,107811,-0.52,0,1,4,2,1
11205,107812,-1.01,0,0,3,1,1
11206,107816,0.46,1,3,6,4,1
11207,107837,4.39,1,12,15,21,1
11208,107842,0.95,1,4,7,5,1
11209,107855,3.22,1,9,12,13,1
11210,107860,0.95,1,4,7,5,1
11211,107875,3.1,1,9,12,15,1
11212,107889,2.61,1,8,11,14,1
11213,107892,-0.03,0,2,5,3,1
11214,107893,-1.01,0,0,3,1,1
11215,107915,5.98,1,15,18,22,1
11216,107926,2.79,1,8,11,11,1
11217,107934,1.32,1,5,8,8,1
11218,107951,4.08,1,11,14,17,1
11219,107968,4.63,1,12,15,17,1
11220,107974,1.44,1,5,8,6,1
11221,107978,0.46,1,3,6,4,1
11222,108005,5.13,1,14,17,27,1
11223,108009,0.46,1,3,6,4,1
11224,108012,-0.03,0,2,5,3,1
11225,108014,-0.52,0,1,4,2,1
11226,108015,-1.01,0,0,3,1,1
11227,108040,4.7,1,13,16,25,1
11228,108050,3.4,1,9,12,10,1
11229,108053,-0.03,0,2,5,3,1
11230,108054,-1.01,0,0,3,1,1
11231,108058,0.46,1,3,6,4,1
11232,108059,-1.01,0,0,3,1,1
11233,108070,2.79,1,8,11,11,1
11234,108081,3.34,1,9,12,11,1
11235,108091,2.3,1,7,10,10,1
11236,108094,-0.03,0,2,5,3,1
11237,108099,0.4,1,3,6,5,1
11238,108126,3.48,1,11,14,27,1
11239,108135,2.36,1,7,10,9,1
11240,108140,0.4,1,3,6,5,1
11241,108149,1.81,1,6,9,9,1
11242,108152,-0.03,0,2,5,3,1
11243,108177,4.7,1,13,16,25,1
11244,108201,3.11,1,10,13,24,1
11245,108209,2.42,1,7,10,8,1
11246,108224,3.65,1,10,13,15,1
11247,108252,6.17,1,16,19,28,1
11248,108253,-1.01,0,0,3,1,1
11249,108260,1.38,1,5,8,7,1
11250,108261,-1.01,0,0,3,1,1
11251,108276,3.65,1,10,13,15,1
11252,108277,-1.01,0,0,3,1,1
11253,108278,-1.01,0,0,3,1,1
11254,108280,-0.52,0,1,4,2,1
11255,108293,3.77,1,10,13,13,1
11256,108301,1.87,1,6,9,8,1
11257,108302,-1.01,0,0,3,1,1
11258,108324,6.53,1,16,19,22,1
11259,108325,-1.01,0,0,3,1,1
11260,108334,2.36,1,7,10,9,1
11261,108339,0.95,1,4,7,5,1
11262,108356,2.98,1,9,12,17,1
11263,108357,-1.01,0,0,3,1,1
11264,108359,-0.52,0,1,4,2,1
11265,108380,3.84,1,11,14,21,1
11266,108381,-1.01,0,0,3,1,1
11267,108390,2.36,1,7,10,9,1
11268,108391,-1.01,0,0,3,1,1
11269,108403,3.83,1,10,13,12,1
11270,108406,-0.03,0,2,5,3,1
11271,108407,-1.01,0,0,3,1,1
11272,108429,4.88,1,13,16,22,1
11273,108432,-0.03,0,2,5,3,1
11274,108442,2.85,1,8,11,10,1
11275,108445,-0.03,0,2,5,3,1
11276,108448,-0.03,0,2,5,3,1
11277,108449,-1.01,0,0,3,1,1
11278,108451,-0.52,0,1,4,2,1
11279,108463,3.83,1,10,13,12,1
11280,108464,-1.01,0,0,3,1,1
11281,108470,0.89,1,4,7,6,1
11282,108477,1.93,1,6,9,7,1
11283,108478,-1.01,0,0,3,1,1
11284,108486,2.42,1,7,10,8,1
11285,108507,4.94,1,13,16,21,1
11286,108523,4.14,1,11,14,16,1
11287,108527,0.46,1,3,6,4,1
11288,108548,5.49,1,14,17,21,1
11289,108563,3.65,1,10,13,15,1
11290,108579,3.04,1,9,12,16,1
11291,108585,0.89,1,4,7,6,1
11292,108619,5.81,1,16,19,34,1
11293,108664,5.15,1,16,19,45,1
11294,108674,2.85,1,8,11,10,1
11295,108689,3.1,1,9,12,15,1
11296,108698,1.26,1,5,8,9,1
11297,108772,5.61,1,20,23,74,1
11298,108774,-0.52,0,1,4,2,1
11299,108801,5.13,1,14,17,27,1
11300,108822,4.39,1,12,15,21,1
11301,108825,-0.03,0,2,5,3,1
11302,108826,-1.01,0,0,3,1,1
11303,108832,1.44,1,5,8,6,1
11304,108835,-0.58,0,1,4,3,1
11305,108843,2.42,1,7,10,8,1
11306,108857,4.81,1,12,15,14,1
11307,108859,-0.52,0,1,4,2,1
11308,108862,-0.03,0,2,5,3,1
11309,108869,1.93,1,6,9,7,1
11310,108882,1.57,1,6,9,13,1
11311,108887,0.4,1,3,6,5,1
11312,108904,2.98,1,9,12,17,1
11313,108917,3.22,1,9,12,13,1
11314,108921,0.46,1,3,6,4,1
11315,108952,7.09,1,18,21,31,1
11316,108976,5.31,1,14,17,24,1
11317,108977,-1.01,0,0,3,1,1
11318,108981,0.46,1,3,6,4,1
11319,108998,3.53,1,10,13,17,1
11320,109000,-0.52,0,1,4,2,1
11321,109015,3.1,1,9,12,15,1
11322,109019,-0.09,0,2,5,4,1
11323,109041,5.98,1,15,18,22,1
11324,109049,1.32,1,5,8,8,1
11325,109051,-0.52,0,1,4,2,1
11326,109056,0.4,1,3,6,5,1
11327,109061,0.95,1,4,7,5,1
11328,109068,1.38,1,5,8,7,1
11329,109069,-1.01,0,0,3,1,1
11330,109091,5.43,1,14,17,22,1
11331,109099,1.87,1,6,9,8,1
11332,109103,0.46,1,3,6,4,1
11333,109118,4.2,1,11,14,15,1
11334,109136,5.12,1,13,16,18,1
11335,109137,-1.01,0,0,3,1,1
11336,109138,-1.01,0,0,3,1,1
11337,109153,3.65,1,10,13,15,1
11338,109166,2.12,1,7,10,13,1
11339,109190,4.76,1,13,16,24,1
11340,109211,3.84,1,11,14,21,1
11341,109213,-0.52,0,1,4,2,1
11342,109278,4.5,1,17,20,65,1
11343,109289,2.79,1,8,11,11,1
11344,109290,-1.01,0,0,3,1,1
11345,109305,3.1,1,9,12,15,1
11346,109310,0.95,1,4,7,5,1
11347,109322,2.73,1,8,11,12,1
11348,109329,1.93,1,6,9,7,1
11349,109330,-1.01,0,0,3,1,1
11350,109340,2.3,1,7,10,10,1
11351,109346,1.44,1,5,8,6,1
11352,109348,-0.52,0,1,4,2,1
11353,109349,-1.01,0,0,3,1,1
11354,109360,2.24,1,7,10,11,1
11355,109361,-1.01,0,0,3,1,1
11356,109366,0.95,1,4,7,5,1
11357,109376,2.3,1,7,10,10,1
11358,109390,3.71,1,10,13,14,1
11359,109391,-1.01,0,0,3,1,1
11360,109392,-1.01,0,0,3,1,1
11361,109398,1.44,1,5,8,6,1
11362,109404,1.44,1,5,8,6,1
11363,109420,4.69,1,12,15,16,1
11364,109421,-1.01,0,0,3,1,1
11365,109433,2.73,1,8,11,12,1
11366,109449,4.69,1,12,15,16,1
11367,109454,0.4,1,3,6,5,1
11368,109462,1.87,1,6,9,8,1
11369,109503,5.39,1,16,19,41,1
11370,109517,4.26,1,11,14,14,1
11371,109520,-0.03,0,2,5,3,1
11372,109529,2.36,1,7,10,9,1
11373,109539,2.3,1,7,10,10,1
11374,109552,3.22,1,9,12,13,1
11375,109565,3.22,1,9,12,13,1
11376,109566,-1.01,0,0,3,1,1
11377,109575,2.36,1,7,10,9,1
11378,109590,2.55,1,8,11,15,1
11379,109602,2.18,1,7,10,12,1
11380,109603,-1.01,0,0,3,1,1
11381,109612,2.91,1,8,11,9,1
11382,109614,-0.52,0,1,4,2,1
11383,109628,3.16,1,9,12,14,1
11384,109636,2.42,1,7,10,8,1
11385,109644,1.87,1,6,9,8,1
11386,109667,4.82,1,13,16,23,1
11387,109673,0.89,1,4,7,6,1
11388,109680,1.93,1,6,9,7,1
11389,109688,2.42,1,7,10,8,1
11390,109690,-0.52,0,1,4,2,1
11391,109700,1.75,1,6,9,10,1
11392,109703,-0.03,0,2,5,3,1
11393,109706,-0.03,0,2,5,3,1
11394,109794,5.32,1,21,24,88,1
11395,109796,-0.52,0,1,4,2,1
11396,109837,3.74,1,13,16,41,1
11397,109844,1.38,1,5,8,7,1
11398,109845,-1.01,0,0,3,1,1
11399,109846,-1.01,0,0,3,1,1
11400,109849,-0.03,0,2,5,3,1
11401,109860,3.34,1,9,12,11,1
11402,109864,0.46,1,3,6,4,1
11403,109891,5.13,1,14,17,27,1
11404,109895,0.46,1,3,6,4,1
11405,109897,-0.52,0,1,4,2,1
11406,109902,0.4,1,3,6,5,1
11407,109905,-0.03,0,2,5,3,1
11408,109926,4.39,1,12,15,21,1
11409,109955,5.56,1,15,18,29,1
11410,109965,2.3,1,7,10,10,1
11411,109967,-0.52,0,1,4,2,1
11412,109977,2.3,1,7,10,10,1
11413,109979,-0.52,0,1,4,2,1
11414,109988,2.91,1,8,11,9,1
11415,109998,2.3,1,7,10,10,1
11416,110027,7.21,1,18,21,29,1
11417,110036,2.36,1,7,10,9,1
11418,110067,4.89,1,14,17,31,1
11419,110069,-0.52,0,1,4,2,1
11420,110077,1.32,1,5,8,8,1
11421,110081,0.46,1,3,6,4,1
11422,110088,1.93,1,6,9,7,1
11423,110093,0.95,1,4,7,5,1
11424,110100,0.83,1,4,7,7,1
11425,110101,-1.01,0,0,3,1,1
11426,110118,4.63,1,12,15,17,1
11427,110129,2.24,1,7,10,11,1
11428,110139,2.3,1,7,10,10,1
11429,110144,0.95,1,4,7,5,1
11430,110151,1.38,1,5,8,7,1
11431,110152,-1.01,0,0,3,1,1
11432,110157,0.95,1,4,7,5,1
11433,110173,3.04,1,9,12,16,1
11434,110186,3.77,1,10,13,13,1
11435,110188,-0.52,0,1,4,2,1
11436,110190,-0.52,0,1,4,2,1
11437,110207,2.43,1,8,11,17,1
11438,110218,1.14,1,5,8,11,1
11439,110238,5.0,1,13,16,20,1
11440,110251,3.22,1,9,12,13,1
11441,110254,-0.03,0,2,5,3,1
11442,110258,0.46,1,3,6,4,1
11443,110267,1.81,1,6,9,9,1
11444,110269,-0.52,0,1,4,2,1
11445,110273,0.46,1,3,6,4,1
11446,110276,-0.03,0,2,5,3,1
11447,110296,2.8,1,9,12,20,1
11448,110298,-0.52,0,1,4,2,1
11449,110347,5.46,1,17,20,49,1
11450,110355,1.87,1,6,9,8,1
11451,110366,2.79,1,8,11,11,1
11452,110369,-0.03,0,2,5,3,1
11453,110371,-0.52,0,1,4,2,1
11454,110376,0.95,1,4,7,5,1
11455,110379,-0.03,0,2,5,3,1
11456,110386,1.38,1,5,8,7,1
11457,110390,-0.09,0,2,5,4,1
11458,110392,-0.52,0,1,4,2,1
11459,110393,-1.01,0,0,3,1,1
11460,110395,-0.52,0,1,4,2,1
11461,110404,2.91,1,8,11,9,1
11462,110409,0.95,1,4,7,5,1
11463,110416,1.93,1,6,9,7,1
11464,110419,-0.03,0,2,5,3,1
11465,110424,0.95,1,4,7,5,1
11466,110429,0.95,1,4,7,5,1
11467,110430,-1.01,0,0,3,1,1
11468,110436,0.89,1,4,7,6,1
11469,110439,-0.03,0,2,5,3,1
11470,110454,3.65,1,10,13,15,1
11471,110457,-0.03,0,2,5,3,1
11472,110463,1.44,1,5,8,6,1
11473,110474,1.14,1,5,8,11,1
11474,110488,3.71,1,10,13,14,1
11475,110508,4.45,1,12,15,20,1
11476,110522,3.16,1,9,12,14,1
11477,110554,5.93,1,16,19,32,1
11478,110562,1.87,1,6,9,8,1
11479,110580,4.57,1,12,15,18,1
11480,110583,-0.58,0,1,4,3,1
11481,110588,0.4,1,3,6,5,1
11482,110600,3.28,1,9,12,12,1
11483,110611,1.69,1,6,9,11,1
11484,110619,1.32,1,5,8,8,1
11485,110679,5.9,1,19,22,60,1
11486,110691,4.38,1,11,14,12,1
11487,110693,-0.52,0,1,4,2,1
11488,110707,2.61,1,8,11,14,1
11489,110709,-0.52,0,1,4,2,1
11490,110726,4.08,1,11,14,17,1
11491,110758,4.28,1,13,16,32,1
11492,110796,3.92,1,13,16,38,1
11493,110803,1.38,1,5,8,7,1
11494,110830,3.48,1,11,14,27,1
11495,110835,0.95,1,4,7,5,1
11496,110848,3.22,1,9,12,13,1
11497,110877,4.46,1,13,16,29,1
11498,110889,2.18,1,7,10,12,1
11499,110890,-1.01,0,0,3,1,1
11500,110900,2.3,1,7,10,10,1
11501,110901,-1.01,0,0,3,1,1
11502,110906,0.95,1,4,7,5,1
11503,110907,-1.01,0,0,3,1,1
11504,110913,1.44,1,5,8,6,1
11505,110921,1.32,1,5,8,8,1
11506,110923,-0.52,0,1,4,2,1
11507,110940,4.08,1,11,14,17,1
11508,110944,0.46,1,3,6,4,1
11509,110949,0.95,1,4,7,5,1
11510,110953,0.46,1,3,6,4,1
11511,110963,2.3,1,7,10,10,1
11512,110967,0.46,1,3,6,4,1
11513,110983,2.49,1,8,11,16,1
11514,110987,0.46,1,3,6,4,1
11515,110991,0.46,1,3,6,4,1
11516,111005,4.26,1,11,14,14,1
11517,111009,0.46,1,3,6,4,1
11518,111028,4.51,1,12,15,19,1
11519,111029,-1.01,0,0,3,1,1
11520,111044,4.2,1,11,14,15,1
11521,111045,-1.01,0,0,3,1,1
11522,111066,4.39,1,12,15,21,1
11523,111072,0.34,1,3,6,6,1
11524,111080,2.42,1,7,10,8,1
11525,111104,4.76,1,13,16,24,1
11526,111105,-1.01,0,0,3,1,1
11527,111137,6.48,1,17,20,32,1
11528,111145,1.87,1,6,9,8,1
11529,111156,2.79,1,8,11,11,1
11530,111196,3.25,1,12,15,40,1
11531,111199,-0.03,0,2,5,3,1
11532,111204,0.95,1,4,7,5,1
11533,111212,2.42,1,7,10,8,1
11534,111225,2.12,1,7,10,13,1
11535,111230,0.95,1,4,7,5,1
11536,111237,1.93,1,6,9,7,1
11537,111245,0.77,1,4,7,8,1
11538,111246,-1.01,0,0,3,1,1
11539,111267,4.39,1,12,15,21,1
11540,111272,0.95,1,4,7,5,1
11541,111312,7.1,1,19,22,40,1
11542,111314,-0.52,0,1,4,2,1
11543,111319,0.4,1,3,6,5,1
11544,111320,-1.01,0,0,3,1,1
11545,111323,-0.03,0,2,5,3,1
11546,111333,1.75,1,6,9,10,1
11547,111335,-0.52,0,1,4,2,1
11548,111338,-0.03,0,2,5,3,1
11549,111360,4.33,1,12,15,22,1
11550,111364,0.46,1,3,6,4,1
11551,111370,0.89,1,4,7,6,1
11552,111374,0.46,1,3,6,4,1
11553,111378,0.46,1,3,6,4,1
11554,111380,-0.52,0,1,4,2,1
11555,111385,0.95,1,4,7,5,1
11556,111389,0.46,1,3,6,4,1
11557,111400,2.79,1,8,11,11,1
11558,111402,-0.52,0,1,4,2,1
11559,111417,2.0,1,7,10,15,1
11560,111425,1.87,1,6,9,8,1
11561,111430,0.95,1,4,7,5,1
11562,111431,-1.01,0,0,3,1,1
11563,111442,3.89,1,10,13,11,1
11564,111473,6.54,1,17,20,31,1
11565,111474,-1.01,0,0,3,1,1
11566,111475,-1.01,0,0,3,1,1
11567,111477,-0.52,0,1,4,2,1
11568,111485,1.87,1,6,9,8,1
11569,111520,4.65,1,14,17,35,1
11570,111521,-1.01,0,0,3,1,1
11571,111529,1.32,1,5,8,8,1
11572,111537,1.87,1,6,9,8,1
11573,111541,0.46,1,3,6,4,1
11574,111542,-1.01,0,0,3,1,1
11575,111545,-0.03,0,2,5,3,1
11576,111549,0.46,1,3,6,4,1
11577,111551,-0.52,0,1,4,2,1
11578,111552,-1.01,0,0,3,1,1
11579,111556,0.46,1,3,6,4,1
11580,111558,-0.52,0,1,4,2,1
11581,111568,1.2,1,5,8,10,1
11582,111569,-1.01,0,0,3,1,1
11583,111574,0.95,1,4,7,5,1
11584,111579,0.95,1,4,7,5,1
11585,111592,2.12,1,7,10,13,1
11586,111597,0.95,1,4,7,5,1
11587,111613,4.69,1,12,15,16,1
11588,111631,3.47,1,10,13,18,1
11589,111652,3.29,1,10,13,21,1
11590,111675,4.82,1,13,16,23,1
11591,111680,0.95,1,4,7,5,1
11592,111687,1.93,1,6,9,7,1
11593,111694,1.93,1,6,9,7,1
11594,111703,1.81,1,6,9,9,1
11595,111716,3.22,1,9,12,13,1
11596,111729,3.22,1,9,12,13,1
11597,111730,-1.01,0,0,3,1,1
11598,111734,0.46,1,3,6,4,1
11599,111758,5.86,1,15,18,24,1
11600,111830,4.63,1,18,21,72,1
11601,111839,0.71,1,4,7,9,1
11602,111846,0.83,1,4,7,7,1
11603,111849,-0.03,0,2,5,3,1
11604,111854,0.4,1,3,6,5,1
11605,111855,-1.01,0,0,3,1,1
11606,111858,-0.03,0,2,5,3,1
11607,111863,0.4,1,3,6,5,1
11608,111874,2.79,1,8,11,11,1
11609,111908,6.36,1,17,20,34,1
11610,111923,3.65,1,10,13,15,1
11611,111927,0.46,1,3,6,4,1
11612,111933,0.89,1,4,7,6,1
11613,111956,5.37,1,14,17,23,1
11614,111962,1.44,1,5,8,6,1
11615,111968,0.89,1,4,7,6,1
11616,111980,2.18,1,7,10,12,1
11617,111981,-1.01,0,0,3,1,1
11618,112021,5.45,1,16,19,40,1
11619,112030,2.36,1,7,10,9,1
11620,112037,1.93,1,6,9,7,1
11621,112042,0.4,1,3,6,5,1
11622,112045,-0.58,0,1,4,3,1
11623,112049,0.46,1,3,6,4,1
11624,112066,4.08,1,11,14,17,1
11625,112072,0.89,1,4,7,6,1
11626,112076,0.46,1,3,6,4,1
11627,112091,4.2,1,11,14,15,1
11628,112092,-1.01,0,0,3,1,1
11629,112105,4.32,1,11,14,13,1
11630,112108,-0.03,0,2,5,3,1
11631,112112,-0.09,0,2,5,4,1
11632,112116,-0.09,0,2,5,4,1
11633,112120,-0.09,0,2,5,4,1
11634,112125,0.4,1,3,6,5,1
11635,112191,4.99,1,18,21,66,1
11636,112205,4.26,1,11,14,14,1
11637,112208,-0.03,0,2,5,3,1
11638,112218,2.3,1,7,10,10,1
11639,112224,0.34,1,3,6,6,1
11640,112234,2.3,1,7,10,10,1
11641,112237,-0.58,0,1,4,3,1
11642,112242,0.95,1,4,7,5,1
11643,112271,5.56,1,15,18,29,1
11644,112284,3.22,1,9,12,13,1
11645,112289,0.95,1,4,7,5,1
11646,112290,-1.01,0,0,3,1,1
11647,112291,-1.01,0,0,3,1,1
11648,112296,0.95,1,4,7,5,1
11649,112302,1.44,1,5,8,6,1
11650,112307,0.95,1,4,7,5,1
11651,112319,3.28,1,9,12,12,1
11652,112336,4.63,1,12,15,17,1
11653,112346,2.85,1,8,11,10,1
11654,112349,-0.03,0,2,5,3,1
11655,112361,3.28,1,9,12,12,1
11656,112365,0.46,1,3,6,4,1
11657,112367,-0.52,0,1,4,2,1
11658,112380,3.77,1,10,13,13,1
11659,112381,-1.01,0,0,3,1,1
11660,112385,0.46,1,3,6,4,1
11661,112392,1.38,1,5,8,7,1
11662,112419,4.58,1,13,16,27,1
11663,112426,0.28,1,3,6,7,1
11664,112443,4.63,1,12,15,17,1
11665,112448,0.95,1,4,7,5,1
11666,112452,0.46,1,3,6,4,1
11667,112456,0.46,1,3,6,4,1
11668,112461,0.95,1,4,7,5,1
11669,112474,3.77,1,10,13,13,1
11670,112479,0.95,1,4,7,5,1
11671,112481,-0.52,0,1,4,2,1
11672,112483,-0.52,0,1,4,2,1
11673,112498,2.0,1,7,10,15,1
11674,112503,0.95,1,4,7,5,1
11675,112507,0.46,1,3,6,4,1
11676,112510,-0.03,0,2,5,3,1
11677,112523,2.67,1,8,11,13,1
11678,112524,-1.01,0,0,3,1,1
11679,112540,3.59,1,10,13,16,1
11680,112544,0.46,1,3,6,4,1
11681,112548,0.46,1,3,6,4,1
11682,112558,2.3,1,7,10,10,1
11683,112612,6.81,1,20,23,54,1
11684,112630,5.12,1,13,16,18,1
11685,112631,-1.01,0,0,3,1,1
11686,112639,2.42,1,7,10,8,1
11687,112640,-1.01,0,0,3,1,1
11688,112647,1.38,1,5,8,7,1
11689,112648,-1.01,0,0,3,1,1
11690,112649,-1.01,0,0,3,1,1
11691,112653,0.46,1,3,6,4,1
11692,112659,1.44,1,5,8,6,1
11693,112665,1.44,1,5,8,6,1
11694,112666,-1.01,0,0,3,1,1
11695,112672,1.44,1,5,8,6,1
11696,112673,-1.01,0,0,3,1,1
11697,112710,5.08,1,15,18,37,1
11698,112712,-0.52,0,1,4,2,1
11699,112714,-0.52,0,1,4,2,1
11700,112715,-1.01,0,0,3,1,1
11701,112731,4.14,1,11,14,16,1
11702,112735,0.46,1,3,6,4,1
11703,112739,-0.09,0,2,5,4,1
11704,112747,1.87,1,6,9,8,1
11705,112759,2.73,1,8,11,12,1
11706,112781,3.78,1,11,14,22,1
11707,112783,-0.52,0,1,4,2,1
11708,112803,3.35,1,10,13,20,1
11709,112808,0.95,1,4,7,5,1
11710,112872,6.21,1,20,23,64,1
11711,112883,1.69,1,6,9,11,1
11712,112885,-0.52,0,1,4,2,1
11713,112895,2.3,1,7,10,10,1
11714,112896,-1.01,0,0,3,1,1
11715,112900,-0.09,0,2,5,4,1
11716,112909,2.36,1,7,10,9,1
11717,112920,2.79,1,8,11,11,1
11718,112926,0.34,1,3,6,6,1
11719,112975,5.46,1,17,20,49,1
11720,112987,2.18,1,7,10,12,1
11721,112994,1.38,1,5,8,7,1
11722,113007,4.32,1,11,14,13,1
11723,113009,-0.52,0,1,4,2,1
11724,113011,-0.52,0,1,4,2,1
11725,113015,-0.09,0,2,5,4,1
11726,113017,-0.52,0,1,4,2,1
11727,113020,-0.03,0,2,5,3,1
11728,113023,-0.03,0,2,5,3,1
11729,113034,2.79,1,8,11,11,1
11730,113070,5.14,1,15,18,36,1
11731,113078,1.32,1,5,8,8,1
11732,113081,-0.03,0,2,5,3,1
11733,113106,5.8,1,15,18,25,1
11734,113113,1.93,1,6,9,7,1
11735,113114,-1.01,0,0,3,1,1
11736,113123,1.81,1,6,9,9,1
11737,113136,2.12,1,7,10,13,1
11738,113143,1.38,1,5,8,7,1
11739,113148,0.95,1,4,7,5,1
11740,113150,-0.52,0,1,4,2,1
11741,113167,2.98,1,9,12,17,1
11742,113187,5.0,1,13,16,20,1
11743,113205,4.02,1,11,14,18,1
11744,113214,2.36,1,7,10,9,1
11745,113220,1.44,1,5,8,6,1
11746,113221,-1.01,0,0,3,1,1
11747,113222,-1.01,0,0,3,1,1
11748,113225,-0.03,0,2,5,3,1
11749,113232,1.38,1,5,8,7,1
11750,113233,-1.01,0,0,3,1,1
11751,113240,1.38,1,5,8,7,1
11752,113271,5.99,1,16,19,31,1
11753,113277,1.44,1,5,8,6,1
11754,113287,2.85,1,8,11,10,1
11755,113310,4.27,1,12,15,23,1
11756,113311,-1.01,0,0,3,1,1
11757,113315,0.46,1,3,6,4,1
11758,113319,0.46,1,3,6,4,1
11759,113325,1.44,1,5,8,6,1
11760,113331,0.89,1,4,7,6,1
11761,113357,3.54,1,11,14,26,1
11762,113361,0.46,1,3,6,4,1
11763,113362,-1.01,0,0,3,1,1
11764,113365,-0.03,0,2,5,3,1
11765,113369,-0.09,0,2,5,4,1
11766,113386,3.53,1,10,13,17,1
11767,113392,0.89,1,4,7,6,1
11768,113399,0.83,1,4,7,7,1
11769,113405,1.44,1,5,8,6,1
11770,113428,5.92,1,15,18,23,1
11771,113433,0.95,1,4,7,5,1
11772,113434,-1.01,0,0,3,1,1
11773,113440,1.44,1,5,8,6,1
11774,113450,2.85,1,8,11,10,1
11775,113452,-0.52,0,1,4,2,1
11776,113476,4.76,1,13,16,24,1
11777,113480,0.46,1,3,6,4,1
11778,113485,0.95,1,4,7,5,1
11779,113488,-0.03,0,2,5,3,1
11780,113493,0.4,1,3,6,5,1
11781,113515,4.88,1,13,16,22,1
11782,113520,0.95,1,4,7,5,1
11783,113529,2.36,1,7,10,9,1
11784,113534,0.4,1,3,6,5,1
11785,113539,-0.15,0,2,5,5,1
11786,113550,3.34,1,9,12,11,1
11787,113558,2.42,1,7,10,8,1
11788,113563,0.95,1,4,7,5,1
11789,113574,2.79,1,8,11,11,1
11790,113589,4.75,1,12,15,15,1
11791,113592,-0.03,0,2,5,3,1
11792,113617,5.8,1,15,18,25,1
11793,113623,1.44,1,5,8,6,1
11794,113634,2.79,1,8,11,11,1
11795,113640,1.44,1,5,8,6,1
11796,113667,5.68,1,15,18,27,1
11797,113672,0.95,1,4,7,5,1
11798,113694,5.43,1,14,17,22,1
11799,113700,0.89,1,4,7,6,1
11800,113710,2.85,1,8,11,10,1
11801,113711,-1.01,0,0,3,1,1
11802,113717,1.44,1,5,8,6,1
11803,113722,0.95,1,4,7,5,1
11804,113723,-1.01,0,0,3,1,1
11805,113743,5.0,1,13,16,20,1
11806,113764,5.49,1,14,17,21,1
11807,113768,-0.09,0,2,5,4,1
11808,113776,1.87,1,6,9,8,1
11809,113791,4.2,1,11,14,15,1
11810,113798,1.38,1,5,8,7,1
11811,113806,1.87,1,6,9,8,1
11812,113821,3.1,1,9,12,15,1
11813,113824,-0.03,0,2,5,3,1
11814,113825,-1.01,0,0,3,1,1
11815,113835,2.3,1,7,10,10,1
11816,113839,0.46,1,3,6,4,1
11817,113843,0.46,1,3,6,4,1
11818,113847,0.46,1,3,6,4,1
11819,113882,5.2,1,15,18,35,1
11820,113883,-1.01,0,0,3,1,1
11821,113885,-0.52,0,1,4,2,1
11822,113888,-0.03,0,2,5,3,1
11823,113893,0.4,1,3,6,5,1
11824,113895,-0.52,0,1,4,2,1
11825,113898,-0.03,0,2,5,3,1
11826,113919,4.94,1,13,16,21,1
11827,113928,2.36,1,7,10,9,1
11828,113933,0.4,1,3,6,5,1
11829,113936,-0.03,0,2,5,3,1
11830,113972,8.44,1,21,24,36,1
11831,113975,-0.03,0,2,5,3,1
11832,113980,0.95,1,4,7,5,1
11833,113982,-0.52,0,1,4,2,1
11834,113987,0.95,1,4,7,5,1
11835,113993,1.44,1,5,8,6,1
11836,113996,-0.03,0,2,5,3,1
11837,114005,2.36,1,7,10,9,1
11838,114009,-0.09,0,2,5,4,1
11839,114020,3.34,1,9,12,11,1
11840,114034,3.16,1,9,12,14,1
11841,114037,-0.03,0,2,5,3,1
11842,114041,0.46,1,3,6,4,1
11843,114042,-1.01,0,0,3,1,1
11844,114051,1.81,1,6,9,9,1
11845,114077,4.64,1,13,16,26,1
11846,114079,-0.52,0,1,4,2,1
11847,114080,-1.01,0,0,3,1,1
11848,114086,0.89,1,4,7,6,1
11849,114092,1.44,1,5,8,6,1
11850,114108,3.59,1,10,13,16,1
11851,114113,0.95,1,4,7,5,1
11852,114116,-0.03,0,2,5,3,1
11853,114118,-0.52,0,1,4,2,1
11854,114130,2.18,1,7,10,12,1
11855,114136,0.89,1,4,7,6,1
11856,114150,3.71,1,10,13,14,1
11857,114151,-1.01,0,0,3,1,1
11858,114152,-1.01,0,0,3,1,1
11859,114154,-0.52,0,1,4,2,1
11860,114176,3.23,1,10,13,22,1
11861,114187,2.24,1,7,10,11,1
11862,114202,2.55,1,8,11,15,1
11863,114213,2.24,1,7,10,11,1
11864,114218,0.95,1,4,7,5,1
11865,114239,6.04,1,15,18,21,1
11866,114240,-1.01,0,0,3,1,1
11867,114242,-0.52,0,1,4,2,1
11868,114245,-0.03,0,2,5,3,1
11869,114249,0.46,1,3,6,4,1
11870,114253,0.46,1,3,6,4,1
11871,114262,1.81,1,6,9,9,1
11872,114264,-0.52,0,1,4,2,1
11873,114271,1.93,1,6,9,7,1
11874,114284,3.77,1,10,13,13,1
11875,114290,1.44,1,5,8,6,1
11876,114291,-1.01,0,0,3,1,1
11877,114295,0.46,1,3,6,4,1
11878,114296,-1.01,0,0,3,1,1
11879,114297,-1.01,0,0,3,1,1
11880,114298,-1.01,0,0,3,1,1
11881,114303,0.95,1,4,7,5,1
11882,114314,3.34,1,9,12,11,1
11883,114315,-1.01,0,0,3,1,1
11884,114320,0.95,1,4,7,5,1
11885,114330,1.75,1,6,9,10,1
11886,114336,0.89,1,4,7,6,1
11887,114356,3.9,1,11,14,20,1
11888,114369,2.67,1,8,11,13,1
11889,114378,2.36,1,7,10,9,1
11890,114380,-0.52,0,1,4,2,1
11891,114381,-1.01,0,0,3,1,1
11892,114391,2.85,1,8,11,10,1
11893,114398,1.38,1,5,8,7,1
11894,114408,2.85,1,8,11,10,1
11895,114423,2.55,1,8,11,15,1
11896,114425,-0.52,0,1,4,2,1
11897,114440,3.1,1,9,12,15,1
11898,114444,0.46,1,3,6,4,1
11899,114447,-0.03,0,2,5,3,1
11900,114460,4.32,1,11,14,13,1
11901,114462,-0.52,0,1,4,2,1
11902,114495,6.97,1,18,21,33,1
11903,114502,1.93,1,6,9,7,1
11904,114528,5.74,1,15,18,26,1
11905,114529,-1.01,0,0,3,1,1
11906,114532,-0.03,0,2,5,3,1
11907,114542,2.3,1,7,10,10,1
11908,114547,0.95,1,4,7,5,1
11909,114555,2.42,1,7,10,8,1
11910,114559,0.46,1,3,6,4,1
11911,114561,-0.52,0,1,4,2,1
11912,114565,0.46,1,3,6,4,1
11913,114568,-0.03,0,2,5,3,1
11914,114569,-1.01,0,0,3,1,1
11915,114570,-1.01,0,0,3,1,1
11916,114578,1.32,1,5,8,8,1
11917,114585,1.38,1,5,8,7,1
11918,114587,-0.52,0,1,4,2,1
11919,114592,0.95,1,4,7,5,1
11920,114593,-1.01,0,0,3,1,1
11921,114615,4.88,1,13,16,22,1
11922,114620,0.4,1,3,6,5,1
11923,114622,-0.52,0,1,4,2,1
11924,114636,2.61,1,8,11,14,1
11925,114639,-0.03,0,2,5,3,1
11926,114645,0.89,1,4,7,6,1
11927,114650,0.95,1,4,7,5,1
11928,114653,-0.03,0,2,5,3,1
11929,114660,1.93,1,6,9,7,1
11930,114670,2.3,1,7,10,10,1
11931,114672,-0.52,0,1,4,2,1
11932,114676,0.46,1,3,6,4,1
11933,114678,-0.52,0,1,4,2,1
11934,114679,-1.01,0,0,3,1,1
11935,114681,-0.52,0,1,4,2,1
11936,114682,-1.01,0,0,3,1,1
11937,114685,-0.03,0,2,5,3,1
11938,114695,2.85,1,8,11,10,1
11939,114699,0.46,1,3,6,4,1
11940,114706,1.38,1,5,8,7,1
11941,114715,1.81,1,6,9,9,1
11942,114732,4.08,1,11,14,17,1
11943,114736,0.46,1,3,6,4,1
11944,114750,3.16,1,9,12,14,1
11945,114752,-0.52,0,1,4,2,1
11946,114771,3.96,1,11,14,19,1
11947,114789,4.02,1,11,14,18,1
11948,114807,4.57,1,12,15,18,1
11949,114820,4.32,1,11,14,13,1
11950,114829,2.91,1,8,11,9,1
11951,114837,2.42,1,7,10,8,1
11952,114850,2.12,1,7,10,13,1
11953,114857,1.38,1,5,8,7,1
11954,114859,-0.52,0,1,4,2,1
11955,114875,3.04,1,9,12,16,1
11956,114882,1.38,1,5,8,7,1
11957,114885,-0.03,0,2,5,3,1
11958,114904,5.06,1,13,16,19,1
11959,114908,0.46,1,3,6,4,1
11960,114929,5.49,1,14,17,21,1
11961,114930,-1.01,0,0,3,1,1
11962,114935,0.4,1,3,6,5,1
11963,114979,7.41,1,20,23,44,1
11964,114985,1.44,1,5,8,6,1
11965,114991,0.89,1,4,7,6,1
11966,114996,0.95,1,4,7,5,1
11967,115018,4.88,1,13,16,22,1
11968,115024,0.89,1,4,7,6,1
11969,115037,3.77,1,10,13,13,1
11970,115055,4.57,1,12,15,18,1
11971,115060,0.95,1,4,7,5,1
11972,115077,2.43,1,8,11,17,1
11973,115089,3.83,1,10,13,12,1
11974,115090,-1.01,0,0,3,1,1
11975,115093,-0.03,0,2,5,3,1
11976,115103,2.3,1,7,10,10,1
11977,115113,0.65,1,4,7,10,1
11978,115118,0.4,1,3,6,5,1
11979,115121,-0.03,0,2,5,3,1
11980,115122,-1.01,0,0,3,1,1
11981,115145,4.82,1,13,16,23,1
11982,115148,-0.03,0,2,5,3,1
11983,115153,0.95,1,4,7,5,1
11984,115155,-0.52,0,1,4,2,1
11985,115164,2.36,1,7,10,9,1
11986,115170,0.89,1,4,7,6,1
11987,115174,0.46,1,3,6,4,1
11988,115197,4.82,1,13,16,23,1
11989,115216,5.06,1,13,16,19,1
11990,115236,5.0,1,13,16,20,1
11991,115237,-1.01,0,0,3,1,1
11992,115246,1.81,1,6,9,9,1
11993,115248,-0.52,0,1,4,2,1
11994,115258,2.85,1,8,11,10,1
11995,115265,1.38,1,5,8,7,1
11996,115285,5.0,1,13,16,20,1
11997,115294,2.36,1,7,10,9,1
11998,115326,5.93,1,16,19,32,1
11999,115331,0.95,1,4,7,5,1
12000,115343,2.73,1,8,11,12,1
12001,115347,0.46,1,3,6,4,1
12002,115356,1.81,1,6,9,9,1
12003,115361,0.4,1,3,6,5,1
12004,115369,1.87,1,6,9,8,1
12005,115374,0.4,1,3,6,5,1
12006,115383,1.26,1,5,8,9,1
12007,115389,1.44,1,5,8,6,1
12008,115425,6.24,1,17,20,36,1
12009,115430,0.95,1,4,7,5,1
12010,115431,-1.01,0,0,3,1,1
12011,115441,2.85,1,8,11,10,1
12012,115444,-0.03,0,2,5,3,1
12013,115446,-0.52,0,1,4,2,1
12014,115451,0.95,1,4,7,5,1
12015,115453,-0.52,0,1,4,2,1
12016,115459,1.44,1,5,8,6,1
12017,115460,-1.01,0,0,3,1,1
12018,115471,3.34,1,9,12,11,1
12019,115473,-0.52,0,1,4,2,1
12020,115474,-1.01,0,0,3,1,1
12021,115477,-0.03,0,2,5,3,1
12022,115480,-0.03,0,2,5,3,1
12023,115518,6.67,1,18,21,38,1
12024,115526,1.32,1,5,8,8,1
12025,115529,-0.03,0,2,5,3,1
12026,115537,1.87,1,6,9,8,1
12027,115544,1.38,1,5,8,7,1
12028,115575,5.44,1,15,18,31,1
12029,115587,3.83,1,10,13,12,1
12030,115601,3.71,1,10,13,14,1
12031,115602,-1.01,0,0,3,1,1
12032,115608,1.44,1,5,8,6,1
12033,115632,5.31,1,14,17,24,1
12034,115635,-0.03,0,2,5,3,1
12035,115637,-0.52,0,1,4,2,1
12036,115681,5.76,1,17,20,44,1
12037,115685,0.46,1,3,6,4,1
12038,115692,1.38,1,5,8,7,1
12039,115704,2.18,1,7,10,12,1
12040,115707,-0.03,0,2,5,3,1
12041,115710,-0.03,0,2,5,3,1
12042,115726,3.59,1,10,13,16,1
12043,115730,0.46,1,3,6,4,1
12044,115734,0.46,1,3,6,4,1
12045,115742,2.42,1,7,10,8,1
12046,115755,3.77,1,10,13,13,1
12047,115760,0.95,1,4,7,5,1
12048,115763,-0.03,0,2,5,3,1
12049,115767,0.46,1,3,6,4,1
12050,115769,-0.52,0,1,4,2,1
12051,115803,6.36,1,17,20,34,1
12052,115815,2.73,1,8,11,12,1
12053,115829,2.06,1,7,10,14,1
12054,115871,6.43,1,18,21,42,1
12055,115889,5.12,1,13,16,18,1
12056,115895,0.89,1,4,7,6,1
12057,115897,-0.52,0,1,4,2,1
12058,115917,4.45,1,12,15,20,1
12059,115926,2.91,1,8,11,9,1
12060,115929,-0.03,0,2,5,3,1
12061,115937,1.87,1,6,9,8,1
12062,115941,0.46,1,3,6,4,1
12063,115942,-1.01,0,0,3,1,1
12064,115951,2.91,1,8,11,9,1
12065,115955,0.46,1,3,6,4,1
12066,115966,2.24,1,7,10,11,1
12067,115986,3.35,1,10,13,20,1
12068,115997,2.79,1,8,11,11,1
12069,116003,1.44,1,5,8,6,1
12070,116006,-0.03,0,2,5,3,1
12071,116017,3.34,1,9,12,11,1
12072,116062,6.8,1,19,22,45,1
12073,116071,2.91,1,8,11,9,1
12074,116082,3.34,1,9,12,11,1
12075,116084,-0.52,0,1,4,2,1
12076,116092,2.42,1,7,10,8,1
12077,116102,2.85,1,8,11,10,1
12078,116107,0.4,1,3,6,5,1
12079,116110,-0.03,0,2,5,3,1
12080,116115,0.95,1,4,7,5,1
12081,116133,4.57,1,12,15,18,1
12082,116144,3.34,1,9,12,11,1
12083,116147,-0.03,0,2,5,3,1
12084,116152,0.95,1,4,7,5,1
12085,116158,1.44,1,5,8,6,1
12086,116162,0.46,1,3,6,4,1
12087,116194,5.38,1,15,18,32,1
12088,116197,-0.03,0,2,5,3,1
12089,116204,1.93,1,6,9,7,1
12090,116212,1.32,1,5,8,8,1
12091,116219,0.83,1,4,7,7,1
12092,116231,4.38,1,11,14,12,1
12093,116233,-0.52,0,1,4,2,1
12094,116234,-1.01,0,0,3,1,1
12095,116235,-1.01,0,0,3,1,1
12096,116247,2.73,1,8,11,12,1
12097,116251,0.46,1,3,6,4,1
12098,116255,0.46,1,3,6,4,1
12099,116286,5.99,1,16,19,31,1
12100,116289,-0.03,0,2,5,3,1
12101,116291,-0.52,0,1,4,2,1
12102,116293,-0.52,0,1,4,2,1
12103,116296,-0.03,0,2,5,3,1
12104,116343,6.13,1,18,21,47,1
12105,116345,-0.52,0,1,4,2,1
12106,116358,3.22,1,9,12,13,1
12107,116366,1.87,1,6,9,8,1
12108,116367,-1.01,0,0,3,1,1
12109,116371,-0.09,0,2,5,4,1
12110,116374,-0.03,0,2,5,3,1
12111,116381,0.83,1,4,7,7,1
12112,116386,0.95,1,4,7,5,1
12113,116409,5.92,1,15,18,23,1
12114,116416,1.38,1,5,8,7,1
12115,116417,-1.01,0,0,3,1,1
12116,116449,5.38,1,15,18,32,1
12117,116462,4.32,1,11,14,13,1
12118,116463,-1.01,0,0,3,1,1
12119,116470,0.83,1,4,7,7,1
12120,116479,2.36,1,7,10,9,1
12121,116490,3.34,1,9,12,11,1
12122,116495,0.4,1,3,6,5,1
12123,116503,1.87,1,6,9,8,1
12124,116504,-1.01,0,0,3,1,1
12125,116516,2.73,1,8,11,12,1
12126,116517,-1.01,0,0,3,1,1
12127,116522,0.95,1,4,7,5,1
12128,116543,5.49,1,14,17,21,1
12129,116562,4.51,1,12,15,19,1
12130,116563,-1.01,0,0,3,1,1
12131,116572,2.36,1,7,10,9,1
12132,116575,-0.03,0,2,5,3,1
12133,116587,1.63,1,6,9,12,1
12134,116592,0.4,1,3,6,5,1
12135,116593,-1.01,0,0,3,1,1
12136,116594,-1.01,0,0,3,1,1
12137,116613,3.96,1,11,14,19,1
12138,116622,2.36,1,7,10,9,1
12139,116624,-0.52,0,1,4,2,1
12140,116631,0.83,1,4,7,7,1
12141,116638,0.83,1,4,7,7,1
12142,116644,0.89,1,4,7,6,1
12143,116648,0.46,1,3,6,4,1
12144,116661,3.22,1,9,12,13,1
12145,116662,-1.01,0,0,3,1,1
12146,116669,1.93,1,6,9,7,1
12147,116678,1.26,1,5,8,9,1
12148,116689,1.69,1,6,9,11,1
12149,116695,0.89,1,4,7,6,1
12150,116696,-1.01,0,0,3,1,1
12151,116703,1.93,1,6,9,7,1
12152,116707,0.46,1,3,6,4,1
12153,116708,-1.01,0,0,3,1,1
12154,116709,-1.01,0,0,3,1,1
12155,116715,1.44,1,5,8,6,1
12156,116717,-0.52,0,1,4,2,1
12157,116719,-0.52,0,1,4,2,1
12158,116725,1.44,1,5,8,6,1
12159,116738,2.67,1,8,11,13,1
12160,116744,1.44,1,5,8,6,1
12161,116745,-1.01,0,0,3,1,1
12162,116749,-0.09,0,2,5,4,1
12163,116750,-1.01,0,0,3,1,1
12164,116755,0.4,1,3,6,5,1
12165,116764,1.81,1,6,9,9,1
12166,116767,-0.03,0,2,5,3,1
12167,116768,-1.01,0,0,3,1,1
12168,116769,-1.01,0,0,3,1,1
12169,116774,0.95,1,4,7,5,1
12170,116779,0.95,1,4,7,5,1
12171,116785,0.89,1,4,7,6,1
12172,116787,-0.52,0,1,4,2,1
12173,116793,0.89,1,4,7,6,1
12174,116794,-1.01,0,0,3,1,1
12175,116826,5.93,1,16,19,32,1
12176,116832,1.44,1,5,8,6,1
12177,116840,2.42,1,7,10,8,1
12178,116848,1.32,1,5,8,8,1
12179,116854,1.44,1,5,8,6,1
12180,116877,6.47,1,16,19,23,1
12181,116885,1.87,1,6,9,8,1
12182,116886,-1.01,0,0,3,1,1
12183,116892,1.44,1,5,8,6,1
12184,116923,5.99,1,16,19,31,1
12185,116932,2.36,1,7,10,9,1
12186,116940,1.32,1,5,8,8,1
12187,116953,3.22,1,9,12,13,1
12188,116967,3.71,1,10,13,14,1
12189,116968,-1.01,0,0,3,1,1
12190,116978,1.75,1,6,9,10,1
12191,116998,4.45,1,12,15,20,1
12192,117002,0.46,1,3,6,4,1
12193,117004,-0.52,0,1,4,2,1
12194,117017,3.77,1,10,13,13,1
12195,117025,2.42,1,7,10,8,1
12196,117031,1.44,1,5,8,6,1
12197,117032,-1.01,0,0,3,1,1
12198,117033,-1.01,0,0,3,1,1
12199,117037,0.46,1,3,6,4,1
12200,117062,3.6,1,11,14,25,1
12201,117065,-0.03,0,2,5,3,1
12202,117071,1.44,1,5,8,6,1
12203,117072,-1.01,0,0,3,1,1
12204,117081,2.91,1,8,11,9,1
12205,117082,-1.01,0,0,3,1,1
12206,117083,-1.01,0,0,3,1,1
12207,117097,5.36,1,13,16,14,1
12208,117107,2.85,1,8,11,10,1
12209,117124,2.98,1,9,12,17,1
12210,117125,-1.01,0,0,3,1,1
12211,117130,0.95,1,4,7,5,1
12212,117141,3.34,1,9,12,11,1
12213,117144,-0.03,0,2,5,3,1
12214,117145,-1.01,0,0,3,1,1
12215,117174,4.46,1,13,16,29,1
12216,117180,1.44,1,5,8,6,1
12217,117182,-0.52,0,1,4,2,1
12218,117201,3.96,1,11,14,19,1
12219,117202,-1.01,0,0,3,1,1
12220,117203,-1.01,0,0,3,1,1
12221,117212,2.91,1,8,11,9,1
12222,117215,-0.03,0,2,5,3,1
12223,117235,4.45,1,12,15,20,1
12224,117239,0.46,1,3,6,4,1
12225,117258,5.06,1,13,16,19,1
12226,117269,3.34,1,9,12,11,1
12227,117279,3.4,1,9,12,10,1
12228,117283,0.46,1,3,6,4,1
12229,117287,0.46,1,3,6,4,1
12230,117304,4.08,1,11,14,17,1
12231,117320,4.14,1,11,14,16,1
12232,117321,-1.01,0,0,3,1,1
12233,117377,6.14,1,19,22,56,1
12234,117387,2.85,1,8,11,10,1
12235,117393,1.44,1,5,8,6,1
12236,117402,1.81,1,6,9,9,1
12237,117413,3.89,1,10,13,11,1
12238,117419,1.44,1,5,8,6,1
12239,117429,1.75,1,6,9,10,1
12240,117447,4.57,1,12,15,18,1
12241,117453,1.44,1,5,8,6,1
12242,117473,5.0,1,13,16,20,1
12243,117474,-1.01,0,0,3,1,1
12244,117475,-1.01,0,0,3,1,1
12245,117496,4.94,1,13,16,21,1
12246,117504,2.42,1,7,10,8,1
12247,117520,4.14,1,11,14,16,1
12248,117528,1.87,1,6,9,8,1
12249,117538,2.3,1,7,10,10,1
12250,117546,2.42,1,7,10,8,1
12251,117549,-0.03,0,2,5,3,1
12252,117565,4.14,1,11,14,16,1
12253,117592,5.68,1,15,18,27,1
12254,117605,3.77,1,10,13,13,1
12255,117614,2.36,1,7,10,9,1
12256,117617,-0.03,0,2,5,3,1
12257,117625,2.42,1,7,10,8,1
12258,117635,2.3,1,7,10,10,1
12259,117653,5.67,1,14,17,18,1
12260,117676,5.92,1,15,18,23,1
12261,117682,0.89,1,4,7,6,1
12262,117687,0.4,1,3,6,5,1
12263,117693,0.89,1,4,7,6,1
12264,117697,-0.09,0,2,5,4,1
12265,117700,-0.03,0,2,5,3,1
12266,117704,0.46,1,3,6,4,1
12267,117722,4.02,1,11,14,18,1
12268,117763,4.29,1,14,17,41,1
12269,117765,-0.52,0,1,4,2,1
12270,117784,2.31,1,8,11,19,1
12271,117791,1.38,1,5,8,7,1
12272,117796,0.95,1,4,7,5,1
12273,117800,0.46,1,3,6,4,1
12274,117854,6.26,1,19,22,54,1
12275,117862,1.87,1,6,9,8,1
12276,117867,0.95,1,4,7,5,1
12277,117882,4.2,1,11,14,15,1
12278,117883,-1.01,0,0,3,1,1
12279,117885,-0.52,0,1,4,2,1
12280,117894,1.26,1,5,8,9,1
12281,117903,1.81,1,6,9,9,1
12282,117911,2.42,1,7,10,8,1
12283,117913,-0.52,0,1,4,2,1
12284,117925,3.28,1,9,12,12,1
12285,117931,0.89,1,4,7,6,1
12286,117938,1.93,1,6,9,7,1
12287,117939,-1.01,0,0,3,1,1
12288,117941,-0.52,0,1,4,2,1
12289,117966,5.8,1,15,18,25,1
12290,117968,-0.52,0,1,4,2,1
12291,117970,-0.52,0,1,4,2,1
12292,117972,-0.52,0,1,4,2,1
12293,117981,1.81,1,6,9,9,1
12294,117983,-0.52,0,1,4,2,1
12295,117988,0.95,1,4,7,5,1
12296,117992,0.46,1,3,6,4,1
12297,118007,3.65,1,10,13,15,1
12298,118008,-1.01,0,0,3,1,1
12299,118009,-1.01,0,0,3,1,1
12300,118027,3.47,1,10,13,18,1
12301,118047,4.45,1,12,15,20,1
12302,118051,0.46,1,3,6,4,1
12303,118054,-0.03,0,2,5,3,1
12304,118092,6.67,1,18,21,38,1
12305,118114,5.43,1,14,17,22,1
12306,118142,5.62,1,15,18,28,1
12307,118144,-0.52,0,1,4,2,1
12308,118146,-0.52,0,1,4,2,1
12309,118154,1.32,1,5,8,8,1
12310,118165,2.79,1,8,11,11,1
12311,118166,-1.01,0,0,3,1,1
12312,118173,0.83,1,4,7,7,1
12313,118183,1.75,1,6,9,10,1
12314,118187,0.46,1,3,6,4,1
12315,118199,3.28,1,9,12,12,1
12316,118205,0.89,1,4,7,6,1
12317,118210,0.95,1,4,7,5,1
12318,118228,3.47,1,10,13,18,1
12319,118230,-0.52,0,1,4,2,1
12320,118235,0.95,1,4,7,5,1
12321,118241,0.89,1,4,7,6,1
12322,118247,0.34,1,3,6,6,1
12323,118258,2.79,1,8,11,11,1
12324,118266,1.32,1,5,8,8,1
12325,118276,2.3,1,7,10,10,1
12326,118283,1.38,1,5,8,7,1
12327,118292,2.36,1,7,10,9,1
12328,118320,4.52,1,13,16,28,1
12329,118324,0.46,1,3,6,4,1
12330,118335,1.69,1,6,9,11,1
12331,118343,1.87,1,6,9,8,1
12332,118346,-0.03,0,2,5,3,1
12333,118363,3.53,1,10,13,17,1
12334,118377,3.16,1,9,12,14,1
12335,118386,2.36,1,7,10,9,1
12336,118388,-0.52,0,1,4,2,1
12337,118389,-1.01,0,0,3,1,1
12338,118393,-0.09,0,2,5,4,1
12339,118399,1.44,1,5,8,6,1
12340,118401,-0.52,0,1,4,2,1
12341,118403,-0.52,0,1,4,2,1
12342,118427,4.76,1,13,16,24,1
12343,118451,4.21,1,12,15,24,1
12344,118453,-0.52,0,1,4,2,1
12345,118477,7.51,1,18,21,24,1
12346,118480,-0.03,0,2,5,3,1
12347,118504,5.31,1,14,17,24,1
12348,118508,0.46,1,3,6,4,1
12349,118512,-0.09,0,2,5,4,1
12350,118565,5.77,1,18,21,53,1
12351,118569,0.46,1,3,6,4,1
12352,118582,3.22,1,9,12,13,1
12353,118592,3.4,1,9,12,10,1
12354,118600,1.87,1,6,9,8,1
12355,118609,1.81,1,6,9,9,1
12356,118614,0.95,1,4,7,5,1
12357,118621,1.38,1,5,8,7,1
12358,118629,1.87,1,6,9,8,1
12359,118652,3.72,1,11,14,23,1
12360,118693,4.29,1,14,17,41,1
12361,118695,-0.52,0,1,4,2,1
12362,118705,2.85,1,8,11,10,1
12363,118706,-1.01,0,0,3,1,1
12364,118709,-0.03,0,2,5,3,1
12365,118712,-0.03,0,2,5,3,1
12366,118713,-1.01,0,0,3,1,1
12367,118717,0.46,1,3,6,4,1
12368,118736,5.61,1,14,17,19,1
12369,118737,-1.01,0,0,3,1,1
12370,118739,-0.52,0,1,4,2,1
12371,118757,4.57,1,12,15,18,1
12372,118773,4.14,1,11,14,16,1
12373,118774,-1.01,0,0,3,1,1
12374,118823,7.11,1,20,23,49,1
12375,118826,-0.03,0,2,5,3,1
12376,118835,1.81,1,6,9,9,1
12377,118836,-1.01,0,0,3,1,1
12378,118840,-0.09,0,2,5,4,1
12379,118849,1.81,1,6,9,9,1
12380,118853,0.46,1,3,6,4,1
12381,118861,1.87,1,6,9,8,1
12382,118875,3.71,1,10,13,14,1
12383,118880,0.95,1,4,7,5,1
12384,118888,1.87,1,6,9,8,1
12385,118889,-1.01,0,0,3,1,1
12386,118913,5.31,1,14,17,24,1
12387,118914,-1.01,0,0,3,1,1
12388,118924,2.3,1,7,10,10,1
12389,118925,-1.01,0,0,3,1,1
12390,118939,2.61,1,8,11,14,1
12391,118941,-0.52,0,1,4,2,1
12392,118942,-1.01,0,0,3,1,1
12393,118949,1.38,1,5,8,7,1
12394,118960,3.34,1,9,12,11,1
12395,118974,4.26,1,11,14,14,1
12396,118982,0.77,1,4,7,8,1
12397,118991,2.91,1,8,11,9,1
12398,118992,-1.01,0,0,3,1,1
12399,119042,6.5,1,19,22,50,1
12400,119047,0.95,1,4,7,5,1
12401,119063,4.14,1,11,14,16,1
12402,119067,0.46,1,3,6,4,1
12403,119081,3.16,1,9,12,14,1
12404,119084,-0.03,0,2,5,3,1
12405,119097,2.67,1,8,11,13,1
12406,119100,-0.03,0,2,5,3,1
12407,119107,1.93,1,6,9,7,1
12408,119108,-1.01,0,0,3,1,1
12409,119121,2.67,1,8,11,13,1
12410,119128,1.93,1,6,9,7,1
12411,119144,3.04,1,9,12,16,1
12412,119146,-0.52,0,1,4,2,1
12413,119150,0.46,1,3,6,4,1
12414,119155,0.95,1,4,7,5,1
12415,119179,4.21,1,12,15,24,1
12416,119185,1.44,1,5,8,6,1
12417,119205,5.55,1,14,17,20,1
12418,119217,3.28,1,9,12,12,1
12419,119222,0.4,1,3,6,5,1
12420,119227,0.95,1,4,7,5,1
12421,119228,-1.01,0,0,3,1,1
12422,119229,-1.01,0,0,3,1,1
12423,119230,-1.01,0,0,3,1,1
12424,119231,-1.01,0,0,3,1,1
12425,119247,3.04,1,9,12,16,1
12426,119269,5.98,1,15,18,22,1
12427,119270,-1.01,0,0,3,1,1
12428,119280,3.4,1,9,12,10,1
12429,119306,6.84,1,17,20,26,1
12430,119329,4.27,1,12,15,23,1
12431,119330,-1.01,0,0,3,1,1
12432,119367,5.63,1,16,19,37,1
12433,119372,0.95,1,4,7,5,1
12434,119385,3.22,1,9,12,13,1
12435,119388,-0.03,0,2,5,3,1
12436,119389,-1.01,0,0,3,1,1
12437,119392,-0.03,0,2,5,3,1
12438,119400,2.42,1,7,10,8,1
12439,119404,0.46,1,3,6,4,1
12440,119410,0.89,1,4,7,6,1
12441,119412,-0.52,0,1,4,2,1
12442,119418,1.44,1,5,8,6,1
12443,119431,2.67,1,8,11,13,1
12444,119444,4.32,1,11,14,13,1
12445,119462,4.57,1,12,15,18,1
12446,119478,4.14,1,11,14,16,1
12447,119482,-0.09,0,2,5,4,1
12448,119492,2.85,1,8,11,10,1
12449,119494,-0.52,0,1,4,2,1
12450,119508,4.81,1,12,15,14,1
12451,119517,2.36,1,7,10,9,1
12452,119520,-0.03,0,2,5,3,1
12453,119532,2.73,1,8,11,12,1
12454,119537,0.95,1,4,7,5,1
12455,119578,6.49,1,18,21,41,1
12456,119594,4.14,1,11,14,16,1
12457,119600,0.89,1,4,7,6,1
12458,119609,2.36,1,7,10,9,1
12459,119617,2.42,1,7,10,8,1
12460,119642,6.35,1,16,19,25,1
12461,119658,4.14,1,11,14,16,1
12462,119675,4.08,1,11,14,17,1
12463,119677,-0.52,0,1,4,2,1
12464,119687,2.85,1,8,11,10,1
12465,119700,3.22,1,9,12,13,1
12466,119707,1.93,1,6,9,7,1
12467,119710,-0.03,0,2,5,3,1
12468,119712,-0.52,0,1,4,2,1
12469,119713,-1.01,0,0,3,1,1
12470,119715,-0.52,0,1,4,2,1
12471,119716,-1.01,0,0,3,1,1
12472,119726,2.85,1,8,11,10,1
12473,119775,6.56,1,19,22,49,1
12474,119783,2.42,1,7,10,8,1
12475,119826,6.37,1,18,21,43,1
12476,119832,1.44,1,5,8,6,1
12477,119844,2.18,1,7,10,12,1
12478,119845,-1.01,0,0,3,1,1
12479,119864,4.51,1,12,15,19,1
12480,119869,0.95,1,4,7,5,1
12481,119870,-1.01,0,0,3,1,1
12482,119874,0.46,1,3,6,4,1
12483,119877,-0.58,0,1,4,3,1
12484,119887,2.85,1,8,11,10,1
12485,119896,2.36,1,7,10,9,1
12486,119899,-0.03,0,2,5,3,1
12487,119906,0.83,1,4,7,7,1
12488,119937,5.99,1,16,19,31,1
12489,119961,5.86,1,15,18,24,1
12490,119963,-0.52,0,1,4,2,1
12491,119973,2.3,1,7,10,10,1
12492,119975,-0.52,0,1,4,2,1
12493,119990,4.2,1,11,14,15,1
12494,120001,3.34,1,9,12,11,1
12495,120009,1.87,1,6,9,8,1
12496,120013,0.46,1,3,6,4,1
12497,120019,1.44,1,5,8,6,1
12498,120038,4.51,1,12,15,19,1
12499,120041,-0.03,0,2,5,3,1
12500,120047,1.44,1,5,8,6,1
12501,120069,4.33,1,12,15,22,1
12502,120079,3.4,1,9,12,10,1
12503,120087,1.87,1,6,9,8,1
12504,120089,-0.52,0,1,4,2,1
12505,120093,0.46,1,3,6,4,1
12506,120099,1.44,1,5,8,6,1
12507,120101,-0.52,0,1,4,2,1
12508,120104,-0.03,0,2,5,3,1
12509,120108,0.46,1,3,6,4,1
12510,120110,-0.52,0,1,4,2,1
12511,120130,3.9,1,11,14,20,1
12512,120134,0.46,1,3,6,4,1
12513,120148,3.71,1,10,13,14,1
12514,120159,3.34,1,9,12,11,1
12515,120168,2.36,1,7,10,9,1
12516,120171,-0.03,0,2,5,3,1
12517,120172,-1.01,0,0,3,1,1
12518,120180,1.87,1,6,9,8,1
12519,120197,5.18,1,13,16,17,1
12520,120206,2.36,1,7,10,9,1
12521,120238,5.38,1,15,18,32,1
12522,120239,-1.01,0,0,3,1,1
12523,120240,-1.01,0,0,3,1,1
12524,120241,-1.01,0,0,3,1,1
12525,120248,1.38,1,5,8,7,1
12526,120253,0.95,1,4,7,5,1
12527,120263,2.85,1,8,11,10,1
12528,120268,0.95,1,4,7,5,1
12529,120274,0.89,1,4,7,6,1
12530,120276,-0.52,0,1,4,2,1
12531,120284,1.32,1,5,8,8,1
12532,120287,-0.58,0,1,4,3,1
12533,120299,3.83,1,10,13,12,1
12534,120317,4.02,1,11,14,18,1
12535,120321,0.46,1,3,6,4,1
12536,120340,5.06,1,13,16,19,1
12537,120349,1.81,1,6,9,9,1
12538,120353,0.46,1,3,6,4,1
12539,120354,-1.01,0,0,3,1,1
12540,120358,0.46,1,3,6,4,1
12541,120370,2.73,1,8,11,12,1
12542,120379,1.81,1,6,9,9,1
12543,120385,1.44,1,5,8,6,1
12544,120391,0.89,1,4,7,6,1
12545,120404,4.32,1,11,14,13,1
12546,120405,-1.01,0,0,3,1,1
12547,120415,3.4,1,9,12,10,1
12548,120422,1.38,1,5,8,7,1
12549,120424,-0.52,0,1,4,2,1
12550,120451,6.23,1,16,19,27,1
12551,120452,-1.01,0,0,3,1,1
12552,120454,-0.52,0,1,4,2,1
12553,120467,2.67,1,8,11,13,1
12554,120470,-0.03,0,2,5,3,1
12555,120497,6.23,1,16,19,27,1
12556,120507,2.85,1,8,11,10,1
12557,120510,-0.03,0,2,5,3,1
12558,120570,6.45,1,20,23,60,1
12559,120582,3.83,1,10,13,12,1
12560,120587,-0.15,0,2,5,5,1
12561,120591,-0.09,0,2,5,4,1
12562,120601,2.85,1,8,11,10,1
12563,120609,2.42,1,7,10,8,1
12564,120613,0.46,1,3,6,4,1
12565,120615,-0.52,0,1,4,2,1
12566,120618,-0.03,0,2,5,3,1
12567,120629,2.24,1,7,10,11,1
12568,120630,-1.01,0,0,3,1,1
12569,120656,5.19,1,14,17,26,1
12570,120667,2.24,1,7,10,11,1
12571,120677,1.75,1,6,9,10,1
12572,120684,1.38,1,5,8,7,1
12573,120702,4.02,1,11,14,18,1
12574,120707,0.95,1,4,7,5,1
12575,120710,-0.03,0,2,5,3,1
12576,120717,1.38,1,5,8,7,1
12577,120724,0.83,1,4,7,7,1
12578,120725,-1.01,0,0,3,1,1
12579,120741,4.69,1,12,15,16,1
12580,120742,-1.01,0,0,3,1,1
12581,120743,-1.01,0,0,3,1,1
12582,120749,0.89,1,4,7,6,1
12583,120769,3.9,1,11,14,20,1
12584,120770,-1.01,0,0,3,1,1
12585,120772,-0.52,0,1,4,2,1
12586,120780,0.77,1,4,7,8,1
12587,120782,-0.52,0,1,4,2,1
12588,120783,-1.01,0,0,3,1,1
12589,120791,0.77,1,4,7,8,1
12590,120795,-0.09,0,2,5,4,1
12591,120801,1.44,1,5,8,6,1
12592,120824,4.82,1,13,16,23,1
12593,120847,4.27,1,12,15,23,1
12594,120861,3.16,1,9,12,14,1
12595,120872,3.34,1,9,12,11,1
12596,120892,5.55,1,14,17,20,1
12597,120897,0.95,1,4,7,5,1
12598,120900,-0.03,0,2,5,3,1
12599,120904,0.46,1,3,6,4,1
12600,120910,1.44,1,5,8,6,1
12601,120928,5.12,1,13,16,18,1
12602,120934,0.89,1,4,7,6,1
12603,120939,0.95,1,4,7,5,1
12604,120943,0.46,1,3,6,4,1
12605,120948,0.95,1,4,7,5,1
12606,120950,-0.52,0,1,4,2,1
12607,120978,5.07,1,14,17,28,1
12608,120979,-1.01,0,0,3,1,1
12609,120991,2.73,1,8,11,12,1
12610,120996,0.95,1,4,7,5,1
12611,121006,2.3,1,7,10,10,1
12612,121007,-1.01,0,0,3,1,1
12613,121024,4.08,1,11,14,17,1
12614,121029,0.4,1,3,6,5,1
12615,121037,1.87,1,6,9,8,1
12616,121042,0.4,1,3,6,5,1
12617,121061,4.51,1,12,15,19,1
12618,121089,6.17,1,16,19,28,1
12619,121092,-0.03,0,2,5,3,1
12620,121108,3.04,1,9,12,16,1
12621,121109,-1.01,0,0,3,1,1
12622,121115,0.89,1,4,7,6,1
12623,121129,3.16,1,9,12,14,1
12624,121131,-0.52,0,1,4,2,1
12625,121140,2.36,1,7,10,9,1
12626,121141,-1.01,0,0,3,1,1
12627,121163,6.53,1,16,19,22,1
12628,121189,6.29,1,16,19,26,1
12629,121199,2.3,1,7,10,10,1
12630,121219,5.0,1,13,16,20,1
12631,121220,-1.01,0,0,3,1,1
12632,121223,-0.03,0,2,5,3,1
12633,121229,1.44,1,5,8,6,1
12634,121231,-0.52,0,1,4,2,1
12635,121234,-0.03,0,2,5,3,1
12636,121244,2.3,1,7,10,10,1
12637,121249,0.95,1,4,7,5,1
12638,121256,1.38,1,5,8,7,1
12639,121263,1.93,1,6,9,7,1
12640,121282,5.06,1,13,16,19,1
12641,121295,3.77,1,10,13,13,1
12642,121304,1.81,1,6,9,9,1
12643,121322,4.57,1,12,15,18,1
12644,121335,3.77,1,10,13,13,1
12645,121338,-0.03,0,2,5,3,1
12646,121341,-0.03,0,2,5,3,1
12647,121342,-1.01,0,0,3,1,1
12648,121350,2.42,1,7,10,8,1
12649,121359,1.81,1,6,9,9,1
12650,121362,-0.58,0,1,4,3,1
12651,121370,2.42,1,7,10,8,1
12652,121385,4.2,1,11,14,15,1
12653,121389,0.46,1,3,6,4,1
12654,121395,0.89,1,4,7,6,1
12655,121406,2.24,1,7,10,11,1
12656,121422,4.14,1,11,14,16,1
12657,121425,-0.03,0,2,5,3,1
12658,121427,-0.52,0,1,4,2,1
12659,121430,-0.03,0,2,5,3,1
12660,121441,2.79,1,8,11,11,1
12661,121448,1.38,1,5,8,7,1
12662,121451,-0.03,0,2,5,3,1
12663,121455,-0.09,0,2,5,4,1
12664,121461,0.89,1,4,7,6,1
12665,121468,1.38,1,5,8,7,1
12666,121470,-0.52,0,1,4,2,1
12667,121484,2.61,1,8,11,14,1
12668,121487,-0.03,0,2,5,3,1
12669,121488,-1.01,0,0,3,1,1
12670,121494,1.44,1,5,8,6,1
12671,121511,4.08,1,11,14,17,1
12672,121515,0.46,1,3,6,4,1
12673,121531,4.14,1,11,14,16,1
12674,121532,-1.01,0,0,3,1,1
12675,121565,5.32,1,15,18,33,1
12676,121568,-0.03,0,2,5,3,1
12677,121569,-1.01,0,0,3,1,1
12678,121573,0.46,1,3,6,4,1
12679,121597,4.76,1,13,16,24,1
12680,121627,6.05,1,16,19,30,1
12681,121634,0.28,1,3,6,7,1
12682,121640,1.44,1,5,8,6,1
12683,121668,5.07,1,14,17,28,1
12684,121674,0.89,1,4,7,6,1
12685,121688,3.16,1,9,12,14,1
12686,121694,1.44,1,5,8,6,1
12687,121698,0.46,1,3,6,4,1
12688,121701,-0.03,0,2,5,3,1
12689,121707,0.89,1,4,7,6,1
12690,121709,-0.52,0,1,4,2,1
12691,121732,5.37,1,14,17,23,1
12692,121748,3.59,1,10,13,16,1
12693,121750,-0.52,0,1,4,2,1
12694,121792,6.43,1,18,21,42,1
12695,121802,0.65,1,4,7,10,1
12696,121811,2.36,1,7,10,9,1
12697,121815,0.46,1,3,6,4,1
12698,121834,4.51,1,12,15,19,1
12699,121846,3.28,1,9,12,12,1
12700,121848,-0.52,0,1,4,2,1
12701,121853,-0.15,0,2,5,5,1
12702,121861,1.87,1,6,9,8,1
12703,121872,3.34,1,9,12,11,1
12704,121880,1.87,1,6,9,8,1
12705,121905,5.8,1,15,18,25,1
12706,121911,0.89,1,4,7,6,1
12707,121928,4.08,1,11,14,17,1
12708,121930,-0.52,0,1,4,2,1
12709,121934,0.46,1,3,6,4,1
12710,121936,-0.52,0,1,4,2,1
12711,121954,2.92,1,9,12,18,1
12712,121969,2.0,1,7,10,15,1
12713,121988,5.06,1,13,16,19,1
12714,121991,-0.03,0,2,5,3,1
12715,121994,-0.03,0,2,5,3,1
12716,122009,3.65,1,10,13,15,1
12717,122023,4.26,1,11,14,14,1
12718,122028,0.4,1,3,6,5,1
12719,122029,-1.01,0,0,3,1,1
12720,122077,6.62,1,19,22,48,1
12721,122093,3.59,1,10,13,16,1
12722,122103,2.3,1,7,10,10,1
12723,122104,-1.01,0,0,3,1,1
12724,122106,-0.52,0,1,4,2,1
12725,122107,-1.01,0,0,3,1,1
12726,122108,-1.01,0,0,3,1,1
12727,122117,2.91,1,8,11,9,1
12728,122118,-1.01,0,0,3,1,1
12729,122121,-0.03,0,2,5,3,1
12730,122141,4.45,1,12,15,20,1
12731,122155,4.26,1,11,14,14,1
12732,122157,-0.52,0,1,4,2,1
12733,122167,2.3,1,7,10,10,1
12734,122168,-1.01,0,0,3,1,1
12735,122175,1.93,1,6,9,7,1
12736,122177,-0.52,0,1,4,2,1
12737,122178,-1.01,0,0,3,1,1
12738,122179,-1.01,0,0,3,1,1
12739,122188,1.81,1,6,9,9,1
12740,122199,3.89,1,10,13,11,1
12741,122204,0.4,1,3,6,5,1
12742,122207,-0.03,0,2,5,3,1
12743,122213,0.89,1,4,7,6,1
12744,122219,1.44,1,5,8,6,1
12745,122241,5.43,1,14,17,22,1
12746,122251,1.2,1,5,8,10,1
12747,122267,3.59,1,10,13,16,1
12748,122282,3.65,1,10,13,15,1
12749,122286,0.46,1,3,6,4,1
12750,122294,2.42,1,7,10,8,1
12751,122307,2.67,1,8,11,13,1
12752,122310,-0.03,0,2,5,3,1
12753,122318,1.32,1,5,8,8,1
12754,122319,-1.01,0,0,3,1,1
12755,122320,-1.01,0,0,3,1,1
12756,122321,-1.01,0,0,3,1,1
12757,122328,1.38,1,5,8,7,1
12758,122348,5.0,1,13,16,20,1
12759,122352,-0.09,0,2,5,4,1
12760,122356,0.46,1,3,6,4,1
12761,122368,2.73,1,8,11,12,1
12762,122370,-0.52,0,1,4,2,1
12763,122382,3.28,1,9,12,12,1
12764,122388,0.89,1,4,7,6,1
12765,122392,0.46,1,3,6,4,1
12766,122400,1.87,1,6,9,8,1
12767,122401,-1.01,0,0,3,1,1
12768,122403,-0.52,0,1,4,2,1
12769,122415,3.28,1,9,12,12,1
12770,122419,0.46,1,3,6,4,1
12771,122427,2.42,1,7,10,8,1
12772,122432,0.95,1,4,7,5,1
12773,122443,2.24,1,7,10,11,1
12774,122454,2.24,1,7,10,11,1
12775,122455,-1.01,0,0,3,1,1
12776,122459,0.46,1,3,6,4,1
12777,122460,-1.01,0,0,3,1,1
12778,122467,1.38,1,5,8,7,1
12779,122476,2.91,1,8,11,9,1
12780,122489,3.77,1,10,13,13,1
12781,122491,-0.52,0,1,4,2,1
12782,122494,-0.03,0,2,5,3,1
12783,122497,-0.03,0,2,5,3,1
12784,122506,2.36,1,7,10,9,1
12785,122543,3.98,1,13,16,37,1
12786,122544,-1.01,0,0,3,1,1
12787,122557,3.77,1,10,13,13,1
12788,122560,-0.03,0,2,5,3,1
12789,122561,-1.01,0,0,3,1,1
12790,122577,3.59,1,10,13,16,1
12791,122579,-0.52,0,1,4,2,1
12792,122581,-0.52,0,1,4,2,1
12793,122583,-0.52,0,1,4,2,1
12794,122590,1.38,1,5,8,7,1
12795,122593,-0.03,0,2,5,3,1
12796,122641,6.07,1,18,21,48,1
12797,122647,0.89,1,4,7,6,1
12798,122651,0.46,1,3,6,4,1
12799,122652,-1.01,0,0,3,1,1
12800,122657,0.95,1,4,7,5,1
12801,122658,-1.01,0,0,3,1,1
12802,122675,5.18,1,13,16,17,1
12803,122694,6.71,1,16,19,19,1
12804,122709,2.55,1,8,11,15,1
12805,122738,4.46,1,13,16,29,1
12806,122740,-0.52,0,1,4,2,1
12807,122748,1.32,1,5,8,8,1
12808,122750,-0.52,0,1,4,2,1
12809,122751,-1.01,0,0,3,1,1
12810,122760,1.81,1,6,9,9,1
12811,122765,0.95,1,4,7,5,1
12812,122776,2.79,1,8,11,11,1
12813,122785,2.91,1,8,11,9,1
12814,122792,1.93,1,6,9,7,1
12815,122798,1.44,1,5,8,6,1
12816,122824,5.19,1,14,17,26,1
12817,122828,0.46,1,3,6,4,1
12818,122832,0.46,1,3,6,4,1
12819,122840,1.87,1,6,9,8,1
12820,122841,-1.01,0,0,3,1,1
12821,122852,2.79,1,8,11,11,1
12822,122859,1.93,1,6,9,7,1
12823,122862,-0.03,0,2,5,3,1
12824,122873,1.69,1,6,9,11,1
12825,122877,0.46,1,3,6,4,1
12826,122878,-1.01,0,0,3,1,1
12827,122889,2.79,1,8,11,11,1
12828,122891,-0.52,0,1,4,2,1
12829,122894,-0.03,0,2,5,3,1
12830,122898,0.46,1,3,6,4,1
12831,122915,3.53,1,10,13,17,1
12832,122920,0.95,1,4,7,5,1
12833,122935,3.65,1,10,13,15,1
12834,122947,3.28,1,9,12,12,1
12835,122961,3.71,1,10,13,14,1
12836,122974,2.67,1,8,11,13,1
12837,122976,-0.52,0,1,4,2,1
12838,122991,4.75,1,12,15,15,1
12839,122992,-1.01,0,0,3,1,1
12840,123010,5.12,1,13,16,18,1
12841,123011,-1.01,0,0,3,1,1
12842,123014,-0.03,0,2,5,3,1
12843,123017,-0.03,0,2,5,3,1
12844,123039,6.53,1,16,19,22,1
12845,123043,0.46,1,3,6,4,1
12846,123051,1.87,1,6,9,8,1
12847,123064,1.57,1,6,9,13,1
12848,123072,1.32,1,5,8,8,1
12849,123077,0.4,1,3,6,5,1
12850,123105,5.07,1,14,17,28,1
12851,123106,-1.01,0,0,3,1,1
12852,123107,-1.01,0,0,3,1,1
12853,123108,-1.01,0,0,3,1,1
12854,123110,-0.52,0,1,4,2,1
12855,123121,2.79,1,8,11,11,1
12856,123137,3.04,1,9,12,16,1
12857,123144,1.38,1,5,8,7,1
12858,123161,4.08,1,11,14,17,1
12859,123175,3.71,1,10,13,14,1
12860,123187,2.73,1,8,11,12,1
12861,123191,0.46,1,3,6,4,1
12862,123209,4.02,1,11,14,18,1
12863,123221,2.18,1,7,10,12,1
12864,123268,5.58,1,17,20,47,1
12865,123271,-0.03,0,2,5,3,1
12866,123298,5.13,1,14,17,27,1
12867,123300,-0.52,0,1,4,2,1
12868,123327,5.13,1,14,17,27,1
12869,123335,1.87,1,6,9,8,1
12870,123336,-1.01,0,0,3,1,1
12871,123349,2.67,1,8,11,13,1
12872,123357,1.87,1,6,9,8,1
12873,123362,0.95,1,4,7,5,1
12874,123364,-0.52,0,1,4,2,1
12875,123370,0.89,1,4,7,6,1
12876,123372,-0.52,0,1,4,2,1
12877,123377,0.95,1,4,7,5,1
12878,123378,-1.01,0,0,3,1,1
12879,123384,1.44,1,5,8,6,1
12880,123385,-1.01,0,0,3,1,1
12881,123400,3.1,1,9,12,15,1
12882,123442,4.23,1,14,17,42,1
12883,123443,-1.01,0,0,3,1,1
12884,123446,-0.03,0,2,5,3,1
12885,123447,-1.01,0,0,3,1,1
12886,123448,-1.01,0,0,3,1,1
12887,123453,0.95,1,4,7,5,1
12888,123459,1.44,1,5,8,6,1
12889,123462,-0.03,0,2,5,3,1
12890,123465,-0.03,0,2,5,3,1
12891,123468,-0.03,0,2,5,3,1
12892,123469,-1.01,0,0,3,1,1
12893,123495,5.74,1,15,18,26,1
12894,123513,4.57,1,12,15,18,1
12895,123517,0.46,1,3,6,4,1
12896,123532,4.75,1,12,15,15,1
12897,123546,3.71,1,10,13,14,1
12898,123547,-1.01,0,0,3,1,1
12899,123556,1.81,1,6,9,9,1
12900,123568,3.83,1,10,13,12,1
12901,123578,2.85,1,8,11,10,1
12902,123580,-0.52,0,1,4,2,1
12903,123598,4.57,1,12,15,18,1
12904,123617,3.96,1,11,14,19,1
12905,123626,1.81,1,6,9,9,1
12906,123651,6.9,1,17,20,25,1
12907,123654,-0.03,0,2,5,3,1
12908,123660,1.44,1,5,8,6,1
12909,123664,0.46,1,3,6,4,1
12910,123666,-0.52,0,1,4,2,1
12911,123677,3.89,1,10,13,11,1
12912,123683,1.44,1,5,8,6,1
12913,123684,-1.01,0,0,3,1,1
12914,123692,0.77,1,4,7,8,1
12915,123700,1.32,1,5,8,8,1
12916,123707,1.93,1,6,9,7,1
12917,123736,6.66,1,17,20,29,1
12918,123737,-1.01,0,0,3,1,1
12919,123744,0.28,1,3,6,7,1
12920,123748,-0.09,0,2,5,4,1
12921,123756,1.87,1,6,9,8,1
12922,123773,3.53,1,10,13,17,1
12923,123776,-0.03,0,2,5,3,1
12924,123778,-0.52,0,1,4,2,1
12925,123787,2.36,1,7,10,9,1
12926,123788,-1.01,0,0,3,1,1
12927,123789,-1.01,0,0,3,1,1
12928,123799,2.3,1,7,10,10,1
12929,123801,-0.52,0,1,4,2,1
12930,123803,-0.52,0,1,4,2,1
12931,123804,-1.01,0,0,3,1,1
12932,123815,3.34,1,9,12,11,1
12933,123834,4.51,1,12,15,19,1
12934,123841,1.93,1,6,9,7,1
12935,123848,1.93,1,6,9,7,1
12936,123853,0.4,1,3,6,5,1
12937,123854,-1.01,0,0,3,1,1
12938,123859,0.4,1,3,6,5,1
12939,123861,-0.52,0,1,4,2,1
12940,123867,0.89,1,4,7,6,1
12941,123876,2.91,1,8,11,9,1
12942,123880,0.46,1,3,6,4,1
12943,123891,2.79,1,8,11,11,1
12944,123895,-0.09,0,2,5,4,1
12945,123905,2.85,1,8,11,10,1
12946,123913,1.87,1,6,9,8,1
12947,123944,5.44,1,15,18,31,1
12948,123952,1.32,1,5,8,8,1
12949,123956,0.46,1,3,6,4,1
12950,123968,3.28,1,9,12,12,1
12951,123969,-1.01,0,0,3,1,1
12952,123994,6.9,1,17,20,25,1
12953,124009,3.1,1,9,12,15,1
12954,124015,1.44,1,5,8,6,1
12955,124038,5.92,1,15,18,23,1
12956,124064,4.09,1,12,15,26,1
12957,124102,5.57,1,16,19,38,1
12958,124117,3.1,1,9,12,15,1
12959,124137,4.45,1,12,15,20,1
12960,124139,-0.52,0,1,4,2,1
12961,124141,-0.52,0,1,4,2,1
12962,124147,1.44,1,5,8,6,1
12963,124157,3.4,1,9,12,10,1
12964,124159,-0.52,0,1,4,2,1
12965,124160,-1.01,0,0,3,1,1
12966,124165,0.4,1,3,6,5,1
12967,124198,6.42,1,17,20,33,1
12968,124205,1.38,1,5,8,7,1
12969,124214,2.91,1,8,11,9,1
12970,124218,0.46,1,3,6,4,1
12971,124251,4.77,1,14,17,33,1
12972,124269,3.47,1,10,13,18,1
12973,124275,1.44,1,5,8,6,1
12974,124276,-1.01,0,0,3,1,1
12975,124278,-0.52,0,1,4,2,1
12976,124280,-0.52,0,1,4,2,1
12977,124284,-0.09,0,2,5,4,1
12978,124298,3.16,1,9,12,14,1
12979,124301,-0.03,0,2,5,3,1
12980,124302,-1.01,0,0,3,1,1
12981,124303,-1.01,0,0,3,1,1
12982,124321,5.12,1,13,16,18,1
12983,124332,3.89,1,10,13,11,1
12984,124333,-1.01,0,0,3,1,1
12985,124334,-1.01,0,0,3,1,1
12986,124341,1.38,1,5,8,7,1
12987,124347,0.89,1,4,7,6,1
12988,124375,5.07,1,14,17,28,1
12989,124403,5.07,1,14,17,28,1
12990,124408,0.95,1,4,7,5,1
12991,124410,-0.52,0,1,4,2,1
12992,124432,3.23,1,10,13,22,1
12993,124451,3.96,1,11,14,19,1
12994,124454,-0.03,0,2,5,3,1
12995,124483,5.56,1,15,18,29,1
12996,124486,-0.03,0,2,5,3,1
12997,124488,-0.52,0,1,4,2,1
12998,124516,6.17,1,16,19,28,1
12999,124551,5.75,1,16,19,35,1
13000,124558,1.38,1,5,8,7,1
13001,124559,-1.01,0,0,3,1,1
13002,124561,-0.52,0,1,4,2,1
13003,124565,0.46,1,3,6,4,1
13004,124622,6.63,1,20,23,57,1
13005,124634,2.73,1,8,11,12,1
13006,124638,0.46,1,3,6,4,1
13007,124645,1.38,1,5,8,7,1
13008,124652,1.93,1,6,9,7,1
13009,124677,6.35,1,16,19,25,1
13010,124719,5.88,1,17,20,42,1
13011,124720,-1.01,0,0,3,1,1
13012,124724,0.46,1,3,6,4,1
13013,124753,6.66,1,17,20,29,1
13014,124754,-1.01,0,0,3,1,1
13015,124770,3.59,1,10,13,16,1
13016,124773,-0.03,0,2,5,3,1
13017,124776,-0.03,0,2,5,3,1
13018,124786,1.2,1,5,8,10,1
13019,124793,1.93,1,6,9,7,1
13020,124806,3.22,1,9,12,13,1
13021,124810,0.46,1,3,6,4,1
13022,124819,1.81,1,6,9,9,1
13023,124828,2.36,1,7,10,9,1
13024,124830,-0.52,0,1,4,2,1
13025,124832,-0.52,0,1,4,2,1
13026,124844,2.18,1,7,10,12,1
13027,124854,2.3,1,7,10,10,1
13028,124856,-0.52,0,1,4,2,1
13029,124860,0.46,1,3,6,4,1
13030,124865,-0.15,0,2,5,5,1
13031,124875,3.4,1,9,12,10,1
13032,124890,3.65,1,10,13,15,1
13033,124901,3.34,1,9,12,11,1
13034,124916,4.75,1,12,15,15,1
13035,124920,-0.09,0,2,5,4,1
13036,124924,0.46,1,3,6,4,1
13037,124927,-0.03,0,2,5,3,1
13038,124930,-0.03,0,2,5,3,1
13039,124931,-1.01,0,0,3,1,1
13040,124932,-1.01,0,0,3,1,1
13041,124941,1.81,1,6,9,9,1
13042,124945,0.46,1,3,6,4,1
13043,124949,-0.09,0,2,5,4,1
13044,124953,0.46,1,3,6,4,1
13045,124957,0.46,1,3,6,4,1
13046,124962,0.4,1,3,6,5,1
13047,124964,-0.52,0,1,4,2,1
13048,124970,1.44,1,5,8,6,1
13049,124984,3.16,1,9,12,14,1
13050,124992,2.42,1,7,10,8,1
13051,125009,3.53,1,10,13,17,1
13052,125020,1.14,1,5,8,11,1
13053,125035,2.55,1,8,11,15,1
13054,125047,3.28,1,9,12,12,1
13055,125050,-0.03,0,2,5,3,1
13056,125051,-1.01,0,0,3,1,1
13057,125052,-1.01,0,0,3,1,1
13058,125070,4.57,1,12,15,18,1
13059,125072,-0.52,0,1,4,2,1
13060,125079,0.83,1,4,7,7,1
13061,125083,0.46,1,3,6,4,1
13062,125085,-0.52,0,1,4,2,1
13063,125095,2.3,1,7,10,10,1
13064,125112,4.08,1,11,14,17,1
13065,125115,-0.03,0,2,5,3,1
13066,125126,2.79,1,8,11,11,1
13067,125131,0.95,1,4,7,5,1
13068,125133,-0.52,0,1,4,2,1
13069,125139,0.89,1,4,7,6,1
13070,125141,-0.52,0,1,4,2,1
13071,125160,2.31,1,8,11,19,1
13072,125162,-0.52,0,1,4,2,1
13073,125169,1.38,1,5,8,7,1
13074,125170,-1.01,0,0,3,1,1
13075,125196,4.09,1,12,15,26,1
13076,125202,1.44,1,5,8,6,1
13077,125218,3.04,1,9,12,16,1
13078,125239,4.39,1,12,15,21,1
13079,125260,2.74,1,9,12,21,1
13080,125287,5.13,1,14,17,27,1
13081,125299,3.28,1,9,12,12,1
13082,125324,6.35,1,16,19,25,1
13083,125340,3.59,1,10,13,16,1
13084,125375,5.2,1,15,18,35,1
13085,125378,-0.03,0,2,5,3,1
13086,125381,-0.03,0,2,5,3,1
13087,125396,3.1,1,9,12,15,1
13088,125413,3.53,1,10,13,17,1
13089,125436,3.72,1,11,14,23,1
13090,125440,0.46,1,3,6,4,1
13091,125442,-0.52,0,1,4,2,1
13092,125452,2.3,1,7,10,10,1
13093,125455,-0.03,0,2,5,3,1
13094,125458,-0.03,0,2,5,3,1
13095,125460,-0.52,0,1,4,2,1
13096,125467,1.38,1,5,8,7,1
13097,125477,2.85,1,8,11,10,1
13098,125495,4.57,1,12,15,18,1
13099,125500,0.95,1,4,7,5,1
13100,125502,-0.52,0,1,4,2,1
13101,125508,0.89,1,4,7,6,1
13102,125522,3.16,1,9,12,14,1
13103,125536,3.71,1,10,13,14,1
13104,125537,-1.01,0,0,3,1,1
13105,125541,0.46,1,3,6,4,1
13106,125548,0.28,1,3,6,7,1
13107,125549,-1.01,0,0,3,1,1
13108,125560,2.24,1,7,10,11,1
13109,125567,1.93,1,6,9,7,1
13110,125578,1.14,1,5,8,11,1
13111,125604,5.19,1,14,17,26,1
13112,125617,3.22,1,9,12,13,1
13113,125637,4.45,1,12,15,20,1
13114,125639,-0.52,0,1,4,2,1
13115,125640,-1.01,0,0,3,1,1
13116,125645,0.95,1,4,7,5,1
13117,125647,-0.52,0,1,4,2,1
13118,125651,0.46,1,3,6,4,1
13119,125660,1.26,1,5,8,9,1
13120,125661,-1.01,0,0,3,1,1
13121,125673,2.73,1,8,11,12,1
13122,125683,1.75,1,6,9,10,1
13123,125707,5.86,1,15,18,24,1
13124,125710,-0.03,0,2,5,3,1
13125,125716,1.44,1,5,8,6,1
13126,125720,-0.09,0,2,5,4,1
13127,125724,-0.09,0,2,5,4,1
13128,125741,2.98,1,9,12,17,1
13129,125755,1.51,1,6,9,14,1
13130,125765,1.75,1,6,9,10,1
13131,125779,4.26,1,11,14,14,1
13132,125792,3.77,1,10,13,13,1
13133,125793,-1.01,0,0,3,1,1
13134,125815,3.78,1,11,14,22,1
13135,125830,1.45,1,6,9,15,1
13136,125843,3.77,1,10,13,13,1
13137,125846,-0.03,0,2,5,3,1
13138,125862,2.49,1,8,11,16,1
13139,125864,-0.52,0,1,4,2,1
13140,125881,3.53,1,10,13,17,1
13141,125884,-0.03,0,2,5,3,1
13142,125885,-1.01,0,0,3,1,1
13143,125896,3.89,1,10,13,11,1
13144,125897,-1.01,0,0,3,1,1
13145,125907,1.75,1,6,9,10,1
13146,125917,1.75,1,6,9,10,1
13147,125923,1.44,1,5,8,6,1
13148,125941,2.92,1,9,12,18,1
13149,125943,-0.52,0,1,4,2,1
13150,125947,0.46,1,3,6,4,1
13151,125951,0.46,1,3,6,4,1
13152,125960,2.36,1,7,10,9,1
13153,125962,-0.52,0,1,4,2,1
13154,125980,4.57,1,12,15,18,1
13155,126053,4.57,1,18,21,73,1
13156,126055,-0.52,0,1,4,2,1
13157,126056,-1.01,0,0,3,1,1
13158,126060,0.46,1,3,6,4,1
13159,126097,6.73,1,18,21,37,1
13160,126101,0.46,1,3,6,4,1
13161,126127,5.74,1,15,18,26,1
13162,126132,0.95,1,4,7,5,1
13163,126143,1.69,1,6,9,11,1
13164,126150,1.93,1,6,9,7,1
13165,126159,2.36,1,7,10,9,1
13166,126167,2.42,1,7,10,8,1
13167,126173,0.89,1,4,7,6,1
13168,126208,5.2,1,15,18,35,1
13169,126213,0.95,1,4,7,5,1
13170,126237,4.76,1,13,16,24,1
13171,126247,2.85,1,8,11,10,1
13172,126258,2.79,1,8,11,11,1
13173,126260,-0.52,0,1,4,2,1
13174,126262,-0.52,0,1,4,2,1
13175,126270,1.87,1,6,9,8,1
13176,126323,6.32,1,19,22,53,1
13177,126327,-0.09,0,2,5,4,1
13178,126331,0.46,1,3,6,4,1
13179,126340,2.91,1,8,11,9,1
13180,126355,3.1,1,9,12,15,1
13181,126360,0.95,1,4,7,5,1
13182,126368,1.87,1,6,9,8,1
13183,126369,-1.01,0,0,3,1,1
13184,126374,0.4,1,3,6,5,1
13185,126394,5.0,1,13,16,20,1
13186,126398,0.46,1,3,6,4,1
13187,126413,4.2,1,11,14,15,1
13188,126422,2.91,1,8,11,9,1
13189,126448,4.64,1,13,16,26,1
13190,126455,1.38,1,5,8,7,1
13191,126468,3.22,1,9,12,13,1
13192,126473,0.4,1,3,6,5,1
13193,126475,-0.52,0,1,4,2,1
13194,126485,2.3,1,7,10,10,1
13195,126488,-0.03,0,2,5,3,1
13196,126497,1.81,1,6,9,9,1
13197,126535,6.12,1,17,20,38,1
13198,126537,-0.52,0,1,4,2,1
13199,126540,-0.03,0,2,5,3,1
13200,126542,-0.52,0,1,4,2,1
13201,126547,0.4,1,3,6,5,1
13202,126549,-0.52,0,1,4,2,1
13203,126550,-1.01,0,0,3,1,1
13204,126586,3.49,1,12,15,36,1
13205,126588,-0.52,0,1,4,2,1
13206,126599,3.34,1,9,12,11,1
13207,126624,4.7,1,13,16,25,1
13208,126642,4.02,1,11,14,18,1
13209,126669,4.58,1,13,16,27,1
13210,126678,2.36,1,7,10,9,1
13211,126682,0.46,1,3,6,4,1
13212,126684,-0.52,0,1,4,2,1
13213,126693,2.36,1,7,10,9,1
13214,126715,5.98,1,15,18,22,1
13215,126718,-0.03,0,2,5,3,1
13216,126720,-0.52,0,1,4,2,1
13217,126731,1.69,1,6,9,11,1
13218,126734,-0.58,0,1,4,3,1
13219,126739,0.95,1,4,7,5,1
13220,126747,1.32,1,5,8,8,1
13221,126760,3.77,1,10,13,13,1
13222,126763,-0.03,0,2,5,3,1
13223,126775,3.28,1,9,12,12,1
13224,126786,2.79,1,8,11,11,1
13225,126794,1.32,1,5,8,8,1
13226,126815,4.94,1,13,16,21,1
13227,126825,2.3,1,7,10,10,1
13228,126827,-0.52,0,1,4,2,1
13229,126841,2.06,1,7,10,14,1
13230,126846,0.95,1,4,7,5,1
13231,126857,2.79,1,8,11,11,1
13232,126861,0.46,1,3,6,4,1
13233,126868,1.38,1,5,8,7,1
13234,126889,3.84,1,11,14,21,1
13235,126890,-1.01,0,0,3,1,1
13236,126891,-1.01,0,0,3,1,1
13237,126898,1.93,1,6,9,7,1
13238,126905,1.38,1,5,8,7,1
13239,126923,3.47,1,10,13,18,1
13240,126933,2.85,1,8,11,10,1
13241,126936,-0.03,0,2,5,3,1
13242,126945,2.91,1,8,11,9,1
13243,126949,0.46,1,3,6,4,1
13244,126958,2.91,1,8,11,9,1
13245,126966,1.87,1,6,9,8,1
13246,126967,-1.01,0,0,3,1,1
13247,126970,-0.03,0,2,5,3,1
13248,126986,3.59,1,10,13,16,1
13249,126996,1.75,1,6,9,10,1
13250,127004,1.87,1,6,9,8,1
13251,127010,0.89,1,4,7,6,1
13252,127033,4.82,1,13,16,23,1
13253,127040,1.93,1,6,9,7,1
13254,127047,1.38,1,5,8,7,1
13255,127051,-0.09,0,2,5,4,1
13256,127053,-0.52,0,1,4,2,1
13257,127058,0.95,1,4,7,5,1
13258,127062,0.46,1,3,6,4,1
13259,127068,1.44,1,5,8,6,1
13260,127071,-0.03,0,2,5,3,1
13261,127087,3.04,1,9,12,16,1
13262,127091,0.46,1,3,6,4,1
13263,127092,-1.01,0,0,3,1,1
13264,127096,0.46,1,3,6,4,1
13265,127108,2.73,1,8,11,12,1
13266,127112,0.46,1,3,6,4,1
13267,127114,-0.52,0,1,4,2,1
13268,127117,-0.03,0,2,5,3,1
13269,127118,-1.01,0,0,3,1,1
13270,127128,1.75,1,6,9,10,1
13271,127152,4.76,1,13,16,24,1
13272,127170,2.92,1,9,12,18,1
13273,127173,-0.03,0,2,5,3,1
13274,127180,1.93,1,6,9,7,1
13275,127187,1.38,1,5,8,7,1
13276,127192,0.95,1,4,7,5,1
13277,127195,-0.58,0,1,4,3,1
13278,127214,3.41,1,10,13,19,1
13279,127230,3.59,1,10,13,16,1
13280,127249,3.96,1,11,14,19,1
13281,127257,1.32,1,5,8,8,1
13282,127264,1.93,1,6,9,7,1
13283,127265,-1.01,0,0,3,1,1
13284,127274,1.81,1,6,9,9,1
13285,127275,-1.01,0,0,3,1,1
13286,127280,0.4,1,3,6,5,1
13287,127283,-0.03,0,2,5,3,1
13288,127291,1.87,1,6,9,8,1
13289,127300,1.81,1,6,9,9,1
13290,127302,-0.52,0,1,4,2,1
13291,127303,-1.01,0,0,3,1,1
13292,127304,-1.01,0,0,3,1,1
13293,127305,-1.01,0,0,3,1,1
13294,127341,4.59,1,14,17,36,1
13295,127347,1.44,1,5,8,6,1
13296,127356,2.36,1,7,10,9,1
13297,127367,3.34,1,9,12,11,1
13298,127374,0.83,1,4,7,7,1
13299,127379,0.95,1,4,7,5,1
13300,127381,-0.52,0,1,4,2,1
13301,127418,5.08,1,15,18,37,1
13302,127450,5.93,1,16,19,32,1
13303,127458,1.32,1,5,8,8,1
13304,127478,4.45,1,12,15,20,1
13305,127484,1.44,1,5,8,6,1
13306,127528,5.21,1,16,19,44,1
13307,127536,1.32,1,5,8,8,1
13308,127550,2.61,1,8,11,14,1
13309,127553,-0.03,0,2,5,3,1
13310,127578,4.7,1,13,16,25,1
13311,127586,2.42,1,7,10,8,1
13312,127587,-1.01,0,0,3,1,1
13313,127588,-1.01,0,0,3,1,1
13314,127589,-1.01,0,0,3,1,1
13315,127598,2.36,1,7,10,9,1
13316,127613,3.65,1,10,13,15,1
13317,127632,3.96,1,11,14,19,1
13318,127639,1.38,1,5,8,7,1
13319,127657,4.57,1,12,15,18,1
13320,127673,3.04,1,9,12,16,1
13321,127711,6.67,1,18,21,38,1
13322,127724,3.77,1,10,13,13,1
13323,127732,1.32,1,5,8,8,1
13324,127748,3.04,1,9,12,16,1
13325,127755,1.93,1,6,9,7,1
13326,127757,-0.52,0,1,4,2,1
13327,127759,-0.52,0,1,4,2,1
13328,127772,3.77,1,10,13,13,1
13329,127792,3.35,1,10,13,20,1
13330,127793,-1.01,0,0,3,1,1
13331,127810,3.53,1,10,13,17,1
13332,127824,1.51,1,6,9,14,1
13333,127866,7.53,1,20,23,42,1
13334,127868,-0.52,0,1,4,2,1
13335,127871,-0.03,0,2,5,3,1
13336,127874,-0.03,0,2,5,3,1
13337,127879,0.4,1,3,6,5,1
13338,127880,-1.01,0,0,3,1,1
13339,127912,4.83,1,14,17,32,1
13340,127913,-1.01,0,0,3,1,1
13341,127923,1.75,1,6,9,10,1
13342,127930,1.93,1,6,9,7,1
13343,127935,0.95,1,4,7,5,1
13344,127942,0.83,1,4,7,7,1
13345,127954,2.18,1,7,10,12,1
13346,127962,1.87,1,6,9,8,1
13347,127984,5.43,1,14,17,22,1
13348,127997,2.12,1,7,10,13,1
13349,128023,4.09,1,12,15,26,1
13350,128029,1.44,1,5,8,6,1
13351,128038,1.81,1,6,9,9,1
13352,128047,1.26,1,5,8,9,1
13353,128051,0.46,1,3,6,4,1
13354,128065,2.06,1,7,10,14,1
13355,128069,0.46,1,3,6,4,1
13356,128072,-0.03,0,2,5,3,1
13357,128075,-0.03,0,2,5,3,1
13358,128117,5.33,1,16,19,42,1
13359,128125,2.42,1,7,10,8,1
13360,128133,1.87,1,6,9,8,1
13361,128134,-1.01,0,0,3,1,1
13362,128135,-1.01,0,0,3,1,1
13363,128163,5.07,1,14,17,28,1
13364,128172,1.81,1,6,9,9,1
13365,128174,-0.52,0,1,4,2,1
13366,128178,0.46,1,3,6,4,1
13367,128187,1.26,1,5,8,9,1
13368,128193,1.44,1,5,8,6,1
13369,128206,3.22,1,9,12,13,1
13370,128208,-0.52,0,1,4,2,1
13371,128216,1.32,1,5,8,8,1
13372,128228,2.73,1,8,11,12,1
13373,128231,-0.03,0,2,5,3,1
13374,128238,1.38,1,5,8,7,1
13375,128249,2.24,1,7,10,11,1
13376,128261,2.18,1,7,10,12,1
13377,128264,-0.03,0,2,5,3,1
13378,128266,-0.52,0,1,4,2,1
13379,128267,-1.01,0,0,3,1,1
13380,128271,-0.09,0,2,5,4,1
13381,128281,2.3,1,7,10,10,1
13382,128282,-1.01,0,0,3,1,1
13383,128290,1.32,1,5,8,8,1
13384,128293,-0.58,0,1,4,3,1
13385,128294,-1.01,0,0,3,1,1
13386,128296,-0.52,0,1,4,2,1
13387,128302,0.89,1,4,7,6,1
13388,128306,0.46,1,3,6,4,1
13389,128313,1.93,1,6,9,7,1
13390,128321,1.32,1,5,8,8,1
13391,128322,-1.01,0,0,3,1,1
13392,128323,-1.01,0,0,3,1,1
13393,128324,-1.01,0,0,3,1,1
13394,128326,-0.52,0,1,4,2,1
13395,128331,0.95,1,4,7,5,1
13396,128364,3.67,1,12,15,33,1
13397,128384,5.55,1,14,17,20,1
13398,128385,-1.01,0,0,3,1,1
13399,128400,4.75,1,12,15,15,1
13400,128414,3.71,1,10,13,14,1
13401,128424,1.2,1,5,8,10,1
13402,128425,-1.01,0,0,3,1,1
13403,128427,-0.52,0,1,4,2,1
13404,128430,-0.58,0,1,4,3,1
13405,128438,1.87,1,6,9,8,1
13406,128440,-0.52,0,1,4,2,1
13407,128453,3.22,1,9,12,13,1
13408,128461,1.87,1,6,9,8,1
13409,128486,5.25,1,14,17,25,1
13410,128501,4.2,1,11,14,15,1
13411,128504,-0.03,0,2,5,3,1
13412,128515,1.14,1,5,8,11,1
13413,128518,-0.03,0,2,5,3,1
13414,128545,4.03,1,12,15,27,1
13415,128547,-0.52,0,1,4,2,1
13416,128552,0.95,1,4,7,5,1
13417,128584,5.38,1,15,18,32,1
13418,128590,1.44,1,5,8,6,1
13419,128609,4.51,1,12,15,19,1
13420,128610,-1.01,0,0,3,1,1
13421,128614,0.46,1,3,6,4,1
13422,128634,4.45,1,12,15,20,1
13423,128637,-0.03,0,2,5,3,1
13424,128646,1.81,1,6,9,9,1
13425,128664,5.12,1,13,16,18,1
13426,128678,2.61,1,8,11,14,1
13427,128686,2.42,1,7,10,8,1
13428,128703,4.63,1,12,15,17,1
13429,128704,-1.01,0,0,3,1,1
13430,128708,0.46,1,3,6,4,1
13431,128709,-1.01,0,0,3,1,1
13432,128716,1.93,1,6,9,7,1
13433,128727,3.34,1,9,12,11,1
13434,128731,0.46,1,3,6,4,1
13435,128742,2.79,1,8,11,11,1
13436,128749,0.83,1,4,7,7,1
13437,128751,-0.52,0,1,4,2,1
13438,128757,1.44,1,5,8,6,1
13439,128775,2.92,1,9,12,18,1
13440,128786,3.34,1,9,12,11,1
13441,128790,0.46,1,3,6,4,1
13442,128805,3.65,1,10,13,15,1
13443,128806,-1.01,0,0,3,1,1
13444,128840,5.81,1,16,19,34,1
13445,128850,2.3,1,7,10,10,1
13446,128855,0.4,1,3,6,5,1
13447,128868,3.77,1,10,13,13,1
13448,128885,3.53,1,10,13,17,1
13449,128891,0.34,1,3,6,6,1
13450,128930,7.16,1,19,22,39,1
13451,128931,-1.01,0,0,3,1,1
13452,128932,-1.01,0,0,3,1,1
13453,128934,-0.52,0,1,4,2,1
13454,128935,-1.01,0,0,3,1,1
13455,128937,-0.52,0,1,4,2,1
13456,128939,-0.52,0,1,4,2,1
13457,128955,4.14,1,11,14,16,1
13458,128962,1.38,1,5,8,7,1
13459,128964,-0.52,0,1,4,2,1
13460,128973,1.81,1,6,9,9,1
13461,128982,1.26,1,5,8,9,1
13462,128988,1.44,1,5,8,6,1
13463,128993,0.95,1,4,7,5,1
13464,129012,5.06,1,13,16,19,1
13465,129028,3.59,1,10,13,16,1
13466,129030,-0.52,0,1,4,2,1
13467,129031,-1.01,0,0,3,1,1
13468,129032,-1.01,0,0,3,1,1
13469,129057,4.7,1,13,16,25,1
13470,129079,6.53,1,16,19,22,1
13471,129097,3.47,1,10,13,18,1
13472,129110,2.67,1,8,11,13,1
13473,129113,-0.03,0,2,5,3,1
13474,129120,1.93,1,6,9,7,1
13475,129123,-0.03,0,2,5,3,1
13476,129134,2.24,1,7,10,11,1
13477,129138,0.46,1,3,6,4,1
13478,129140,-0.52,0,1,4,2,1
13479,129147,0.83,1,4,7,7,1
13480,129181,6.36,1,17,20,34,1
13481,129206,5.25,1,14,17,25,1
13482,129208,-0.52,0,1,4,2,1
13483,129225,4.63,1,12,15,17,1
13484,129227,-0.52,0,1,4,2,1
13485,129233,0.89,1,4,7,6,1
13486,129234,-1.01,0,0,3,1,1
13487,129238,-0.09,0,2,5,4,1
13488,129242,0.46,1,3,6,4,1
13489,129245,-0.03,0,2,5,3,1
13490,129246,-1.01,0,0,3,1,1
13491,129283,5.63,1,16,19,37,1
13492,129287,0.46,1,3,6,4,1
13493,129288,-1.01,0,0,3,1,1
13494,129289,-1.01,0,0,3,1,1
13495,129306,2.43,1,8,11,17,1
13496,129340,5.81,1,16,19,34,1
13497,129344,0.46,1,3,6,4,1
13498,129345,-1.01,0,0,3,1,1
13499,129358,3.77,1,10,13,13,1
13500,129359,-1.01,0,0,3,1,1
13501,129386,4.58,1,13,16,27,1
13502,129390,0.46,1,3,6,4,1
13503,129391,-1.01,0,0,3,1,1
13504,129392,-1.01,0,0,3,1,1
13505,129410,5.12,1,13,16,18,1
13506,129415,0.95,1,4,7,5,1
13507,129427,3.28,1,9,12,12,1
13508,129435,2.42,1,7,10,8,1
13509,129440,0.95,1,4,7,5,1
13510,129441,-1.01,0,0,3,1,1
13511,129461,4.45,1,12,15,20,1
13512,129464,-0.03,0,2,5,3,1
13513,129498,5.26,1,15,18,34,1
13514,129509,1.69,1,6,9,11,1
13515,129517,2.42,1,7,10,8,1
13516,129518,-1.01,0,0,3,1,1
13517,129520,-0.52,0,1,4,2,1
13518,129528,1.87,1,6,9,8,1
13519,129541,3.22,1,9,12,13,1
13520,129548,1.38,1,5,8,7,1
13521,129595,3.93,1,14,17,47,1
13522,129597,-0.52,0,1,4,2,1
13523,129603,1.44,1,5,8,6,1
13524,129618,3.65,1,10,13,15,1
13525,129619,-1.01,0,0,3,1,1
13526,129624,0.4,1,3,6,5,1
13527,129625,-1.01,0,0,3,1,1
13528,129646,3.84,1,11,14,21,1
13529,129671,5.25,1,14,17,25,1
13530,129674,-0.03,0,2,5,3,1
13531,129710,5.69,1,16,19,36,1
13532,129749,6.61,1,18,21,39,1
13533,129750,-1.01,0,0,3,1,1
13534,129754,0.46,1,3,6,4,1
13535,129758,0.46,1,3,6,4,1
13536,129775,2.98,1,9,12,17,1
13537,129827,5.83,1,18,21,52,1
13538,129829,-0.52,0,1,4,2,1
13539,129830,-1.01,0,0,3,1,1
13540,129844,4.26,1,11,14,14,1
13541,129870,4.64,1,13,16,26,1
13542,129878,2.42,1,7,10,8,1
13543,129882,0.46,1,3,6,4,1
13544,129894,2.18,1,7,10,12,1
13545,129900,1.44,1,5,8,6,1
13546,129907,1.38,1,5,8,7,1
13547,129927,4.45,1,12,15,20,1
13548,129929,-0.52,0,1,4,2,1
13549,129938,2.36,1,7,10,9,1
13550,129939,-1.01,0,0,3,1,1
13551,129944,0.95,1,4,7,5,1
13552,129948,0.46,1,3,6,4,1
13553,129969,3.84,1,11,14,21,1
13554,129973,-0.09,0,2,5,4,1
13555,129977,0.46,1,3,6,4,1
13556,129979,-0.52,0,1,4,2,1
13557,129983,0.46,1,3,6,4,1
13558,129994,3.34,1,9,12,11,1
13559,130002,2.42,1,7,10,8,1
13560,130008,1.44,1,5,8,6,1
13561,130015,1.93,1,6,9,7,1
13562,130021,1.44,1,5,8,6,1
13563,130025,0.46,1,3,6,4,1
13564,130029,0.46,1,3,6,4,1
13565,130046,4.08,1,11,14,17,1
13566,130049,-0.03,0,2,5,3,1
13567,130053,0.46,1,3,6,4,1
13568,130066,3.22,1,9,12,13,1
13569,130079,3.77,1,10,13,13,1
13570,130085,0.89,1,4,7,6,1
13571,130086,-1.01,0,0,3,1,1
13572,130088,-0.52,0,1,4,2,1
13573,130089,-1.01,0,0,3,1,1
13574,130093,0.46,1,3,6,4,1
13575,130096,-0.03,0,2,5,3,1
13576,130149,5.22,1,17,20,53,1
13577,130150,-1.01,0,0,3,1,1
13578,130152,-0.52,0,1,4,2,1
13579,130153,-1.01,0,0,3,1,1
13580,130176,5.37,1,14,17,23,1
13581,130179,-0.03,0,2,5,3,1
13582,130182,-0.03,0,2,5,3,1
13583,130187,0.95,1,4,7,5,1
13584,130196,1.26,1,5,8,9,1
13585,130199,-0.03,0,2,5,3,1
13586,130204,0.95,1,4,7,5,1
13587,130205,-1.01,0,0,3,1,1
13588,130208,-0.03,0,2,5,3,1
13589,130212,0.46,1,3,6,4,1
13590,130215,-0.03,0,2,5,3,1
13591,130216,-1.01,0,0,3,1,1
13592,130239,4.82,1,13,16,23,1
13593,130242,-0.58,0,1,4,3,1
13594,130247,0.4,1,3,6,5,1
13595,130254,0.83,1,4,7,7,1
13596,130273,4.51,1,12,15,19,1
13597,130299,2.44,1,9,12,26,1
13598,130303,0.46,1,3,6,4,1
13599,130304,-1.01,0,0,3,1,1
13600,130307,-0.03,0,2,5,3,1
13601,130309,-0.52,0,1,4,2,1
13602,130316,0.83,1,4,7,7,1
13603,130318,-0.52,0,1,4,2,1
13604,130319,-1.01,0,0,3,1,1
13605,130322,-0.03,0,2,5,3,1
13606,130331,2.36,1,7,10,9,1
13607,130335,0.46,1,3,6,4,1
13608,130344,2.36,1,7,10,9,1
13609,130347,-0.03,0,2,5,3,1
13610,130349,-0.52,0,1,4,2,1
13611,130351,-0.52,0,1,4,2,1
13612,130357,1.44,1,5,8,6,1
13613,130372,2.55,1,8,11,15,1
13614,130400,5.62,1,15,18,28,1
13615,130408,0.77,1,4,7,8,1
13616,130411,-0.03,0,2,5,3,1
13617,130420,1.81,1,6,9,9,1
13618,130437,4.08,1,11,14,17,1
13619,130444,0.83,1,4,7,7,1
13620,130447,-0.03,0,2,5,3,1
13621,130452,0.4,1,3,6,5,1
13622,130453,-1.01,0,0,3,1,1
13623,130454,-1.01,0,0,3,1,1
13624,130458,0.46,1,3,6,4,1
13625,130461,-0.03,0,2,5,3,1
13626,130507,5.64,1,17,20,46,1
13627,130515,1.87,1,6,9,8,1
13628,130537,4.88,1,13,16,22,1
13629,130552,4.2,1,11,14,15,1
13630,130557,0.95,1,4,7,5,1
13631,130561,0.46,1,3,6,4,1
13632,130564,-0.03,0,2,5,3,1
13633,130567,-0.03,0,2,5,3,1
13634,130583,3.04,1,9,12,16,1
13635,130594,2.24,1,7,10,11,1
13636,130597,-0.03,0,2,5,3,1
13637,130598,-1.01,0,0,3,1,1
13638,130612,3.71,1,10,13,14,1
13639,130613,-1.01,0,0,3,1,1
13640,130625,3.83,1,10,13,12,1
13641,130632,1.38,1,5,8,7,1
13642,130637,0.95,1,4,7,5,1
13643,130640,-0.03,0,2,5,3,1
13644,130644,0.46,1,3,6,4,1
13645,130656,3.28,1,9,12,12,1
13646,130697,4.84,1,15,18,41,1
13647,130729,5.38,1,15,18,32,1
13648,130733,-0.09,0,2,5,4,1
13649,130735,-0.52,0,1,4,2,1
13650,130744,0.71,1,4,7,9,1
13651,130748,0.46,1,3,6,4,1
13652,130752,-0.09,0,2,5,4,1
13653,130757,0.95,1,4,7,5,1
13654,130760,-0.03,0,2,5,3,1
13655,130761,-1.01,0,0,3,1,1
13656,130763,-0.52,0,1,4,2,1
13657,130770,1.38,1,5,8,7,1
13658,130782,2.73,1,8,11,12,1
13659,130787,0.4,1,3,6,5,1
13660,130788,-1.01,0,0,3,1,1
13661,130823,4.65,1,14,17,35,1
13662,130828,0.4,1,3,6,5,1
13663,130862,6.91,1,18,21,34,1
13664,130868,1.44,1,5,8,6,1
13665,130873,0.4,1,3,6,5,1
13666,130885,2.73,1,8,11,12,1
13667,130888,-0.58,0,1,4,3,1
13668,130913,6.35,1,16,19,25,1
13669,130944,5.99,1,16,19,31,1
13670,130945,-1.01,0,0,3,1,1
13671,130946,-1.01,0,0,3,1,1
13672,130950,0.46,1,3,6,4,1
13673,130960,2.3,1,7,10,10,1
13674,130986,4.64,1,13,16,26,1
13675,130994,2.42,1,7,10,8,1
13676,131003,2.36,1,7,10,9,1
13677,131007,0.46,1,3,6,4,1
13678,131027,5.0,1,13,16,20,1
13679,131035,1.87,1,6,9,8,1
13680,131039,-0.09,0,2,5,4,1
13681,131042,-0.03,0,2,5,3,1
13682,131043,-1.01,0,0,3,1,1
13683,131046,-0.03,0,2,5,3,1
13684,131061,3.65,1,10,13,15,1
13685,131095,5.81,1,16,19,34,1
13686,131100,0.95,1,4,7,5,1
13687,131109,2.36,1,7,10,9,1
13688,131113,0.46,1,3,6,4,1
13689,131127,3.16,1,9,12,14,1
13690,131130,-0.03,0,2,5,3,1
13691,131132,-0.52,0,1,4,2,1
13692,131145,3.77,1,10,13,13,1
13693,131147,-0.52,0,1,4,2,1
13694,131152,0.95,1,4,7,5,1
13695,131164,2.18,1,7,10,12,1
13696,131176,2.73,1,8,11,12,1
13697,131179,-0.03,0,2,5,3,1
13698,131180,-1.01,0,0,3,1,1
13699,131183,-0.03,0,2,5,3,1
13700,131189,1.44,1,5,8,6,1
13701,131192,-0.03,0,2,5,3,1
13702,131193,-1.01,0,0,3,1,1
13703,131201,1.87,1,6,9,8,1
13704,131203,-0.52,0,1,4,2,1
13705,131206,-0.03,0,2,5,3,1
13706,131209,-0.03,0,2,5,3,1
13707,131210,-1.01,0,0,3,1,1
13708,131219,2.36,1,7,10,9,1
13709,131221,-0.52,0,1,4,2,1
13710,131223,-0.52,0,1,4,2,1
13711,131244,4.94,1,13,16,21,1
13712,131266,4.88,1,13,16,22,1
13713,131267,-1.01,0,0,3,1,1
13714,131270,-0.03,0,2,5,3,1
13715,131275,0.4,1,3,6,5,1
13716,131276,-1.01,0,0,3,1,1
13717,131289,2.12,1,7,10,13,1
13718,131292,-0.03,0,2,5,3,1
13719,131295,-0.03,0,2,5,3,1
13720,131300,0.95,1,4,7,5,1
13721,131310,2.3,1,7,10,10,1
13722,131318,1.32,1,5,8,8,1
13723,131324,0.34,1,3,6,6,1
13724,131337,3.22,1,9,12,13,1
13725,131343,0.89,1,4,7,6,1
13726,131349,0.89,1,4,7,6,1
13727,131360,2.24,1,7,10,11,1
13728,131366,0.89,1,4,7,6,1
13729,131377,1.14,1,5,8,11,1
13730,131382,0.95,1,4,7,5,1
13731,131395,2.12,1,7,10,13,1
13732,131398,-0.03,0,2,5,3,1
13733,131420,4.33,1,12,15,22,1
13734,131421,-1.01,0,0,3,1,1
13735,131422,-1.01,0,0,3,1,1
13736,131435,4.32,1,11,14,13,1
13737,131456,3.84,1,11,14,21,1
13738,131470,3.71,1,10,13,14,1
13739,131472,-0.52,0,1,4,2,1
13740,131473,-1.01,0,0,3,1,1
13741,131479,0.34,1,3,6,6,1
13742,131495,1.94,1,7,10,16,1
13743,131498,-0.03,0,2,5,3,1
13744,131514,4.14,1,11,14,16,1
13745,131521,1.38,1,5,8,7,1
13746,131522,-1.01,0,0,3,1,1
13747,131533,2.79,1,8,11,11,1
13748,131584,6.44,1,19,22,51,1
13749,131590,0.89,1,4,7,6,1
13750,131595,0.95,1,4,7,5,1
13751,131616,4.39,1,12,15,21,1
13752,131629,2.67,1,8,11,13,1
13753,131636,1.93,1,6,9,7,1
13754,131643,1.38,1,5,8,7,1
13755,131651,1.87,1,6,9,8,1
13756,131653,-0.52,0,1,4,2,1
13757,131658,0.4,1,3,6,5,1
13758,131661,-0.03,0,2,5,3,1
13759,131685,4.21,1,12,15,24,1
13760,131691,1.44,1,5,8,6,1
13761,131710,2.86,1,9,12,19,1
13762,131714,0.46,1,3,6,4,1
13763,131715,-1.01,0,0,3,1,1
13764,131719,0.46,1,3,6,4,1
13765,131720,-1.01,0,0,3,1,1
13766,131737,3.53,1,10,13,17,1
13767,131744,1.38,1,5,8,7,1
13768,131756,2.73,1,8,11,12,1
13769,131764,2.42,1,7,10,8,1
13770,131769,0.95,1,4,7,5,1
13771,131774,0.95,1,4,7,5,1
13772,131780,0.34,1,3,6,6,1
13773,131783,-0.03,0,2,5,3,1
13774,131791,1.32,1,5,8,8,1
13775,131793,-0.52,0,1,4,2,1
13776,131801,1.87,1,6,9,8,1
13777,131819,4.57,1,12,15,18,1
13778,131820,-1.01,0,0,3,1,1
13779,131825,0.95,1,4,7,5,1
13780,131827,-0.52,0,1,4,2,1
13781,131860,4.77,1,14,17,33,1
13782,131862,-0.52,0,1,4,2,1
13783,131866,0.46,1,3,6,4,1
13784,131900,5.81,1,16,19,34,1
13785,131906,0.89,1,4,7,6,1
13786,131915,1.81,1,6,9,9,1
13787,131940,3.05,1,10,13,25,1
13788,131945,0.95,1,4,7,5,1
13789,131946,-1.01,0,0,3,1,1
13790,131949,-0.03,0,2,5,3,1
13791,131967,5.12,1,13,16,18,1
13792,131970,-0.03,0,2,5,3,1
13793,131975,0.95,1,4,7,5,1
13794,131995,3.9,1,11,14,20,1
13795,132001,1.44,1,5,8,6,1
13796,132005,0.46,1,3,6,4,1
13797,132013,1.87,1,6,9,8,1
13798,132021,1.32,1,5,8,8,1
13799,132051,4.95,1,14,17,30,1
13800,132054,-0.58,0,1,4,3,1
13801,132074,3.9,1,11,14,20,1
13802,132098,5.31,1,14,17,24,1
13803,132135,4.53,1,14,17,37,1
13804,132143,1.87,1,6,9,8,1
13805,132146,-0.03,0,2,5,3,1
13806,132155,2.36,1,7,10,9,1
13807,132165,1.2,1,5,8,10,1
13808,132178,3.22,1,9,12,13,1
13809,132194,3.04,1,9,12,16,1
13810,132196,-0.52,0,1,4,2,1
13811,132197,-1.01,0,0,3,1,1
13812,132199,-0.52,0,1,4,2,1
13813,132202,-0.03,0,2,5,3,1
13814,132236,5.26,1,15,18,34,1
13815,132260,6.41,1,16,19,24,1
13816,132284,3.11,1,10,13,24,1
13817,132296,3.28,1,9,12,12,1
13818,132298,-0.52,0,1,4,2,1
13819,132299,-1.01,0,0,3,1,1
13820,132324,5.25,1,14,17,25,1
13821,132326,-0.52,0,1,4,2,1
13822,132335,2.91,1,8,11,9,1
13823,132336,-1.01,0,0,3,1,1
13824,132343,1.93,1,6,9,7,1
13825,132345,-0.52,0,1,4,2,1
13826,132367,4.88,1,13,16,22,1
13827,132369,-0.52,0,1,4,2,1
13828,132393,5.31,1,14,17,24,1
13829,132397,0.46,1,3,6,4,1
13830,132413,4.69,1,12,15,16,1
13831,132416,-0.03,0,2,5,3,1
13832,132417,-1.01,0,0,3,1,1
13833,132418,-1.01,0,0,3,1,1
13834,132429,2.24,1,7,10,11,1
13835,132438,1.81,1,6,9,9,1
13836,132445,1.38,1,5,8,7,1
13837,132460,4.2,1,11,14,15,1
13838,132469,2.36,1,7,10,9,1
13839,132500,5.99,1,16,19,31,1
13840,132504,0.46,1,3,6,4,1
13841,132512,2.42,1,7,10,8,1
13842,132518,1.44,1,5,8,6,1
13843,132523,0.95,1,4,7,5,1
13844,132524,-1.01,0,0,3,1,1
13845,132541,3.53,1,10,13,17,1
13846,132543,-0.52,0,1,4,2,1
13847,132546,-0.03,0,2,5,3,1
13848,132555,2.36,1,7,10,9,1
13849,132556,-1.01,0,0,3,1,1
13850,132557,-1.01,0,0,3,1,1
13851,132562,0.4,1,3,6,5,1
13852,132563,-1.01,0,0,3,1,1
13853,132573,2.3,1,7,10,10,1
13854,132574,-1.01,0,0,3,1,1
13855,132575,-1.01,0,0,3,1,1
13856,132611,4.59,1,14,17,36,1
13857,132619,1.32,1,5,8,8,1
13858,132620,-1.01,0,0,3,1,1
13859,132632,3.83,1,10,13,12,1
13860,132671,5.51,1,16,19,39,1
13861,132684,2.67,1,8,11,13,1
13862,132694,1.2,1,5,8,10,1
13863,132734,4.9,1,15,18,40,1
13864,132743,1.81,1,6,9,9,1
13865,132747,0.46,1,3,6,4,1
13866,132779,4.28,1,13,16,32,1
13867,132782,-0.03,0,2,5,3,1
13868,132792,1.2,1,5,8,10,1
13869,132795,-0.03,0,2,5,3,1
13870,132806,3.89,1,10,13,11,1
13871,132808,-0.52,0,1,4,2,1
13872,132811,-0.03,0,2,5,3,1
13873,132814,-0.03,0,2,5,3,1
13874,132815,-1.01,0,0,3,1,1
13875,132816,-1.01,0,0,3,1,1
13876,132818,-0.52,0,1,4,2,1
13877,132824,0.89,1,4,7,6,1
13878,132845,2.19,1,8,11,21,1
13879,132846,-1.01,0,0,3,1,1
13880,132854,1.32,1,5,8,8,1
13881,132880,5.19,1,14,17,26,1
13882,132888,1.87,1,6,9,8,1
13883,132906,4.02,1,11,14,18,1
13884,132907,-1.01,0,0,3,1,1
13885,132913,0.34,1,3,6,6,1
13886,132929,3.04,1,9,12,16,1
13887,132950,4.94,1,13,16,21,1
13888,132957,1.93,1,6,9,7,1
13889,132960,-0.03,0,2,5,3,1
13890,132988,5.07,1,14,17,28,1
13891,132992,0.46,1,3,6,4,1
13892,132997,0.95,1,4,7,5,1
13893,133002,0.95,1,4,7,5,1
13894,133003,-1.01,0,0,3,1,1
13895,133007,0.46,1,3,6,4,1
13896,133052,6.25,1,18,21,45,1
13897,133061,1.81,1,6,9,9,1
13898,133074,1.57,1,6,9,13,1
13899,133077,-0.03,0,2,5,3,1
13900,133082,0.95,1,4,7,5,1
13901,133115,4.77,1,14,17,33,1
13902,133125,3.4,1,9,12,10,1
13903,133126,-1.01,0,0,3,1,1
13904,133131,-0.15,0,2,5,5,1
13905,133143,2.73,1,8,11,12,1
13906,133158,3.1,1,9,12,15,1
13907,133164,1.44,1,5,8,6,1
13908,133174,1.2,1,5,8,10,1
13909,133182,1.32,1,5,8,8,1
13910,133185,-0.03,0,2,5,3,1
13911,133187,-0.52,0,1,4,2,1
13912,133205,5.12,1,13,16,18,1
13913,133207,-0.52,0,1,4,2,1
13914,133210,-0.03,0,2,5,3,1
13915,133213,-0.03,0,2,5,3,1
13916,133229,3.59,1,10,13,16,1
13917,133241,2.73,1,8,11,12,1
13918,133243,-0.52,0,1,4,2,1
13919,133253,2.85,1,8,11,10,1
13920,133257,-0.09,0,2,5,4,1
13921,133263,1.44,1,5,8,6,1
13922,133288,5.25,1,14,17,25,1
13923,133329,5.39,1,16,19,41,1
13924,133332,-0.03,0,2,5,3,1
13925,133339,0.83,1,4,7,7,1
13926,133340,-1.01,0,0,3,1,1
13927,133371,5.44,1,15,18,31,1
13928,133377,1.44,1,5,8,6,1
13929,133381,-0.09,0,2,5,4,1
13930,133398,3.53,1,10,13,17,1
13931,133406,1.32,1,5,8,8,1
13932,133407,-1.01,0,0,3,1,1
13933,133420,2.12,1,7,10,13,1
13934,133426,0.89,1,4,7,6,1
13935,133427,-1.01,0,0,3,1,1
13936,133436,2.36,1,7,10,9,1
13937,133446,2.3,1,7,10,10,1
13938,133451,0.4,1,3,6,5,1
13939,133465,3.16,1,9,12,14,1
13940,133466,-1.01,0,0,3,1,1
13941,133477,2.79,1,8,11,11,1
13942,133482,0.95,1,4,7,5,1
13943,133484,-0.52,0,1,4,2,1
13944,133502,3.47,1,10,13,18,1
13945,133518,4.69,1,12,15,16,1
13946,133541,4.82,1,13,16,23,1
13947,133554,3.77,1,10,13,13,1
13948,133568,3.71,1,10,13,14,1
13949,133575,1.38,1,5,8,7,1
13950,133581,0.89,1,4,7,6,1
13951,133585,0.46,1,3,6,4,1
13952,133588,-0.03,0,2,5,3,1
13953,133590,-0.52,0,1,4,2,1
13954,133595,0.95,1,4,7,5,1
13955,133605,2.3,1,7,10,10,1
13956,133620,3.1,1,9,12,15,1
13957,133621,-1.01,0,0,3,1,1
13958,133622,-1.01,0,0,3,1,1
13959,133629,1.38,1,5,8,7,1
13960,133630,-1.01,0,0,3,1,1
13961,133640,2.3,1,7,10,10,1
13962,133657,3.53,1,10,13,17,1
13963,133673,4.69,1,12,15,16,1
13964,133683,2.85,1,8,11,10,1
13965,133706,4.27,1,12,15,23,1
13966,133708,-0.52,0,1,4,2,1
13967,133714,1.44,1,5,8,6,1
13968,133738,4.76,1,13,16,24,1
13969,133744,1.44,1,5,8,6,1
13970,133746,-0.52,0,1,4,2,1
13971,133749,-0.03,0,2,5,3,1
13972,133784,6.3,1,17,20,35,1
13973,133799,4.75,1,12,15,15,1
13974,133813,4.26,1,11,14,14,1
13975,133814,-1.01,0,0,3,1,1
13976,133825,1.69,1,6,9,11,1
13977,133838,1.57,1,6,9,13,1
13978,133850,2.18,1,7,10,12,1
13979,133864,2.61,1,8,11,14,1
13980,133865,-1.01,0,0,3,1,1
13981,133871,1.44,1,5,8,6,1
13982,133882,2.24,1,7,10,11,1
13983,133883,-1.01,0,0,3,1,1
13984,133912,6.11,1,16,19,29,1
13985,133920,2.42,1,7,10,8,1
13986,133924,-0.09,0,2,5,4,1
13987,133928,0.46,1,3,6,4,1
13988,133932,0.46,1,3,6,4,1
13989,133935,-0.03,0,2,5,3,1
13990,133941,1.44,1,5,8,6,1
13991,133946,0.4,1,3,6,5,1
13992,133948,-0.52,0,1,4,2,1
13993,133978,5.5,1,15,18,30,1
13994,133982,0.46,1,3,6,4,1
13995,133989,1.93,1,6,9,7,1
13996,133999,3.4,1,9,12,10,1
13997,134016,3.53,1,10,13,17,1
13998,134045,5.56,1,15,18,29,1
13999,134047,-0.52,0,1,4,2,1
14000,134052,0.4,1,3,6,5,1
14001,134068,3.59,1,10,13,16,1
14002,134074,1.44,1,5,8,6,1
14003,134077,-0.58,0,1,4,3,1
14004,134078,-1.01,0,0,3,1,1
14005,134083,0.95,1,4,7,5,1
14006,134092,1.26,1,5,8,9,1
14007,134097,0.95,1,4,7,5,1
14008,134106,1.26,1,5,8,9,1
14009,134113,1.93,1,6,9,7,1
14010,134140,4.58,1,13,16,27,1
14011,134143,-0.03,0,2,5,3,1
14012,134146,-0.58,0,1,4,3,1
14013,134158,2.18,1,7,10,12,1
14014,134175,3.53,1,10,13,17,1
14015,134179,0.46,1,3,6,4,1
14016,134216,5.63,1,16,19,37,1
14017,134224,1.32,1,5,8,8,1
14018,134246,4.88,1,13,16,22,1
14019,134252,1.44,1,5,8,6,1
14020,134258,1.44,1,5,8,6,1
14021,134266,0.77,1,4,7,8,1
14022,134267,-1.01,0,0,3,1,1
14023,134272,0.4,1,3,6,5,1
14024,134293,3.84,1,11,14,21,1
14025,134296,-0.03,0,2,5,3,1
14026,134312,3.04,1,9,12,16,1
14027,134332,3.9,1,11,14,20,1
14028,134345,2.67,1,8,11,13,1
14029,134352,1.93,1,6,9,7,1
14030,134365,2.67,1,8,11,13,1
14031,134400,5.2,1,15,18,35,1
14032,134417,3.53,1,10,13,17,1
14033,134418,-1.01,0,0,3,1,1
14034,134420,-0.52,0,1,4,2,1
14035,134425,0.95,1,4,7,5,1
14036,134435,2.85,1,8,11,10,1
14037,134438,-0.03,0,2,5,3,1
14038,134461,5.37,1,14,17,23,1
14039,134493,4.83,1,14,17,32,1
14040,134495,-0.52,0,1,4,2,1
14041,134508,2.67,1,8,11,13,1
14042,134510,-0.52,0,1,4,2,1
14043,134511,-1.01,0,0,3,1,1
14044,134513,-0.52,0,1,4,2,1
14045,134514,-1.01,0,0,3,1,1
14046,134542,5.07,1,14,17,28,1
14047,134554,2.73,1,8,11,12,1
14048,134555,-1.01,0,0,3,1,1
14049,134573,2.92,1,9,12,18,1
14050,134588,2.55,1,8,11,15,1
14051,134590,-0.52,0,1,4,2,1
14052,134593,-0.03,0,2,5,3,1
14053,134597,0.46,1,3,6,4,1
14054,134605,1.32,1,5,8,8,1
14055,134607,-0.52,0,1,4,2,1
14056,134617,2.85,1,8,11,10,1
14057,134618,-1.01,0,0,3,1,1
14058,134620,-0.52,0,1,4,2,1
14059,134652,4.28,1,13,16,32,1
14060,134663,3.89,1,10,13,11,1
14061,134684,4.94,1,13,16,21,1
14062,134706,4.33,1,12,15,22,1
14063,134709,-0.03,0,2,5,3,1
14064,134715,0.34,1,3,6,6,1
14065,134716,-1.01,0,0,3,1,1
14066,134718,-0.52,0,1,4,2,1
14067,134727,2.91,1,8,11,9,1
14068,134745,4.02,1,11,14,18,1
14069,134746,-1.01,0,0,3,1,1
14070,134754,2.42,1,7,10,8,1
14071,134763,0.71,1,4,7,9,1
14072,134765,-0.52,0,1,4,2,1
14073,134776,3.34,1,9,12,11,1
14074,134792,5.24,1,13,16,16,1
14075,134794,-0.52,0,1,4,2,1
14076,134799,0.4,1,3,6,5,1
14077,134801,-0.52,0,1,4,2,1
14078,134802,-1.01,0,0,3,1,1
14079,134805,-0.03,0,2,5,3,1
14080,134819,3.71,1,10,13,14,1
14081,134840,4.94,1,13,16,21,1
14082,134849,1.81,1,6,9,9,1
14083,134863,3.16,1,9,12,14,1
14084,134865,-0.52,0,1,4,2,1
14085,134881,3.04,1,9,12,16,1
14086,134890,2.36,1,7,10,9,1
14087,134891,-1.01,0,0,3,1,1
14088,134913,4.33,1,12,15,22,1
14089,134915,-0.52,0,1,4,2,1
14090,134916,-1.01,0,0,3,1,1
14091,134927,2.24,1,7,10,11,1
14092,134930,-0.03,0,2,5,3,1
14093,134931,-1.01,0,0,3,1,1
14094,134938,0.83,1,4,7,7,1
14095,134953,3.65,1,10,13,15,1
14096,134958,0.4,1,3,6,5,1
14097,134959,-1.01,0,0,3,1,1
14098,134962,-0.03,0,2,5,3,1
14099,134967,0.95,1,4,7,5,1
14100,134982,3.65,1,10,13,15,1
14101,134984,-0.52,0,1,4,2,1
14102,134996,2.18,1,7,10,12,1
14103,135012,3.59,1,10,13,16,1
14104,135020,1.87,1,6,9,8,1
14105,135029,2.36,1,7,10,9,1
14106,135040,2.24,1,7,10,11,1
14107,135042,-0.52,0,1,4,2,1
14108,135049,0.83,1,4,7,7,1
14109,135065,3.04,1,9,12,16,1
14110,135082,2.98,1,9,12,17,1
14111,135087,0.95,1,4,7,5,1
14112,135093,0.89,1,4,7,6,1
14113,135098,0.95,1,4,7,5,1
14114,135100,-0.52,0,1,4,2,1
14115,135101,-1.01,0,0,3,1,1
14116,135112,2.79,1,8,11,11,1
14117,135115,-0.03,0,2,5,3,1
14118,135131,4.14,1,11,14,16,1
14119,135137,1.44,1,5,8,6,1
14120,135143,1.44,1,5,8,6,1
14121,135171,5.62,1,15,18,28,1
14122,135220,4.91,1,16,19,49,1
14123,135234,3.16,1,9,12,14,1
14124,135247,3.77,1,10,13,13,1
14125,135254,1.38,1,5,8,7,1
14126,135276,2.68,1,9,12,22,1
14127,135279,-0.03,0,2,5,3,1
14128,135283,0.46,1,3,6,4,1
14129,135294,1.69,1,6,9,11,1
14130,135302,1.87,1,6,9,8,1
14131,135306,0.46,1,3,6,4,1
14132,135311,0.95,1,4,7,5,1
14133,135323,2.73,1,8,11,12,1
14134,135343,2.8,1,9,12,20,1
14135,135344,-1.01,0,0,3,1,1
14136,135345,-1.01,0,0,3,1,1
14137,135348,-0.03,0,2,5,3,1
14138,135352,0.46,1,3,6,4,1
14139,135359,1.93,1,6,9,7,1
14140,135363,0.46,1,3,6,4,1
14141,135364,-1.01,0,0,3,1,1
14142,135369,0.95,1,4,7,5,1
14143,135390,3.29,1,10,13,21,1
14144,135422,4.83,1,14,17,32,1
14145,135427,0.95,1,4,7,5,1
14146,135441,3.16,1,9,12,14,1
14147,135448,0.83,1,4,7,7,1
14148,135449,-1.01,0,0,3,1,1
14149,135456,1.93,1,6,9,7,1
14150,135461,0.95,1,4,7,5,1
14151,135470,1.81,1,6,9,9,1
14152,135492,5.43,1,14,17,22,1
14153,135506,3.71,1,10,13,14,1
14154,135530,3.66,1,11,14,24,1
14155,135532,-0.52,0,1,4,2,1
14156,135534,-0.52,0,1,4,2,1
14157,135543,1.81,1,6,9,9,1
14158,135548,0.95,1,4,7,5,1
14159,135550,-0.52,0,1,4,2,1
14160,135552,-0.52,0,1,4,2,1
14161,135556,0.46,1,3,6,4,1
14162,135562,0.89,1,4,7,6,1
14163,135572,1.75,1,6,9,10,1
14164,135576,0.46,1,3,6,4,1
14165,135602,5.19,1,14,17,26,1
14166,135607,0.4,1,3,6,5,1
14167,135611,-0.09,0,2,5,4,1
14168,135612,-1.01,0,0,3,1,1
14169,135615,-0.03,0,2,5,3,1
14170,135625,1.2,1,5,8,10,1
14171,135635,2.3,1,7,10,10,1
14172,135643,2.42,1,7,10,8,1
14173,135664,3.29,1,10,13,21,1
14174,135669,0.95,1,4,7,5,1
14175,135686,2.98,1,9,12,17,1
14176,135733,7.78,1,21,24,47,1
14177,135734,-1.01,0,0,3,1,1
14178,135735,-1.01,0,0,3,1,1
14179,135736,-1.01,0,0,3,1,1
14180,135742,1.44,1,5,8,6,1
14181,135749,1.93,1,6,9,7,1
14182,135753,0.46,1,3,6,4,1
14183,135757,0.46,1,3,6,4,1
14184,135768,2.24,1,7,10,11,1
14185,135769,-1.01,0,0,3,1,1
14186,135770,-1.01,0,0,3,1,1
14187,135774,0.46,1,3,6,4,1
14188,135784,0.65,1,4,7,10,1
14189,135795,2.79,1,8,11,11,1
14190,135796,-1.01,0,0,3,1,1
14191,135830,5.26,1,15,18,34,1
14192,135859,5.01,1,14,17,29,1
14193,135872,3.22,1,9,12,13,1
14194,135873,-1.01,0,0,3,1,1
14195,135875,-0.52,0,1,4,2,1
14196,135882,1.38,1,5,8,7,1
14197,135893,1.69,1,6,9,11,1
14198,135911,4.57,1,12,15,18,1
14199,135928,4.08,1,11,14,17,1
14200,135932,-0.09,0,2,5,4,1
14201,135933,-1.01,0,0,3,1,1
14202,135936,-0.03,0,2,5,3,1
14203,135938,-0.52,0,1,4,2,1
14204,135940,-0.52,0,1,4,2,1
14205,136006,6.64,1,21,24,66,1
14206,136010,0.46,1,3,6,4,1
14207,136012,-0.52,0,1,4,2,1
14208,136023,2.24,1,7,10,11,1
14209,136034,1.69,1,6,9,11,1
14210,136040,1.44,1,5,8,6,1
14211,136051,1.69,1,6,9,11,1
14212,136063,2.18,1,7,10,12,1
14213,136069,0.89,1,4,7,6,1
14214,136076,0.83,1,4,7,7,1
14215,136088,3.28,1,9,12,12,1
14216,136094,0.89,1,4,7,6,1
14217,136100,0.89,1,4,7,6,1
14218,136110,2.3,1,7,10,10,1
14219,136111,-1.01,0,0,3,1,1
14220,136134,4.27,1,12,15,23,1
14221,136135,-1.01,0,0,3,1,1
14222,136136,-1.01,0,0,3,1,1
14223,136138,-0.52,0,1,4,2,1
14224,136146,1.32,1,5,8,8,1
14225,136156,2.85,1,8,11,10,1
14226,136159,-0.03,0,2,5,3,1
14227,136169,2.3,1,7,10,10,1
14228,136185,3.04,1,9,12,16,1
14229,136190,0.95,1,4,7,5,1
14230,136195,0.95,1,4,7,5,1
14231,136199,0.46,1,3,6,4,1
14232,136206,1.38,1,5,8,7,1
14233,136223,2.43,1,8,11,17,1
14234,136226,-0.03,0,2,5,3,1
14235,136227,-1.01,0,0,3,1,1
14236,136228,-1.01,0,0,3,1,1
14237,136232,-0.09,0,2,5,4,1
14238,136242,2.85,1,8,11,10,1
14239,136244,-0.52,0,1,4,2,1
14240,136275,4.89,1,14,17,31,1
14241,136281,1.44,1,5,8,6,1
14242,136284,-0.03,0,2,5,3,1
14243,136306,4.33,1,12,15,22,1
14244,136313,1.93,1,6,9,7,1
14245,136329,4.14,1,11,14,16,1
14246,136334,0.95,1,4,7,5,1
14247,136342,2.42,1,7,10,8,1
14248,136374,5.93,1,16,19,32,1
14249,136378,0.46,1,3,6,4,1
14250,136384,0.34,1,3,6,6,1
14251,136402,3.47,1,10,13,18,1
14252,136416,3.71,1,10,13,14,1
14253,136421,0.95,1,4,7,5,1
14254,136425,0.46,1,3,6,4,1
14255,136441,3.59,1,10,13,16,1
14256,136443,-0.52,0,1,4,2,1
14257,136446,-0.03,0,2,5,3,1
14258,136448,-0.52,0,1,4,2,1
14259,136450,-0.52,0,1,4,2,1
14260,136454,0.46,1,3,6,4,1
14261,136456,-0.52,0,1,4,2,1
14262,136459,-0.03,0,2,5,3,1
14263,136463,0.46,1,3,6,4,1
14264,136465,-0.52,0,1,4,2,1
14265,136466,-1.01,0,0,3,1,1
14266,136492,4.64,1,13,16,26,1
14267,136500,1.87,1,6,9,8,1
14268,136501,-1.01,0,0,3,1,1
14269,136505,0.46,1,3,6,4,1
14270,136508,-0.03,0,2,5,3,1
14271,136511,-0.03,0,2,5,3,1
14272,136522,3.34,1,9,12,11,1
14273,136523,-1.01,0,0,3,1,1
14274,136529,0.89,1,4,7,6,1
14275,136534,0.95,1,4,7,5,1
14276,136550,2.49,1,8,11,16,1
14277,136553,-0.03,0,2,5,3,1
14278,136565,3.83,1,10,13,12,1
14279,136591,4.09,1,12,15,26,1
14280,136604,1.57,1,6,9,13,1
14281,136610,1.44,1,5,8,6,1
14282,136677,4.38,1,17,20,67,1
14283,136689,1.63,1,6,9,12,1
14284,136692,-0.03,0,2,5,3,1
14285,136700,1.87,1,6,9,8,1
14286,136701,-1.01,0,0,3,1,1
14287,136721,6.65,1,16,19,20,1
14288,136783,6.88,1,21,24,62,1
14289,136785,-0.52,0,1,4,2,1
14290,136786,-1.01,0,0,3,1,1
14291,136788,-0.52,0,1,4,2,1
14292,136795,1.38,1,5,8,7,1
14293,136797,-0.52,0,1,4,2,1
14294,136811,3.71,1,10,13,14,1
14295,136838,5.13,1,14,17,27,1
14296,136852,3.16,1,9,12,14,1
14297,136862,0.65,1,4,7,10,1
14298,136866,0.46,1,3,6,4,1
14299,136869,-0.03,0,2,5,3,1
14300,136877,1.87,1,6,9,8,1
14301,136879,-0.52,0,1,4,2,1
14302,136880,-1.01,0,0,3,1,1
14303,136881,-1.01,0,0,3,1,1
14304,136892,2.79,1,8,11,11,1
14305,136899,1.38,1,5,8,7,1
14306,136901,-0.52,0,1,4,2,1
14307,136907,0.34,1,3,6,6,1
14308,136910,-0.03,0,2,5,3,1
14309,136912,-0.52,0,1,4,2,1
14310,136917,0.95,1,4,7,5,1
14311,136918,-1.01,0,0,3,1,1
14312,136935,4.08,1,11,14,17,1
14313,136954,5.06,1,13,16,19,1
14314,136959,0.95,1,4,7,5,1
14315,136968,1.81,1,6,9,9,1
14316,136970,-0.52,0,1,4,2,1
14317,136971,-1.01,0,0,3,1,1
14318,136976,0.95,1,4,7,5,1
14319,136982,1.44,1,5,8,6,1
14320,137010,3.42,1,11,14,28,1
14321,137011,-1.01,0,0,3,1,1
14322,137020,1.26,1,5,8,9,1
14323,137022,-0.52,0,1,4,2,1
14324,137062,5.45,1,16,19,40,1
14325,137070,1.32,1,5,8,8,1
14326,137073,-0.03,0,2,5,3,1
14327,137079,1.44,1,5,8,6,1
14328,137080,-1.01,0,0,3,1,1
14329,137110,6.6,1,17,20,30,1
14330,137112,-0.52,0,1,4,2,1
14331,137115,-0.03,0,2,5,3,1
14332,137126,3.34,1,9,12,11,1
14333,137129,-0.03,0,2,5,3,1
14334,137138,1.81,1,6,9,9,1
14335,137142,0.46,1,3,6,4,1
14336,137175,4.77,1,14,17,33,1
14337,137181,1.44,1,5,8,6,1
14338,137188,1.38,1,5,8,7,1
14339,137196,1.87,1,6,9,8,1
14340,137201,0.95,1,4,7,5,1
14341,137225,3.11,1,10,13,24,1
14342,137236,2.24,1,7,10,11,1
14343,137245,2.36,1,7,10,9,1
14344,137269,4.76,1,13,16,24,1
14345,137275,1.44,1,5,8,6,1
14346,137280,0.95,1,4,7,5,1
14347,137295,3.65,1,10,13,15,1
14348,137300,0.95,1,4,7,5,1
14349,137341,7.04,1,19,22,41,1
14350,137349,2.42,1,7,10,8,1
14351,137356,1.93,1,6,9,7,1
14352,137359,-0.03,0,2,5,3,1
14353,137366,1.38,1,5,8,7,1
14354,137372,1.44,1,5,8,6,1
14355,137385,2.67,1,8,11,13,1
14356,137389,0.46,1,3,6,4,1
14357,137393,0.46,1,3,6,4,1
14358,137403,1.75,1,6,9,10,1
14359,137404,-1.01,0,0,3,1,1
14360,137408,0.46,1,3,6,4,1
14361,137428,2.8,1,9,12,20,1
14362,137435,1.38,1,5,8,7,1
14363,137437,-0.52,0,1,4,2,1
14364,137449,2.18,1,7,10,12,1
14365,137455,1.44,1,5,8,6,1
14366,137459,0.46,1,3,6,4,1
14367,137461,-0.52,0,1,4,2,1
14368,137469,2.42,1,7,10,8,1
14369,137477,1.32,1,5,8,8,1
14370,137484,1.38,1,5,8,7,1
14371,137489,0.95,1,4,7,5,1
14372,137496,1.38,1,5,8,7,1
14373,137499,-0.03,0,2,5,3,1
14374,137504,0.95,1,4,7,5,1
14375,137513,1.81,1,6,9,9,1
14376,137532,3.96,1,11,14,19,1
14377,137536,0.46,1,3,6,4,1
14378,137540,0.46,1,3,6,4,1
14379,137566,4.09,1,12,15,26,1
14380,137574,2.42,1,7,10,8,1
14381,137579,0.95,1,4,7,5,1
14382,137584,0.95,1,4,7,5,1
14383,137590,1.44,1,5,8,6,1
14384,137604,3.16,1,9,12,14,1
14385,137607,-0.03,0,2,5,3,1
14386,137619,3.28,1,9,12,12,1
14387,137622,-0.03,0,2,5,3,1
14388,137646,3.11,1,10,13,24,1
14389,137651,-0.15,0,2,5,5,1
14390,137655,0.46,1,3,6,4,1
14391,137658,-0.03,0,2,5,3,1
14392,137665,1.93,1,6,9,7,1
14393,137671,1.44,1,5,8,6,1
14394,137676,0.95,1,4,7,5,1
14395,137677,-1.01,0,0,3,1,1
14396,137678,-1.01,0,0,3,1,1
14397,137689,2.24,1,7,10,11,1
14398,137717,5.07,1,14,17,28,1
14399,137754,6.18,1,17,20,37,1
14400,137758,0.46,1,3,6,4,1
14401,137760,-0.52,0,1,4,2,1
14402,137771,2.24,1,7,10,11,1
14403,137777,0.34,1,3,6,6,1
14404,137783,1.44,1,5,8,6,1
14405,137789,0.89,1,4,7,6,1
14406,137790,-1.01,0,0,3,1,1
14407,137796,1.44,1,5,8,6,1
14408,137798,-0.52,0,1,4,2,1
14409,137804,1.44,1,5,8,6,1
14410,137823,4.51,1,12,15,19,1
14411,137838,2.55,1,8,11,15,1
14412,137840,-0.52,0,1,4,2,1
14413,137843,-0.03,0,2,5,3,1
14414,137850,1.93,1,6,9,7,1
14415,137884,6.36,1,17,20,34,1
14416,137896,4.38,1,11,14,12,1
14417,137902,0.89,1,4,7,6,1
14418,137910,1.32,1,5,8,8,1
14419,137918,2.42,1,7,10,8,1
14420,137967,5.46,1,17,20,49,1
14421,137995,5.62,1,15,18,28,1
14422,138005,1.2,1,5,8,10,1
14423,138012,1.93,1,6,9,7,1
14424,138030,5.12,1,13,16,18,1
14425,138036,1.44,1,5,8,6,1
14426,138040,0.46,1,3,6,4,1
14427,138042,-0.52,0,1,4,2,1
14428,138050,1.87,1,6,9,8,1
14429,138059,1.81,1,6,9,9,1
14430,138060,-1.01,0,0,3,1,1
14431,138066,1.44,1,5,8,6,1
14432,138095,4.46,1,13,16,29,1
14433,138101,1.44,1,5,8,6,1
14434,138106,0.95,1,4,7,5,1
14435,138109,-0.58,0,1,4,3,1
14436,138116,1.38,1,5,8,7,1
14437,138121,0.95,1,4,7,5,1
14438,138123,-0.52,0,1,4,2,1
14439,138126,-0.03,0,2,5,3,1
14440,138128,-0.52,0,1,4,2,1
14441,138130,-0.52,0,1,4,2,1
14442,138137,1.38,1,5,8,7,1
14443,138145,1.87,1,6,9,8,1
14444,138147,-0.52,0,1,4,2,1
14445,138158,3.34,1,9,12,11,1
14446,138160,-0.52,0,1,4,2,1
14447,138177,3.53,1,10,13,17,1
14448,138178,-1.01,0,0,3,1,1
14449,138190,1.63,1,6,9,12,1
14450,138200,2.3,1,7,10,10,1
14451,138210,2.3,1,7,10,10,1
14452,138211,-1.01,0,0,3,1,1
14453,138216,0.95,1,4,7,5,1
14454,138217,-1.01,0,0,3,1,1
14455,138219,-0.52,0,1,4,2,1
14456,138226,1.93,1,6,9,7,1
14457,138239,2.67,1,8,11,13,1
14458,138254,4.2,1,11,14,15,1
14459,138261,1.38,1,5,8,7,1
14460,138262,-1.01,0,0,3,1,1
14461,138263,-1.01,0,0,3,1,1
14462,138284,4.94,1,13,16,21,1
14463,138287,-0.03,0,2,5,3,1
14464,138289,-0.52,0,1,4,2,1
14465,138290,-1.01,0,0,3,1,1
14466,138293,-0.03,0,2,5,3,1
14467,138297,0.46,1,3,6,4,1
14468,138302,0.4,1,3,6,5,1
14469,138307,0.4,1,3,6,5,1
14470,138308,-1.01,0,0,3,1,1
14471,138328,3.9,1,11,14,20,1
14472,138337,2.36,1,7,10,9,1
14473,138339,-0.52,0,1,4,2,1
14474,138341,-0.52,0,1,4,2,1
14475,138343,-0.52,0,1,4,2,1
14476,138362,5.61,1,14,17,19,1
14477,138382,5.0,1,13,16,20,1
14478,138406,5.86,1,15,18,24,1
14479,138407,-1.01,0,0,3,1,1
14480,138412,0.95,1,4,7,5,1
14481,138436,5.86,1,15,18,24,1
14482,138440,0.46,1,3,6,4,1
14483,138441,-1.01,0,0,3,1,1
14484,138444,-0.03,0,2,5,3,1
14485,138447,-0.03,0,2,5,3,1
14486,138450,-0.03,0,2,5,3,1
14487,138459,1.81,1,6,9,9,1
14488,138469,2.3,1,7,10,10,1
14489,138473,0.46,1,3,6,4,1
14490,138479,1.44,1,5,8,6,1
14491,138480,-1.01,0,0,3,1,1
14492,138499,3.41,1,10,13,19,1
14493,138512,3.22,1,9,12,13,1
14494,138518,1.44,1,5,8,6,1
14495,138523,0.95,1,4,7,5,1
14496,138525,-0.52,0,1,4,2,1
14497,138537,2.18,1,7,10,12,1
14498,138557,6.1,1,15,18,20,1
14499,138578,3.29,1,10,13,21,1
14500,138582,-0.09,0,2,5,4,1
14501,138583,-1.01,0,0,3,1,1
14502,138590,0.83,1,4,7,7,1
14503,138591,-1.01,0,0,3,1,1
14504,138602,2.79,1,8,11,11,1
14505,138612,2.3,1,7,10,10,1
14506,138619,1.93,1,6,9,7,1
14507,138623,0.46,1,3,6,4,1
14508,138629,1.44,1,5,8,6,1
14509,138636,1.38,1,5,8,7,1
14510,138638,-0.52,0,1,4,2,1
14511,138640,-0.52,0,1,4,2,1
14512,138645,0.95,1,4,7,5,1
14513,138646,-1.01,0,0,3,1,1
14514,138665,3.41,1,10,13,19,1
14515,138666,-1.01,0,0,3,1,1
14516,138667,-1.01,0,0,3,1,1
14517,138686,5.06,1,13,16,19,1
14518,138687,-1.01,0,0,3,1,1
14519,138699,3.83,1,10,13,12,1
14520,138704,0.95,1,4,7,5,1
14521,138749,6.25,1,18,21,45,1
14522,138759,2.3,1,7,10,10,1
14523,138774,4.2,1,11,14,15,1
14524,138775,-1.01,0,0,3,1,1
14525,138781,0.89,1,4,7,6,1
14526,138786,0.95,1,4,7,5,1
14527,138790,0.46,1,3,6,4,1
14528,138792,-0.52,0,1,4,2,1
14529,138810,3.47,1,10,13,18,1
14530,138820,2.85,1,8,11,10,1
14531,138842,4.88,1,13,16,22,1
14532,138862,6.65,1,16,19,20,1
14533,138886,5.31,1,14,17,24,1
14534,138888,-0.52,0,1,4,2,1
14535,138892,0.46,1,3,6,4,1
14536,138893,-1.01,0,0,3,1,1
14537,138895,-0.52,0,1,4,2,1
14538,138900,0.95,1,4,7,5,1
14539,138908,1.87,1,6,9,8,1
14540,138911,-0.03,0,2,5,3,1
14541,138912,-1.01,0,0,3,1,1
14542,138916,0.46,1,3,6,4,1
14543,138918,-0.52,0,1,4,2,1
14544,138922,0.46,1,3,6,4,1
14545,138923,-1.01,0,0,3,1,1
14546,138927,0.46,1,3,6,4,1
14547,138928,-1.01,0,0,3,1,1
14548,138930,-0.52,0,1,4,2,1
14549,138933,-0.03,0,2,5,3,1
14550,138951,2.92,1,9,12,18,1
14551,138977,6.29,1,16,19,26,1
14552,138983,0.89,1,4,7,6,1
14553,139006,3.72,1,11,14,23,1
14554,139009,-0.03,0,2,5,3,1
14555,139010,-1.01,0,0,3,1,1
14556,139019,1.81,1,6,9,9,1
14557,139033,4.26,1,11,14,14,1
14558,139061,4.52,1,13,16,28,1
14559,139069,1.87,1,6,9,8,1
14560,139074,0.4,1,3,6,5,1
14561,139077,-0.03,0,2,5,3,1
14562,139083,0.89,1,4,7,6,1
14563,139106,4.82,1,13,16,23,1
14564,139127,3.29,1,10,13,21,1
14565,139136,2.36,1,7,10,9,1
14566,139157,4.94,1,13,16,21,1
14567,139159,-0.52,0,1,4,2,1
14568,139174,2.55,1,8,11,15,1
14569,139184,3.4,1,9,12,10,1
14570,139187,-0.03,0,2,5,3,1
14571,139191,0.46,1,3,6,4,1
14572,139210,2.86,1,9,12,19,1
14573,139211,-1.01,0,0,3,1,1
14574,139242,5.99,1,16,19,31,1
14575,139244,-0.52,0,1,4,2,1
14576,139271,4.58,1,13,16,27,1
14577,139276,0.95,1,4,7,5,1
14578,139284,1.32,1,5,8,8,1
14579,139308,5.86,1,15,18,24,1
14580,139311,-0.03,0,2,5,3,1
14581,139322,2.79,1,8,11,11,1
14582,139327,0.95,1,4,7,5,1
14583,139330,-0.03,0,2,5,3,1
14584,139332,-0.52,0,1,4,2,1
14585,139334,-0.52,0,1,4,2,1
14586,139362,5.07,1,14,17,28,1
14587,139409,7.78,1,21,24,47,1
14588,139410,-1.01,0,0,3,1,1
14589,139419,1.81,1,6,9,9,1
14590,139426,1.93,1,6,9,7,1
14591,139435,2.36,1,7,10,9,1
14592,139441,1.44,1,5,8,6,1
14593,139447,0.34,1,3,6,6,1
14594,139450,-0.03,0,2,5,3,1
14595,139468,4.02,1,11,14,18,1
14596,139473,0.95,1,4,7,5,1
14597,139475,-0.52,0,1,4,2,1
14598,139486,2.79,1,8,11,11,1
14599,139496,1.75,1,6,9,10,1
14600,139498,-0.52,0,1,4,2,1
14601,139523,3.05,1,10,13,25,1
14602,139544,4.39,1,12,15,21,1
14603,139565,3.29,1,10,13,21,1
14604,139579,2.61,1,8,11,14,1
14605,139583,0.46,1,3,6,4,1
14606,139587,0.46,1,3,6,4,1
14607,139599,2.73,1,8,11,12,1
14608,139602,-0.03,0,2,5,3,1
14609,139607,0.95,1,4,7,5,1
14610,139612,0.95,1,4,7,5,1
14611,139631,4.51,1,12,15,19,1
14612,139645,2.61,1,8,11,14,1
14613,139660,4.2,1,11,14,15,1
14614,139693,4.77,1,14,17,33,1
14615,139694,-1.01,0,0,3,1,1
14616,139695,-1.01,0,0,3,1,1
14617,139696,-1.01,0,0,3,1,1
14618,139713,4.63,1,12,15,17,1
14619,139716,-0.03,0,2,5,3,1
14620,139719,-0.58,0,1,4,3,1
14621,139724,0.95,1,4,7,5,1
14622,139743,4.51,1,12,15,19,1
14623,139750,1.38,1,5,8,7,1
14624,139752,-0.52,0,1,4,2,1
14625,139754,-0.52,0,1,4,2,1
14626,139756,-0.52,0,1,4,2,1
14627,139782,7.39,1,18,21,26,1
14628,139790,1.87,1,6,9,8,1
14629,139792,-0.52,0,1,4,2,1
14630,139793,-1.01,0,0,3,1,1
14631,139801,1.32,1,5,8,8,1
14632,139809,2.42,1,7,10,8,1
14633,139810,-1.01,0,0,3,1,1
14634,139823,3.22,1,9,12,13,1
14635,139838,4.75,1,12,15,15,1
14636,139900,6.33,1,20,23,62,1
14637,139935,5.75,1,16,19,35,1
14638,139952,2.98,1,9,12,17,1
14639,139953,-1.01,0,0,3,1,1
14640,139967,3.16,1,9,12,14,1
14641,139968,-1.01,0,0,3,1,1
14642,139978,2.85,1,8,11,10,1
14643,139979,-1.01,0,0,3,1,1
14644,139981,-0.52,0,1,4,2,1
14645,140024,6.37,1,18,21,43,1
14646,140033,2.36,1,7,10,9,1
14647,140073,5.45,1,16,19,40,1
14648,140078,0.95,1,4,7,5,1
14649,140079,-1.01,0,0,3,1,1
14650,140081,-0.52,0,1,4,2,1
14651,140088,1.38,1,5,8,7,1
14652,140117,4.46,1,13,16,29,1
14653,140122,0.95,1,4,7,5,1
14654,140123,-1.01,0,0,3,1,1
14655,140124,-1.01,0,0,3,1,1
14656,140137,3.22,1,9,12,13,1
14657,140140,-0.03,0,2,5,3,1
14658,140145,0.95,1,4,7,5,1
14659,140153,2.42,1,7,10,8,1
14660,140168,3.1,1,9,12,15,1
14661,140178,1.75,1,6,9,10,1
14662,140185,1.38,1,5,8,7,1
14663,140186,-1.01,0,0,3,1,1
14664,140189,-0.03,0,2,5,3,1
14665,140190,-1.01,0,0,3,1,1
14666,140197,1.93,1,6,9,7,1
14667,140213,3.04,1,9,12,16,1
14668,140222,2.91,1,8,11,9,1
14669,140223,-1.01,0,0,3,1,1
14670,140225,-0.52,0,1,4,2,1
14671,140241,4.14,1,11,14,16,1
14672,140242,-1.01,0,0,3,1,1
14673,140249,1.38,1,5,8,7,1
14674,140256,1.93,1,6,9,7,1
14675,140258,-0.52,0,1,4,2,1
14676,140264,0.89,1,4,7,6,1
14677,140268,0.46,1,3,6,4,1
14678,140270,-0.52,0,1,4,2,1
14679,140277,1.93,1,6,9,7,1
14680,140282,0.4,1,3,6,5,1
14681,140297,4.75,1,12,15,15,1
14682,140304,0.83,1,4,7,7,1
14683,140305,-1.01,0,0,3,1,1
14684,140307,-0.52,0,1,4,2,1
14685,140314,1.93,1,6,9,7,1
14686,140327,1.57,1,6,9,13,1
14687,140328,-1.01,0,0,3,1,1
14688,140329,-1.01,0,0,3,1,1
14689,140335,0.89,1,4,7,6,1
14690,140397,3.58,1,15,18,62,1
14691,140400,-0.03,0,2,5,3,1
14692,140403,-0.03,0,2,5,3,1
14693,140419,3.59,1,10,13,16,1
14694,140465,4.54,1,15,18,46,1
14695,140467,-0.52,0,1,4,2,1
14696,140468,-1.01,0,0,3,1,1
14697,140475,1.38,1,5,8,7,1
14698,140483,1.32,1,5,8,8,1
14699,140493,3.4,1,9,12,10,1
14700,140496,-0.03,0,2,5,3,1
14701,140498,-0.52,0,1,4,2,1
14702,140506,1.87,1,6,9,8,1
14703,140523,4.08,1,11,14,17,1
14704,140529,1.44,1,5,8,6,1
14705,140531,-0.52,0,1,4,2,1
14706,140535,0.46,1,3,6,4,1
14707,140548,2.12,1,7,10,13,1
14708,140551,-0.03,0,2,5,3,1
14709,140563,2.18,1,7,10,12,1
14710,140575,2.73,1,8,11,12,1
14711,140595,5.55,1,14,17,20,1
14712,140606,3.89,1,10,13,11,1
14713,140615,2.36,1,7,10,9,1
14714,140621,1.44,1,5,8,6,1
14715,140625,0.46,1,3,6,4,1
14716,140628,-0.03,0,2,5,3,1
14717,140630,-0.52,0,1,4,2,1
14718,140633,-0.03,0,2,5,3,1
14719,140647,3.71,1,10,13,14,1
14720,140657,2.3,1,7,10,10,1
14721,140688,4.34,1,13,16,31,1
14722,140704,4.14,1,11,14,16,1
14723,140710,1.44,1,5,8,6,1
14724,140727,4.63,1,12,15,17,1
14725,140733,1.44,1,5,8,6,1
14726,140735,-0.52,0,1,4,2,1
14727,140740,0.95,1,4,7,5,1
14728,140755,3.65,1,10,13,15,1
14729,140756,-1.01,0,0,3,1,1
14730,140760,0.46,1,3,6,4,1
14731,140762,-0.52,0,1,4,2,1
14732,140765,-0.03,0,2,5,3,1
14733,140784,4.51,1,12,15,19,1
14734,140787,-0.03,0,2,5,3,1
14735,140794,1.93,1,6,9,7,1
14736,140799,0.95,1,4,7,5,1
14737,140840,4.84,1,15,18,41,1
14738,140847,0.83,1,4,7,7,1
14739,140872,4.7,1,13,16,25,1
14740,140896,5.31,1,14,17,24,1
14741,140899,-0.03,0,2,5,3,1
14742,140905,1.44,1,5,8,6,1
14743,140930,4.15,1,12,15,25,1
14744,140933,-0.03,0,2,5,3,1
14745,140958,5.25,1,14,17,25,1
14746,140975,3.53,1,10,13,17,1
14747,140982,1.93,1,6,9,7,1
14748,140992,2.3,1,7,10,10,1
14749,141003,2.79,1,8,11,11,1
14750,141035,2.63,1,10,13,32,1
14751,141080,6.8,1,19,22,45,1
14752,141082,-0.52,0,1,4,2,1
14753,141095,3.77,1,10,13,13,1
14754,141101,1.44,1,5,8,6,1
14755,141102,-1.01,0,0,3,1,1
14756,141111,2.36,1,7,10,9,1
14757,141112,-1.01,0,0,3,1,1
14758,141116,0.46,1,3,6,4,1
14759,141118,-0.52,0,1,4,2,1
14760,141123,0.95,1,4,7,5,1
14761,141152,7.21,1,18,21,29,1
14762,141157,0.95,1,4,7,5,1
14763,141160,-0.03,0,2,5,3,1
14764,141172,3.28,1,9,12,12,1
14765,141184,2.73,1,8,11,12,1
14766,141190,1.44,1,5,8,6,1
14767,141204,4.26,1,11,14,14,1
14768,141210,1.44,1,5,8,6,1
14769,141217,1.38,1,5,8,7,1
14770,141229,3.28,1,9,12,12,1
14771,141241,2.73,1,8,11,12,1
14772,141254,2.67,1,8,11,13,1
14773,141265,2.24,1,7,10,11,1
14774,141266,-1.01,0,0,3,1,1
14775,141280,2.61,1,8,11,14,1
14776,141283,-0.03,0,2,5,3,1
14777,141290,1.38,1,5,8,7,1
14778,141299,2.36,1,7,10,9,1
14779,141317,4.57,1,12,15,18,1
14780,141332,2.55,1,8,11,15,1
14781,141337,0.95,1,4,7,5,1
14782,141346,1.81,1,6,9,9,1
14783,141350,0.46,1,3,6,4,1
14784,141352,-0.52,0,1,4,2,1
14785,141362,2.85,1,8,11,10,1
14786,141363,-1.01,0,0,3,1,1
14787,141364,-1.01,0,0,3,1,1
14788,141381,4.08,1,11,14,17,1
14789,141386,0.95,1,4,7,5,1
14790,141387,-1.01,0,0,3,1,1
14791,141404,4.08,1,11,14,17,1
14792,141413,1.81,1,6,9,9,1
14793,141416,-0.03,0,2,5,3,1
14794,141435,3.96,1,11,14,19,1
14795,141441,0.89,1,4,7,6,1
14796,141476,6.3,1,17,20,35,1
14797,141478,-0.52,0,1,4,2,1
14798,141480,-0.52,0,1,4,2,1
14799,141501,3.29,1,10,13,21,1
14800,141505,0.46,1,3,6,4,1
14801,141522,4.08,1,11,14,17,1
14802,141547,4.7,1,13,16,25,1
14803,141553,1.44,1,5,8,6,1
14804,141566,3.22,1,9,12,13,1
14805,141574,1.32,1,5,8,8,1
14806,141575,-1.01,0,0,3,1,1
14807,141590,4.75,1,12,15,15,1
14808,141601,2.79,1,8,11,11,1
14809,141602,-1.01,0,0,3,1,1
14810,141606,0.46,1,3,6,4,1
14811,141610,0.46,1,3,6,4,1
14812,141621,2.79,1,8,11,11,1
14813,141622,-1.01,0,0,3,1,1
14814,141623,-1.01,0,0,3,1,1
14815,141644,6.04,1,15,18,21,1
14816,141649,0.95,1,4,7,5,1
14817,141651,-0.52,0,1,4,2,1
14818,141652,-1.01,0,0,3,1,1
14819,141663,1.69,1,6,9,11,1
14820,141678,3.1,1,9,12,15,1
14821,141681,-0.03,0,2,5,3,1
14822,141717,5.69,1,16,19,36,1
14823,141723,0.89,1,4,7,6,1
14824,141726,-0.03,0,2,5,3,1
14825,141754,4.52,1,13,16,28,1
14826,141759,0.95,1,4,7,5,1
14827,141790,3.79,1,12,15,31,1
14828,141798,2.42,1,7,10,8,1
14829,141800,-0.52,0,1,4,2,1
14830,141804,-0.09,0,2,5,4,1
14831,141806,-0.52,0,1,4,2,1
14832,141815,2.91,1,8,11,9,1
14833,141820,0.4,1,3,6,5,1
14834,141829,2.36,1,7,10,9,1
14835,141830,-1.01,0,0,3,1,1
14836,141835,0.95,1,4,7,5,1
14837,141854,2.31,1,8,11,19,1
14838,141864,2.85,1,8,11,10,1
14839,141876,2.73,1,8,11,12,1
14840,141884,2.42,1,7,10,8,1
14841,141888,0.46,1,3,6,4,1
14842,141907,5.06,1,13,16,19,1
14843,141914,1.38,1,5,8,7,1
14844,141919,0.95,1,4,7,5,1
14845,141923,0.46,1,3,6,4,1
14846,141949,5.19,1,14,17,26,1
14847,141950,-1.01,0,0,3,1,1
14848,141955,0.95,1,4,7,5,1
14849,141970,2.55,1,8,11,15,1
14850,141995,5.8,1,15,18,25,1
14851,141998,-0.03,0,2,5,3,1
14852,142019,2.74,1,9,12,21,1
14853,142021,-0.52,0,1,4,2,1
14854,142038,2.98,1,9,12,17,1
14855,142040,-0.52,0,1,4,2,1
14856,142057,5.73,1,14,17,17,1
14857,142073,3.04,1,9,12,16,1
14858,142083,2.3,1,7,10,10,1
14859,142097,2.61,1,8,11,14,1
14860,142115,5.12,1,13,16,18,1
14861,142121,1.44,1,5,8,6,1
14862,142122,-1.01,0,0,3,1,1
14863,142169,6.68,1,19,22,47,1
14864,142200,5.99,1,16,19,31,1
14865,142203,-0.03,0,2,5,3,1
14866,142205,-0.52,0,1,4,2,1
14867,142210,0.95,1,4,7,5,1
14868,142212,-0.52,0,1,4,2,1
14869,142213,-1.01,0,0,3,1,1
14870,142220,1.93,1,6,9,7,1
14871,142221,-1.01,0,0,3,1,1
14872,142251,4.95,1,14,17,30,1
14873,142253,-0.52,0,1,4,2,1
14874,142271,4.02,1,11,14,18,1
14875,142276,0.95,1,4,7,5,1
14876,142284,1.87,1,6,9,8,1
14877,142318,5.26,1,15,18,34,1
14878,142331,3.22,1,9,12,13,1
14879,142347,5.24,1,13,16,16,1
14880,142350,-0.03,0,2,5,3,1
14881,142361,3.34,1,9,12,11,1
14882,142365,0.46,1,3,6,4,1
14883,142372,1.38,1,5,8,7,1
14884,142377,0.95,1,4,7,5,1
14885,142420,5.27,1,16,19,43,1
14886,142436,4.14,1,11,14,16,1
14887,142437,-1.01,0,0,3,1,1
14888,142465,4.52,1,13,16,28,1
14889,142481,4.14,1,11,14,16,1
14890,142544,6.82,1,21,24,63,1
14891,142546,-0.52,0,1,4,2,1
14892,142547,-1.01,0,0,3,1,1
14893,142548,-1.01,0,0,3,1,1
14894,142592,5.76,1,17,20,44,1
14895,142593,-1.01,0,0,3,1,1
14896,142596,-0.03,0,2,5,3,1
14897,142603,1.38,1,5,8,7,1
14898,142607,0.46,1,3,6,4,1
14899,142613,0.89,1,4,7,6,1
14900,142615,-0.52,0,1,4,2,1
14901,142622,1.93,1,6,9,7,1
14902,142629,1.93,1,6,9,7,1
14903,142631,-0.52,0,1,4,2,1
14904,142636,0.95,1,4,7,5,1
14905,142651,3.1,1,9,12,15,1
14906,142653,-0.52,0,1,4,2,1
14907,142654,-1.01,0,0,3,1,1
14908,142655,-1.01,0,0,3,1,1
14909,142658,-0.03,0,2,5,3,1
14910,142664,1.44,1,5,8,6,1
14911,142667,-0.03,0,2,5,3,1
14912,142673,1.44,1,5,8,6,1
14913,142677,0.46,1,3,6,4,1
14914,142686,2.36,1,7,10,9,1
14915,142691,0.95,1,4,7,5,1
14916,142692,-1.01,0,0,3,1,1
14917,142697,0.95,1,4,7,5,1
14918,142702,0.95,1,4,7,5,1
14919,142728,5.19,1,14,17,26,1
14920,142748,5.0,1,13,16,20,1
14921,142756,1.87,1,6,9,8,1
14922,142768,3.28,1,9,12,12,1
14923,142778,1.75,1,6,9,10,1
14924,142780,-0.52,0,1,4,2,1
14925,142788,2.42,1,7,10,8,1
14926,142789,-1.01,0,0,3,1,1
14927,142796,1.93,1,6,9,7,1
14928,142802,1.44,1,5,8,6,1
14929,142804,-0.52,0,1,4,2,1
14930,142806,-0.52,0,1,4,2,1
14931,142808,-0.52,0,1,4,2,1
14932,142818,2.3,1,7,10,10,1
14933,142838,3.9,1,11,14,20,1
14934,142841,-0.03,0,2,5,3,1
14935,142842,-1.01,0,0,3,1,1
14936,142854,2.18,1,7,10,12,1
14937,142867,3.22,1,9,12,13,1
14938,142869,-0.52,0,1,4,2,1
14939,142948,4.76,1,19,22,79,1
14940,142969,3.84,1,11,14,21,1
14941,142973,0.46,1,3,6,4,1
14942,142976,-0.03,0,2,5,3,1
14943,142989,3.22,1,9,12,13,1
14944,143008,3.96,1,11,14,19,1
14945,143024,3.04,1,9,12,16,1
14946,143075,5.89,1,18,21,51,1
14947,143080,0.4,1,3,6,5,1
14948,143081,-1.01,0,0,3,1,1
14949,143083,-0.52,0,1,4,2,1
14950,143089,0.89,1,4,7,6,1
14951,143097,2.42,1,7,10,8,1
14952,143106,2.36,1,7,10,9,1
14953,143107,-1.01,0,0,3,1,1
14954,143112,0.95,1,4,7,5,1
14955,143129,2.98,1,9,12,17,1
14956,143130,-1.01,0,0,3,1,1
14957,143133,-0.03,0,2,5,3,1
14958,143147,4.26,1,11,14,14,1
14959,143158,3.89,1,10,13,11,1
14960,143161,-0.03,0,2,5,3,1
14961,143181,4.45,1,12,15,20,1
14962,143188,1.93,1,6,9,7,1
14963,143207,5.61,1,14,17,19,1
14964,143235,5.62,1,15,18,28,1
14965,143237,-0.52,0,1,4,2,1
14966,143248,2.24,1,7,10,11,1
14967,143250,-0.52,0,1,4,2,1
14968,143253,-0.03,0,2,5,3,1
14969,143258,0.95,1,4,7,5,1
14970,143259,-1.01,0,0,3,1,1
14971,143261,-0.52,0,1,4,2,1
14972,143268,1.93,1,6,9,7,1
14973,143270,-0.52,0,1,4,2,1
14974,143304,4.71,1,14,17,34,1
14975,143310,1.44,1,5,8,6,1
14976,143318,2.42,1,7,10,8,1
14977,143334,3.59,1,10,13,16,1
14978,143336,-0.52,0,1,4,2,1
14979,143337,-1.01,0,0,3,1,1
14980,143345,2.42,1,7,10,8,1
14981,143387,4.78,1,15,18,42,1
14982,143393,1.44,1,5,8,6,1
14983,143413,5.55,1,14,17,20,1
14984,143425,3.28,1,9,12,12,1
14985,143433,2.42,1,7,10,8,1
14986,143454,5.49,1,14,17,21,1
14987,143462,2.42,1,7,10,8,1
14988,143474,2.18,1,7,10,12,1
14989,143482,2.42,1,7,10,8,1
14990,143483,-1.01,0,0,3,1,1
14991,143497,2.61,1,8,11,14,1
14992,143506,2.91,1,8,11,9,1
14993,143508,-0.52,0,1,4,2,1
14994,143525,4.63,1,12,15,17,1
14995,143527,-0.52,0,1,4,2,1
14996,143529,-0.52,0,1,4,2,1
14997,143545,4.14,1,11,14,16,1
14998,143553,1.87,1,6,9,8,1
14999,143556,-0.03,0,2,5,3,1
15000,143580,5.86,1,15,18,24,1
15001,143585,0.95,1,4,7,5,1
15002,143586,-1.01,0,0,3,1,1
15003,143588,-0.52,0,1,4,2,1
15004,143589,-1.01,0,0,3,1,1
15005,143602,3.22,1,9,12,13,1
15006,143618,3.59,1,10,13,16,1
15007,143622,0.46,1,3,6,4,1
15008,143638,3.59,1,10,13,16,1
15009,143639,-1.01,0,0,3,1,1
15010,143649,1.75,1,6,9,10,1
15011,143674,4.15,1,12,15,25,1
15012,143708,5.81,1,16,19,34,1
15013,143711,-0.03,0,2,5,3,1
15014,143713,-0.52,0,1,4,2,1
15015,143716,-0.03,0,2,5,3,1
15016,143720,0.46,1,3,6,4,1
15017,143727,0.83,1,4,7,7,1
15018,143737,2.85,1,8,11,10,1
15019,143743,0.89,1,4,7,6,1
15020,143761,3.47,1,10,13,18,1
15021,143763,-0.52,0,1,4,2,1
15022,143776,3.22,1,9,12,13,1
15023,143789,3.22,1,9,12,13,1
15024,143796,1.93,1,6,9,7,1
15025,143800,0.46,1,3,6,4,1
15026,143829,7.21,1,18,21,29,1
15027,143836,1.93,1,6,9,7,1
15028,143838,-0.52,0,1,4,2,1
15029,143840,-0.52,0,1,4,2,1
15030,143842,-0.52,0,1,4,2,1
15031,143844,-0.52,0,1,4,2,1
15032,143863,3.41,1,10,13,19,1
15033,143875,2.73,1,8,11,12,1
15034,143876,-1.01,0,0,3,1,1
15035,143878,-0.52,0,1,4,2,1
15036,143899,4.94,1,13,16,21,1
15037,143913,2.06,1,7,10,14,1
15038,143920,1.93,1,6,9,7,1
15039,143924,0.46,1,3,6,4,1
15040,143947,4.82,1,13,16,23,1
15041,143977,4.95,1,14,17,30,1
15042,143981,0.46,1,3,6,4,1
15043,143982,-1.01,0,0,3,1,1
15044,143994,2.18,1,7,10,12,1
15045,144003,2.36,1,7,10,9,1
15046,144026,4.27,1,12,15,23,1
15047,144042,4.69,1,12,15,16,1
15048,144052,2.85,1,8,11,10,1
15049,144059,0.83,1,4,7,7,1
15050,144060,-1.01,0,0,3,1,1
15051,144065,0.95,1,4,7,5,1
15052,144068,-0.03,0,2,5,3,1
15053,144078,2.3,1,7,10,10,1
15054,144079,-1.01,0,0,3,1,1
15055,144093,4.26,1,11,14,14,1
15056,144111,4.02,1,11,14,18,1
15057,144114,-0.03,0,2,5,3,1
15058,144121,1.38,1,5,8,7,1
15059,144144,4.82,1,13,16,23,1
15060,144157,3.22,1,9,12,13,1
15061,144167,2.85,1,8,11,10,1
15062,144173,1.44,1,5,8,6,1
15063,144176,-0.03,0,2,5,3,1
15064,144192,4.69,1,12,15,16,1
15065,144195,-0.03,0,2,5,3,1
15066,144210,3.65,1,10,13,15,1
15067,144213,-0.03,0,2,5,3,1
15068,144219,1.44,1,5,8,6,1
15069,144222,-0.03,0,2,5,3,1
15070,144232,2.85,1,8,11,10,1
15071,144233,-1.01,0,0,3,1,1
15072,144237,0.46,1,3,6,4,1
15073,144239,-0.52,0,1,4,2,1
15074,144261,4.88,1,13,16,22,1
15075,144263,-0.52,0,1,4,2,1
15076,144273,2.85,1,8,11,10,1
15077,144290,4.63,1,12,15,17,1
15078,144291,-1.01,0,0,3,1,1
15079,144292,-1.01,0,0,3,1,1
15080,144294,-0.52,0,1,4,2,1
15081,144308,3.71,1,10,13,14,1
15082,144318,2.3,1,7,10,10,1
15083,144320,-0.52,0,1,4,2,1
15084,144324,0.46,1,3,6,4,1
15085,144398,3.96,1,17,20,74,1
15086,144421,5.37,1,14,17,23,1
15087,144423,-0.52,0,1,4,2,1
15088,144427,0.46,1,3,6,4,1
15089,144434,1.38,1,5,8,7,1
15090,144439,0.95,1,4,7,5,1
15091,144440,-1.01,0,0,3,1,1
15092,144445,0.95,1,4,7,5,1
15093,144454,2.91,1,8,11,9,1
15094,144458,0.46,1,3,6,4,1
15095,144463,0.95,1,4,7,5,1
15096,144467,0.46,1,3,6,4,1
15097,144471,0.46,1,3,6,4,1
15098,144473,-0.52,0,1,4,2,1
15099,144478,0.95,1,4,7,5,1
15100,144498,4.45,1,12,15,20,1
15101,144504,1.44,1,5,8,6,1
15102,144508,0.46,1,3,6,4,1
15103,144511,-0.03,0,2,5,3,1
15104,144513,-0.52,0,1,4,2,1
15105,144514,-1.01,0,0,3,1,1
15106,144547,6.97,1,18,21,33,1
15107,144552,0.95,1,4,7,5,1
15108,144562,2.3,1,7,10,10,1
15109,144586,4.21,1,12,15,24,1
15110,144596,2.85,1,8,11,10,1
15111,144598,-0.52,0,1,4,2,1
15112,144616,3.47,1,10,13,18,1
15113,144623,1.38,1,5,8,7,1
15114,144629,1.44,1,5,8,6,1
15115,144640,2.24,1,7,10,11,1
15116,144752,3.88,1,21,24,112,1
15117,144755,-0.03,0,2,5,3,1
15118,144758,-0.03,0,2,5,3,1
15119,144762,0.46,1,3,6,4,1
15120,144776,4.26,1,11,14,14,1
15121,144787,3.34,1,9,12,11,1
15122,144798,2.24,1,7,10,11,1
15123,144800,-0.52,0,1,4,2,1
15124,144805,0.95,1,4,7,5,1
15125,144807,-0.52,0,1,4,2,1
15126,144808,-1.01,0,0,3,1,1
15127,144813,0.95,1,4,7,5,1
15128,144814,-1.01,0,0,3,1,1
15129,144817,-0.03,0,2,5,3,1
15130,144824,1.38,1,5,8,7,1
15131,144835,2.79,1,8,11,11,1
15132,144842,1.38,1,5,8,7,1
15133,144850,2.42,1,7,10,8,1
15134,144851,-1.01,0,0,3,1,1
15135,144858,1.93,1,6,9,7,1
15136,144861,-0.03,0,2,5,3,1
15137,144882,2.74,1,9,12,21,1
15138,144886,0.46,1,3,6,4,1
15139,144902,3.04,1,9,12,16,1
15140,144904,-0.52,0,1,4,2,1
15141,144911,1.38,1,5,8,7,1
15142,144925,2.61,1,8,11,14,1
15143,144944,4.51,1,12,15,19,1
15144,144945,-1.01,0,0,3,1,1
15145,144949,0.46,1,3,6,4,1
15146,144951,-0.52,0,1,4,2,1
15147,144957,0.89,1,4,7,6,1
15148,144959,-0.52,0,1,4,2,1
15149,144963,0.46,1,3,6,4,1
15150,144965,-0.52,0,1,4,2,1
15151,144975,1.75,1,6,9,10,1
15152,144978,-0.03,0,2,5,3,1
15153,144986,1.87,1,6,9,8,1
15154,145003,3.53,1,10,13,17,1
15155,145004,-1.01,0,0,3,1,1
15156,145013,1.81,1,6,9,9,1
15157,145024,3.34,1,9,12,11,1
15158,145025,-1.01,0,0,3,1,1
15159,145029,0.46,1,3,6,4,1
15160,145032,-0.03,0,2,5,3,1
15161,145037,0.95,1,4,7,5,1
15162,145058,3.84,1,11,14,21,1
15163,145065,1.93,1,6,9,7,1
15164,145077,3.83,1,10,13,12,1
15165,145097,4.45,1,12,15,20,1
15166,145120,4.27,1,12,15,23,1
15167,145121,-1.01,0,0,3,1,1
15168,145126,0.95,1,4,7,5,1
15169,145129,-0.03,0,2,5,3,1
15170,145138,1.81,1,6,9,9,1
15171,145143,0.95,1,4,7,5,1
15172,145159,3.59,1,10,13,16,1
15173,145161,-0.52,0,1,4,2,1
15174,145165,0.46,1,3,6,4,1
15175,145203,5.02,1,15,18,38,1
15176,145207,0.46,1,3,6,4,1
15177,145208,-1.01,0,0,3,1,1
15178,145251,6.37,1,18,21,43,1
15179,145258,0.83,1,4,7,7,1
15180,145266,2.42,1,7,10,8,1
15181,145283,2.98,1,9,12,17,1
15182,145286,-0.03,0,2,5,3,1
15183,145291,0.4,1,3,6,5,1
15184,145301,2.3,1,7,10,10,1
15185,145307,1.44,1,5,8,6,1
15186,145311,0.46,1,3,6,4,1
15187,145322,1.14,1,5,8,11,1
15188,145323,-1.01,0,0,3,1,1
15189,145336,2.67,1,8,11,13,1
15190,145346,2.3,1,7,10,10,1
15191,145356,1.75,1,6,9,10,1
15192,145358,-0.52,0,1,4,2,1
15193,145363,-0.15,0,2,5,5,1
15194,145367,0.46,1,3,6,4,1
15195,145375,2.42,1,7,10,8,1
15196,145377,-0.52,0,1,4,2,1
15197,145379,-0.52,0,1,4,2,1
15198,145418,5.51,1,16,19,39,1
15199,145421,-0.03,0,2,5,3,1
15200,145450,6.11,1,16,19,29,1
15201,145546,4.29,1,20,23,96,1
15202,145551,0.95,1,4,7,5,1
15203,145572,4.39,1,12,15,21,1
15204,145593,4.39,1,12,15,21,1
15205,145598,0.95,1,4,7,5,1
15206,145604,1.44,1,5,8,6,1
15207,145606,-0.52,0,1,4,2,1
15208,145609,-0.03,0,2,5,3,1
15209,145612,-0.03,0,2,5,3,1
15210,145639,6.78,1,17,20,27,1
15211,145652,3.77,1,10,13,13,1
15212,145655,-0.03,0,2,5,3,1
15213,145659,-0.09,0,2,5,4,1
15214,145685,4.64,1,13,16,26,1
15215,145696,2.79,1,8,11,11,1
15216,145714,3.47,1,10,13,18,1
15217,145726,3.83,1,10,13,12,1
15218,145734,1.87,1,6,9,8,1
15219,145735,-1.01,0,0,3,1,1
15220,145738,-0.03,0,2,5,3,1
15221,145783,6.25,1,18,21,45,1
15222,145786,-0.03,0,2,5,3,1
15223,145816,6.05,1,16,19,30,1
15224,145822,0.89,1,4,7,6,1
15225,145825,-0.03,0,2,5,3,1
15226,145827,-0.52,0,1,4,2,1
15227,145828,-1.01,0,0,3,1,1
15228,145833,0.95,1,4,7,5,1
15229,145834,-1.01,0,0,3,1,1
15230,145836,-0.52,0,1,4,2,1
15231,145853,3.53,1,10,13,17,1
15232,145861,1.32,1,5,8,8,1
15233,145864,-0.03,0,2,5,3,1
15234,145869,0.95,1,4,7,5,1
15235,145875,0.89,1,4,7,6,1
15236,145882,1.38,1,5,8,7,1
15237,145883,-1.01,0,0,3,1,1
15238,145886,-0.03,0,2,5,3,1
15239,145887,-1.01,0,0,3,1,1
15240,145915,7.27,1,18,21,28,1
15241,145921,1.44,1,5,8,6,1
15242,145924,-0.03,0,2,5,3,1
15243,145950,2.44,1,9,12,26,1
15244,145953,-0.03,0,2,5,3,1
15245,145972,3.41,1,10,13,19,1
15246,145986,4.26,1,11,14,14,1
15247,145987,-1.01,0,0,3,1,1
15248,145999,2.73,1,8,11,12,1
15249,146008,1.26,1,5,8,9,1
15250,146012,0.46,1,3,6,4,1
15251,146029,5.18,1,13,16,17,1
15252,146031,-0.52,0,1,4,2,1
15253,146032,-1.01,0,0,3,1,1
15254,146038,1.44,1,5,8,6,1
15255,146040,-0.52,0,1,4,2,1
15256,146068,4.52,1,13,16,28,1
15257,146069,-1.01,0,0,3,1,1
15258,146075,1.44,1,5,8,6,1
15259,146077,-0.52,0,1,4,2,1
15260,146078,-1.01,0,0,3,1,1
15261,146104,4.64,1,13,16,26,1
15262,146124,4.45,1,12,15,20,1
15263,146162,6.12,1,17,20,38,1
15264,146168,1.44,1,5,8,6,1
15265,146169,-1.01,0,0,3,1,1
15266,146220,4.79,1,16,19,51,1
15267,146248,5.62,1,15,18,28,1
15268,146295,5.58,1,17,20,47,1
15269,146298,-0.03,0,2,5,3,1
15270,146308,2.3,1,7,10,10,1
15271,146321,3.22,1,9,12,13,1
15272,146349,4.52,1,13,16,28,1
15273,146361,3.28,1,9,12,12,1
15274,146369,2.42,1,7,10,8,1
15275,146372,-0.03,0,2,5,3,1
15276,146382,2.85,1,8,11,10,1
15277,146387,0.4,1,3,6,5,1
15278,146391,0.46,1,3,6,4,1
15279,146401,2.3,1,7,10,10,1
15280,146427,5.74,1,15,18,26,1
15281,146438,3.34,1,9,12,11,1
15282,146439,-1.01,0,0,3,1,1
15283,146475,5.14,1,15,18,36,1
15284,146490,4.2,1,11,14,15,1
15285,146513,5.37,1,14,17,23,1
15286,146519,0.89,1,4,7,6,1
15287,146524,0.95,1,4,7,5,1
15288,146530,0.89,1,4,7,6,1
15289,146575,4.6,1,15,18,45,1
15290,146578,-0.03,0,2,5,3,1
15291,146584,1.44,1,5,8,6,1
15292,146591,1.93,1,6,9,7,1
15293,146598,1.93,1,6,9,7,1
15294,146601,-0.03,0,2,5,3,1
15295,146623,4.88,1,13,16,22,1
15296,146631,1.87,1,6,9,8,1
15297,146632,-1.01,0,0,3,1,1
15298,146640,1.87,1,6,9,8,1
15299,146643,-0.03,0,2,5,3,1
15300,146649,0.34,1,3,6,6,1
15301,146654,0.95,1,4,7,5,1
15302,146655,-1.01,0,0,3,1,1
15303,146681,5.19,1,14,17,26,1
15304,146690,2.36,1,7,10,9,1
15305,146691,-1.01,0,0,3,1,1
15306,146692,-1.01,0,0,3,1,1
15307,146695,-0.03,0,2,5,3,1
15308,146721,6.29,1,16,19,26,1
15309,146726,0.95,1,4,7,5,1
15310,146738,3.28,1,9,12,12,1
15311,146745,1.93,1,6,9,7,1
15312,146751,1.44,1,5,8,6,1
15313,146754,-0.03,0,2,5,3,1
15314,146755,-1.01,0,0,3,1,1
15315,146766,2.24,1,7,10,11,1
15316,146769,-0.03,0,2,5,3,1
15317,146777,2.42,1,7,10,8,1
15318,146778,-1.01,0,0,3,1,1
15319,146820,4.78,1,15,18,42,1
15320,146826,1.44,1,5,8,6,1
15321,146831,0.4,1,3,6,5,1
15322,146840,2.36,1,7,10,9,1
15323,146856,3.04,1,9,12,16,1
15324,146857,-1.01,0,0,3,1,1
15325,146869,2.18,1,7,10,12,1
15326,146873,0.46,1,3,6,4,1
15327,146882,1.81,1,6,9,9,1
15328,146886,0.46,1,3,6,4,1
15329,146888,-0.52,0,1,4,2,1
15330,146890,-0.52,0,1,4,2,1
15331,146898,1.87,1,6,9,8,1
15332,146914,4.69,1,12,15,16,1
15333,146915,-1.01,0,0,3,1,1
15334,146916,-1.01,0,0,3,1,1
15335,146932,4.14,1,11,14,16,1
15336,146943,2.79,1,8,11,11,1
15337,146964,4.94,1,13,16,21,1
15338,146984,3.9,1,11,14,20,1
15339,146985,-1.01,0,0,3,1,1
15340,146993,1.32,1,5,8,8,1
15341,147002,1.81,1,6,9,9,1
15342,147014,2.73,1,8,11,12,1
15343,147023,1.81,1,6,9,9,1
15344,147027,0.46,1,3,6,4,1
15345,147032,0.4,1,3,6,5,1
15346,147035,-0.03,0,2,5,3,1
15347,147038,-0.03,0,2,5,3,1
15348,147041,-0.03,0,2,5,3,1
15349,147060,4.51,1,12,15,19,1
15350,147074,4.26,1,11,14,14,1
15351,147087,4.32,1,11,14,13,1
15352,147097,1.2,1,5,8,10,1
15353,147117,5.0,1,13,16,20,1
15354,147134,4.63,1,12,15,17,1
15355,147137,-0.03,0,2,5,3,1
15356,147139,-0.52,0,1,4,2,1
15357,147146,1.38,1,5,8,7,1
15358,147147,-1.01,0,0,3,1,1
15359,147151,0.46,1,3,6,4,1
15360,147152,-1.01,0,0,3,1,1
15361,147167,3.65,1,10,13,15,1
15362,147191,3.66,1,11,14,24,1
15363,147198,1.38,1,5,8,7,1
15364,147202,0.46,1,3,6,4,1
15365,147212,2.3,1,7,10,10,1
15366,147220,1.87,1,6,9,8,1
15367,147223,-0.03,0,2,5,3,1
15368,147224,-1.01,0,0,3,1,1
15369,147228,0.46,1,3,6,4,1
15370,147233,0.4,1,3,6,5,1
15371,147234,-1.01,0,0,3,1,1
15372,147254,2.25,1,8,11,20,1
15373,147258,0.46,1,3,6,4,1
15374,147260,-0.52,0,1,4,2,1
15375,147277,4.08,1,11,14,17,1
15376,147285,1.32,1,5,8,8,1
15377,147292,1.38,1,5,8,7,1
15378,147299,1.93,1,6,9,7,1
15379,147302,-0.03,0,2,5,3,1
15380,147305,-0.03,0,2,5,3,1
15381,147308,-0.03,0,2,5,3,1
15382,147318,2.3,1,7,10,10,1
15383,147323,0.95,1,4,7,5,1
15384,147344,4.39,1,12,15,21,1
15385,147346,-0.52,0,1,4,2,1
15386,147372,5.19,1,14,17,26,1
15387,147373,-1.01,0,0,3,1,1
15388,147381,1.32,1,5,8,8,1
15389,147384,-0.03,0,2,5,3,1
15390,147390,1.44,1,5,8,6,1
15391,147391,-1.01,0,0,3,1,1
15392,147396,0.95,1,4,7,5,1
15393,147401,0.95,1,4,7,5,1
15394,147417,2.49,1,8,11,16,1
15395,147420,-0.03,0,2,5,3,1
15396,147427,0.83,1,4,7,7,1
15397,147439,2.73,1,8,11,12,1
15398,147445,1.44,1,5,8,6,1
15399,147472,4.58,1,13,16,27,1
15400,147499,4.03,1,12,15,27,1
15401,147500,-1.01,0,0,3,1,1
15402,147515,3.1,1,9,12,15,1
15403,147521,0.89,1,4,7,6,1
15404,147525,0.46,1,3,6,4,1
15405,147540,4.2,1,11,14,15,1
15406,147563,4.82,1,13,16,23,1
15407,147571,1.87,1,6,9,8,1
15408,147578,1.38,1,5,8,7,1
15409,147579,-1.01,0,0,3,1,1
15410,147580,-1.01,0,0,3,1,1
15411,147584,0.46,1,3,6,4,1
15412,147585,-1.01,0,0,3,1,1
15413,147587,-0.52,0,1,4,2,1
15414,147601,4.26,1,11,14,14,1
15415,147607,1.44,1,5,8,6,1
15416,147626,3.96,1,11,14,19,1
15417,147649,4.82,1,13,16,23,1
15418,147664,3.1,1,9,12,15,1
15419,147669,0.95,1,4,7,5,1
15420,147670,-1.01,0,0,3,1,1
15421,147676,1.44,1,5,8,6,1
15422,147678,-0.52,0,1,4,2,1
15423,147681,-0.03,0,2,5,3,1
15424,147686,0.95,1,4,7,5,1
15425,147693,1.38,1,5,8,7,1
15426,147694,-1.01,0,0,3,1,1
15427,147695,-1.01,0,0,3,1,1
15428,147702,1.93,1,6,9,7,1
15429,147703,-1.01,0,0,3,1,1
15430,147705,-0.52,0,1,4,2,1
15431,147719,3.16,1,9,12,14,1
15432,147721,-0.52,0,1,4,2,1
15433,147730,2.91,1,8,11,9,1
15434,147733,-0.03,0,2,5,3,1
15435,147737,0.46,1,3,6,4,1
15436,147781,4.66,1,15,18,44,1
15437,147784,-0.03,0,2,5,3,1
15438,147787,-0.03,0,2,5,3,1
15439,147788,-1.01,0,0,3,1,1
15440,147804,3.59,1,10,13,16,1
15441,147833,5.01,1,14,17,29,1
15442,147848,3.1,1,9,12,15,1
15443,147851,-0.03,0,2,5,3,1
15444,147854,-0.03,0,2,5,3,1
15445,147855,-1.01,0,0,3,1,1
15446,147872,2.98,1,9,12,17,1
15447,147874,-0.52,0,1,4,2,1
15448,147887,3.22,1,9,12,13,1
15449,147915,4.52,1,13,16,28,1
15450,147917,-0.52,0,1,4,2,1
15451,147933,4.14,1,11,14,16,1
15452,147936,-0.03,0,2,5,3,1
15453,147947,2.79,1,8,11,11,1
15454,147948,-1.01,0,0,3,1,1
15455,147957,1.81,1,6,9,9,1
15456,147958,-1.01,0,0,3,1,1
15457,147961,-0.03,0,2,5,3,1
15458,147972,2.24,1,7,10,11,1
15459,147985,2.67,1,8,11,13,1
15460,147995,2.3,1,7,10,10,1
15461,147997,-0.52,0,1,4,2,1
15462,148002,0.95,1,4,7,5,1
15463,148008,0.89,1,4,7,6,1
15464,148029,4.94,1,13,16,21,1
15465,148030,-1.01,0,0,3,1,1
15466,148042,2.73,1,8,11,12,1
15467,148048,1.44,1,5,8,6,1
15468,148050,-0.52,0,1,4,2,1
15469,148051,-1.01,0,0,3,1,1
15470,148055,0.46,1,3,6,4,1
15471,148056,-1.01,0,0,3,1,1
15472,148085,6.11,1,16,19,29,1
15473,148090,0.95,1,4,7,5,1
15474,148095,0.95,1,4,7,5,1
15475,148104,2.36,1,7,10,9,1
15476,148113,1.81,1,6,9,9,1
15477,148120,0.83,1,4,7,7,1
15478,148123,-0.03,0,2,5,3,1
15479,148143,4.45,1,12,15,20,1
15480,148198,5.1,1,17,20,55,1
15481,148203,0.95,1,4,7,5,1
15482,148215,3.28,1,9,12,12,1
15483,148225,3.4,1,9,12,10,1
15484,148236,1.69,1,6,9,11,1
15485,148237,-1.01,0,0,3,1,1
15486,148250,3.22,1,9,12,13,1
15487,148251,-1.01,0,0,3,1,1
15488,148264,2.12,1,7,10,13,1
15489,148279,4.2,1,11,14,15,1
15490,148286,1.38,1,5,8,7,1
15491,148288,-0.52,0,1,4,2,1
15492,148297,2.36,1,7,10,9,1
15493,148345,4.97,1,16,19,48,1
15494,148358,2.67,1,8,11,13,1
15495,148378,3.9,1,11,14,20,1
15496,148381,-0.03,0,2,5,3,1
15497,148391,2.85,1,8,11,10,1
15498,148397,1.44,1,5,8,6,1
15499,148398,-1.01,0,0,3,1,1
15500,148399,-1.01,0,0,3,1,1
15501,148403,0.46,1,3,6,4,1
15502,148406,-0.03,0,2,5,3,1
15503,148420,3.16,1,9,12,14,1
15504,148421,-1.01,0,0,3,1,1
15505,148431,1.75,1,6,9,10,1
15506,148437,1.44,1,5,8,6,1
15507,148439,-0.52,0,1,4,2,1
15508,148442,-0.03,0,2,5,3,1
15509,148444,-0.52,0,1,4,2,1
15510,148450,0.89,1,4,7,6,1
15511,148453,-0.03,0,2,5,3,1
15512,148476,4.82,1,13,16,23,1
15513,148478,-0.52,0,1,4,2,1
15514,148480,-0.52,0,1,4,2,1
15515,148481,-1.01,0,0,3,1,1
15516,148482,-1.01,0,0,3,1,1
15517,148493,2.79,1,8,11,11,1
15518,148498,0.95,1,4,7,5,1
15519,148539,3.74,1,13,16,41,1
15520,148553,3.16,1,9,12,14,1
15521,148557,-0.09,0,2,5,4,1
15522,148560,-0.03,0,2,5,3,1
15523,148569,2.36,1,7,10,9,1
15524,148573,0.46,1,3,6,4,1
15525,148606,3.12,1,11,14,33,1
15526,148615,1.26,1,5,8,9,1
15527,148623,1.32,1,5,8,8,1
15528,148643,4.45,1,12,15,20,1
15529,148644,-1.01,0,0,3,1,1
15530,148646,-0.52,0,1,4,2,1
15531,148652,0.89,1,4,7,6,1
15532,148664,3.28,1,9,12,12,1
15533,148667,-0.03,0,2,5,3,1
15534,148669,-0.52,0,1,4,2,1
15535,148684,2.55,1,8,11,15,1
15536,148689,0.95,1,4,7,5,1
15537,148707,5.67,1,14,17,18,1
15538,148726,3.41,1,10,13,19,1
15539,148733,1.38,1,5,8,7,1
15540,148737,0.46,1,3,6,4,1
15541,148746,1.81,1,6,9,9,1
15542,148749,-0.03,0,2,5,3,1
15543,148750,-1.01,0,0,3,1,1
15544,148756,1.44,1,5,8,6,1
15545,148759,-0.03,0,2,5,3,1
15546,148803,4.11,1,14,17,44,1
15547,148806,-0.03,0,2,5,3,1
15548,148857,5.89,1,18,21,51,1
15549,148867,2.85,1,8,11,10,1
15550,148868,-1.01,0,0,3,1,1
15551,148869,-1.01,0,0,3,1,1
15552,148885,4.14,1,11,14,16,1
15553,148894,2.36,1,7,10,9,1
15554,148907,3.77,1,10,13,13,1
15555,148908,-1.01,0,0,3,1,1
15556,148915,1.93,1,6,9,7,1
15557,148929,4.26,1,11,14,14,1
15558,148932,-0.03,0,2,5,3,1
15559,148941,2.91,1,8,11,9,1
15560,148955,2.61,1,8,11,14,1
15561,148958,-0.03,0,2,5,3,1
15562,148970,2.18,1,7,10,12,1
15563,148976,1.44,1,5,8,6,1
15564,148977,-1.01,0,0,3,1,1
15565,148991,2.61,1,8,11,14,1
15566,148993,-0.52,0,1,4,2,1
15567,148997,0.46,1,3,6,4,1
15568,149005,1.87,1,6,9,8,1
15569,149007,-0.52,0,1,4,2,1
15570,149014,1.93,1,6,9,7,1
15571,149017,-0.03,0,2,5,3,1
15572,149023,0.89,1,4,7,6,1
15573,149033,1.75,1,6,9,10,1
15574,149036,-0.03,0,2,5,3,1
15575,149037,-1.01,0,0,3,1,1
15576,149049,2.18,1,7,10,12,1
15577,149052,-0.03,0,2,5,3,1
15578,149057,0.95,1,4,7,5,1
15579,149064,1.38,1,5,8,7,1
15580,149079,4.75,1,12,15,15,1
15581,149101,4.88,1,13,16,22,1
15582,149103,-0.52,0,1,4,2,1
15583,149104,-1.01,0,0,3,1,1
15584,149105,-1.01,0,0,3,1,1
15585,149111,1.44,1,5,8,6,1
15586,149125,3.71,1,10,13,14,1
15587,149126,-1.01,0,0,3,1,1
15588,149127,-1.01,0,0,3,1,1
15589,149132,0.95,1,4,7,5,1
15590,149182,7.05,1,20,23,50,1
15591,149188,0.89,1,4,7,6,1
15592,149190,-0.52,0,1,4,2,1
15593,149191,-1.01,0,0,3,1,1
15594,149209,4.02,1,11,14,18,1
15595,149219,2.85,1,8,11,10,1
15596,149220,-1.01,0,0,3,1,1
15597,149222,-0.52,0,1,4,2,1
15598,149228,1.44,1,5,8,6,1
15599,149235,1.38,1,5,8,7,1
15600,149261,5.19,1,14,17,26,1
15601,149268,1.38,1,5,8,7,1
15602,149281,1.57,1,6,9,13,1
15603,149289,1.87,1,6,9,8,1
15604,149300,2.24,1,7,10,11,1
15605,149304,0.46,1,3,6,4,1
15606,149308,0.46,1,3,6,4,1
15607,149334,4.64,1,13,16,26,1
15608,149337,-0.03,0,2,5,3,1
15609,149341,0.46,1,3,6,4,1
15610,149359,3.47,1,10,13,18,1
15611,149392,6.97,1,18,21,33,1
15612,149402,3.4,1,9,12,10,1
15613,149403,-1.01,0,0,3,1,1
15614,149415,2.73,1,8,11,12,1
15615,149429,2.06,1,7,10,14,1
15616,149450,4.94,1,13,16,21,1
15617,149457,1.93,1,6,9,7,1
15618,149460,-0.03,0,2,5,3,1
15619,149463,-0.03,0,2,5,3,1
15620,149487,5.86,1,15,18,24,1
15621,149489,-0.52,0,1,4,2,1
15622,149499,1.75,1,6,9,10,1
15623,149536,7.28,1,19,22,37,1
15624,149560,4.76,1,13,16,24,1
15625,149563,-0.03,0,2,5,3,1
15626,149566,-0.03,0,2,5,3,1
15627,149647,2.99,1,16,19,81,1
15628,149648,-1.01,0,0,3,1,1
15629,149653,0.95,1,4,7,5,1
15630,149654,-1.01,0,0,3,1,1
15631,149677,5.92,1,15,18,23,1
15632,149686,1.26,1,5,8,9,1
15633,149689,-0.03,0,2,5,3,1
15634,149692,-0.03,0,2,5,3,1
15635,149694,-0.52,0,1,4,2,1
15636,149705,3.89,1,10,13,11,1
15637,149706,-1.01,0,0,3,1,1
15638,149708,-0.52,0,1,4,2,1
15639,149709,-1.01,0,0,3,1,1
15640,149719,1.75,1,6,9,10,1
15641,149730,2.79,1,8,11,11,1
15642,149739,2.36,1,7,10,9,1
15643,149744,0.95,1,4,7,5,1
15644,149751,0.83,1,4,7,7,1
15645,149753,-0.52,0,1,4,2,1
15646,149758,0.95,1,4,7,5,1
15647,149769,2.79,1,8,11,11,1
15648,149775,0.34,1,3,6,6,1
15649,149783,2.42,1,7,10,8,1
15650,149799,3.59,1,10,13,16,1
15651,149801,-0.52,0,1,4,2,1
15652,149817,4.69,1,12,15,16,1
15653,149823,1.44,1,5,8,6,1
15654,149825,-0.52,0,1,4,2,1
15655,149835,2.3,1,7,10,10,1
15656,149841,1.44,1,5,8,6,1
15657,149848,1.38,1,5,8,7,1
15658,149850,-0.52,0,1,4,2,1
15659,149873,4.27,1,12,15,23,1
15660,149878,0.95,1,4,7,5,1
15661,149882,0.46,1,3,6,4,1
15662,149883,-1.01,0,0,3,1,1
15663,149884,-1.01,0,0,3,1,1
15664,149890,1.44,1,5,8,6,1
15665,149899,1.81,1,6,9,9,1
15666,149909,3.4,1,9,12,10,1
15667,149924,2.55,1,8,11,15,1
15668,149944,4.45,1,12,15,20,1
15669,149945,-1.01,0,0,3,1,1
15670,149950,0.95,1,4,7,5,1
15671,149970,5.55,1,14,17,20,1
15672,149974,0.46,1,3,6,4,1
15673,149980,1.44,1,5,8,6,1
15674,149992,3.28,1,9,12,12,1
15675,149996,0.46,1,3,6,4,1
15676,149997,-1.01,0,0,3,1,1
15677,149998,-1.01,0,0,3,1,1
15678,150004,1.44,1,5,8,6,1
15679,150005,-1.01,0,0,3,1,1
15680,150008,-0.03,0,2,5,3,1
15681,150010,-0.52,0,1,4,2,1
15682,150042,5.38,1,15,18,32,1
15683,150046,0.46,1,3,6,4,1
15684,150071,3.6,1,11,14,25,1
15685,150078,1.38,1,5,8,7,1
15686,150108,3.85,1,12,15,30,1
15687,150110,-0.52,0,1,4,2,1
15688,150119,2.36,1,7,10,9,1
15689,150131,2.73,1,8,11,12,1
15690,150146,3.1,1,9,12,15,1
15691,150163,4.63,1,12,15,17,1
15692,150169,0.89,1,4,7,6,1
15693,150175,1.44,1,5,8,6,1
15694,150179,0.46,1,3,6,4,1
15695,150183,-0.09,0,2,5,4,1
15696,150192,1.26,1,5,8,9,1
15697,150214,4.88,1,13,16,22,1
15698,150215,-1.01,0,0,3,1,1
15699,150216,-1.01,0,0,3,1,1
15700,150223,0.83,1,4,7,7,1
15701,150233,2.3,1,7,10,10,1
15702,150238,0.95,1,4,7,5,1
15703,150257,4.51,1,12,15,19,1
15704,150261,0.46,1,3,6,4,1
15705,150269,1.87,1,6,9,8,1
15706,150274,0.95,1,4,7,5,1
15707,150279,0.95,1,4,7,5,1
15708,150297,4.02,1,11,14,18,1
15709,150305,2.42,1,7,10,8,1
15710,150319,3.16,1,9,12,14,1
15711,150326,0.28,1,3,6,7,1
15712,150330,0.46,1,3,6,4,1
15713,150336,1.44,1,5,8,6,1
15714,150350,3.71,1,10,13,14,1
15715,150353,-0.03,0,2,5,3,1
15716,150366,2.67,1,8,11,13,1
15717,150376,2.3,1,7,10,10,1
15718,150382,1.44,1,5,8,6,1
15719,150383,-1.01,0,0,3,1,1
15720,150390,1.93,1,6,9,7,1
15721,150392,-0.52,0,1,4,2,1
15722,150400,1.87,1,6,9,8,1
15723,150403,-0.03,0,2,5,3,1
15724,150404,-1.01,0,0,3,1,1
15725,150408,0.46,1,3,6,4,1
15726,150413,0.4,1,3,6,5,1
15727,150425,2.18,1,7,10,12,1
15728,150429,0.46,1,3,6,4,1
15729,150436,1.38,1,5,8,7,1
15730,150438,-0.52,0,1,4,2,1
15731,150439,-1.01,0,0,3,1,1
15732,150470,6.54,1,17,20,31,1
15733,150480,1.2,1,5,8,10,1
15734,150501,4.94,1,13,16,21,1
15735,150508,1.93,1,6,9,7,1
15736,150509,-1.01,0,0,3,1,1
15737,150514,0.95,1,4,7,5,1
15738,150526,3.28,1,9,12,12,1
15739,150536,2.3,1,7,10,10,1
15740,150544,2.42,1,7,10,8,1
15741,150545,-1.01,0,0,3,1,1
15742,150551,1.44,1,5,8,6,1
15743,150553,-0.52,0,1,4,2,1
15744,150554,-1.01,0,0,3,1,1
15745,150556,-0.52,0,1,4,2,1
15746,150578,4.88,1,13,16,22,1
15747,150615,4.53,1,14,17,37,1
15748,150618,-0.03,0,2,5,3,1
15749,150624,1.44,1,5,8,6,1
15750,150649,5.25,1,14,17,25,1
15751,150652,-0.03,0,2,5,3,1
15752,150656,0.46,1,3,6,4,1
15753,150677,3.84,1,11,14,21,1
15754,150688,3.89,1,10,13,11,1
15755,150691,-0.03,0,2,5,3,1
15756,150694,-0.03,0,2,5,3,1
15757,150698,0.46,1,3,6,4,1
15758,150701,-0.03,0,2,5,3,1
15759,150718,3.53,1,10,13,17,1
15760,150721,-0.03,0,2,5,3,1
15761,150735,3.71,1,10,13,14,1
15762,150737,-0.52,0,1,4,2,1
15763,150741,0.46,1,3,6,4,1
15764,150745,0.46,1,3,6,4,1
15765,150746,-1.01,0,0,3,1,1
15766,150756,2.85,1,8,11,10,1
15767,150774,2.92,1,9,12,18,1
15768,150778,0.46,1,3,6,4,1
15769,150789,2.79,1,8,11,11,1
15770,150796,1.38,1,5,8,7,1
15771,150805,2.36,1,7,10,9,1
15772,150809,0.46,1,3,6,4,1
15773,150820,2.79,1,8,11,11,1
15774,150822,-0.52,0,1,4,2,1
15775,150828,1.44,1,5,8,6,1
15776,150830,-0.52,0,1,4,2,1
15777,150834,0.46,1,3,6,4,1
15778,150835,-1.01,0,0,3,1,1
15779,150841,1.44,1,5,8,6,1
15780,150857,5.24,1,13,16,16,1
15781,150860,-0.03,0,2,5,3,1
15782,150880,3.35,1,10,13,20,1
15783,150902,3.23,1,10,13,22,1
15784,150911,2.36,1,7,10,9,1
15785,150914,-0.03,0,2,5,3,1
15786,150920,1.44,1,5,8,6,1
15787,150922,-0.52,0,1,4,2,1
15788,150949,4.03,1,12,15,27,1
15789,150953,0.46,1,3,6,4,1
15790,150954,-1.01,0,0,3,1,1
15791,150956,-0.52,0,1,4,2,1
15792,150981,5.25,1,14,17,25,1
15793,150986,0.95,1,4,7,5,1
15794,150999,3.77,1,10,13,13,1
15795,151000,-1.01,0,0,3,1,1
15796,151013,3.22,1,9,12,13,1
15797,151018,0.95,1,4,7,5,1
15798,151020,-0.52,0,1,4,2,1
15799,151022,-0.52,0,1,4,2,1
15800,151023,-1.01,0,0,3,1,1
15801,151028,0.4,1,3,6,5,1
15802,151030,-0.52,0,1,4,2,1
15803,151037,1.93,1,6,9,7,1
15804,151038,-1.01,0,0,3,1,1
15805,151040,-0.52,0,1,4,2,1
15806,151042,-0.52,0,1,4,2,1
15807,151052,2.85,1,8,11,10,1
15808,151064,2.73,1,8,11,12,1
15809,151075,3.34,1,9,12,11,1
15810,151078,-0.03,0,2,5,3,1
15811,151081,-0.03,0,2,5,3,1
15812,151095,2.61,1,8,11,14,1
15813,151096,-1.01,0,0,3,1,1
15814,151100,0.46,1,3,6,4,1
15815,151103,-0.03,0,2,5,3,1
15816,151110,1.38,1,5,8,7,1
15817,151177,4.38,1,17,20,67,1
15818,151181,0.46,1,3,6,4,1
15819,151196,3.65,1,10,13,15,1
15820,151197,-1.01,0,0,3,1,1
15821,151204,1.93,1,6,9,7,1
15822,151218,2.61,1,8,11,14,1
15823,151220,-0.52,0,1,4,2,1
15824,151227,1.93,1,6,9,7,1
15825,151230,-0.03,0,2,5,3,1
15826,151232,-0.52,0,1,4,2,1
15827,151233,-1.01,0,0,3,1,1
15828,151240,1.93,1,6,9,7,1
15829,151243,-0.03,0,2,5,3,1
15830,151245,-0.52,0,1,4,2,1
15831,151250,0.95,1,4,7,5,1
15832,151251,-1.01,0,0,3,1,1
15833,151294,5.27,1,16,19,43,1
15834,151310,4.69,1,12,15,16,1
15835,151316,0.89,1,4,7,6,1
15836,151326,2.3,1,7,10,10,1
15837,151327,-1.01,0,0,3,1,1
15838,151336,1.81,1,6,9,9,1
15839,151338,-0.52,0,1,4,2,1
15840,151341,-0.03,0,2,5,3,1
15841,151349,1.87,1,6,9,8,1
15842,151360,3.34,1,9,12,11,1
15843,151362,-0.52,0,1,4,2,1
15844,151363,-1.01,0,0,3,1,1
15845,151370,0.83,1,4,7,7,1
15846,151371,-1.01,0,0,3,1,1
15847,151373,-0.52,0,1,4,2,1
15848,151377,-0.09,0,2,5,4,1
15849,151381,0.46,1,3,6,4,1
15850,151406,4.7,1,13,16,25,1
15851,151407,-1.01,0,0,3,1,1
15852,151416,2.91,1,8,11,9,1
15853,151417,-1.01,0,0,3,1,1
15854,151423,0.34,1,3,6,6,1
15855,151428,0.4,1,3,6,5,1
15856,151429,-1.01,0,0,3,1,1
15857,151434,0.95,1,4,7,5,1
15858,151438,0.46,1,3,6,4,1
15859,151443,0.4,1,3,6,5,1
15860,151450,1.93,1,6,9,7,1
15861,151457,1.38,1,5,8,7,1
15862,151471,3.71,1,10,13,14,1
15863,151487,3.59,1,10,13,16,1
15864,151498,2.24,1,7,10,11,1
15865,151509,2.24,1,7,10,11,1
15866,151516,1.93,1,6,9,7,1
15867,151523,1.93,1,6,9,7,1
15868,151531,2.42,1,7,10,8,1
15869,151537,0.34,1,3,6,6,1
15870,151547,2.85,1,8,11,10,1
15871,151553,0.89,1,4,7,6,1
15872,151557,0.46,1,3,6,4,1
15873,151563,0.89,1,4,7,6,1
15874,151577,3.71,1,10,13,14,1
15875,151598,3.84,1,11,14,21,1
15876,151603,0.95,1,4,7,5,1
15877,151604,-1.01,0,0,3,1,1
15878,151617,3.22,1,9,12,13,1
15879,151620,-0.03,0,2,5,3,1
15880,151622,-0.52,0,1,4,2,1
15881,151637,2.0,1,7,10,15,1
15882,151638,-1.01,0,0,3,1,1
15883,151649,2.24,1,7,10,11,1
15884,151677,4.52,1,13,16,28,1
15885,151684,1.93,1,6,9,7,1
15886,151687,-0.03,0,2,5,3,1
15887,151719,5.93,1,16,19,32,1
15888,151732,3.22,1,9,12,13,1
15889,151735,-0.03,0,2,5,3,1
15890,151741,0.89,1,4,7,6,1
15891,151744,-0.03,0,2,5,3,1
15892,151750,0.89,1,4,7,6,1
15893,151759,2.36,1,7,10,9,1
15894,151761,-0.52,0,1,4,2,1
15895,151772,2.79,1,8,11,11,1
15896,151773,-1.01,0,0,3,1,1
15897,151780,1.38,1,5,8,7,1
15898,151795,4.2,1,11,14,15,1
15899,151797,-0.52,0,1,4,2,1
15900,151798,-1.01,0,0,3,1,1
15901,151801,-0.03,0,2,5,3,1
15902,151803,-0.52,0,1,4,2,1
15903,151804,-1.01,0,0,3,1,1
15904,151814,2.85,1,8,11,10,1
15905,151833,3.96,1,11,14,19,1
15906,151844,3.34,1,9,12,11,1
15907,151848,0.46,1,3,6,4,1
15908,151849,-1.01,0,0,3,1,1
15909,151851,-0.52,0,1,4,2,1
15910,151853,-0.52,0,1,4,2,1
15911,151869,4.14,1,11,14,16,1
15912,151877,1.87,1,6,9,8,1
15913,151891,3.71,1,10,13,14,1
15914,151896,0.95,1,4,7,5,1
15915,151905,2.91,1,8,11,9,1
15916,151920,4.2,1,11,14,15,1
15917,151922,-0.52,0,1,4,2,1
15918,151928,1.44,1,5,8,6,1
15919,151946,4.57,1,12,15,18,1
15920,151954,2.42,1,7,10,8,1
15921,151962,1.87,1,6,9,8,1
15922,151963,-1.01,0,0,3,1,1
15923,151970,1.93,1,6,9,7,1
15924,151975,0.95,1,4,7,5,1
15925,151978,-0.03,0,2,5,3,1
15926,151979,-1.01,0,0,3,1,1
15927,151985,1.44,1,5,8,6,1
15928,152011,5.19,1,14,17,26,1
15929,152029,5.12,1,13,16,18,1
15930,152047,5.67,1,14,17,18,1
15931,152103,6.14,1,19,22,56,1
15932,152116,2.67,1,8,11,13,1
15933,152129,4.87,1,12,15,13,1
15934,152149,3.35,1,10,13,20,1
15935,152153,0.46,1,3,6,4,1
15936,152155,-0.52,0,1,4,2,1
15937,152165,2.85,1,8,11,10,1
15938,152194,5.56,1,15,18,29,1
15939,152195,-1.01,0,0,3,1,1
15940,152207,3.28,1,9,12,12,1
15941,152223,1.39,1,6,9,16,1
15942,152227,0.46,1,3,6,4,1
15943,152232,0.95,1,4,7,5,1
15944,152251,3.41,1,10,13,19,1
15945,152257,0.89,1,4,7,6,1
15946,152261,0.46,1,3,6,4,1
15947,152270,2.36,1,7,10,9,1
15948,152279,2.36,1,7,10,9,1
15949,152290,1.14,1,5,8,11,1
15950,152296,0.89,1,4,7,6,1
15951,152309,3.22,1,9,12,13,1
15952,152314,0.95,1,4,7,5,1
15953,152318,0.46,1,3,6,4,1
15954,152325,0.83,1,4,7,7,1
15955,152327,-0.52,0,1,4,2,1
15956,152329,-0.52,0,1,4,2,1
15957,152330,-1.01,0,0,3,1,1
15958,152340,2.3,1,7,10,10,1
15959,152374,4.16,1,13,16,34,1
15960,152382,1.87,1,6,9,8,1
15961,152389,1.93,1,6,9,7,1
15962,152397,2.42,1,7,10,8,1
15963,152433,6.24,1,17,20,36,1
15964,152449,4.14,1,11,14,16,1
15965,152454,0.95,1,4,7,5,1
15966,152465,2.79,1,8,11,11,1
15967,152474,2.36,1,7,10,9,1
15968,152480,0.89,1,4,7,6,1
15969,152487,1.38,1,5,8,7,1
15970,152494,1.38,1,5,8,7,1
15971,152496,-0.52,0,1,4,2,1
15972,152525,4.46,1,13,16,29,1
15973,152526,-1.01,0,0,3,1,1
15974,152534,1.87,1,6,9,8,1
15975,152543,1.81,1,6,9,9,1
15976,152550,1.93,1,6,9,7,1
15977,152580,6.6,1,17,20,30,1
15978,152581,-1.01,0,0,3,1,1
15979,152585,0.46,1,3,6,4,1
15980,152586,-1.01,0,0,3,1,1
15981,152599,3.22,1,9,12,13,1
15982,152645,3.99,1,14,17,46,1
15983,152648,-0.03,0,2,5,3,1
15984,152650,-0.52,0,1,4,2,1
15985,152651,-1.01,0,0,3,1,1
15986,152661,2.85,1,8,11,10,1
15987,152675,2.06,1,7,10,14,1
15988,152683,1.32,1,5,8,8,1
15989,152697,2.61,1,8,11,14,1
15990,152715,4.57,1,12,15,18,1
15991,152720,0.95,1,4,7,5,1
15992,152733,4.32,1,11,14,13,1
15993,152735,-0.52,0,1,4,2,1
15994,152737,-0.52,0,1,4,2,1
15995,152789,5.28,1,17,20,52,1
15996,152802,2.67,1,8,11,13,1
15997,152808,1.44,1,5,8,6,1
15998,152811,-0.03,0,2,5,3,1
15999,152815,0.46,1,3,6,4,1
16000,152819,0.46,1,3,6,4,1
16001,152823,0.46,1,3,6,4,1
16002,152825,-0.52,0,1,4,2,1
16003,152826,-1.01,0,0,3,1,1
16004,152830,0.46,1,3,6,4,1
16005,152835,0.95,1,4,7,5,1
16006,152852,3.53,1,10,13,17,1
16007,152859,1.93,1,6,9,7,1
16008,152863,0.46,1,3,6,4,1
16009,152869,1.44,1,5,8,6,1
16010,152874,0.95,1,4,7,5,1
16011,152878,0.46,1,3,6,4,1
16012,152894,3.04,1,9,12,16,1
16013,152898,0.46,1,3,6,4,1
16014,152910,2.73,1,8,11,12,1
16015,152916,0.89,1,4,7,6,1
16016,152920,0.46,1,3,6,4,1
16017,152922,-0.52,0,1,4,2,1
16018,152932,3.4,1,9,12,10,1
16019,152934,-0.52,0,1,4,2,1
16020,152937,-0.03,0,2,5,3,1
16021,152941,0.46,1,3,6,4,1
16022,152953,2.18,1,7,10,12,1
16023,152954,-1.01,0,0,3,1,1
16024,152955,-1.01,0,0,3,1,1
16025,152959,0.46,1,3,6,4,1
16026,152966,1.93,1,6,9,7,1
16027,152969,-0.03,0,2,5,3,1
16028,152972,-0.03,0,2,5,3,1
16029,152975,-0.03,0,2,5,3,1
16030,152978,-0.03,0,2,5,3,1
16031,152986,2.42,1,7,10,8,1
16032,152987,-1.01,0,0,3,1,1
16033,153012,4.15,1,12,15,25,1
16034,153025,2.67,1,8,11,13,1
16035,153045,3.9,1,11,14,20,1
16036,153058,3.77,1,10,13,13,1
16037,153063,0.95,1,4,7,5,1
16038,153072,2.91,1,8,11,9,1
16039,153095,4.82,1,13,16,23,1
16040,153098,-0.03,0,2,5,3,1
16041,153105,1.93,1,6,9,7,1
16042,153112,1.93,1,6,9,7,1
16043,153117,0.4,1,3,6,5,1
16044,153127,2.85,1,8,11,10,1
16045,153130,-0.03,0,2,5,3,1
16046,153135,0.4,1,3,6,5,1
16047,153140,0.95,1,4,7,5,1
16048,153153,3.77,1,10,13,13,1
16049,153161,2.42,1,7,10,8,1
16050,153162,-1.01,0,0,3,1,1
16051,153201,7.16,1,19,22,39,1
16052,153208,1.93,1,6,9,7,1
16053,153242,4.16,1,13,16,34,1
16054,153245,-0.03,0,2,5,3,1
16055,153246,-1.01,0,0,3,1,1
16056,153250,0.46,1,3,6,4,1
16057,153273,2.07,1,8,11,23,1
16058,153274,-1.01,0,0,3,1,1
16059,153277,-0.03,0,2,5,3,1
16060,153283,1.44,1,5,8,6,1
16061,153284,-1.01,0,0,3,1,1
16062,153285,-1.01,0,0,3,1,1
16063,153294,1.81,1,6,9,9,1
16064,153299,0.4,1,3,6,5,1
16065,153300,-1.01,0,0,3,1,1
16066,153304,0.46,1,3,6,4,1
16067,153308,0.46,1,3,6,4,1
16068,153318,2.3,1,7,10,10,1
16069,153324,1.44,1,5,8,6,1
16070,153330,1.44,1,5,8,6,1
16071,153336,1.44,1,5,8,6,1
16072,153346,2.85,1,8,11,10,1
16073,153354,1.87,1,6,9,8,1
16074,153362,1.87,1,6,9,8,1
16075,153378,4.69,1,12,15,16,1
16076,153385,1.93,1,6,9,7,1
16077,153398,1.57,1,6,9,13,1
16078,153408,2.3,1,7,10,10,1
16079,153414,0.89,1,4,7,6,1
16080,153463,6.56,1,19,22,49,1
16081,153475,3.28,1,9,12,12,1
16082,153486,2.79,1,8,11,11,1
16083,153522,6.24,1,17,20,36,1
16084,153523,-1.01,0,0,3,1,1
16085,153525,-0.52,0,1,4,2,1
16086,153529,0.46,1,3,6,4,1
16087,153533,0.46,1,3,6,4,1
16088,153540,1.38,1,5,8,7,1
16089,153541,-1.01,0,0,3,1,1
16090,153546,0.95,1,4,7,5,1
16091,153559,3.22,1,9,12,13,1
16092,153574,3.65,1,10,13,15,1
16093,153577,-0.03,0,2,5,3,1
16094,153584,1.38,1,5,8,7,1
16095,153585,-1.01,0,0,3,1,1
16096,153592,1.93,1,6,9,7,1
16097,153593,-1.01,0,0,3,1,1
16098,153611,2.37,1,8,11,18,1
16099,153612,-1.01,0,0,3,1,1
16100,153615,-0.03,0,2,5,3,1
16101,153622,1.38,1,5,8,7,1
16102,153623,-1.01,0,0,3,1,1
16103,153625,-0.52,0,1,4,2,1
16104,153637,3.83,1,10,13,12,1
16105,153667,3.85,1,12,15,30,1
16106,153674,1.38,1,5,8,7,1
16107,153682,1.87,1,6,9,8,1
16108,153683,-1.01,0,0,3,1,1
16109,153697,3.16,1,9,12,14,1
16110,153715,4.57,1,12,15,18,1
16111,153717,-0.52,0,1,4,2,1
16112,153732,3.65,1,10,13,15,1
16113,153736,-0.09,0,2,5,4,1
16114,153737,-1.01,0,0,3,1,1
16115,153738,-1.01,0,0,3,1,1
16116,153749,2.24,1,7,10,11,1
16117,153752,-0.03,0,2,5,3,1
16118,153773,3.84,1,11,14,21,1
16119,153785,2.18,1,7,10,12,1
16120,153790,0.95,1,4,7,5,1
16121,153793,-0.03,0,2,5,3,1
16122,153799,1.44,1,5,8,6,1
16123,153801,-0.52,0,1,4,2,1
16124,153803,-0.52,0,1,4,2,1
16125,153806,-0.03,0,2,5,3,1
16126,153808,-0.52,0,1,4,2,1
16127,153810,-0.52,0,1,4,2,1
16128,153817,1.38,1,5,8,7,1
16129,153832,4.75,1,12,15,15,1
16130,153842,2.85,1,8,11,10,1
16131,153855,3.22,1,9,12,13,1
16132,153856,-1.01,0,0,3,1,1
16133,153857,-1.01,0,0,3,1,1
16134,153865,1.87,1,6,9,8,1
16135,153892,5.13,1,14,17,27,1
16136,153894,-0.52,0,1,4,2,1
16137,153898,-0.09,0,2,5,4,1
16138,153937,4.96,1,15,18,39,1
16139,153939,-0.52,0,1,4,2,1
16140,153942,-0.03,0,2,5,3,1
16141,153943,-1.01,0,0,3,1,1
16142,153946,-0.03,0,2,5,3,1
16143,153952,1.44,1,5,8,6,1
16144,153968,4.14,1,11,14,16,1
16145,153987,3.96,1,11,14,19,1
16146,153989,-0.52,0,1,4,2,1
16147,153994,0.95,1,4,7,5,1
16148,153995,-1.01,0,0,3,1,1
16149,154036,4.29,1,14,17,41,1
16150,154059,4.27,1,12,15,23,1
16151,154064,0.95,1,4,7,5,1
16152,154067,-0.03,0,2,5,3,1
16153,154102,5.75,1,16,19,35,1
16154,154106,0.46,1,3,6,4,1
16155,154121,2.0,1,7,10,15,1
16156,154127,0.89,1,4,7,6,1
16157,154135,1.87,1,6,9,8,1
16158,154137,-0.52,0,1,4,2,1
16159,154153,4.14,1,11,14,16,1
16160,154170,2.43,1,8,11,17,1
16161,154190,3.9,1,11,14,20,1
16162,154214,3.66,1,11,14,24,1
16163,154222,1.87,1,6,9,8,1
16164,154246,4.21,1,12,15,24,1
16165,154252,0.89,1,4,7,6,1
16166,154255,-0.03,0,2,5,3,1
16167,154266,3.34,1,9,12,11,1
16168,154281,3.1,1,9,12,15,1
16169,154286,0.95,1,4,7,5,1
16170,154287,-1.01,0,0,3,1,1
16171,154290,-0.03,0,2,5,3,1
16172,154299,2.36,1,7,10,9,1
16173,154304,0.4,1,3,6,5,1
16174,154308,0.46,1,3,6,4,1
16175,154322,4.26,1,11,14,14,1
16176,154325,-0.03,0,2,5,3,1
16177,154326,-1.01,0,0,3,1,1
16178,154332,1.44,1,5,8,6,1
16179,154334,-0.52,0,1,4,2,1
16180,154336,-0.52,0,1,4,2,1
16181,154342,0.34,1,3,6,6,1
16182,154367,4.15,1,12,15,25,1
16183,154387,4.45,1,12,15,20,1
16184,154390,-0.03,0,2,5,3,1
16185,154392,-0.52,0,1,4,2,1
16186,154393,-1.01,0,0,3,1,1
16187,154399,0.34,1,3,6,6,1
16188,154401,-0.52,0,1,4,2,1
16189,154412,1.69,1,6,9,11,1
16190,154416,0.46,1,3,6,4,1
16191,154418,-0.52,0,1,4,2,1
16192,154426,2.42,1,7,10,8,1
16193,154437,2.79,1,8,11,11,1
16194,154438,-1.01,0,0,3,1,1
16195,154447,1.81,1,6,9,9,1
16196,154449,-0.52,0,1,4,2,1
16197,154457,1.87,1,6,9,8,1
16198,154478,4.39,1,12,15,21,1
16199,154480,-0.52,0,1,4,2,1
16200,154492,3.83,1,10,13,12,1
16201,154496,-0.09,0,2,5,4,1
16202,154499,-0.03,0,2,5,3,1
16203,154505,1.44,1,5,8,6,1
16204,154506,-1.01,0,0,3,1,1
16205,154507,-1.01,0,0,3,1,1
16206,154508,-1.01,0,0,3,1,1
16207,154522,2.61,1,8,11,14,1
16208,154526,0.46,1,3,6,4,1
16209,154529,-0.03,0,2,5,3,1
16210,154533,0.46,1,3,6,4,1
16211,154539,0.89,1,4,7,6,1
16212,154544,0.95,1,4,7,5,1
16213,154556,3.83,1,10,13,12,1
16214,154562,1.44,1,5,8,6,1
16215,154564,-0.52,0,1,4,2,1
16216,154570,1.44,1,5,8,6,1
16217,154581,2.24,1,7,10,11,1
16218,154583,-0.52,0,1,4,2,1
16219,154627,6.86,1,19,22,44,1
16220,154628,-1.01,0,0,3,1,1
16221,154630,-0.52,0,1,4,2,1
16222,154642,3.28,1,9,12,12,1
16223,154649,1.38,1,5,8,7,1
16224,154663,3.16,1,9,12,14,1
16225,154668,0.95,1,4,7,5,1
16226,154669,-1.01,0,0,3,1,1
16227,154678,1.26,1,5,8,9,1
16228,154697,2.86,1,9,12,19,1
16229,154707,0.65,1,4,7,10,1
16230,154713,1.44,1,5,8,6,1
16231,154721,2.42,1,7,10,8,1
16232,154724,-0.03,0,2,5,3,1
16233,154733,1.81,1,6,9,9,1
16234,154734,-1.01,0,0,3,1,1
16235,154742,2.42,1,7,10,8,1
16236,154745,-0.03,0,2,5,3,1
16237,154756,3.34,1,9,12,11,1
16238,154767,2.79,1,8,11,11,1
16239,154785,5.67,1,14,17,18,1
16240,154786,-1.01,0,0,3,1,1
16241,154797,3.34,1,9,12,11,1
16242,154815,4.02,1,11,14,18,1
16243,154835,3.35,1,10,13,20,1
16244,154846,3.34,1,9,12,11,1
16245,154865,4.51,1,12,15,19,1
16246,154866,-1.01,0,0,3,1,1
16247,154875,2.91,1,8,11,9,1
16248,154883,1.87,1,6,9,8,1
16249,154889,1.44,1,5,8,6,1
16250,154893,0.46,1,3,6,4,1
16251,154910,5.18,1,13,16,17,1
16252,154932,4.88,1,13,16,22,1
16253,154934,-0.52,0,1,4,2,1
16254,154942,1.32,1,5,8,8,1
16255,154944,-0.52,0,1,4,2,1
16256,154968,5.86,1,15,18,24,1
16257,154969,-1.01,0,0,3,1,1
16258,154970,-1.01,0,0,3,1,1
16259,154975,0.95,1,4,7,5,1
16260,154983,1.32,1,5,8,8,1
16261,154991,1.87,1,6,9,8,1
16262,155002,3.34,1,9,12,11,1
16263,155005,-0.03,0,2,5,3,1
16264,155013,2.42,1,7,10,8,1
16265,155015,-0.52,0,1,4,2,1
16266,155017,-0.52,0,1,4,2,1
16267,155019,-0.52,0,1,4,2,1
16268,155037,3.47,1,10,13,18,1
16269,155049,3.83,1,10,13,12,1
16270,155079,3.85,1,12,15,30,1
16271,155103,4.21,1,12,15,24,1
16272,155121,4.02,1,11,14,18,1
16273,155156,6.3,1,17,20,35,1
16274,155158,-0.52,0,1,4,2,1
16275,155162,0.46,1,3,6,4,1
16276,155163,-1.01,0,0,3,1,1
16277,155219,6.14,1,19,22,56,1
16278,155242,4.27,1,12,15,23,1
16279,155248,0.89,1,4,7,6,1
16280,155251,-0.03,0,2,5,3,1
16281,155252,-1.01,0,0,3,1,1
16282,155253,-1.01,0,0,3,1,1
16283,155263,2.3,1,7,10,10,1
16284,155278,2.55,1,8,11,15,1
16285,155283,0.95,1,4,7,5,1
16286,155284,-1.01,0,0,3,1,1
16287,155290,1.44,1,5,8,6,1
16288,155306,3.59,1,10,13,16,1
16289,155313,1.93,1,6,9,7,1
16290,155323,2.85,1,8,11,10,1
16291,155329,0.89,1,4,7,6,1
16292,155344,3.1,1,9,12,15,1
16293,155346,-0.52,0,1,4,2,1
16294,155356,2.85,1,8,11,10,1
16295,155360,-0.09,0,2,5,4,1
16296,155361,-1.01,0,0,3,1,1
16297,155362,-1.01,0,0,3,1,1
16298,155384,4.88,1,13,16,22,1
16299,155389,0.95,1,4,7,5,1
16300,155412,4.27,1,12,15,23,1
16301,155413,-1.01,0,0,3,1,1
16302,155418,0.4,1,3,6,5,1
16303,155424,1.44,1,5,8,6,1
16304,155436,2.73,1,8,11,12,1
16305,155442,1.44,1,5,8,6,1
16306,155443,-1.01,0,0,3,1,1
16307,155459,3.04,1,9,12,16,1
16308,155483,4.76,1,13,16,24,1
16309,155491,1.87,1,6,9,8,1
16310,155495,0.46,1,3,6,4,1
16311,155496,-1.01,0,0,3,1,1
16312,155498,-0.52,0,1,4,2,1
16313,155502,0.46,1,3,6,4,1
16314,155538,5.69,1,16,19,36,1
16315,155598,6.45,1,20,23,60,1
16316,155600,-0.52,0,1,4,2,1
16317,155604,0.46,1,3,6,4,1
16318,155608,0.46,1,3,6,4,1
16319,155619,2.24,1,7,10,11,1
16320,155620,-1.01,0,0,3,1,1
16321,155621,-1.01,0,0,3,1,1
16322,155626,0.95,1,4,7,5,1
16323,155646,3.9,1,11,14,20,1
16324,155647,-1.01,0,0,3,1,1
16325,155652,0.95,1,4,7,5,1
16326,155654,-0.52,0,1,4,2,1
16327,155660,0.89,1,4,7,6,1
16328,155676,4.14,1,11,14,16,1
16329,155678,-0.52,0,1,4,2,1
16330,155687,1.26,1,5,8,9,1
16331,155744,3.88,1,15,18,57,1
16332,155766,4.88,1,13,16,22,1
16333,155787,3.29,1,10,13,21,1
16334,155796,2.36,1,7,10,9,1
16335,155797,-1.01,0,0,3,1,1
16336,155812,4.2,1,11,14,15,1
16337,155817,0.95,1,4,7,5,1
16338,155820,-0.03,0,2,5,3,1
16339,155828,0.77,1,4,7,8,1
16340,155833,0.4,1,3,6,5,1
16341,155850,2.98,1,9,12,17,1
16342,155864,1.51,1,6,9,14,1
16343,155866,-0.52,0,1,4,2,1
16344,155883,4.08,1,11,14,17,1
16345,155884,-1.01,0,0,3,1,1
16346,155891,0.83,1,4,7,7,1
16347,155894,-0.03,0,2,5,3,1
16348,155953,4.86,1,17,20,59,1
16349,156025,4.08,1,17,20,72,1
16350,156027,-0.52,0,1,4,2,1
16351,156031,0.46,1,3,6,4,1
16352,156058,3.48,1,11,14,27,1
16353,156061,-0.03,0,2,5,3,1
16354,156065,0.46,1,3,6,4,1
16355,156067,-0.52,0,1,4,2,1
16356,156070,-0.03,0,2,5,3,1
16357,156073,-0.03,0,2,5,3,1
16358,156077,-0.09,0,2,5,4,1
16359,156091,3.71,1,10,13,14,1
16360,156092,-1.01,0,0,3,1,1
16361,156103,2.79,1,8,11,11,1
16362,156106,-0.03,0,2,5,3,1
16363,156118,3.28,1,9,12,12,1
16364,156122,0.46,1,3,6,4,1
16365,156125,-0.03,0,2,5,3,1
16366,156126,-1.01,0,0,3,1,1
16367,156128,-0.52,0,1,4,2,1
16368,156134,1.44,1,5,8,6,1
16369,156143,1.26,1,5,8,9,1
16370,156144,-1.01,0,0,3,1,1
16371,156147,-0.03,0,2,5,3,1
16372,156152,0.4,1,3,6,5,1
16373,156169,2.98,1,9,12,17,1
16374,156172,-0.03,0,2,5,3,1
16375,156179,1.93,1,6,9,7,1
16376,156196,4.63,1,12,15,17,1
16377,156198,-0.52,0,1,4,2,1
16378,156200,-0.52,0,1,4,2,1
16379,156203,-0.03,0,2,5,3,1
16380,156207,0.46,1,3,6,4,1
16381,156210,-0.03,0,2,5,3,1
16382,156225,2.55,1,8,11,15,1
16383,156230,0.4,1,3,6,5,1
16384,156237,0.28,1,3,6,7,1
16385,156242,0.95,1,4,7,5,1
16386,156258,4.14,1,11,14,16,1
16387,156280,2.13,1,8,11,22,1
16388,156307,5.68,1,15,18,27,1
16389,156355,6.07,1,18,21,48,1
16390,156360,0.95,1,4,7,5,1
16391,156365,0.4,1,3,6,5,1
16392,156371,0.89,1,4,7,6,1
16393,156374,-0.03,0,2,5,3,1
16394,156376,-0.52,0,1,4,2,1
16395,156379,-0.03,0,2,5,3,1
16396,156388,2.36,1,7,10,9,1
16397,156394,0.89,1,4,7,6,1
16398,156395,-1.01,0,0,3,1,1
16399,156404,0.71,1,4,7,9,1
16400,156406,-0.52,0,1,4,2,1
16401,156410,0.46,1,3,6,4,1
16402,156412,-0.52,0,1,4,2,1
16403,156437,4.7,1,13,16,25,1
16404,156447,1.75,1,6,9,10,1
16405,156468,4.39,1,12,15,21,1
16406,156474,1.44,1,5,8,6,1
16407,156481,0.28,1,3,6,7,1
16408,156482,-1.01,0,0,3,1,1
16409,156483,-1.01,0,0,3,1,1
16410,156485,-0.52,0,1,4,2,1
16411,156497,1.63,1,6,9,12,1
16412,156514,2.98,1,9,12,17,1
16413,156520,1.44,1,5,8,6,1
16414,156525,0.95,1,4,7,5,1
16415,156526,-1.01,0,0,3,1,1
16416,156538,2.73,1,8,11,12,1
16417,156547,1.26,1,5,8,9,1
16418,156585,5.57,1,16,19,38,1
16419,156586,-1.01,0,0,3,1,1
16420,156591,0.95,1,4,7,5,1
16421,156601,2.85,1,8,11,10,1
16422,156612,3.89,1,10,13,11,1
16423,156615,-0.03,0,2,5,3,1
16424,156621,1.44,1,5,8,6,1
16425,156623,-0.52,0,1,4,2,1
16426,156628,0.95,1,4,7,5,1
16427,156634,0.89,1,4,7,6,1
16428,156649,2.55,1,8,11,15,1
16429,156668,2.31,1,8,11,19,1
16430,156673,0.95,1,4,7,5,1
16431,156685,4.38,1,11,14,12,1
16432,156709,5.31,1,14,17,24,1
16433,156710,-1.01,0,0,3,1,1
16434,156731,4.94,1,13,16,21,1
16435,156737,0.89,1,4,7,6,1
16436,156744,1.38,1,5,8,7,1
16437,156748,0.46,1,3,6,4,1
16438,156764,4.14,1,11,14,16,1
16439,156766,-0.52,0,1,4,2,1
16440,156809,5.82,1,17,20,43,1
16441,156816,1.93,1,6,9,7,1
16442,156817,-1.01,0,0,3,1,1
16443,156830,3.22,1,9,12,13,1
16444,156831,-1.01,0,0,3,1,1
16445,156846,2.55,1,8,11,15,1
16446,156855,2.91,1,8,11,9,1
16447,156856,-1.01,0,0,3,1,1
16448,156900,6.86,1,19,22,44,1
16449,156906,0.89,1,4,7,6,1
16450,156909,-0.03,0,2,5,3,1
16451,156914,0.4,1,3,6,5,1
16452,156926,3.28,1,9,12,12,1
16453,156927,-1.01,0,0,3,1,1
16454,156928,-1.01,0,0,3,1,1
16455,156937,2.36,1,7,10,9,1
16456,156941,0.46,1,3,6,4,1
16457,156950,2.91,1,8,11,9,1
16458,156954,-0.09,0,2,5,4,1
16459,156955,-1.01,0,0,3,1,1
16460,156956,-1.01,0,0,3,1,1
16461,156959,-0.58,0,1,4,3,1
16462,156961,-0.52,0,1,4,2,1
16463,156971,3.4,1,9,12,10,1
16464,156972,-1.01,0,0,3,1,1
16465,156979,1.93,1,6,9,7,1
16466,156994,3.65,1,10,13,15,1
16467,157006,3.28,1,9,12,12,1
16468,157013,0.83,1,4,7,7,1
16469,157017,0.46,1,3,6,4,1
16470,157021,0.46,1,3,6,4,1
16471,157051,5.5,1,15,18,30,1
16472,157062,2.79,1,8,11,11,1
16473,157068,1.44,1,5,8,6,1
16474,157088,3.9,1,11,14,20,1
16475,157089,-1.01,0,0,3,1,1
16476,157092,-0.03,0,2,5,3,1
16477,157095,-0.03,0,2,5,3,1
16478,157101,1.44,1,5,8,6,1
16479,157113,3.83,1,10,13,12,1
16480,157126,3.77,1,10,13,13,1
16481,157138,2.73,1,8,11,12,1
16482,157147,1.81,1,6,9,9,1
16483,157155,1.87,1,6,9,8,1
16484,157162,1.93,1,6,9,7,1
16485,157166,0.46,1,3,6,4,1
16486,157168,-0.52,0,1,4,2,1
16487,157173,0.95,1,4,7,5,1
16488,157190,3.53,1,10,13,17,1
16489,157201,2.79,1,8,11,11,1
16490,157207,0.89,1,4,7,6,1
16491,157211,0.46,1,3,6,4,1
16492,157226,3.65,1,10,13,15,1
16493,157227,-1.01,0,0,3,1,1
16494,157242,3.65,1,10,13,15,1
16495,157244,-0.52,0,1,4,2,1
16496,157251,1.93,1,6,9,7,1
16497,157260,1.26,1,5,8,9,1
16498,157261,-1.01,0,0,3,1,1
16499,157269,2.42,1,7,10,8,1
16500,157313,5.21,1,16,19,44,1
16501,157326,2.12,1,7,10,13,1
16502,157330,-0.09,0,2,5,4,1
16503,157332,-0.52,0,1,4,2,1
16504,157338,0.89,1,4,7,6,1
16505,157339,-1.01,0,0,3,1,1
16506,157351,1.63,1,6,9,12,1
16507,157355,0.46,1,3,6,4,1
16508,157356,-1.01,0,0,3,1,1
16509,157358,-0.52,0,1,4,2,1
16510,157367,1.81,1,6,9,9,1
16511,157368,-1.01,0,0,3,1,1
16512,157370,-0.52,0,1,4,2,1
16513,157379,1.81,1,6,9,9,1
16514,157382,-0.03,0,2,5,3,1
16515,157391,2.36,1,7,10,9,1
16516,157392,-1.01,0,0,3,1,1
16517,157399,1.38,1,5,8,7,1
16518,157403,0.46,1,3,6,4,1
16519,157462,5.96,1,19,22,59,1
16520,157467,0.95,1,4,7,5,1
16521,157469,-0.52,0,1,4,2,1
16522,157476,1.93,1,6,9,7,1
16523,157500,4.21,1,12,15,24,1
16524,157524,3.66,1,11,14,24,1
16525,157525,-1.01,0,0,3,1,1
16526,157526,-1.01,0,0,3,1,1
16527,157534,1.32,1,5,8,8,1
16528,157547,2.67,1,8,11,13,1
16529,157548,-1.01,0,0,3,1,1
16530,157572,4.21,1,12,15,24,1
16531,157573,-1.01,0,0,3,1,1
16532,157617,4.66,1,15,18,44,1
16533,157629,1.63,1,6,9,12,1
16534,157633,0.46,1,3,6,4,1
16535,157638,0.4,1,3,6,5,1
16536,157639,-1.01,0,0,3,1,1
16537,157643,0.46,1,3,6,4,1
16538,157649,0.89,1,4,7,6,1
16539,157653,0.46,1,3,6,4,1
16540,157654,-1.01,0,0,3,1,1
16541,157671,2.43,1,8,11,17,1
16542,157696,5.25,1,14,17,25,1
16543,157708,2.18,1,7,10,12,1
16544,157716,2.42,1,7,10,8,1
16545,157718,-0.52,0,1,4,2,1
16546,157727,1.81,1,6,9,9,1
16547,157731,0.46,1,3,6,4,1
16548,157736,0.95,1,4,7,5,1
16549,157742,1.44,1,5,8,6,1
16550,157746,0.46,1,3,6,4,1
16551,157748,-0.52,0,1,4,2,1
16552,157750,-0.52,0,1,4,2,1
16553,157752,-0.52,0,1,4,2,1
16554,157762,3.4,1,9,12,10,1
16555,157780,5.12,1,13,16,18,1
16556,157794,3.16,1,9,12,14,1
16557,157811,4.08,1,11,14,17,1
16558,157820,1.81,1,6,9,9,1
16559,157823,-0.03,0,2,5,3,1
16560,157832,1.81,1,6,9,9,1
16561,157834,-0.52,0,1,4,2,1
16562,157835,-1.01,0,0,3,1,1
16563,157852,4.63,1,12,15,17,1
16564,157858,0.89,1,4,7,6,1
16565,157859,-1.01,0,0,3,1,1
16566,157868,1.81,1,6,9,9,1
16567,157873,0.95,1,4,7,5,1
16568,157878,0.95,1,4,7,5,1
16569,157889,2.24,1,7,10,11,1
16570,157892,-0.03,0,2,5,3,1
16571,157893,-1.01,0,0,3,1,1
16572,157895,-0.52,0,1,4,2,1
16573,157896,-1.01,0,0,3,1,1
16574,157898,-0.52,0,1,4,2,1
16575,157906,1.32,1,5,8,8,1
16576,157918,3.28,1,9,12,12,1
16577,157925,0.83,1,4,7,7,1
16578,157937,3.28,1,9,12,12,1
16579,157962,4.15,1,12,15,25,1
16580,157964,-0.52,0,1,4,2,1
16581,157967,-0.03,0,2,5,3,1
16582,157970,-0.03,0,2,5,3,1
16583,157972,-0.52,0,1,4,2,1
16584,158039,2.73,1,14,17,67,1
16585,158046,1.93,1,6,9,7,1
16586,158096,6.5,1,19,22,50,1
16587,158099,-0.03,0,2,5,3,1
16588,158103,0.46,1,3,6,4,1
16589,158105,-0.52,0,1,4,2,1
16590,158107,-0.52,0,1,4,2,1
16591,158118,2.24,1,7,10,11,1
16592,158140,4.88,1,13,16,22,1
16593,158143,-0.03,0,2,5,3,1
16594,158146,-0.03,0,2,5,3,1
16595,158187,6.49,1,18,21,41,1
16596,158202,1.45,1,6,9,15,1
16597,158203,-1.01,0,0,3,1,1
16598,158207,0.46,1,3,6,4,1
16599,158212,0.95,1,4,7,5,1
16600,158222,2.3,1,7,10,10,1
16601,158223,-1.01,0,0,3,1,1
16602,158239,4.14,1,11,14,16,1
16603,158252,2.67,1,8,11,13,1
16604,158256,0.46,1,3,6,4,1
16605,158264,1.87,1,6,9,8,1
16606,158276,2.73,1,8,11,12,1
16607,158278,-0.52,0,1,4,2,1
16608,158296,4.57,1,12,15,18,1
16609,158297,-1.01,0,0,3,1,1
16610,158315,4.02,1,11,14,18,1
16611,158332,2.43,1,8,11,17,1
16612,158333,-1.01,0,0,3,1,1
16613,158334,-1.01,0,0,3,1,1
16614,158345,3.34,1,9,12,11,1
16615,158348,-0.03,0,2,5,3,1
16616,158349,-1.01,0,0,3,1,1
16617,158363,4.26,1,11,14,14,1
16618,158368,0.95,1,4,7,5,1
16619,158369,-1.01,0,0,3,1,1
16620,158385,3.59,1,10,13,16,1
16621,158395,2.85,1,8,11,10,1
16622,158398,-0.03,0,2,5,3,1
16623,158427,4.46,1,13,16,29,1
16624,158428,-1.01,0,0,3,1,1
16625,158429,-1.01,0,0,3,1,1
16626,158446,4.08,1,11,14,17,1
16627,158451,0.95,1,4,7,5,1
16628,158457,1.44,1,5,8,6,1
16629,158461,0.46,1,3,6,4,1
16630,158469,1.32,1,5,8,8,1
16631,158470,-1.01,0,0,3,1,1
16632,158481,3.34,1,9,12,11,1
16633,158482,-1.01,0,0,3,1,1
16634,158490,1.87,1,6,9,8,1
16635,158492,-0.52,0,1,4,2,1
16636,158496,-0.09,0,2,5,4,1
16637,158503,1.38,1,5,8,7,1
16638,158506,-0.03,0,2,5,3,1
16639,158522,3.59,1,10,13,16,1
16640,158562,7.1,1,19,22,40,1
16641,158566,0.46,1,3,6,4,1
16642,158577,1.69,1,6,9,11,1
16643,158589,2.73,1,8,11,12,1
16644,158590,-1.01,0,0,3,1,1
16645,158594,0.46,1,3,6,4,1
16646,158596,-0.52,0,1,4,2,1
16647,158620,4.21,1,12,15,24,1
16648,158629,2.36,1,7,10,9,1
16649,158637,1.87,1,6,9,8,1
16650,158704,4.38,1,17,20,67,1
16651,158717,1.57,1,6,9,13,1
16652,158723,0.34,1,3,6,6,1
16653,158741,3.47,1,10,13,18,1
16654,158742,-1.01,0,0,3,1,1
16655,158750,1.32,1,5,8,8,1
16656,158758,0.77,1,4,7,8,1
16657,158770,3.28,1,9,12,12,1
16658,158776,1.44,1,5,8,6,1
16659,158782,1.44,1,5,8,6,1
16660,158825,4.17,1,14,17,43,1
16661,158826,-1.01,0,0,3,1,1
16662,158830,0.46,1,3,6,4,1
16663,158841,3.89,1,10,13,11,1
16664,158910,3.71,1,16,19,69,1
16665,158923,2.67,1,8,11,13,1
16666,158926,-0.03,0,2,5,3,1
16667,158930,0.46,1,3,6,4,1
16668,158941,2.79,1,8,11,11,1
16669,158945,0.46,1,3,6,4,1
16670,158971,4.09,1,12,15,26,1
16671,158977,1.44,1,5,8,6,1
16672,159021,6.31,1,18,21,44,1
16673,159035,3.16,1,9,12,14,1
16674,159044,2.91,1,8,11,9,1
16675,159047,-0.03,0,2,5,3,1
16676,159056,1.81,1,6,9,9,1
16677,159058,-0.52,0,1,4,2,1
16678,159069,2.79,1,8,11,11,1
16679,159080,1.14,1,5,8,11,1
16680,159084,0.46,1,3,6,4,1
16681,159089,0.95,1,4,7,5,1
16682,159111,1.58,1,7,10,22,1
16683,159130,3.96,1,11,14,19,1
16684,159146,1.39,1,6,9,16,1
16685,159165,2.86,1,9,12,19,1
16686,159181,1.94,1,7,10,16,1
16687,159192,2.79,1,8,11,11,1
16688,159196,0.46,1,3,6,4,1
16689,159198,-0.52,0,1,4,2,1
16690,159200,-0.52,0,1,4,2,1
16691,159204,0.46,1,3,6,4,1
16692,159208,0.46,1,3,6,4,1
16693,159221,2.12,1,7,10,13,1
16694,159222,-1.01,0,0,3,1,1
16695,159224,-0.52,0,1,4,2,1
16696,159226,-0.52,0,1,4,2,1
16697,159252,2.99,1,10,13,26,1
16698,159283,5.99,1,16,19,31,1
16699,159285,-0.52,0,1,4,2,1
16700,159297,1.08,1,5,8,12,1
16701,159323,0.79,1,6,9,26,1
16702,159324,-1.01,0,0,3,1,1
16703,159327,-0.03,0,2,5,3,1
16704,159336,2.36,1,7,10,9,1
16705,159339,-0.03,0,2,5,3,1
16706,159366,3.48,1,11,14,27,1
16707,159367,-1.01,0,0,3,1,1
16708,159372,0.95,1,4,7,5,1
16709,159396,4.76,1,13,16,24,1
16710,159398,-0.52,0,1,4,2,1
16711,159399,-1.01,0,0,3,1,1
16712,159400,-1.01,0,0,3,1,1
16713,159401,-1.01,0,0,3,1,1
16714,159411,2.85,1,8,11,10,1
16715,159412,-1.01,0,0,3,1,1
16716,159413,-1.01,0,0,3,1,1
16717,159415,-0.52,0,1,4,2,1
16718,159422,1.38,1,5,8,7,1
16719,159438,3.04,1,9,12,16,1
16720,159456,2.92,1,9,12,18,1
16721,159475,4.51,1,12,15,19,1
16722,159477,-0.52,0,1,4,2,1
16723,159493,4.14,1,11,14,16,1
16724,159498,0.95,1,4,7,5,1
16725,159509,3.34,1,9,12,11,1
16726,159520,2.79,1,8,11,11,1
16727,159535,0.35,1,4,7,15,1
16728,159539,0.46,1,3,6,4,1
16729,159543,0.46,1,3,6,4,1
16730,159544,-1.01,0,0,3,1,1
16731,159567,3.72,1,11,14,23,1
16732,159604,6.73,1,18,21,37,1
16733,159605,-1.01,0,0,3,1,1
16734,159625,3.35,1,10,13,20,1
16735,159626,-1.01,0,0,3,1,1
16736,159631,0.95,1,4,7,5,1
16737,159697,5.54,1,19,22,66,1
16738,159699,-0.52,0,1,4,2,1
16739,159700,-1.01,0,0,3,1,1
16740,159702,-0.52,0,1,4,2,1
16741,159743,4.84,1,15,18,41,1
16742,159747,0.46,1,3,6,4,1
16743,159767,3.9,1,11,14,20,1
16744,159768,-1.01,0,0,3,1,1
16745,159776,1.32,1,5,8,8,1
16746,159777,-1.01,0,0,3,1,1
16747,159778,-1.01,0,0,3,1,1
16748,159807,3.91,1,12,15,29,1
16749,159811,0.46,1,3,6,4,1
16750,159817,0.89,1,4,7,6,1
16751,159869,3.08,1,13,16,52,1
16752,159873,0.46,1,3,6,4,1
16753,159875,-0.52,0,1,4,2,1
16754,159890,2.55,1,8,11,15,1
16755,159902,1.63,1,6,9,12,1
16756,159909,0.83,1,4,7,7,1
16757,159913,0.46,1,3,6,4,1
16758,159916,-0.03,0,2,5,3,1
16759,159917,-1.01,0,0,3,1,1
16760,159937,1.7,1,7,10,20,1
16761,159940,-0.03,0,2,5,3,1
16762,159966,4.64,1,13,16,26,1
16763,159995,2.26,1,9,12,29,1
16764,160007,2.18,1,7,10,12,1
16765,160008,-1.01,0,0,3,1,1
16766,160015,0.83,1,4,7,7,1
16767,160020,0.95,1,4,7,5,1
16768,160021,-1.01,0,0,3,1,1
16769,160027,1.44,1,5,8,6,1
16770,160032,0.4,1,3,6,5,1
16771,160067,3.0,1,11,14,35,1
16772,160130,4.62,1,17,20,63,1
16773,160138,1.87,1,6,9,8,1
16774,160139,-1.01,0,0,3,1,1
16775,160141,-0.52,0,1,4,2,1
16776,160143,-0.52,0,1,4,2,1
16777,160150,1.38,1,5,8,7,1
16778,160169,3.41,1,10,13,19,1
16779,160181,3.28,1,9,12,12,1
16780,160189,1.32,1,5,8,8,1
16781,160226,2.88,1,11,14,37,1
16782,160228,-0.52,0,1,4,2,1
16783,160237,1.81,1,6,9,9,1
16784,160247,2.3,1,7,10,10,1
16785,160250,-0.03,0,2,5,3,1
16786,160269,3.41,1,10,13,19,1
16787,160292,0.97,1,6,9,23,1
16788,160299,0.83,1,4,7,7,1
16789,160302,-0.03,0,2,5,3,1
16790,160304,-0.52,0,1,4,2,1
16791,160323,1.76,1,7,10,19,1
16792,160324,-1.01,0,0,3,1,1
16793,160343,2.86,1,9,12,19,1
16794,160348,0.95,1,4,7,5,1
16795,160351,-0.03,0,2,5,3,1
16796,160352,-1.01,0,0,3,1,1
16797,160353,-1.01,0,0,3,1,1
16798,160374,3.84,1,11,14,21,1
16799,160375,-1.01,0,0,3,1,1
16800,160380,0.4,1,3,6,5,1
16801,160397,2.98,1,9,12,17,1
16802,160400,-0.03,0,2,5,3,1
16803,160408,2.42,1,7,10,8,1
16804,160418,1.75,1,6,9,10,1
16805,160431,2.12,1,7,10,13,1
16806,160436,0.95,1,4,7,5,1
16807,160444,2.42,1,7,10,8,1
16808,160447,-0.03,0,2,5,3,1
16809,160458,2.24,1,7,10,11,1
16810,160465,1.38,1,5,8,7,1
16811,160469,0.46,1,3,6,4,1
16812,160498,4.46,1,13,16,29,1
16813,160502,-0.09,0,2,5,4,1
16814,160504,-0.52,0,1,4,2,1
16815,160516,2.18,1,7,10,12,1
16816,160518,-0.52,0,1,4,2,1
16817,160519,-1.01,0,0,3,1,1
16818,160551,3.18,1,11,14,32,1
16819,160560,1.81,1,6,9,9,1
16820,160564,0.46,1,3,6,4,1
16821,160566,-0.52,0,1,4,2,1
16822,160567,-1.01,0,0,3,1,1
16823,160569,-0.52,0,1,4,2,1
16824,160610,4.29,1,14,17,41,1
16825,160611,-1.01,0,0,3,1,1
16826,160617,0.89,1,4,7,6,1
16827,160626,1.81,1,6,9,9,1
16828,160677,4.24,1,15,18,51,1
16829,160702,1.95,1,8,11,25,1
16830,160703,-1.01,0,0,3,1,1
16831,160704,-1.01,0,0,3,1,1
16832,160708,0.46,1,3,6,4,1
16833,160748,3.8,1,13,16,40,1
16834,160752,0.46,1,3,6,4,1
16835,160756,0.46,1,3,6,4,1
16836,160764,1.87,1,6,9,8,1
16837,160789,3.05,1,10,13,25,1
16838,160792,-0.03,0,2,5,3,1
16839,160803,1.69,1,6,9,11,1
16840,160814,2.24,1,7,10,11,1
16841,160815,-1.01,0,0,3,1,1
16842,160818,-0.03,0,2,5,3,1
16843,160835,2.43,1,8,11,17,1
16844,160905,3.65,1,16,19,70,1
16845,160909,-0.09,0,2,5,4,1
16846,160911,-0.52,0,1,4,2,1
16847,160916,0.4,1,3,6,5,1
16848,160917,-1.01,0,0,3,1,1
16849,160953,5.14,1,15,18,36,1
16850,160961,0.77,1,4,7,8,1
16851,161001,4.9,1,15,18,40,1
16852,161002,-1.01,0,0,3,1,1
16853,161006,0.46,1,3,6,4,1
16854,161009,-0.03,0,2,5,3,1
16855,161012,-0.03,0,2,5,3,1
16856,161043,3.24,1,11,14,31,1
16857,161044,-1.01,0,0,3,1,1
16858,161047,-0.03,0,2,5,3,1
16859,161052,0.4,1,3,6,5,1
16860,161090,3.37,1,12,15,38,1
16861,161091,-1.01,0,0,3,1,1
16862,161094,-0.03,0,2,5,3,1
16863,161097,-0.03,0,2,5,3,1
16864,161099,-0.52,0,1,4,2,1
16865,161104,0.4,1,3,6,5,1
16866,161123,3.41,1,10,13,19,1
16867,161124,-1.01,0,0,3,1,1
16868,161167,5.27,1,16,19,43,1
16869,161171,0.46,1,3,6,4,1
16870,161176,0.95,1,4,7,5,1
16871,161183,0.83,1,4,7,7,1
16872,161184,-1.01,0,0,3,1,1
16873,161189,0.95,1,4,7,5,1
16874,161194,0.95,1,4,7,5,1
16875,161196,-0.52,0,1,4,2,1
16876,161209,1.57,1,6,9,13,1
16877,161220,2.79,1,8,11,11,1
16878,161222,-0.52,0,1,4,2,1
16879,161228,1.44,1,5,8,6,1
16880,161239,1.14,1,5,8,11,1
16881,161253,2.06,1,7,10,14,1
16882,161256,-0.03,0,2,5,3,1
16883,161261,0.4,1,3,6,5,1
16884,161266,0.95,1,4,7,5,1
16885,161313,2.83,1,12,15,47,1
16886,161336,2.62,1,9,12,23,1
16887,161345,1.81,1,6,9,9,1
16888,161347,-0.52,0,1,4,2,1
16889,161348,-1.01,0,0,3,1,1
16890,161356,2.42,1,7,10,8,1
16891,161358,-0.52,0,1,4,2,1
16892,161359,-1.01,0,0,3,1,1
16893,161366,1.38,1,5,8,7,1
16894,161376,0.65,1,4,7,10,1
16895,161379,-0.03,0,2,5,3,1
16896,161380,-1.01,0,0,3,1,1
16897,161381,-1.01,0,0,3,1,1
16898,161382,-1.01,0,0,3,1,1
16899,161385,-0.03,0,2,5,3,1
16900,161390,0.95,1,4,7,5,1
16901,161409,2.31,1,8,11,19,1
16902,161410,-1.01,0,0,3,1,1
16903,161430,3.35,1,10,13,20,1
16904,161439,1.81,1,6,9,9,1
16905,161440,-1.01,0,0,3,1,1
16906,161442,-0.52,0,1,4,2,1
16907,161447,0.4,1,3,6,5,1
16908,161463,0.84,1,5,8,16,1
16909,161467,0.46,1,3,6,4,1
16910,161480,3.22,1,9,12,13,1
16911,161481,-1.01,0,0,3,1,1
16912,161484,-0.03,0,2,5,3,1
16913,161492,0.77,1,4,7,8,1
16914,161503,1.14,1,5,8,11,1
16915,161515,1.63,1,6,9,12,1
16916,161527,1.63,1,6,9,12,1
16917,161529,-0.52,0,1,4,2,1
16918,161541,1.63,1,6,9,12,1
16919,161542,-1.01,0,0,3,1,1
16920,161591,3.26,1,13,16,49,1
16921,161611,2.8,1,9,12,20,1
16922,161619,1.32,1,5,8,8,1
16923,161634,1.45,1,6,9,15,1
16924,161660,2.44,1,9,12,26,1
16925,161688,5.62,1,15,18,28,1
16926,161689,-1.01,0,0,3,1,1
16927,161690,-1.01,0,0,3,1,1
16928,161697,1.93,1,6,9,7,1
16929,161709,0.53,1,4,7,12,1
16930,161714,0.95,1,4,7,5,1
16931,161718,0.46,1,3,6,4,1
16932,161730,2.18,1,7,10,12,1
16933,161777,1.73,1,10,13,47,1
16934,161801,3.66,1,11,14,24,1
16935,161805,0.46,1,3,6,4,1
16936,161825,3.35,1,10,13,20,1
16937,161829,-0.09,0,2,5,4,1
16938,161830,-1.01,0,0,3,1,1
16939,161832,-0.52,0,1,4,2,1
16940,161833,-1.01,0,0,3,1,1
16941,161871,1.72,1,9,12,38,1
16942,161886,4.2,1,11,14,15,1
16943,161894,1.32,1,5,8,8,1
16944,161897,-0.03,0,2,5,3,1
16945,161905,1.32,1,5,8,8,1
16946,161919,0.41,1,4,7,14,1
16947,161934,1.45,1,6,9,15,1
16948,161977,6.37,1,18,21,43,1
16949,161979,-0.52,0,1,4,2,1
16950,161982,-0.03,0,2,5,3,1
16951,161983,-1.01,0,0,3,1,1
16952,161996,1.02,1,5,8,13,1
16953,161998,-0.52,0,1,4,2,1
16954,162078,4.15,1,18,21,80,1
16955,162085,1.38,1,5,8,7,1
16956,162094,1.81,1,6,9,9,1
16957,162097,-0.03,0,2,5,3,1
16958,162100,-0.03,0,2,5,3,1
16959,162104,0.46,1,3,6,4,1
16960,162110,0.34,1,3,6,6,1
16961,162111,-1.01,0,0,3,1,1
16962,162116,0.95,1,4,7,5,1
16963,162143,2.38,1,9,12,27,1
16964,162150,1.38,1,5,8,7,1
16965,162166,2.49,1,8,11,16,1
16966,162176,1.75,1,6,9,10,1
16967,162196,2.25,1,8,11,20,1
16968,162242,5.09,1,16,19,46,1
16969,162251,1.81,1,6,9,9,1
16970,162254,-0.03,0,2,5,3,1
16971,162260,0.89,1,4,7,6,1
16972,162268,0.22,1,3,6,8,1
16973,162278,3.4,1,9,12,10,1
16974,162281,-0.03,0,2,5,3,1
16975,162292,2.24,1,7,10,11,1
16976,162302,1.2,1,5,8,10,1
16977,162314,1.63,1,6,9,12,1
16978,162318,0.46,1,3,6,4,1
16979,162320,-0.52,0,1,4,2,1
16980,162322,-0.52,0,1,4,2,1
16981,162329,1.93,1,6,9,7,1
16982,162334,0.4,1,3,6,5,1
16983,162339,0.95,1,4,7,5,1
16984,162378,4.96,1,15,18,39,1
16985,162385,0.28,1,3,6,7,1
16986,162428,5.82,1,17,20,43,1
16987,162433,0.4,1,3,6,5,1
16988,162436,-0.03,0,2,5,3,1
16989,162438,-0.52,0,1,4,2,1
16990,162444,1.44,1,5,8,6,1
16991,162451,1.38,1,5,8,7,1
16992,162492,4.84,1,15,18,41,1
16993,162495,-0.03,0,2,5,3,1
16994,162504,2.36,1,7,10,9,1
16995,162528,3.11,1,10,13,24,1
16996,162549,1.09,1,6,9,21,1
16997,162550,-1.01,0,0,3,1,1
16998,162551,-1.01,0,0,3,1,1
16999,162554,-0.03,0,2,5,3,1
17000,162573,3.41,1,10,13,19,1
17001,162578,0.95,1,4,7,5,1
17002,162612,6.36,1,17,20,34,1
17003,162630,2.92,1,9,12,18,1
17004,162634,0.46,1,3,6,4,1
17005,162697,4.62,1,17,20,63,1
17006,162732,4.1,1,13,16,35,1
17007,162744,3.28,1,9,12,12,1
17008,162745,-1.01,0,0,3,1,1
17009,162750,0.4,1,3,6,5,1
17010,162752,-0.52,0,1,4,2,1
17011,162758,1.44,1,5,8,6,1
17012,162759,-1.01,0,0,3,1,1
17013,162780,2.74,1,9,12,21,1
17014,162785,0.95,1,4,7,5,1
17015,162821,4.04,1,13,16,36,1
17016,162831,1.75,1,6,9,10,1
17017,162835,0.46,1,3,6,4,1
17018,162879,4.11,1,14,17,44,1
17019,162919,6.55,1,18,21,40,1
17020,162922,-0.03,0,2,5,3,1
17021,162924,-0.52,0,1,4,2,1
17022,162935,3.34,1,9,12,11,1
17023,162937,-0.52,0,1,4,2,1
17024,162995,6.02,1,19,22,58,1
17025,163013,2.92,1,9,12,18,1
17026,163017,0.46,1,3,6,4,1
17027,163023,1.44,1,5,8,6,1
17028,163028,0.4,1,3,6,5,1
17029,163043,3.65,1,10,13,15,1
17030,163078,1.9,1,9,12,35,1
17031,163079,-1.01,0,0,3,1,1
17032,163108,5.01,1,14,17,29,1
17033,163127,2.86,1,9,12,19,1
17034,163138,2.79,1,8,11,11,1
17035,163143,0.4,1,3,6,5,1
17036,163144,-1.01,0,0,3,1,1
17037,163147,-0.03,0,2,5,3,1
17038,163164,3.53,1,10,13,17,1
17039,163166,-0.52,0,1,4,2,1
17040,163168,-0.52,0,1,4,2,1
17041,163171,-0.03,0,2,5,3,1
17042,163172,-1.01,0,0,3,1,1
17043,163177,0.95,1,4,7,5,1
17044,163202,1.95,1,8,11,25,1
17045,163209,0.28,1,3,6,7,1
17046,163210,-1.01,0,0,3,1,1
17047,163282,4.08,1,17,20,72,1
17048,163302,1.7,1,7,10,20,1
17049,163334,5.93,1,16,19,32,1
17050,163340,0.89,1,4,7,6,1
17051,163356,3.59,1,10,13,16,1
17052,163360,0.46,1,3,6,4,1
17053,163373,1.57,1,6,9,13,1
17054,163381,1.32,1,5,8,8,1
17055,163394,3.22,1,9,12,13,1
17056,163396,-0.52,0,1,4,2,1
17057,163476,2.5,1,15,18,80,1
17058,163482,0.34,1,3,6,6,1
17059,163483,-1.01,0,0,3,1,1
17060,163489,0.89,1,4,7,6,1
17061,163508,2.86,1,9,12,19,1
17062,163516,1.32,1,5,8,8,1
17063,163523,1.93,1,6,9,7,1
17064,163525,-0.52,0,1,4,2,1
17065,163528,-0.03,0,2,5,3,1
17066,163532,-0.09,0,2,5,4,1
17067,163573,4.29,1,14,17,41,1
17068,163578,0.95,1,4,7,5,1
17069,163579,-1.01,0,0,3,1,1
17070,163588,2.36,1,7,10,9,1
17071,163589,-1.01,0,0,3,1,1
17072,163597,0.77,1,4,7,8,1
17073,163612,2.0,1,7,10,15,1
17074,163618,1.44,1,5,8,6,1
17075,163624,1.44,1,5,8,6,1
17076,163669,4.05,1,14,17,45,1
17077,163671,-0.52,0,1,4,2,1
17078,163675,0.46,1,3,6,4,1
17079,163676,-1.01,0,0,3,1,1
17080,163678,-0.52,0,1,4,2,1
17081,163686,1.32,1,5,8,8,1
17082,163688,-0.52,0,1,4,2,1
17083,163710,2.68,1,9,12,22,1
17084,163711,-1.01,0,0,3,1,1
17085,163719,1.87,1,6,9,8,1
17086,163720,-1.01,0,0,3,1,1
17087,163723,-0.03,0,2,5,3,1
17088,163724,-1.01,0,0,3,1,1
17089,163745,1.64,1,7,10,21,1
17090,163769,3.11,1,10,13,24,1
17091,163774,0.4,1,3,6,5,1
17092,163796,4.33,1,12,15,22,1
17093,163812,1.94,1,7,10,16,1
17094,163855,4.17,1,14,17,43,1
17095,163886,4.89,1,14,17,31,1
17096,163894,1.87,1,6,9,8,1
17097,163915,3.84,1,11,14,21,1
17098,163917,-0.52,0,1,4,2,1
17099,163933,2.49,1,8,11,16,1
17100,163941,1.32,1,5,8,8,1
17101,163978,7.28,1,19,22,37,1
17102,163982,0.46,1,3,6,4,1
17103,163987,0.4,1,3,6,5,1
17104,164007,2.25,1,8,11,20,1
17105,164037,3.85,1,12,15,30,1
17106,164044,0.83,1,4,7,7,1
17107,164046,-0.52,0,1,4,2,1
17108,164055,1.81,1,6,9,9,1
17109,164064,1.81,1,6,9,9,1
17110,164065,-1.01,0,0,3,1,1
17111,164066,-1.01,0,0,3,1,1
17112,164097,5.44,1,15,18,31,1
17113,164110,2.12,1,7,10,13,1
17114,164111,-1.01,0,0,3,1,1
17115,164136,3.05,1,10,13,25,1
17116,164159,3.17,1,10,13,23,1
17117,164163,0.46,1,3,6,4,1
17118,164170,1.38,1,5,8,7,1
17119,164181,2.79,1,8,11,11,1
17120,164192,3.34,1,9,12,11,1
17121,164202,2.3,1,7,10,10,1
17122,164207,0.95,1,4,7,5,1
17123,164210,-0.03,0,2,5,3,1
17124,164264,2.41,1,12,15,54,1
17125,164267,-0.03,0,2,5,3,1
17126,164292,3.05,1,10,13,25,1
17127,164307,2.55,1,8,11,15,1
17128,164315,1.32,1,5,8,8,1
17129,164338,3.72,1,11,14,23,1
17130,164340,-0.52,0,1,4,2,1
17131,164352,3.28,1,9,12,12,1
17132,164355,-0.03,0,2,5,3,1
17133,164356,-1.01,0,0,3,1,1
17134,164359,-0.03,0,2,5,3,1
17135,164366,1.38,1,5,8,7,1
17136,164383,1.33,1,6,9,17,1
17137,164392,1.81,1,6,9,9,1
17138,164397,0.95,1,4,7,5,1
17139,164404,1.38,1,5,8,7,1
17140,164405,-1.01,0,0,3,1,1
17141,164407,-0.52,0,1,4,2,1
17142,164408,-1.01,0,0,3,1,1
17143,164410,-0.52,0,1,4,2,1
17144,164413,-0.03,0,2,5,3,1
17145,164424,2.24,1,7,10,11,1
17146,164427,-0.03,0,2,5,3,1
17147,164428,-1.01,0,0,3,1,1
17148,164431,-0.03,0,2,5,3,1
17149,164444,1.57,1,6,9,13,1
17150,164454,2.85,1,8,11,10,1
17151,164481,1.83,1,8,11,27,1
17152,164491,2.3,1,7,10,10,1
17153,164499,0.77,1,4,7,8,1
17154,164508,1.81,1,6,9,9,1
17155,164539,4.34,1,13,16,31,1
17156,164540,-1.01,0,0,3,1,1
17157,164554,2.61,1,8,11,14,1
17158,164556,-0.52,0,1,4,2,1
17159,164569,2.67,1,8,11,13,1
17160,164570,-1.01,0,0,3,1,1
17161,164573,-0.03,0,2,5,3,1
17162,164608,3.0,1,11,14,35,1
17163,164633,2.5,1,9,12,25,1
17164,164640,1.93,1,6,9,7,1
17165,164646,1.44,1,5,8,6,1
17166,164647,-1.01,0,0,3,1,1
17167,164655,1.87,1,6,9,8,1
17168,164656,-1.01,0,0,3,1,1
17169,164686,4.95,1,14,17,30,1
17170,164700,2.61,1,8,11,14,1
17171,164710,2.3,1,7,10,10,1
17172,164728,2.92,1,9,12,18,1
17173,164736,1.87,1,6,9,8,1
17174,164740,0.46,1,3,6,4,1
17175,164741,-1.01,0,0,3,1,1
17176,164742,-1.01,0,0,3,1,1
17177,164747,0.95,1,4,7,5,1
17178,164766,4.51,1,12,15,19,1
17179,164768,-0.52,0,1,4,2,1
17180,164792,3.66,1,11,14,24,1
17181,164814,3.78,1,11,14,22,1
17182,164820,0.89,1,4,7,6,1
17183,164825,0.95,1,4,7,5,1
17184,164843,2.92,1,9,12,18,1
17185,164846,-0.03,0,2,5,3,1
17186,164848,-0.52,0,1,4,2,1
17187,164881,6.42,1,17,20,33,1
17188,164896,2.55,1,8,11,15,1
17189,164924,3.42,1,11,14,28,1
17190,164998,2.86,1,15,18,74,1
17191,165005,1.93,1,6,9,7,1
17192,165046,5.94,1,17,20,41,1
17193,165047,-1.01,0,0,3,1,1
17194,165075,3.42,1,11,14,28,1
17195,165078,-0.03,0,2,5,3,1
17196,165091,3.22,1,9,12,13,1
17197,165095,-0.09,0,2,5,4,1
17198,165101,0.34,1,3,6,6,1
17199,165102,-1.01,0,0,3,1,1
17200,165118,3.04,1,9,12,16,1
17201,165124,0.34,1,3,6,6,1
17202,165133,2.36,1,7,10,9,1
17203,165158,3.05,1,10,13,25,1
17204,165164,0.89,1,4,7,6,1
17205,165180,2.49,1,8,11,16,1
17206,165185,0.4,1,3,6,5,1
17207,165201,1.94,1,7,10,16,1
17208,165221,4.45,1,12,15,20,1
17209,165225,0.46,1,3,6,4,1
17210,165236,1.69,1,6,9,11,1
17211,165242,1.44,1,5,8,6,1
17212,165244,-0.52,0,1,4,2,1
17213,165245,-1.01,0,0,3,1,1
17214,165259,2.06,1,7,10,14,1
17215,165262,-0.03,0,2,5,3,1
17216,165273,2.79,1,8,11,11,1
17217,165283,0.65,1,4,7,10,1
17218,165286,-0.03,0,2,5,3,1
17219,165289,-0.03,0,2,5,3,1
17220,165300,3.34,1,9,12,11,1
17221,165309,1.81,1,6,9,9,1
17222,165318,1.81,1,6,9,9,1
17223,165321,-0.03,0,2,5,3,1
17224,165421,3.5,1,19,22,100,1
17225,165445,3.66,1,11,14,24,1
17226,165463,2.92,1,9,12,18,1
17227,165474,2.79,1,8,11,11,1
17228,165478,0.46,1,3,6,4,1
17229,165479,-1.01,0,0,3,1,1
17230,165480,-1.01,0,0,3,1,1
17231,165488,1.32,1,5,8,8,1
17232,165500,2.18,1,7,10,12,1
17233,165503,-0.03,0,2,5,3,1
17234,165527,4.76,1,13,16,24,1
17235,165565,6.67,1,18,21,38,1
17236,165569,0.46,1,3,6,4,1
17237,165578,2.36,1,7,10,9,1
17238,165597,3.96,1,11,14,19,1
17239,165607,2.85,1,8,11,10,1
17240,165610,-0.03,0,2,5,3,1
17241,165617,1.38,1,5,8,7,1
17242,165618,-1.01,0,0,3,1,1
17243,165633,3.65,1,10,13,15,1
17244,165635,-0.52,0,1,4,2,1
17245,165641,0.89,1,4,7,6,1
17246,165643,-0.52,0,1,4,2,1
17247,165653,1.2,1,5,8,10,1
17248,165672,3.41,1,10,13,19,1
17249,165702,3.85,1,12,15,30,1
17250,165704,-0.52,0,1,4,2,1
17251,165705,-1.01,0,0,3,1,1
17252,165707,-0.52,0,1,4,2,1
17253,165710,-0.03,0,2,5,3,1
17254,165746,4.59,1,14,17,36,1
17255,165747,-1.01,0,0,3,1,1
17256,165750,-0.03,0,2,5,3,1
17257,165751,-1.01,0,0,3,1,1
17258,165776,5.8,1,15,18,25,1
17259,165777,-1.01,0,0,3,1,1
17260,165783,0.89,1,4,7,6,1
17261,165794,1.69,1,6,9,11,1
17262,165795,-1.01,0,0,3,1,1
17263,165812,2.43,1,8,11,17,1
17264,165814,-0.52,0,1,4,2,1
17265,165820,0.89,1,4,7,6,1
17266,165825,0.95,1,4,7,5,1
17267,165827,-0.52,0,1,4,2,1
17268,165829,-0.52,0,1,4,2,1
17269,165837,2.42,1,7,10,8,1
17270,165841,0.46,1,3,6,4,1
17271,165845,0.46,1,3,6,4,1
17272,165868,3.17,1,10,13,23,1
17273,165893,4.15,1,12,15,25,1
17274,165898,0.95,1,4,7,5,1
17275,165911,2.67,1,8,11,13,1
17276,165913,-0.52,0,1,4,2,1
17277,165923,1.75,1,6,9,10,1
17278,165965,3.68,1,13,16,42,1
17279,165969,0.46,1,3,6,4,1
17280,165972,-0.03,0,2,5,3,1
17281,165974,-0.52,0,1,4,2,1
17282,166030,6.14,1,19,22,56,1
17283,166043,1.57,1,6,9,13,1
17284,166057,2.61,1,8,11,14,1
17285,166068,1.14,1,5,8,11,1
17286,166098,4.95,1,14,17,30,1
17287,166100,-0.52,0,1,4,2,1
17288,166110,1.2,1,5,8,10,1
17289,166115,0.95,1,4,7,5,1
17290,166116,-1.01,0,0,3,1,1
17291,166139,3.17,1,10,13,23,1
17292,166144,0.4,1,3,6,5,1
17293,166147,-0.03,0,2,5,3,1
17294,166153,1.44,1,5,8,6,1
17295,166154,-1.01,0,0,3,1,1
17296,166155,-1.01,0,0,3,1,1
17297,166203,5.52,1,17,20,48,1
17298,166212,1.81,1,6,9,9,1
17299,166217,0.95,1,4,7,5,1
17300,166226,1.26,1,5,8,9,1
17301,166227,-1.01,0,0,3,1,1
17302,166229,-0.52,0,1,4,2,1
17303,166241,2.73,1,8,11,12,1
17304,166257,3.04,1,9,12,16,1
17305,166266,0.71,1,4,7,9,1
17306,166274,1.87,1,6,9,8,1
17307,166288,3.71,1,10,13,14,1
17308,166369,4.09,1,18,21,81,1
17309,166370,-1.01,0,0,3,1,1
17310,166394,3.11,1,10,13,24,1
17311,166405,2.24,1,7,10,11,1
17312,166433,4.52,1,13,16,28,1
17313,166451,4.57,1,12,15,18,1
17314,166457,0.89,1,4,7,6,1
17315,166459,-0.52,0,1,4,2,1
17316,166462,-0.03,0,2,5,3,1
17317,166467,0.95,1,4,7,5,1
17318,166470,-0.03,0,2,5,3,1
17319,166474,0.46,1,3,6,4,1
17320,166482,1.87,1,6,9,8,1
17321,166489,1.38,1,5,8,7,1
17322,166493,0.46,1,3,6,4,1
17323,166499,1.44,1,5,8,6,1
17324,166508,2.36,1,7,10,9,1
17325,166509,-1.01,0,0,3,1,1
17326,166526,4.63,1,12,15,17,1
17327,166545,3.41,1,10,13,19,1
17328,166556,2.24,1,7,10,11,1
17329,166561,0.95,1,4,7,5,1
17330,166564,-0.03,0,2,5,3,1
17331,166570,0.89,1,4,7,6,1
17332,166593,2.62,1,9,12,23,1
17333,166598,0.4,1,3,6,5,1
17334,166600,-0.52,0,1,4,2,1
17335,166616,3.04,1,9,12,16,1
17336,166621,0.95,1,4,7,5,1
17337,166637,2.49,1,8,11,16,1
17338,166639,-0.52,0,1,4,2,1
17339,166651,3.83,1,10,13,12,1
17340,166662,2.24,1,7,10,11,1
17341,166669,1.93,1,6,9,7,1
17342,166674,0.95,1,4,7,5,1
17343,166676,-0.52,0,1,4,2,1
17344,166677,-1.01,0,0,3,1,1
17345,166680,-0.03,0,2,5,3,1
17346,166720,6.0,1,17,20,40,1
17347,166739,3.96,1,11,14,19,1
17348,166762,4.82,1,13,16,23,1
17349,166764,-0.52,0,1,4,2,1
17350,166766,-0.52,0,1,4,2,1
17351,166767,-1.01,0,0,3,1,1
17352,166777,1.2,1,5,8,10,1
17353,166789,2.73,1,8,11,12,1
17354,166791,-0.52,0,1,4,2,1
17355,166802,1.69,1,6,9,11,1
17356,166806,0.46,1,3,6,4,1
17357,166829,3.17,1,10,13,23,1
17358,166834,0.4,1,3,6,5,1
17359,166836,-0.52,0,1,4,2,1
17360,166838,-0.52,0,1,4,2,1
17361,166856,4.02,1,11,14,18,1
17362,166865,2.36,1,7,10,9,1
17363,166867,-0.52,0,1,4,2,1
17364,166889,4.88,1,13,16,22,1
17365,166898,1.81,1,6,9,9,1
17366,166915,2.43,1,8,11,17,1
17367,166929,3.16,1,9,12,14,1
17368,166977,4.97,1,16,19,48,1
17369,167028,6.44,1,19,22,51,1
17370,167040,2.18,1,7,10,12,1
17371,167049,0.16,1,3,6,9,1
17372,167051,-0.52,0,1,4,2,1
17373,167053,-0.52,0,1,4,2,1
17374,167103,4.85,1,16,19,50,1
17375,167106,-0.03,0,2,5,3,1
17376,167146,4.9,1,15,18,40,1
17377,167161,3.65,1,10,13,15,1
17378,167214,3.57,1,14,17,53,1
17379,167219,0.95,1,4,7,5,1
17380,167220,-1.01,0,0,3,1,1
17381,167221,-1.01,0,0,3,1,1
17382,167228,1.38,1,5,8,7,1
17383,167244,2.49,1,8,11,16,1
17384,167270,2.99,1,10,13,26,1
17385,167278,1.87,1,6,9,8,1
17386,167281,-0.03,0,2,5,3,1
17387,167283,-0.52,0,1,4,2,1
17388,167287,0.46,1,3,6,4,1
17389,167289,-0.52,0,1,4,2,1
17390,167313,2.56,1,9,12,24,1
17391,167322,1.81,1,6,9,9,1
17392,167324,-0.52,0,1,4,2,1
17393,167326,-0.52,0,1,4,2,1
17394,167331,0.95,1,4,7,5,1
17395,167333,-0.52,0,1,4,2,1
17396,167338,0.4,1,3,6,5,1
17397,167340,-0.52,0,1,4,2,1
17398,167344,0.46,1,3,6,4,1
17399,167378,4.16,1,13,16,34,1
17400,167398,3.9,1,11,14,20,1
17401,167407,1.81,1,6,9,9,1
17402,167413,0.89,1,4,7,6,1
17403,167414,-1.01,0,0,3,1,1
17404,167421,0.83,1,4,7,7,1
17405,167429,1.87,1,6,9,8,1
17406,167430,-1.01,0,0,3,1,1
17407,167437,0.83,1,4,7,7,1
17408,167438,-1.01,0,0,3,1,1
17409,167442,0.46,1,3,6,4,1
17410,167444,-0.52,0,1,4,2,1
17411,167445,-1.01,0,0,3,1,1
17412,167458,3.22,1,9,12,13,1
17413,167468,2.3,1,7,10,10,1
17414,167481,2.67,1,8,11,13,1
17415,167490,1.81,1,6,9,9,1
17416,167498,1.32,1,5,8,8,1
17417,167507,1.81,1,6,9,9,1
17418,167518,2.79,1,8,11,11,1
17419,167523,0.95,1,4,7,5,1
17420,167526,-0.03,0,2,5,3,1
17421,167532,1.44,1,5,8,6,1
17422,167536,0.46,1,3,6,4,1
17423,167552,1.94,1,7,10,16,1
17424,167567,2.0,1,7,10,15,1
17425,167577,2.3,1,7,10,10,1
17426,167583,0.34,1,3,6,6,1
17427,167589,1.44,1,5,8,6,1
17428,167591,-0.52,0,1,4,2,1
17429,167596,0.95,1,4,7,5,1
17430,167622,4.09,1,12,15,26,1
17431,167646,3.66,1,11,14,24,1
17432,167660,3.16,1,9,12,14,1
17433,167663,-0.03,0,2,5,3,1
17434,167670,0.28,1,3,6,7,1
17435,167672,-0.52,0,1,4,2,1
17436,167685,1.57,1,6,9,13,1
17437,167726,7.04,1,19,22,41,1
17438,167728,-0.52,0,1,4,2,1
17439,167745,2.43,1,8,11,17,1
17440,167766,3.84,1,11,14,21,1
17441,167810,4.11,1,14,17,44,1
17442,167825,3.65,1,10,13,15,1
17443,167831,0.89,1,4,7,6,1
17444,167835,0.46,1,3,6,4,1
17445,167848,2.67,1,8,11,13,1
17446,167849,-1.01,0,0,3,1,1
17447,167893,5.21,1,16,19,44,1
17448,167912,2.86,1,9,12,19,1
17449,167914,-0.52,0,1,4,2,1
17450,167920,1.44,1,5,8,6,1
17451,167921,-1.01,0,0,3,1,1
17452,167937,1.94,1,7,10,16,1
17453,167938,-1.01,0,0,3,1,1
17454,167939,-1.01,0,0,3,1,1
17455,167946,1.93,1,6,9,7,1
17456,167962,3.59,1,10,13,16,1
17457,167979,2.98,1,9,12,17,1
17458,167984,0.4,1,3,6,5,1
17459,168046,5.23,1,18,21,62,1
17460,168055,1.81,1,6,9,9,1
17461,168057,-0.52,0,1,4,2,1
17462,168072,2.55,1,8,11,15,1
17463,168077,0.95,1,4,7,5,1
17464,168078,-1.01,0,0,3,1,1
17465,168088,2.85,1,8,11,10,1
17466,168092,0.46,1,3,6,4,1
17467,168094,-0.52,0,1,4,2,1
17468,168095,-1.01,0,0,3,1,1
17469,168110,3.65,1,10,13,15,1
17470,168117,0.83,1,4,7,7,1
17471,168120,-0.03,0,2,5,3,1
17472,168123,-0.03,0,2,5,3,1
17473,168125,-0.52,0,1,4,2,1
17474,168140,3.1,1,9,12,15,1
17475,168141,-1.01,0,0,3,1,1
17476,168143,-0.52,0,1,4,2,1
17477,168177,4.71,1,14,17,34,1
17478,168201,6.41,1,16,19,24,1
17479,168223,4.88,1,13,16,22,1
17480,168231,1.32,1,5,8,8,1
17481,168235,0.46,1,3,6,4,1
17482,168240,0.4,1,3,6,5,1
17483,168241,-1.01,0,0,3,1,1
17484,168255,2.61,1,8,11,14,1
17485,168269,4.26,1,11,14,14,1
17486,168272,-0.03,0,2,5,3,1
17487,168296,4.21,1,12,15,24,1
17488,168314,2.92,1,9,12,18,1
17489,168318,0.46,1,3,6,4,1
17490,168333,3.1,1,9,12,15,1
17491,168336,-0.03,0,2,5,3,1
17492,168339,-0.03,0,2,5,3,1
17493,168340,-1.01,0,0,3,1,1
17494,168342,-0.52,0,1,4,2,1
17495,168347,0.4,1,3,6,5,1
17496,168375,3.42,1,11,14,28,1
17497,168391,3.04,1,9,12,16,1
17498,168398,1.93,1,6,9,7,1
17499,168416,2.92,1,9,12,18,1
17500,168418,-0.52,0,1,4,2,1
17501,168419,-1.01,0,0,3,1,1
17502,168425,1.44,1,5,8,6,1
17503,168436,1.69,1,6,9,11,1
17504,168437,-1.01,0,0,3,1,1
17505,168446,1.81,1,6,9,9,1
17506,168459,3.77,1,10,13,13,1
17507,168469,2.3,1,7,10,10,1
17508,168475,0.89,1,4,7,6,1
17509,168488,2.67,1,8,11,13,1
17510,168541,6.32,1,19,22,53,1
17511,168558,2.98,1,9,12,17,1
17512,168574,3.04,1,9,12,16,1
17513,168607,4.22,1,13,16,33,1
17514,168629,4.33,1,12,15,22,1
17515,168640,3.34,1,9,12,11,1
17516,168651,2.24,1,7,10,11,1
17517,168660,1.81,1,6,9,9,1
17518,168662,-0.52,0,1,4,2,1
17519,168687,2.5,1,9,12,25,1
17520,168688,-1.01,0,0,3,1,1
17521,168696,1.87,1,6,9,8,1
17522,168706,2.3,1,7,10,10,1
17523,168716,0.65,1,4,7,10,1
17524,168718,-0.52,0,1,4,2,1
17525,168720,-0.52,0,1,4,2,1
17526,168752,3.73,1,12,15,32,1
17527,168753,-1.01,0,0,3,1,1
17528,168754,-1.01,0,0,3,1,1
17529,168760,0.89,1,4,7,6,1
17530,168782,3.78,1,11,14,22,1
17531,168784,-0.52,0,1,4,2,1
17532,168804,3.35,1,10,13,20,1
17533,168809,0.95,1,4,7,5,1
17534,168813,0.46,1,3,6,4,1
17535,168819,1.44,1,5,8,6,1
17536,168839,3.9,1,11,14,20,1
17537,168842,-0.03,0,2,5,3,1
17538,168919,9.48,1,22,25,77,0
17539,168920,-1.01,0,0,3,1,1
17540,168921,-1.01,0,0,3,1,1
17541,168939,3.47,1,10,13,18,1
17542,168945,0.89,1,4,7,6,1
17543,168949,0.46,1,3,6,4,1
17544,168968,3.41,1,10,13,19,1
17545,169010,3.68,1,13,16,42,1
17546,169017,1.38,1,5,8,7,1
17547,169034,4.08,1,11,14,17,1
17548,169056,3.78,1,11,14,22,1
17549,169059,-0.03,0,2,5,3,1
17550,169060,-1.01,0,0,3,1,1
17551,169061,-1.01,0,0,3,1,1
17552,169064,-0.03,0,2,5,3,1
17553,169074,1.75,1,6,9,10,1
17554,169075,-1.01,0,0,3,1,1
17555,169076,-1.01,0,0,3,1,1
17556,169086,2.85,1,8,11,10,1
17557,169088,-0.52,0,1,4,2,1
17558,169092,0.46,1,3,6,4,1
17559,169105,2.67,1,8,11,13,1
17560,169108,-0.58,0,1,4,3,1
17561,169124,3.04,1,9,12,16,1
17562,169126,-0.52,0,1,4,2,1
17563,169141,2.0,1,7,10,15,1
17564,169143,-0.52,0,1,4,2,1
17565,169172,3.36,1,11,14,29,1
17566,169173,-1.01,0,0,3,1,1
17567,169175,-0.52,0,1,4,2,1
17568,169179,0.46,1,3,6,4,1
17569,169185,0.89,1,4,7,6,1
17570,169200,2.0,1,7,10,15,1
17571,169210,2.3,1,7,10,10,1
17572,169213,-0.03,0,2,5,3,1
17573,169214,-1.01,0,0,3,1,1
17574,169231,2.98,1,9,12,17,1
17575,169253,4.33,1,12,15,22,1
17576,169256,-0.03,0,2,5,3,1
17577,169276,4.45,1,12,15,20,1
17578,169278,-0.52,0,1,4,2,1
17579,169286,1.32,1,5,8,8,1
17580,169302,3.59,1,10,13,16,1
17581,169310,1.32,1,5,8,8,1
17582,169329,3.96,1,11,14,19,1
17583,169351,3.78,1,11,14,22,1
17584,169352,-1.01,0,0,3,1,1
17585,169358,0.89,1,4,7,6,1
17586,169359,-1.01,0,0,3,1,1
17587,169372,2.67,1,8,11,13,1
17588,169384,2.73,1,8,11,12,1
17589,169385,-1.01,0,0,3,1,1
17590,169390,0.95,1,4,7,5,1
17591,169400,2.3,1,7,10,10,1
17592,169419,5.06,1,13,16,19,1
17593,169432,2.12,1,7,10,13,1
17594,169439,1.38,1,5,8,7,1
17595,169440,-1.01,0,0,3,1,1
17596,169442,-0.52,0,1,4,2,1
17597,169448,0.89,1,4,7,6,1
17598,169519,3.04,1,15,18,71,1
17599,169520,-1.01,0,0,3,1,1
17600,169542,4.33,1,12,15,22,1
17601,169543,-1.01,0,0,3,1,1
17602,169546,-0.03,0,2,5,3,1
17603,169549,-0.03,0,2,5,3,1
17604,169555,0.89,1,4,7,6,1
17605,169558,-0.03,0,2,5,3,1
17606,169561,-0.03,0,2,5,3,1
17607,169562,-1.01,0,0,3,1,1
17608,169564,-0.52,0,1,4,2,1
17609,169570,0.89,1,4,7,6,1
17610,169585,3.65,1,10,13,15,1
17611,169586,-1.01,0,0,3,1,1
17612,169588,-0.52,0,1,4,2,1
17613,169605,3.53,1,10,13,17,1
17614,169618,3.77,1,10,13,13,1
17615,169620,-0.52,0,1,4,2,1
17616,169625,0.95,1,4,7,5,1
17617,169627,-0.52,0,1,4,2,1
17618,169631,0.46,1,3,6,4,1
17619,169647,1.94,1,7,10,16,1
17620,169650,-0.03,0,2,5,3,1
17621,169654,0.46,1,3,6,4,1
17622,169655,-1.01,0,0,3,1,1
17623,169711,5.04,1,17,20,56,1
17624,169712,-1.01,0,0,3,1,1
17625,169718,0.89,1,4,7,6,1
17626,169739,3.84,1,11,14,21,1
17627,169746,1.38,1,5,8,7,1
17628,169751,0.95,1,4,7,5,1
17629,169755,0.46,1,3,6,4,1
17630,169758,-0.03,0,2,5,3,1
17631,169759,-1.01,0,0,3,1,1
17632,169788,4.46,1,13,16,29,1
17633,169791,-0.03,0,2,5,3,1
17634,169808,2.98,1,9,12,17,1
17635,169812,0.46,1,3,6,4,1
17636,169821,1.81,1,6,9,9,1
17637,169829,2.42,1,7,10,8,1
17638,169830,-1.01,0,0,3,1,1
17639,169834,0.46,1,3,6,4,1
17640,169837,-0.03,0,2,5,3,1
17641,169838,-1.01,0,0,3,1,1
17642,169839,-1.01,0,0,3,1,1
17643,169847,2.42,1,7,10,8,1
17644,169869,3.23,1,10,13,22,1
17645,169892,4.82,1,13,16,23,1
17646,169912,5.55,1,14,17,20,1
17647,169932,1.15,1,6,9,20,1
17648,169937,0.4,1,3,6,5,1
17649,169938,-1.01,0,0,3,1,1
17650,169946,1.87,1,6,9,8,1
17651,169962,2.49,1,8,11,16,1
17652,169980,4.57,1,12,15,18,1
17653,169981,-1.01,0,0,3,1,1
17654,169988,1.93,1,6,9,7,1
17655,170024,5.69,1,16,19,36,1
17656,170030,0.89,1,4,7,6,1
17657,170048,3.47,1,10,13,18,1
17658,170077,2.81,1,10,13,29,1
17659,170086,1.26,1,5,8,9,1
17660,170088,-0.52,0,1,4,2,1
17661,170093,0.95,1,4,7,5,1
17662,170102,0.71,1,4,7,9,1
17663,170132,4.4,1,13,16,30,1
17664,170133,-1.01,0,0,3,1,1
17665,170135,-0.52,0,1,4,2,1
17666,170151,4.14,1,11,14,16,1
17667,170167,1.39,1,6,9,16,1
17668,170183,2.49,1,8,11,16,1
17669,170184,-1.01,0,0,3,1,1
17670,170185,-1.01,0,0,3,1,1
17671,170211,5.74,1,15,18,26,1
17672,170215,0.46,1,3,6,4,1
17673,170218,-0.03,0,2,5,3,1
17674,170223,0.95,1,4,7,5,1
17675,170224,-1.01,0,0,3,1,1
17676,170250,6.29,1,16,19,26,1
17677,170253,-0.03,0,2,5,3,1
17678,170256,-0.03,0,2,5,3,1
17679,170261,0.4,1,3,6,5,1
17680,170262,-1.01,0,0,3,1,1
17681,170265,-0.03,0,2,5,3,1
17682,170271,0.89,1,4,7,6,1
17683,170292,3.29,1,10,13,21,1
17684,170313,3.84,1,11,14,21,1
17685,170324,1.69,1,6,9,11,1
17686,170337,3.22,1,9,12,13,1
17687,170347,2.3,1,7,10,10,1
17688,170348,-1.01,0,0,3,1,1
17689,170353,0.95,1,4,7,5,1
17690,170375,6.53,1,16,19,22,1
17691,170377,-0.52,0,1,4,2,1
17692,170395,3.47,1,10,13,18,1
17693,170411,3.59,1,10,13,16,1
17694,170415,0.46,1,3,6,4,1
17695,170426,2.79,1,8,11,11,1
17696,170434,2.42,1,7,10,8,1
17697,170435,-1.01,0,0,3,1,1
17698,170451,4.14,1,11,14,16,1
17699,170475,3.66,1,11,14,24,1
17700,170479,0.46,1,3,6,4,1
17701,170498,2.31,1,8,11,19,1
17702,170505,1.93,1,6,9,7,1
17703,170507,-0.52,0,1,4,2,1
17704,170508,-1.01,0,0,3,1,1
17705,170518,2.3,1,7,10,10,1
17706,170532,1.51,1,6,9,14,1
17707,170538,0.89,1,4,7,6,1
17708,170555,5.18,1,13,16,17,1
17709,170569,2.61,1,8,11,14,1
17710,170581,2.18,1,7,10,12,1
17711,170583,-0.52,0,1,4,2,1
17712,170584,-1.01,0,0,3,1,1
17713,170624,4.9,1,15,18,40,1
17714,170632,1.87,1,6,9,8,1
17715,170648,4.14,1,11,14,16,1
17716,170659,2.24,1,7,10,11,1
17717,170679,2.8,1,9,12,20,1
17718,170688,2.36,1,7,10,9,1
17719,170691,-0.58,0,1,4,3,1
17720,170693,-0.52,0,1,4,2,1
17721,170699,1.44,1,5,8,6,1
17722,170707,1.32,1,5,8,8,1
17723,170710,-0.03,0,2,5,3,1
17724,170714,0.46,1,3,6,4,1
17725,170720,1.44,1,5,8,6,1
17726,170778,7.12,1,21,24,58,1
17727,170781,-0.03,0,2,5,3,1
17728,170787,0.89,1,4,7,6,1
17729,170792,0.95,1,4,7,5,1
17730,170794,-0.52,0,1,4,2,1
17731,170799,0.4,1,3,6,5,1
17732,170804,0.4,1,3,6,5,1
17733,170809,0.95,1,4,7,5,1
17734,170817,1.32,1,5,8,8,1
17735,170824,0.83,1,4,7,7,1
17736,170825,-1.01,0,0,3,1,1
17737,170826,-1.01,0,0,3,1,1
17738,170830,0.46,1,3,6,4,1
17739,170838,2.42,1,7,10,8,1
17740,170858,2.25,1,8,11,20,1
17741,170875,3.53,1,10,13,17,1
17742,170893,4.57,1,12,15,18,1
17743,170901,1.32,1,5,8,8,1
17744,170904,-0.03,0,2,5,3,1
17745,170932,5.62,1,15,18,28,1
17746,170945,3.22,1,9,12,13,1
17747,170965,2.25,1,8,11,20,1
17748,171011,3.99,1,14,17,46,1
17749,171012,-1.01,0,0,3,1,1
17750,171016,0.46,1,3,6,4,1
17751,171055,3.86,1,13,16,39,1
17752,171069,3.16,1,9,12,14,1
17753,171099,4.95,1,14,17,30,1
17754,171116,5.18,1,13,16,17,1
17755,171117,-1.01,0,0,3,1,1
17756,171149,4.83,1,14,17,32,1
17757,171163,3.71,1,10,13,14,1
17758,171188,4.7,1,13,16,25,1
17759,171196,1.32,1,5,8,8,1
17760,171201,0.95,1,4,7,5,1
17761,171202,-1.01,0,0,3,1,1
17762,171203,-1.01,0,0,3,1,1
17763,171214,1.69,1,6,9,11,1
17764,171220,1.44,1,5,8,6,1
17765,171225,0.95,1,4,7,5,1
17766,171238,4.32,1,11,14,13,1
17767,171240,-0.52,0,1,4,2,1
17768,171241,-1.01,0,0,3,1,1
17769,171247,1.44,1,5,8,6,1
17770,171261,3.71,1,10,13,14,1
17771,171264,-0.03,0,2,5,3,1
17772,171265,-1.01,0,0,3,1,1
17773,171266,-1.01,0,0,3,1,1
17774,171267,-1.01,0,0,3,1,1
17775,171284,2.98,1,9,12,17,1
17776,171286,-0.52,0,1,4,2,1
17777,171288,-0.52,0,1,4,2,1
17778,171355,4.93,1,18,21,67,1
17779,171369,2.61,1,8,11,14,1
17780,171393,4.21,1,12,15,24,1
17781,171398,0.4,1,3,6,5,1
17782,171402,0.46,1,3,6,4,1
17783,171405,-0.03,0,2,5,3,1
17784,171437,3.73,1,12,15,32,1
17785,171439,-0.52,0,1,4,2,1
17786,171457,3.47,1,10,13,18,1
17787,171460,-0.03,0,2,5,3,1
17788,171462,-0.52,0,1,4,2,1
17789,171474,1.63,1,6,9,12,1
17790,171483,2.36,1,7,10,9,1
17791,171498,4.75,1,12,15,15,1
17792,171501,-0.03,0,2,5,3,1
17793,171502,-1.01,0,0,3,1,1
17794,171505,-0.03,0,2,5,3,1
17795,171517,3.28,1,9,12,12,1
17796,171532,3.65,1,10,13,15,1
17797,171539,1.38,1,5,8,7,1
17798,171545,1.44,1,5,8,6,1
17799,171550,0.4,1,3,6,5,1
17800,171558,1.87,1,6,9,8,1
17801,171564,1.44,1,5,8,6,1
17802,171567,-0.03,0,2,5,3,1
17803,171585,5.67,1,14,17,18,1
17804,171601,1.94,1,7,10,16,1
17805,171609,1.32,1,5,8,8,1
17806,171615,0.34,1,3,6,6,1
17807,171616,-1.01,0,0,3,1,1
17808,171646,4.95,1,14,17,30,1
17809,171650,0.46,1,3,6,4,1
17810,171669,5.06,1,13,16,19,1
17811,171680,2.79,1,8,11,11,1
17812,171682,-0.52,0,1,4,2,1
17813,171711,6.11,1,16,19,29,1
17814,171720,1.81,1,6,9,9,1
17815,171735,3.65,1,10,13,15,1
17816,171738,-0.03,0,2,5,3,1
17817,171740,-0.52,0,1,4,2,1
17818,171746,1.44,1,5,8,6,1
17819,171756,2.3,1,7,10,10,1
17820,171776,4.45,1,12,15,20,1
17821,171777,-1.01,0,0,3,1,1
17822,171782,0.95,1,4,7,5,1
17823,171783,-1.01,0,0,3,1,1
17824,171795,2.73,1,8,11,12,1
17825,171796,-1.01,0,0,3,1,1
17826,171798,-0.52,0,1,4,2,1
17827,171825,6.78,1,17,20,27,1
17828,171829,0.46,1,3,6,4,1
17829,171905,4.94,1,19,22,76,1
17830,171915,2.3,1,7,10,10,1
17831,171916,-1.01,0,0,3,1,1
17832,171921,0.95,1,4,7,5,1
17833,171927,1.44,1,5,8,6,1
17834,171933,1.44,1,5,8,6,1
17835,171939,1.44,1,5,8,6,1
17836,171942,-0.03,0,2,5,3,1
17837,171946,0.46,1,3,6,4,1
17838,171963,4.63,1,12,15,17,1
17839,171983,3.35,1,10,13,20,1
17840,172011,4.52,1,13,16,28,1
17841,172012,-1.01,0,0,3,1,1
17842,172021,1.26,1,5,8,9,1
17843,172027,1.44,1,5,8,6,1
17844,172030,-0.03,0,2,5,3,1
17845,172109,2.56,1,15,18,79,1
17846,172110,-1.01,0,0,3,1,1
17847,172127,5.18,1,13,16,17,1
17848,172138,3.34,1,9,12,11,1
17849,172144,0.89,1,4,7,6,1
17850,172147,-0.03,0,2,5,3,1
17851,172153,0.89,1,4,7,6,1
17852,172155,-0.52,0,1,4,2,1
17853,172168,3.22,1,9,12,13,1
17854,172198,6.05,1,16,19,30,1
17855,172205,1.38,1,5,8,7,1
17856,172208,-0.03,0,2,5,3,1
17857,172216,1.87,1,6,9,8,1
17858,172222,1.44,1,5,8,6,1
17859,172224,-0.52,0,1,4,2,1
17860,172235,2.79,1,8,11,11,1
17861,172237,-0.52,0,1,4,2,1
17862,172247,2.85,1,8,11,10,1
17863,172253,1.44,1,5,8,6,1
17864,172254,-1.01,0,0,3,1,1
17865,172256,-0.52,0,1,4,2,1
17866,172259,-0.03,0,2,5,3,1
17867,172276,4.63,1,12,15,17,1
17868,172282,1.44,1,5,8,6,1
17869,172309,6.23,1,16,19,27,1
17870,172324,2.55,1,8,11,15,1
17871,172337,2.67,1,8,11,13,1
17872,172359,5.43,1,14,17,22,1
17873,172379,3.9,1,11,14,20,1
17874,172386,1.93,1,6,9,7,1
17875,172387,-1.01,0,0,3,1,1
17876,172408,3.84,1,11,14,21,1
17877,172410,-0.52,0,1,4,2,1
17878,172428,6.22,1,15,18,18,1
17879,172445,3.53,1,10,13,17,1
17880,172456,2.79,1,8,11,11,1
17881,172487,4.89,1,14,17,31,1
17882,172490,-0.03,0,2,5,3,1
17883,172508,3.47,1,10,13,18,1
17884,172512,0.46,1,3,6,4,1
17885,172517,0.95,1,4,7,5,1
17886,172539,3.78,1,11,14,22,1
17887,172541,-0.52,0,1,4,2,1
17888,172546,0.4,1,3,6,5,1
17889,172573,4.03,1,12,15,27,1
17890,172583,1.75,1,6,9,10,1
17891,172590,1.38,1,5,8,7,1
17892,172604,3.16,1,9,12,14,1
17893,172605,-1.01,0,0,3,1,1
17894,172639,6.36,1,17,20,34,1
17895,172664,4.7,1,13,16,25,1
17896,172679,1.45,1,6,9,15,1
17897,172682,-0.03,0,2,5,3,1
17898,172696,3.71,1,10,13,14,1
17899,172702,0.89,1,4,7,6,1
17900,172719,4.63,1,12,15,17,1
17901,172722,-0.03,0,2,5,3,1
17902,172724,-0.52,0,1,4,2,1
17903,172730,0.89,1,4,7,6,1
17904,172744,2.61,1,8,11,14,1
17905,172747,-0.03,0,2,5,3,1
17906,172749,-0.52,0,1,4,2,1
17907,172753,0.46,1,3,6,4,1
17908,172766,1.57,1,6,9,13,1
17909,172770,0.46,1,3,6,4,1
17910,172773,-0.03,0,2,5,3,1
17911,172774,-1.01,0,0,3,1,1
17912,172776,-0.52,0,1,4,2,1
17913,172791,2.0,1,7,10,15,1
17914,172800,2.36,1,7,10,9,1
17915,172803,-0.03,0,2,5,3,1
17916,172816,3.77,1,10,13,13,1
17917,172822,1.44,1,5,8,6,1
17918,172827,0.95,1,4,7,5,1
17919,172830,-0.03,0,2,5,3,1
17920,172833,-0.03,0,2,5,3,1
17921,172849,1.94,1,7,10,16,1
17922,172853,0.46,1,3,6,4,1
17923,172861,1.32,1,5,8,8,1
17924,172862,-1.01,0,0,3,1,1
17925,172866,0.46,1,3,6,4,1
17926,172868,-0.52,0,1,4,2,1
17927,172880,1.63,1,6,9,12,1
17928,172884,0.46,1,3,6,4,1
17929,172885,-1.01,0,0,3,1,1
17930,172902,4.63,1,12,15,17,1
17931,172914,2.18,1,7,10,12,1
17932,172918,-0.09,0,2,5,4,1
17933,172920,-0.52,0,1,4,2,1
17934,172922,-0.52,0,1,4,2,1
17935,172944,3.78,1,11,14,22,1
17936,172952,1.32,1,5,8,8,1
17937,172958,0.89,1,4,7,6,1
17938,172961,-0.03,0,2,5,3,1
17939,172963,-0.52,0,1,4,2,1
17940,172973,2.85,1,8,11,10,1
17941,172983,1.75,1,6,9,10,1
17942,172985,-0.52,0,1,4,2,1
17943,172992,1.38,1,5,8,7,1
17944,172995,-0.03,0,2,5,3,1
17945,173003,2.42,1,7,10,8,1
17946,173015,1.08,1,5,8,12,1
17947,173023,1.32,1,5,8,8,1
17948,173025,-0.52,0,1,4,2,1
17949,173026,-1.01,0,0,3,1,1
17950,173027,-1.01,0,0,3,1,1
17951,173030,-0.03,0,2,5,3,1
17952,173062,4.83,1,14,17,32,1
17953,173066,0.46,1,3,6,4,1
17954,173083,2.98,1,9,12,17,1
17955,173107,4.76,1,13,16,24,1
17956,173111,0.46,1,3,6,4,1
17957,173117,0.89,1,4,7,6,1
17958,173119,-0.52,0,1,4,2,1
17959,173120,-1.01,0,0,3,1,1
17960,173129,1.81,1,6,9,9,1
17961,173131,-0.52,0,1,4,2,1
17962,173138,0.83,1,4,7,7,1
17963,173156,2.92,1,9,12,18,1
17964,173158,-0.52,0,1,4,2,1
17965,173162,0.46,1,3,6,4,1
17966,173190,5.07,1,14,17,28,1
17967,173193,-0.03,0,2,5,3,1
17968,173195,-0.52,0,1,4,2,1
17969,173197,-0.52,0,1,4,2,1
17970,173198,-1.01,0,0,3,1,1
17971,173207,1.81,1,6,9,9,1
17972,173234,4.58,1,13,16,27,1
17973,173236,-0.52,0,1,4,2,1
17974,173275,4.41,1,14,17,39,1
17975,173295,2.8,1,9,12,20,1
17976,173297,-0.52,0,1,4,2,1
17977,173300,-0.03,0,2,5,3,1
17978,173305,0.95,1,4,7,5,1
17979,173308,-0.03,0,2,5,3,1
17980,173310,-0.52,0,1,4,2,1
17981,173321,3.89,1,10,13,11,1
17982,173329,1.87,1,6,9,8,1
17983,173335,0.89,1,4,7,6,1
17984,173341,1.44,1,5,8,6,1
17985,173342,-1.01,0,0,3,1,1
17986,173345,-0.03,0,2,5,3,1
17987,173359,2.61,1,8,11,14,1
17988,173361,-0.52,0,1,4,2,1
17989,173373,3.28,1,9,12,12,1
17990,173397,2.01,1,8,11,24,1
17991,173421,4.76,1,13,16,24,1
17992,173429,2.42,1,7,10,8,1
17993,173450,5.49,1,14,17,21,1
17994,173453,-0.03,0,2,5,3,1
17995,173454,-1.01,0,0,3,1,1
17996,173461,1.93,1,6,9,7,1
17997,173463,-0.52,0,1,4,2,1
17998,173464,-1.01,0,0,3,1,1
17999,173465,-1.01,0,0,3,1,1
18000,173473,1.87,1,6,9,8,1
18001,173477,0.46,1,3,6,4,1
18002,173480,-0.03,0,2,5,3,1
18003,173485,0.95,1,4,7,5,1
18004,173496,2.79,1,8,11,11,1
18005,173521,6.9,1,17,20,25,1
18006,173524,-0.03,0,2,5,3,1
18007,173526,-0.52,0,1,4,2,1
18008,173542,3.59,1,10,13,16,1
18009,173552,1.2,1,5,8,10,1
18010,173562,2.3,1,7,10,10,1
18011,173565,-0.03,0,2,5,3,1
18012,173566,-1.01,0,0,3,1,1
18013,173567,-1.01,0,0,3,1,1
18014,173596,6.11,1,16,19,29,1
18015,173605,2.36,1,7,10,9,1
18016,173609,0.46,1,3,6,4,1
18017,173627,4.02,1,11,14,18,1
18018,173631,0.46,1,3,6,4,1
18019,173632,-1.01,0,0,3,1,1
18020,173654,4.88,1,13,16,22,1
18021,173670,2.49,1,8,11,16,1
18022,173691,4.39,1,12,15,21,1
18023,173694,-0.03,0,2,5,3,1
18024,173714,2.8,1,9,12,20,1
18025,173718,0.46,1,3,6,4,1
18026,173723,0.4,1,3,6,5,1
18027,173733,2.85,1,8,11,10,1
18028,173736,-0.03,0,2,5,3,1
18029,173753,4.08,1,11,14,17,1
18030,173754,-1.01,0,0,3,1,1
18031,173766,3.83,1,10,13,12,1
18032,173770,0.46,1,3,6,4,1
18033,173774,0.46,1,3,6,4,1
18034,173819,5.7,1,17,20,45,1
18035,173834,3.65,1,10,13,15,1
18036,173865,4.89,1,14,17,31,1
18037,173885,3.9,1,11,14,20,1
18038,173889,0.46,1,3,6,4,1
18039,173895,0.89,1,4,7,6,1
18040,173896,-1.01,0,0,3,1,1
18041,173917,3.84,1,11,14,21,1
18042,173919,-0.52,0,1,4,2,1
18043,173926,1.93,1,6,9,7,1
18044,173930,0.46,1,3,6,4,1
18045,173931,-1.01,0,0,3,1,1
18046,173933,-0.52,0,1,4,2,1
18047,173981,4.97,1,16,19,48,1
18048,173985,0.46,1,3,6,4,1
18049,173989,0.46,1,3,6,4,1
18050,174030,4.29,1,14,17,41,1
18051,174033,-0.03,0,2,5,3,1
18052,174038,0.95,1,4,7,5,1
18053,174056,4.02,1,11,14,18,1
18054,174074,5.12,1,13,16,18,1
18055,174076,-0.52,0,1,4,2,1
18056,174093,2.98,1,9,12,17,1
18057,174118,1.95,1,8,11,25,1
18058,174119,-1.01,0,0,3,1,1
18059,174120,-1.01,0,0,3,1,1
18060,174123,-0.03,0,2,5,3,1
18061,174140,2.98,1,9,12,17,1
18062,174146,0.89,1,4,7,6,1
18063,174168,3.78,1,11,14,22,1
18064,174170,-0.52,0,1,4,2,1
18065,174171,-1.01,0,0,3,1,1
18066,174196,3.05,1,10,13,25,1
18067,174200,0.46,1,3,6,4,1
18068,174203,-0.03,0,2,5,3,1
18069,174205,-0.52,0,1,4,2,1
18070,174209,-0.09,0,2,5,4,1
18071,174210,-1.01,0,0,3,1,1
18072,174212,-0.52,0,1,4,2,1
18073,174217,0.95,1,4,7,5,1
18074,174220,-0.03,0,2,5,3,1
18075,174221,-1.01,0,0,3,1,1
18076,174232,1.69,1,6,9,11,1
18077,174234,-0.52,0,1,4,2,1
18078,174251,4.08,1,11,14,17,1
18079,174286,5.2,1,15,18,35,1
18080,174287,-1.01,0,0,3,1,1
18081,174298,2.79,1,8,11,11,1
18082,174302,0.46,1,3,6,4,1
18083,174307,0.4,1,3,6,5,1
18084,174329,4.88,1,13,16,22,1
18085,174331,-0.52,0,1,4,2,1
18086,174343,2.73,1,8,11,12,1
18087,174353,2.85,1,8,11,10,1
18088,174370,3.53,1,10,13,17,1
18089,174383,2.67,1,8,11,13,1
18090,174388,0.4,1,3,6,5,1
18091,174390,-0.52,0,1,4,2,1
18092,174404,3.71,1,10,13,14,1
18093,174416,3.83,1,10,13,12,1
18094,174428,3.28,1,9,12,12,1
18095,174430,-0.52,0,1,4,2,1
18096,174431,-1.01,0,0,3,1,1
18097,174442,2.24,1,7,10,11,1
18098,174450,2.42,1,7,10,8,1
18099,174461,2.79,1,8,11,11,1
18100,174462,-1.01,0,0,3,1,1
18101,174464,-0.52,0,1,4,2,1
18102,174499,6.3,1,17,20,35,1
18103,174503,0.46,1,3,6,4,1
18104,174508,0.4,1,3,6,5,1
18105,174516,1.32,1,5,8,8,1
18106,174517,-1.01,0,0,3,1,1
18107,174527,2.3,1,7,10,10,1
18108,174598,5.79,1,20,23,71,1
18109,174604,0.89,1,4,7,6,1
18110,174613,1.81,1,6,9,9,1
18111,174615,-0.52,0,1,4,2,1
18112,174620,0.95,1,4,7,5,1
18113,174631,2.24,1,7,10,11,1
18114,174635,0.46,1,3,6,4,1
18115,174639,0.46,1,3,6,4,1
18116,174649,2.85,1,8,11,10,1
18117,174712,6.27,1,20,23,63,1
18118,174717,0.4,1,3,6,5,1
18119,174718,-1.01,0,0,3,1,1
18120,174744,4.09,1,12,15,26,1
18121,174755,2.79,1,8,11,11,1
18122,174756,-1.01,0,0,3,1,1
18123,174782,5.74,1,15,18,26,1
18124,174786,0.46,1,3,6,4,1
18125,174842,5.59,1,18,21,56,1
18126,174845,-0.03,0,2,5,3,1
18127,174857,1.63,1,6,9,12,1
18128,174878,4.39,1,12,15,21,1
18129,174888,1.2,1,5,8,10,1
18130,174890,-0.52,0,1,4,2,1
18131,174906,3.04,1,9,12,16,1
18132,174914,1.32,1,5,8,8,1
18133,174920,1.44,1,5,8,6,1
18134,174936,3.04,1,9,12,16,1
18135,174949,2.12,1,7,10,13,1
18136,174951,-0.52,0,1,4,2,1
18137,174978,4.58,1,13,16,27,1
18138,174997,5.06,1,13,16,19,1
18139,175010,2.12,1,7,10,13,1
18140,175018,1.32,1,5,8,8,1
18141,175024,1.44,1,5,8,6,1
18142,175036,3.28,1,9,12,12,1
18143,175041,0.4,1,3,6,5,1
18144,175093,6.93,1,20,23,52,1
18145,175113,4.45,1,12,15,20,1
18146,175116,-0.03,0,2,5,3,1
18147,175120,0.46,1,3,6,4,1
18148,175126,0.89,1,4,7,6,1
18149,175143,3.53,1,10,13,17,1
18150,175172,5.01,1,14,17,29,1
18151,175200,5.07,1,14,17,28,1
18152,175201,-1.01,0,0,3,1,1
18153,175219,4.57,1,12,15,18,1
18154,175221,-0.52,0,1,4,2,1
18155,175235,3.16,1,9,12,14,1
18156,175236,-1.01,0,0,3,1,1
18157,175246,0.65,1,4,7,10,1
18158,175280,4.71,1,14,17,34,1
18159,175281,-1.01,0,0,3,1,1
18160,175289,1.87,1,6,9,8,1
18161,175292,-0.03,0,2,5,3,1
18162,175309,4.08,1,11,14,17,1
18163,175312,-0.03,0,2,5,3,1
18164,175328,2.49,1,8,11,16,1
18165,175333,0.4,1,3,6,5,1
18166,175336,-0.03,0,2,5,3,1
18167,175351,3.1,1,9,12,15,1
18168,175366,3.65,1,10,13,15,1
18169,175374,0.77,1,4,7,8,1
18170,175375,-1.01,0,0,3,1,1
18171,175376,-1.01,0,0,3,1,1
18172,175414,6.67,1,18,21,38,1
18173,175417,-0.03,0,2,5,3,1
18174,175426,2.36,1,7,10,9,1
18175,175438,2.18,1,7,10,12,1
18176,175441,-0.03,0,2,5,3,1
18177,175468,5.13,1,14,17,27,1
18178,175474,0.89,1,4,7,6,1
18179,175476,-0.52,0,1,4,2,1
18180,175486,2.85,1,8,11,10,1
18181,175488,-0.52,0,1,4,2,1
18182,175490,-0.52,0,1,4,2,1
18183,175491,-1.01,0,0,3,1,1
18184,175511,5.0,1,13,16,20,1
18185,175514,-0.03,0,2,5,3,1
18186,175529,4.2,1,11,14,15,1
18187,175533,0.46,1,3,6,4,1
18188,175539,0.89,1,4,7,6,1
18189,175541,-0.52,0,1,4,2,1
18190,175551,2.85,1,8,11,10,1
18191,175557,0.89,1,4,7,6,1
18192,175559,-0.52,0,1,4,2,1
18193,175562,-0.03,0,2,5,3,1
18194,175564,-0.52,0,1,4,2,1
18195,175565,-1.01,0,0,3,1,1
18196,175571,0.89,1,4,7,6,1
18197,175572,-1.01,0,0,3,1,1
18198,175574,-0.52,0,1,4,2,1
18199,175577,-0.03,0,2,5,3,1
18200,175579,-0.52,0,1,4,2,1
18201,175594,3.65,1,10,13,15,1
18202,175598,0.46,1,3,6,4,1
18203,175601,-0.03,0,2,5,3,1
18204,175623,5.98,1,15,18,22,1
18205,175629,0.89,1,4,7,6,1
18206,175656,4.03,1,12,15,27,1
18207,175661,0.95,1,4,7,5,1
18208,175664,-0.03,0,2,5,3,1
18209,175676,3.28,1,9,12,12,1
18210,175708,4.28,1,13,16,32,1
18211,175711,-0.03,0,2,5,3,1
18212,175718,1.93,1,6,9,7,1
18213,175720,-0.52,0,1,4,2,1
18214,175747,1.83,1,8,11,27,1
18215,175755,1.87,1,6,9,8,1
18216,175761,0.89,1,4,7,6,1
18217,175770,2.36,1,7,10,9,1
18218,175822,5.28,1,17,20,52,1
18219,175832,1.2,1,5,8,10,1
18220,175837,0.4,1,3,6,5,1
18221,175841,0.46,1,3,6,4,1
18222,175861,5.0,1,13,16,20,1
18223,175869,2.42,1,7,10,8,1
18224,175870,-1.01,0,0,3,1,1
18225,175871,-1.01,0,0,3,1,1
18226,175889,3.47,1,10,13,18,1
18227,175893,0.46,1,3,6,4,1
18228,175913,3.9,1,11,14,20,1
18229,175914,-1.01,0,0,3,1,1
18230,175916,-0.52,0,1,4,2,1
18231,175927,2.24,1,7,10,11,1
18232,175932,0.95,1,4,7,5,1
18233,175952,2.25,1,8,11,20,1
18234,175964,2.73,1,8,11,12,1
18235,176019,5.65,1,18,21,55,1
18236,176023,0.46,1,3,6,4,1
18237,176025,-0.52,0,1,4,2,1
18238,176037,2.73,1,8,11,12,1
18239,176043,0.89,1,4,7,6,1
18240,176046,-0.03,0,2,5,3,1
18241,176065,5.06,1,13,16,19,1
18242,176093,4.52,1,13,16,28,1
18243,176101,0.22,1,3,6,8,1
18244,176104,-0.03,0,2,5,3,1
18245,176109,0.95,1,4,7,5,1
18246,176110,-1.01,0,0,3,1,1
18247,176129,3.96,1,11,14,19,1
18248,176131,-0.52,0,1,4,2,1
18249,176148,4.63,1,12,15,17,1
18250,176150,-0.52,0,1,4,2,1
18251,176151,-1.01,0,0,3,1,1
18252,176152,-1.01,0,0,3,1,1
18253,176154,-0.52,0,1,4,2,1
18254,176163,2.36,1,7,10,9,1
18255,176164,-1.01,0,0,3,1,1
18256,176178,2.06,1,7,10,14,1
18257,176186,1.87,1,6,9,8,1
18258,176206,4.45,1,12,15,20,1
18259,176209,-0.03,0,2,5,3,1
18260,176220,1.69,1,6,9,11,1
18261,176227,1.93,1,6,9,7,1
18262,176230,-0.03,0,2,5,3,1
18263,176238,1.32,1,5,8,8,1
18264,176263,5.25,1,14,17,25,1
18265,176267,0.46,1,3,6,4,1
18266,176269,-0.52,0,1,4,2,1
18267,176275,0.34,1,3,6,6,1
18268,176288,3.77,1,10,13,13,1
18269,176289,-1.01,0,0,3,1,1
18270,176304,4.2,1,11,14,15,1
18271,176308,-0.09,0,2,5,4,1
18272,176309,-1.01,0,0,3,1,1
18273,176326,4.08,1,11,14,17,1
18274,176329,-0.03,0,2,5,3,1
18275,176337,1.87,1,6,9,8,1
18276,176348,2.24,1,7,10,11,1
18277,176366,5.12,1,13,16,18,1
18278,176377,2.79,1,8,11,11,1
18279,176383,1.44,1,5,8,6,1
18280,176384,-1.01,0,0,3,1,1
18281,176392,1.87,1,6,9,8,1
18282,176395,-0.03,0,2,5,3,1
18283,176396,-1.01,0,0,3,1,1
18284,176406,2.3,1,7,10,10,1
18285,176415,1.81,1,6,9,9,1
18286,176419,0.46,1,3,6,4,1
18287,176420,-1.01,0,0,3,1,1
18288,176426,0.89,1,4,7,6,1
18289,176428,-0.52,0,1,4,2,1
18290,176450,4.88,1,13,16,22,1
18291,176453,-0.03,0,2,5,3,1
18292,176458,0.4,1,3,6,5,1
18293,176460,-0.52,0,1,4,2,1
18294,176468,1.32,1,5,8,8,1
18295,176475,1.38,1,5,8,7,1
18296,176479,0.46,1,3,6,4,1
18297,176483,0.46,1,3,6,4,1
18298,176487,0.46,1,3,6,4,1
18299,176496,2.36,1,7,10,9,1
18300,176502,0.89,1,4,7,6,1
18301,176504,-0.52,0,1,4,2,1
18302,176507,-0.03,0,2,5,3,1
18303,176536,5.01,1,14,17,29,1
18304,176538,-0.52,0,1,4,2,1
18305,176544,0.34,1,3,6,6,1
18306,176547,-0.03,0,2,5,3,1
18307,176557,2.85,1,8,11,10,1
18308,176563,0.89,1,4,7,6,1
18309,176570,1.38,1,5,8,7,1
18310,176585,2.0,1,7,10,15,1
18311,176586,-1.01,0,0,3,1,1
18312,176592,1.44,1,5,8,6,1
18313,176594,-0.52,0,1,4,2,1
18314,176595,-1.01,0,0,3,1,1
18315,176602,1.38,1,5,8,7,1
18316,176613,1.69,1,6,9,11,1
18317,176634,2.74,1,9,12,21,1
18318,176638,0.46,1,3,6,4,1
18319,176643,0.4,1,3,6,5,1
18320,176655,3.28,1,9,12,12,1
18321,176656,-1.01,0,0,3,1,1
18322,176662,0.89,1,4,7,6,1
18323,176671,1.81,1,6,9,9,1
18324,176682,2.79,1,8,11,11,1
18325,176694,2.73,1,8,11,12,1
18326,176695,-1.01,0,0,3,1,1
18327,176696,-1.01,0,0,3,1,1
18328,176706,2.3,1,7,10,10,1
18329,176728,3.23,1,10,13,22,1
18330,176765,3.98,1,13,16,37,1
18331,176769,0.46,1,3,6,4,1
18332,176789,5.0,1,13,16,20,1
18333,176802,2.67,1,8,11,13,1
18334,176806,0.46,1,3,6,4,1
18335,176813,0.83,1,4,7,7,1
18336,176831,4.02,1,11,14,18,1
18337,176832,-1.01,0,0,3,1,1
18338,176866,3.61,1,12,15,34,1
18339,176870,0.46,1,3,6,4,1
18340,176885,4.2,1,11,14,15,1
18341,176888,-0.03,0,2,5,3,1
18342,176905,4.63,1,12,15,17,1
18343,176916,1.14,1,5,8,11,1
18344,176917,-1.01,0,0,3,1,1
18345,176942,5.25,1,14,17,25,1
18346,176954,2.73,1,8,11,12,1
18347,176959,0.95,1,4,7,5,1
18348,176970,2.79,1,8,11,11,1
18349,176973,-0.03,0,2,5,3,1
18350,176977,0.46,1,3,6,4,1
18351,177002,5.25,1,14,17,25,1
18352,177004,-0.52,0,1,4,2,1
18353,177012,1.87,1,6,9,8,1
18354,177022,2.3,1,7,10,10,1
18355,177047,4.7,1,13,16,25,1
18356,177059,2.73,1,8,11,12,1
18357,177071,2.73,1,8,11,12,1
18358,177074,-0.03,0,2,5,3,1
18359,177101,4.58,1,13,16,27,1
18360,177102,-1.01,0,0,3,1,1
18361,177120,2.92,1,9,12,18,1
18362,177124,0.46,1,3,6,4,1
18363,177127,-0.03,0,2,5,3,1
18364,177132,0.95,1,4,7,5,1
18365,177134,-0.52,0,1,4,2,1
18366,177146,2.18,1,7,10,12,1
18367,177148,-0.52,0,1,4,2,1
18368,177156,0.77,1,4,7,8,1
18369,177162,0.89,1,4,7,6,1
18370,177165,-0.03,0,2,5,3,1
18371,177167,-0.52,0,1,4,2,1
18372,177206,7.16,1,19,22,39,1
18373,177209,-0.03,0,2,5,3,1
18374,177215,1.44,1,5,8,6,1
18375,177225,2.3,1,7,10,10,1
18376,177239,3.71,1,10,13,14,1
18377,177257,3.47,1,10,13,18,1
18378,177266,1.81,1,6,9,9,1
18379,177274,2.42,1,7,10,8,1
18380,177278,0.46,1,3,6,4,1
18381,177302,3.11,1,10,13,24,1
18382,177303,-1.01,0,0,3,1,1
18383,177330,6.23,1,16,19,27,1
18384,177331,-1.01,0,0,3,1,1
18385,177333,-0.52,0,1,4,2,1
18386,177336,-0.03,0,2,5,3,1
18387,177357,3.84,1,11,14,21,1
18388,177375,3.47,1,10,13,18,1
18389,177381,1.44,1,5,8,6,1
18390,177391,1.2,1,5,8,10,1
18391,177440,6.56,1,19,22,49,1
18392,177442,-0.52,0,1,4,2,1
18393,177458,3.59,1,10,13,16,1
18394,177462,0.46,1,3,6,4,1
18395,177486,4.76,1,13,16,24,1
18396,177523,6.18,1,17,20,37,1
18397,177548,5.25,1,14,17,25,1
18398,177554,0.89,1,4,7,6,1
18399,177557,-0.03,0,2,5,3,1
18400,177571,4.26,1,11,14,14,1
18401,177585,3.71,1,10,13,14,1
18402,177595,2.85,1,8,11,10,1
18403,177660,6.7,1,21,24,65,1
18404,177674,3.16,1,9,12,14,1
18405,177679,0.95,1,4,7,5,1
18406,177694,4.75,1,12,15,15,1
18407,177717,5.37,1,14,17,23,1
18408,177719,-0.52,0,1,4,2,1
18409,177725,1.44,1,5,8,6,1
18410,177728,-0.03,0,2,5,3,1
18411,177783,5.65,1,18,21,55,1
18412,177789,1.44,1,5,8,6,1
18413,177797,1.87,1,6,9,8,1
18414,177799,-0.52,0,1,4,2,1
18415,177842,4.72,1,15,18,43,1
18416,177843,-1.01,0,0,3,1,1
18417,177848,0.95,1,4,7,5,1
18418,177874,5.74,1,15,18,26,1
18419,177877,-0.03,0,2,5,3,1
18420,177880,-0.03,0,2,5,3,1
18421,177884,0.46,1,3,6,4,1
18422,177887,-0.03,0,2,5,3,1
18423,177903,4.69,1,12,15,16,1
18424,177909,1.44,1,5,8,6,1
18425,177911,-0.52,0,1,4,2,1
18426,177929,5.12,1,13,16,18,1
18427,177950,6.04,1,15,18,21,1
18428,177959,2.91,1,8,11,9,1
18429,177960,-1.01,0,0,3,1,1
18430,177961,-1.01,0,0,3,1,1
18431,177963,-0.52,0,1,4,2,1
18432,177964,-1.01,0,0,3,1,1
18433,178009,6.8,1,19,22,45,1
18434,178020,2.79,1,8,11,11,1
18435,178023,-0.03,0,2,5,3,1
18436,178025,-0.52,0,1,4,2,1
18437,178027,-0.52,0,1,4,2,1
18438,178028,-1.01,0,0,3,1,1
18439,178069,5.39,1,16,19,41,1
18440,178080,2.79,1,8,11,11,1
18441,178083,-0.03,0,2,5,3,1
18442,178088,0.4,1,3,6,5,1
18443,178098,1.2,1,5,8,10,1
18444,178100,-0.52,0,1,4,2,1
18445,178102,-0.52,0,1,4,2,1
18446,178115,2.12,1,7,10,13,1
18447,178116,-1.01,0,0,3,1,1
18448,178127,1.69,1,6,9,11,1
18449,178135,2.42,1,7,10,8,1
18450,178145,1.75,1,6,9,10,1
18451,178156,1.14,1,5,8,11,1
18452,178180,3.66,1,11,14,24,1
18453,178212,4.83,1,14,17,32,1
18454,178221,1.81,1,6,9,9,1
18455,178252,4.34,1,13,16,31,1
18456,178267,4.2,1,11,14,15,1
18457,178270,-0.03,0,2,5,3,1
18458,178271,-1.01,0,0,3,1,1
18459,178291,3.9,1,11,14,20,1
18460,178310,3.96,1,11,14,19,1
18461,178330,6.1,1,15,18,20,1
18462,178348,4.57,1,12,15,18,1
18463,178349,-1.01,0,0,3,1,1
18464,178363,3.16,1,9,12,14,1
18465,178366,-0.03,0,2,5,3,1
18466,178367,-1.01,0,0,3,1,1
18467,178395,4.52,1,13,16,28,1
18468,178421,5.19,1,14,17,26,1
18469,178439,4.02,1,11,14,18,1
18470,178445,0.89,1,4,7,6,1
18471,178446,-1.01,0,0,3,1,1
18472,178449,-0.03,0,2,5,3,1
18473,178634,3.0,1,22,25,185,0
18474,178637,-0.03,0,2,5,3,1
18475,178642,0.95,1,4,7,5,1
18476,178648,0.89,1,4,7,6,1
18477,178658,1.75,1,6,9,10,1
18478,178659,-1.01,0,0,3,1,1
18479,178675,2.49,1,8,11,16,1
18480,178680,0.4,1,3,6,5,1
18481,178686,0.89,1,4,7,6,1
18482,178695,2.91,1,8,11,9,1
18483,178701,1.44,1,5,8,6,1
18484,178705,0.46,1,3,6,4,1
18485,178712,1.93,1,6,9,7,1
18486,178723,1.69,1,6,9,11,1
18487,178725,-0.52,0,1,4,2,1
18488,178726,-1.01,0,0,3,1,1
18489,178742,4.14,1,11,14,16,1
18490,178744,-0.52,0,1,4,2,1
18491,178803,4.86,1,17,20,59,1
18492,178811,1.32,1,5,8,8,1
18493,178813,-0.52,0,1,4,2,1
18494,178815,-0.52,0,1,4,2,1
18495,178826,2.24,1,7,10,11,1
18496,178836,1.75,1,6,9,10,1
18497,178843,0.83,1,4,7,7,1
18498,178845,-0.52,0,1,4,2,1
18499,178853,1.32,1,5,8,8,1
18500,178856,-0.03,0,2,5,3,1
18501,178870,2.61,1,8,11,14,1
18502,178872,-0.52,0,1,4,2,1
18503,178873,-1.01,0,0,3,1,1
18504,178876,-0.03,0,2,5,3,1
18505,178878,-0.52,0,1,4,2,1
18506,178887,2.36,1,7,10,9,1
18507,178895,1.87,1,6,9,8,1
18508,178898,-0.03,0,2,5,3,1
18509,178920,3.23,1,10,13,22,1
18510,178922,-0.52,0,1,4,2,1
18511,178928,0.89,1,4,7,6,1
18512,178934,1.44,1,5,8,6,1
18513,178948,3.16,1,9,12,14,1
18514,178965,2.98,1,9,12,17,1
18515,178982,4.08,1,11,14,17,1
18516,178989,1.38,1,5,8,7,1
18517,179033,6.31,1,18,21,44,1
18518,179049,4.14,1,11,14,16,1
18519,179057,1.32,1,5,8,8,1
18520,179060,-0.03,0,2,5,3,1
18521,179085,4.15,1,12,15,25,1
18522,179101,3.59,1,10,13,16,1
18523,179103,-0.52,0,1,4,2,1
18524,179106,-0.03,0,2,5,3,1
18525,179114,1.32,1,5,8,8,1
18526,179119,0.4,1,3,6,5,1
18527,179126,0.83,1,4,7,7,1
18528,179146,3.9,1,11,14,20,1
18529,179182,5.69,1,16,19,36,1
18530,179200,4.57,1,12,15,18,1
18531,179210,3.4,1,9,12,10,1
18532,179218,0.77,1,4,7,8,1
18533,179242,3.66,1,11,14,24,1
18534,179257,2.55,1,8,11,15,1
18535,179259,-0.52,0,1,4,2,1
18536,179280,4.39,1,12,15,21,1
18537,179285,0.95,1,4,7,5,1
18538,179289,-0.09,0,2,5,4,1
18539,179291,-0.52,0,1,4,2,1
18540,179342,5.89,1,18,21,51,1
18541,179351,1.81,1,6,9,9,1
18542,179360,1.26,1,5,8,9,1
18543,179406,3.99,1,14,17,46,1
18544,179408,-0.52,0,1,4,2,1
18545,179412,0.46,1,3,6,4,1
18546,179414,-0.52,0,1,4,2,1
18547,179416,-0.52,0,1,4,2,1
18548,179420,0.46,1,3,6,4,1
18549,179423,-0.03,0,2,5,3,1
18550,179432,1.26,1,5,8,9,1
18551,179445,2.67,1,8,11,13,1
18552,179463,4.02,1,11,14,18,1
18553,179464,-1.01,0,0,3,1,1
18554,179472,2.42,1,7,10,8,1
18555,179495,4.27,1,12,15,23,1
18556,179504,2.91,1,8,11,9,1
18557,179519,3.65,1,10,13,15,1
18558,179521,-0.52,0,1,4,2,1
18559,179527,0.89,1,4,7,6,1
18560,179548,2.19,1,8,11,21,1
18561,179549,-1.01,0,0,3,1,1
18562,179550,-1.01,0,0,3,1,1
18563,179553,-0.03,0,2,5,3,1
18564,179557,-0.09,0,2,5,4,1
18565,179563,1.44,1,5,8,6,1
18566,179576,3.22,1,9,12,13,1
18567,179598,5.43,1,14,17,22,1
18568,179607,1.26,1,5,8,9,1
18569,179620,2.67,1,8,11,13,1
18570,179630,2.3,1,7,10,10,1
18571,179658,4.52,1,13,16,28,1
18572,179661,-0.03,0,2,5,3,1
18573,179673,2.18,1,7,10,12,1
18574,179678,0.95,1,4,7,5,1
18575,179680,-0.52,0,1,4,2,1
18576,179714,4.71,1,14,17,34,1
18577,179730,4.14,1,11,14,16,1
18578,179734,0.46,1,3,6,4,1
18579,179746,1.63,1,6,9,12,1
18580,179774,3.42,1,11,14,28,1
18581,179780,0.34,1,3,6,6,1
18582,179789,2.91,1,8,11,9,1
18583,179792,-0.03,0,2,5,3,1
18584,179793,-1.01,0,0,3,1,1
18585,179811,3.47,1,10,13,18,1
18586,179825,3.16,1,9,12,14,1
18587,179845,5.55,1,14,17,20,1
18588,179861,3.04,1,9,12,16,1
18589,179869,1.32,1,5,8,8,1
18590,179881,2.73,1,8,11,12,1
18591,179883,-0.52,0,1,4,2,1
18592,179890,1.38,1,5,8,7,1
18593,179893,-0.03,0,2,5,3,1
18594,179894,-1.01,0,0,3,1,1
18595,179906,3.83,1,10,13,12,1
18596,179921,3.65,1,10,13,15,1
18597,179929,1.87,1,6,9,8,1
18598,179959,4.95,1,14,17,30,1
18599,179966,1.38,1,5,8,7,1
18600,179979,2.67,1,8,11,13,1
18601,179993,3.16,1,9,12,14,1
18602,180010,1.88,1,7,10,17,1
18603,180012,-0.52,0,1,4,2,1
18604,180049,5.63,1,16,19,37,1
18605,180061,2.73,1,8,11,12,1
18606,180072,2.79,1,8,11,11,1
18607,180077,0.95,1,4,7,5,1
18608,180082,0.4,1,3,6,5,1
18609,180091,1.81,1,6,9,9,1
18610,180106,2.55,1,8,11,15,1
18611,180115,1.26,1,5,8,9,1
18612,180135,3.35,1,10,13,20,1
18613,180144,1.81,1,6,9,9,1
18614,180150,0.89,1,4,7,6,1
18615,180185,6.3,1,17,20,35,1
18616,180195,2.3,1,7,10,10,1
18617,180198,-0.03,0,2,5,3,1
18618,180208,1.2,1,5,8,10,1
18619,180212,0.46,1,3,6,4,1
18620,180232,5.0,1,13,16,20,1
18621,180257,5.25,1,14,17,25,1
18622,180287,4.95,1,14,17,30,1
18623,180299,3.28,1,9,12,12,1
18624,180301,-0.52,0,1,4,2,1
18625,180316,2.0,1,7,10,15,1
18626,180317,-1.01,0,0,3,1,1
18627,180320,-0.03,0,2,5,3,1
18628,180322,-0.52,0,1,4,2,1
18629,180323,-1.01,0,0,3,1,1
18630,180340,3.53,1,10,13,17,1
18631,180342,-0.52,0,1,4,2,1
18632,180364,4.33,1,12,15,22,1
18633,180366,-0.52,0,1,4,2,1
18634,180391,4.15,1,12,15,25,1
18635,180455,4.01,1,16,19,64,1
18636,180460,0.95,1,4,7,5,1
18637,180461,-1.01,0,0,3,1,1
18638,180470,1.81,1,6,9,9,1
18639,180481,3.34,1,9,12,11,1
18640,180493,2.73,1,8,11,12,1
18641,180501,1.32,1,5,8,8,1
18642,180504,-0.03,0,2,5,3,1
18643,180505,-1.01,0,0,3,1,1
18644,180517,2.73,1,8,11,12,1
18645,180529,2.18,1,7,10,12,1
18646,180539,2.85,1,8,11,10,1
18647,180554,3.65,1,10,13,15,1
18648,180599,4.05,1,14,17,45,1
18649,180620,3.29,1,10,13,21,1
18650,180653,6.97,1,18,21,33,1
18651,180663,1.2,1,5,8,10,1
18652,180670,1.93,1,6,9,7,1
18653,180673,-0.03,0,2,5,3,1
18654,180682,2.36,1,7,10,9,1
18655,180717,5.2,1,15,18,35,1
18656,180727,1.75,1,6,9,10,1
18657,180742,3.1,1,9,12,15,1
18658,180758,3.59,1,10,13,16,1
18659,180767,1.81,1,6,9,9,1
18660,180768,-1.01,0,0,3,1,1
18661,180797,5.01,1,14,17,29,1
18662,180804,1.38,1,5,8,7,1
18663,180807,-0.03,0,2,5,3,1
18664,180817,2.85,1,8,11,10,1
18665,180823,0.89,1,4,7,6,1
18666,180831,2.42,1,7,10,8,1
18667,180833,-0.52,0,1,4,2,1
18668,180848,3.1,1,9,12,15,1
18669,180851,-0.03,0,2,5,3,1
18670,180861,2.85,1,8,11,10,1
18671,180865,-0.09,0,2,5,4,1
18672,180874,1.26,1,5,8,9,1
18673,180885,2.79,1,8,11,11,1
18674,180893,2.42,1,7,10,8,1
18675,180897,-0.09,0,2,5,4,1
18676,180907,3.4,1,9,12,10,1
18677,180915,1.87,1,6,9,8,1
18678,180948,5.87,1,16,19,33,1
18679,180957,1.81,1,6,9,9,1
18680,180980,4.27,1,12,15,23,1
18681,180991,2.79,1,8,11,11,1
18682,180997,1.44,1,5,8,6,1
18683,181005,1.87,1,6,9,8,1
18684,181021,4.14,1,11,14,16,1
18685,181022,-1.01,0,0,3,1,1
18686,181038,3.04,1,9,12,16,1
18687,181073,4.1,1,13,16,35,1
18688,181074,-1.01,0,0,3,1,1
18689,181078,0.46,1,3,6,4,1
18690,181107,5.56,1,15,18,29,1
18691,181130,5.37,1,14,17,23,1
18692,181131,-1.01,0,0,3,1,1
18693,181133,-0.52,0,1,4,2,1
18694,181148,1.45,1,6,9,15,1
18695,181175,5.13,1,14,17,27,1
18696,181176,-1.01,0,0,3,1,1
18697,181178,-0.52,0,1,4,2,1
18698,181185,1.93,1,6,9,7,1
18699,181188,-0.03,0,2,5,3,1
18700,181205,4.63,1,12,15,17,1
18701,181207,-0.52,0,1,4,2,1
18702,181211,-0.09,0,2,5,4,1
18703,181215,0.46,1,3,6,4,1
18704,181230,3.65,1,10,13,15,1
18705,181323,4.47,1,20,23,93,1
18706,181395,4.08,1,17,20,72,1
18707,181409,2.06,1,7,10,14,1
18708,181419,2.3,1,7,10,10,1
18709,181421,-0.52,0,1,4,2,1
18710,181440,2.86,1,9,12,19,1
18711,181462,4.88,1,13,16,22,1
18712,181477,3.65,1,10,13,15,1
18713,181493,4.14,1,11,14,16,1
18714,181510,2.98,1,9,12,17,1
18715,181523,1.57,1,6,9,13,1
18716,181526,-0.03,0,2,5,3,1
18717,181556,3.85,1,12,15,30,1
18718,181560,0.46,1,3,6,4,1
18719,181571,1.14,1,5,8,11,1
18720,181595,2.56,1,9,12,24,1
18721,181599,0.46,1,3,6,4,1
18722,181615,3.04,1,9,12,16,1
18723,181618,-0.03,0,2,5,3,1
18724,181622,0.46,1,3,6,4,1
18725,181624,-0.52,0,1,4,2,1
18726,181636,2.18,1,7,10,12,1
18727,181646,1.75,1,6,9,10,1
18728,181649,-0.03,0,2,5,3,1
18729,181650,-1.01,0,0,3,1,1
18730,181652,-0.52,0,1,4,2,1
18731,181661,2.36,1,7,10,9,1
18732,181679,4.02,1,11,14,18,1
18733,181682,-0.03,0,2,5,3,1
18734,181687,0.4,1,3,6,5,1
18735,181700,3.22,1,9,12,13,1
18736,181702,-0.52,0,1,4,2,1
18737,181709,1.93,1,6,9,7,1
18738,181712,-0.03,0,2,5,3,1
18739,181717,0.4,1,3,6,5,1
18740,181724,0.83,1,4,7,7,1
18741,181752,3.97,1,12,15,28,1
18742,181767,3.1,1,9,12,15,1
18743,181783,3.59,1,10,13,16,1
18744,181817,4.16,1,13,16,34,1
18745,181827,2.3,1,7,10,10,1
18746,181828,-1.01,0,0,3,1,1
18747,181834,1.44,1,5,8,6,1
18748,181843,1.81,1,6,9,9,1
18749,181847,0.46,1,3,6,4,1
18750,181852,0.4,1,3,6,5,1
18751,181881,4.46,1,13,16,29,1
18752,181883,-0.52,0,1,4,2,1
18753,181889,0.89,1,4,7,6,1
18754,181907,3.47,1,10,13,18,1
18755,181909,-0.52,0,1,4,2,1
18756,181917,1.32,1,5,8,8,1
18757,181923,1.44,1,5,8,6,1
18758,181927,0.46,1,3,6,4,1
18759,181929,-0.52,0,1,4,2,1
18760,181933,0.46,1,3,6,4,1
18761,181934,-1.01,0,0,3,1,1
18762,181940,1.44,1,5,8,6,1
18763,181941,-1.01,0,0,3,1,1
18764,181945,0.46,1,3,6,4,1
18765,181946,-1.01,0,0,3,1,1
18766,181947,-1.01,0,0,3,1,1
18767,181973,2.99,1,10,13,26,1
18768,181975,-0.52,0,1,4,2,1
18769,181980,0.4,1,3,6,5,1
18770,181986,1.44,1,5,8,6,1
18771,181992,1.44,1,5,8,6,1
18772,181999,1.93,1,6,9,7,1
18773,182008,2.91,1,8,11,9,1
18774,182009,-1.01,0,0,3,1,1
18775,182039,4.95,1,14,17,30,1
18776,182049,2.3,1,7,10,10,1
18777,182061,2.18,1,7,10,12,1
18778,182062,-1.01,0,0,3,1,1
18779,182071,1.81,1,6,9,9,1
18780,182080,2.91,1,8,11,9,1
18781,182084,0.46,1,3,6,4,1
18782,182100,3.04,1,9,12,16,1
18783,182102,-0.52,0,1,4,2,1
18784,182103,-1.01,0,0,3,1,1
18785,182110,1.38,1,5,8,7,1
18786,182112,-0.52,0,1,4,2,1
18787,182127,2.55,1,8,11,15,1
18788,182139,2.73,1,8,11,12,1
18789,182143,0.46,1,3,6,4,1
18790,182153,2.3,1,7,10,10,1
18791,182164,2.24,1,7,10,11,1
18792,182188,5.31,1,14,17,24,1
18793,182203,3.1,1,9,12,15,1
18794,182269,6.09,1,20,23,66,1
18795,182270,-1.01,0,0,3,1,1
18796,182273,-0.03,0,2,5,3,1
18797,182274,-1.01,0,0,3,1,1
18798,182295,3.29,1,10,13,21,1
18799,182309,2.06,1,7,10,14,1
18800,182318,1.26,1,5,8,9,1
18801,182320,-0.52,0,1,4,2,1
18802,182328,2.42,1,7,10,8,1
18803,182334,0.89,1,4,7,6,1
18804,182338,0.46,1,3,6,4,1
18805,182344,0.89,1,4,7,6,1
18806,182349,0.95,1,4,7,5,1
18807,182359,2.3,1,7,10,10,1
18808,182362,-0.03,0,2,5,3,1
18809,182378,4.14,1,11,14,16,1
18810,182398,4.45,1,12,15,20,1
18811,182412,1.51,1,6,9,14,1
18812,182417,0.95,1,4,7,5,1
18813,182436,4.51,1,12,15,19,1
18814,182441,0.95,1,4,7,5,1
18815,182444,-0.03,0,2,5,3,1
18816,182455,2.24,1,7,10,11,1
18817,182483,3.97,1,12,15,28,1
18818,182484,-1.01,0,0,3,1,1
18819,182487,-0.03,0,2,5,3,1
18820,182490,-0.03,0,2,5,3,1
18821,182518,6.17,1,16,19,28,1
18822,182545,4.58,1,13,16,27,1
18823,182546,-1.01,0,0,3,1,1
18824,182549,-0.03,0,2,5,3,1
18825,182554,0.4,1,3,6,5,1
18826,182562,1.87,1,6,9,8,1
18827,182563,-1.01,0,0,3,1,1
18828,182565,-0.52,0,1,4,2,1
18829,182587,4.33,1,12,15,22,1
18830,182588,-1.01,0,0,3,1,1
18831,182601,3.77,1,10,13,13,1
18832,182615,2.61,1,8,11,14,1
18833,182616,-1.01,0,0,3,1,1
18834,182633,2.98,1,9,12,17,1
18835,182635,-0.52,0,1,4,2,1
18836,182637,-0.52,0,1,4,2,1
18837,182666,3.91,1,12,15,29,1
18838,182672,0.89,1,4,7,6,1
18839,182675,-0.03,0,2,5,3,1
18840,182694,4.51,1,12,15,19,1
18841,182702,1.32,1,5,8,8,1
18842,182721,4.51,1,12,15,19,1
18843,182722,-1.01,0,0,3,1,1
18844,182742,4.45,1,12,15,20,1
18845,182775,6.97,1,18,21,33,1
18846,182798,2.07,1,8,11,23,1
18847,182808,1.75,1,6,9,10,1
18848,182829,5.49,1,14,17,21,1
18849,182832,-0.03,0,2,5,3,1
18850,182836,0.46,1,3,6,4,1
18851,182841,0.4,1,3,6,5,1
18852,182851,1.75,1,6,9,10,1
18853,182854,-0.03,0,2,5,3,1
18854,182867,3.77,1,10,13,13,1
18855,182872,0.95,1,4,7,5,1
18856,182873,-1.01,0,0,3,1,1
18857,182897,3.66,1,11,14,24,1
18858,182917,3.35,1,10,13,20,1
18859,182924,0.83,1,4,7,7,1
18860,182926,-0.52,0,1,4,2,1
18861,182927,-1.01,0,0,3,1,1
18862,182948,4.39,1,12,15,21,1
18863,182949,-1.01,0,0,3,1,1
18864,182981,5.38,1,15,18,32,1
18865,182987,0.89,1,4,7,6,1
18866,182992,0.95,1,4,7,5,1
18867,182996,0.46,1,3,6,4,1
18868,183006,2.3,1,7,10,10,1
18869,183009,-0.03,0,2,5,3,1
18870,183019,2.85,1,8,11,10,1
18871,183020,-1.01,0,0,3,1,1
18872,183033,1.57,1,6,9,13,1
18873,183034,-1.01,0,0,3,1,1
18874,183038,0.46,1,3,6,4,1
18875,183050,2.73,1,8,11,12,1
18876,183063,3.22,1,9,12,13,1
18877,183064,-1.01,0,0,3,1,1
18878,183073,2.36,1,7,10,9,1
18879,183083,2.85,1,8,11,10,1
18880,183120,5.08,1,15,18,37,1
18881,183122,-0.52,0,1,4,2,1
18882,183132,2.85,1,8,11,10,1
18883,183142,2.85,1,8,11,10,1
18884,183155,2.12,1,7,10,13,1
18885,183159,0.46,1,3,6,4,1
18886,183170,1.69,1,6,9,11,1
18887,183189,3.96,1,11,14,19,1
18888,183204,3.1,1,9,12,15,1
18889,183216,2.18,1,7,10,12,1
18890,183220,0.46,1,3,6,4,1
18891,183232,2.73,1,8,11,12,1
18892,183236,0.46,1,3,6,4,1
18893,183243,1.93,1,6,9,7,1
18894,183245,-0.52,0,1,4,2,1
18895,183255,1.75,1,6,9,10,1
18896,183262,0.83,1,4,7,7,1
18897,183270,1.87,1,6,9,8,1
18898,183272,-0.52,0,1,4,2,1
18899,183276,0.46,1,3,6,4,1
18900,183280,0.46,1,3,6,4,1
18901,183284,0.46,1,3,6,4,1
18902,183286,-0.52,0,1,4,2,1
18903,183294,2.42,1,7,10,8,1
18904,183298,-0.09,0,2,5,4,1
18905,183367,3.16,1,15,18,69,1
18906,183380,2.67,1,8,11,13,1
18907,183383,-0.03,0,2,5,3,1
18908,183412,3.91,1,12,15,29,1
18909,183425,3.22,1,9,12,13,1
18910,183428,-0.03,0,2,5,3,1
18911,183429,-1.01,0,0,3,1,1
18912,183449,4.45,1,12,15,20,1
18913,183458,1.81,1,6,9,9,1
18914,183460,-0.52,0,1,4,2,1
18915,183464,0.46,1,3,6,4,1
18916,183484,3.35,1,10,13,20,1
18917,183489,0.95,1,4,7,5,1
18918,183499,2.3,1,7,10,10,1
18919,183508,2.36,1,7,10,9,1
18920,183517,2.36,1,7,10,9,1
18921,183523,0.89,1,4,7,6,1
18922,183531,1.32,1,5,8,8,1
18923,183533,-0.52,0,1,4,2,1
18924,183536,-0.58,0,1,4,3,1
18925,183539,-0.03,0,2,5,3,1
18926,183558,3.96,1,11,14,19,1
18927,183571,3.77,1,10,13,13,1
18928,183577,0.89,1,4,7,6,1
18929,183591,3.16,1,9,12,14,1
18930,183631,6.0,1,17,20,40,1
18931,183634,-0.03,0,2,5,3,1
18932,183636,-0.52,0,1,4,2,1
18933,183654,3.47,1,10,13,18,1
18934,183659,0.4,1,3,6,5,1
18935,183661,-0.52,0,1,4,2,1
18936,183670,2.36,1,7,10,9,1
18937,183672,-0.52,0,1,4,2,1
18938,183673,-1.01,0,0,3,1,1
18939,183676,-0.03,0,2,5,3,1
18940,183697,3.29,1,10,13,21,1
18941,183700,-0.03,0,2,5,3,1
18942,183703,-0.03,0,2,5,3,1
18943,183704,-1.01,0,0,3,1,1
18944,183713,2.36,1,7,10,9,1
18945,183715,-0.52,0,1,4,2,1
18946,183716,-1.01,0,0,3,1,1
18947,183717,-1.01,0,0,3,1,1
18948,183719,-0.52,0,1,4,2,1
18949,183744,4.7,1,13,16,25,1
18950,183757,3.77,1,10,13,13,1
18951,183784,3.48,1,11,14,27,1
18952,183791,1.38,1,5,8,7,1
18953,183802,2.24,1,7,10,11,1
18954,183807,0.95,1,4,7,5,1
18955,183822,4.2,1,11,14,15,1
18956,183824,-0.52,0,1,4,2,1
18957,183832,1.87,1,6,9,8,1
18958,183839,1.38,1,5,8,7,1
18959,183847,2.42,1,7,10,8,1
18960,183853,0.89,1,4,7,6,1
18961,183863,2.85,1,8,11,10,1
18962,183936,4.02,1,17,20,73,1
18963,183939,-0.03,0,2,5,3,1
18964,183941,-0.52,0,1,4,2,1
18965,183945,0.46,1,3,6,4,1
18966,183948,-0.03,0,2,5,3,1
18967,183951,-0.03,0,2,5,3,1
18968,183955,0.46,1,3,6,4,1
18969,183956,-1.01,0,0,3,1,1
18970,183960,0.46,1,3,6,4,1
18971,183961,-1.01,0,0,3,1,1
18972,183976,2.0,1,7,10,15,1
18973,183985,1.26,1,5,8,9,1
18974,183986,-1.01,0,0,3,1,1
18975,183988,-0.52,0,1,4,2,1
18976,184002,2.61,1,8,11,14,1
18977,184003,-1.01,0,0,3,1,1
18978,184007,0.46,1,3,6,4,1
18979,184014,1.38,1,5,8,7,1
18980,184021,1.93,1,6,9,7,1
18981,184027,0.89,1,4,7,6,1
18982,184028,-1.01,0,0,3,1,1
18983,184033,0.95,1,4,7,5,1
18984,184034,-1.01,0,0,3,1,1
18985,184050,3.04,1,9,12,16,1
18986,184052,-0.52,0,1,4,2,1
18987,184055,-0.03,0,2,5,3,1
18988,184059,0.46,1,3,6,4,1
18989,184061,-0.52,0,1,4,2,1
18990,184112,3.69,1,14,17,51,1
18991,184114,-0.52,0,1,4,2,1
18992,184166,4.73,1,16,19,52,1
18993,184173,1.38,1,5,8,7,1
18994,184174,-1.01,0,0,3,1,1
18995,184177,-0.03,0,2,5,3,1
18996,184185,1.87,1,6,9,8,1
18997,184220,3.0,1,11,14,35,1
18998,184244,4.21,1,12,15,24,1
18999,184249,0.4,1,3,6,5,1
19000,184292,3.62,1,13,16,43,1
19001,184308,3.59,1,10,13,16,1
19002,184330,3.23,1,10,13,22,1
19003,184334,0.46,1,3,6,4,1
19004,184336,-0.52,0,1,4,2,1
19005,184338,-0.52,0,1,4,2,1
19006,184437,2.46,1,17,20,99,1
19007,184449,3.28,1,9,12,12,1
19008,184468,3.96,1,11,14,19,1
19009,184483,3.65,1,10,13,15,1
19010,184491,1.87,1,6,9,8,1
19011,184496,0.95,1,4,7,5,1
19012,184499,-0.03,0,2,5,3,1
19013,184510,2.24,1,7,10,11,1
19014,184513,-0.03,0,2,5,3,1
19015,184543,4.4,1,13,16,30,1
19016,184550,0.83,1,4,7,7,1
19017,184569,3.41,1,10,13,19,1
19018,184576,1.38,1,5,8,7,1
19019,184590,2.61,1,8,11,14,1
19020,184595,0.95,1,4,7,5,1
19021,184616,4.39,1,12,15,21,1
19022,184647,4.89,1,14,17,31,1
19023,184649,-0.52,0,1,4,2,1
19024,184688,5.51,1,16,19,39,1
19025,184693,0.4,1,3,6,5,1
19026,184700,1.38,1,5,8,7,1
19027,184703,-0.03,0,2,5,3,1
19028,184708,0.4,1,3,6,5,1
19029,184710,-0.52,0,1,4,2,1
19030,184736,4.09,1,12,15,26,1
19031,184739,-0.03,0,2,5,3,1
19032,184745,0.89,1,4,7,6,1
19033,184760,3.65,1,10,13,15,1
19034,184769,1.81,1,6,9,9,1
19035,184778,2.36,1,7,10,9,1
19036,184791,2.67,1,8,11,13,1
19037,184816,3.05,1,10,13,25,1
19038,184829,3.22,1,9,12,13,1
19039,184833,0.46,1,3,6,4,1
19040,184843,1.75,1,6,9,10,1
19041,184847,0.46,1,3,6,4,1
19042,184860,2.67,1,8,11,13,1
19043,184861,-1.01,0,0,3,1,1
19044,184865,0.46,1,3,6,4,1
19045,184868,-0.03,0,2,5,3,1
19046,184872,0.46,1,3,6,4,1
19047,184886,2.06,1,7,10,14,1
19048,184895,1.81,1,6,9,9,1
19049,184896,-1.01,0,0,3,1,1
19050,184899,-0.03,0,2,5,3,1
19051,184922,4.82,1,13,16,23,1
19052,184947,4.7,1,13,16,25,1
19053,184960,2.67,1,8,11,13,1
19054,184974,3.16,1,9,12,14,1
19055,184981,1.38,1,5,8,7,1
19056,184992,3.34,1,9,12,11,1
19057,184999,1.93,1,6,9,7,1
19058,185011,2.73,1,8,11,12,1
19059,185014,-0.03,0,2,5,3,1
19060,185019,0.95,1,4,7,5,1
19061,185028,2.36,1,7,10,9,1
19062,185029,-1.01,0,0,3,1,1
19063,185048,2.86,1,9,12,19,1
19064,185070,4.33,1,12,15,22,1
19065,185077,1.93,1,6,9,7,1
19066,185083,1.44,1,5,8,6,1
19067,185086,-0.03,0,2,5,3,1
19068,185089,-0.03,0,2,5,3,1
19069,185098,2.36,1,7,10,9,1
19070,185121,3.17,1,10,13,23,1
19071,185140,2.86,1,9,12,19,1
19072,185151,1.14,1,5,8,11,1
19073,185158,1.38,1,5,8,7,1
19074,185161,-0.03,0,2,5,3,1
19075,185168,1.38,1,5,8,7,1
19076,185170,-0.52,0,1,4,2,1
19077,185179,2.36,1,7,10,9,1
19078,185182,-0.03,0,2,5,3,1
19079,185196,2.61,1,8,11,14,1
19080,185198,-0.52,0,1,4,2,1
19081,185205,1.93,1,6,9,7,1
19082,185219,3.16,1,9,12,14,1
19083,185233,3.71,1,10,13,14,1
19084,185244,1.69,1,6,9,11,1
19085,185261,4.63,1,12,15,17,1
19086,185274,2.67,1,8,11,13,1
19087,185315,5.94,1,17,20,41,1
19088,185317,-0.52,0,1,4,2,1
19089,185319,-0.52,0,1,4,2,1
19090,185326,1.38,1,5,8,7,1
19091,185335,1.26,1,5,8,9,1
19092,185337,-0.52,0,1,4,2,1
19093,185344,1.93,1,6,9,7,1
19094,185346,-0.52,0,1,4,2,1
19095,185349,-0.03,0,2,5,3,1
19096,185414,6.15,1,20,23,65,1
19097,185418,0.46,1,3,6,4,1
19098,185436,2.37,1,8,11,18,1
19099,185439,-0.03,0,2,5,3,1
19100,185447,2.42,1,7,10,8,1
19101,185450,-0.03,0,2,5,3,1
19102,185457,0.83,1,4,7,7,1
19103,185462,0.95,1,4,7,5,1
19104,185465,-0.03,0,2,5,3,1
19105,185485,3.9,1,11,14,20,1
19106,185492,1.38,1,5,8,7,1
19107,185500,2.42,1,7,10,8,1
19108,185503,-0.03,0,2,5,3,1
19109,185510,1.93,1,6,9,7,1
19110,185517,0.28,1,3,6,7,1
19111,185526,1.26,1,5,8,9,1
19112,185527,-1.01,0,0,3,1,1
19113,185528,-1.01,0,0,3,1,1
19114,185542,2.06,1,7,10,14,1
19115,185547,0.95,1,4,7,5,1
19116,185548,-1.01,0,0,3,1,1
19117,185556,1.87,1,6,9,8,1
19118,185614,5.47,1,18,21,58,1
19119,185626,3.28,1,9,12,12,1
19120,185633,1.38,1,5,8,7,1
19121,185641,1.32,1,5,8,8,1
19122,185651,2.85,1,8,11,10,1
19123,185670,3.96,1,11,14,19,1
19124,185681,3.34,1,9,12,11,1
19125,185682,-1.01,0,0,3,1,1
19126,185687,0.95,1,4,7,5,1
19127,185694,0.83,1,4,7,7,1
19128,185697,-0.03,0,2,5,3,1
19129,185705,0.77,1,4,7,8,1
19130,185718,2.12,1,7,10,13,1
19131,185721,-0.03,0,2,5,3,1
19132,185723,-0.52,0,1,4,2,1
19133,185726,-0.03,0,2,5,3,1
19134,185728,-0.52,0,1,4,2,1
19135,185736,2.42,1,7,10,8,1
19136,185737,-1.01,0,0,3,1,1
19137,185756,3.41,1,10,13,19,1
19138,185786,6.05,1,16,19,30,1
19139,185802,4.69,1,12,15,16,1
19140,185807,0.95,1,4,7,5,1
19141,185816,2.36,1,7,10,9,1
19142,185820,0.46,1,3,6,4,1
19143,185831,1.69,1,6,9,11,1
19144,185845,3.16,1,9,12,14,1
19145,185871,6.29,1,16,19,26,1
19146,185890,3.41,1,10,13,19,1
19147,185899,2.36,1,7,10,9,1
19148,185925,3.54,1,11,14,26,1
19149,185927,-0.52,0,1,4,2,1
19150,185930,-0.03,0,2,5,3,1
19151,185931,-1.01,0,0,3,1,1
19152,185936,0.95,1,4,7,5,1
19153,185960,3.66,1,11,14,24,1
19154,185991,5.44,1,15,18,31,1
19155,186002,2.79,1,8,11,11,1
19156,186017,3.65,1,10,13,15,1
19157,186028,3.34,1,9,12,11,1
19158,186030,-0.52,0,1,4,2,1
19159,186040,2.85,1,8,11,10,1
19160,186070,3.85,1,12,15,30,1
19161,186077,1.93,1,6,9,7,1
19162,186079,-0.52,0,1,4,2,1
19163,186081,-0.52,0,1,4,2,1
19164,186085,0.46,1,3,6,4,1
19165,186086,-1.01,0,0,3,1,1
19166,186089,-0.03,0,2,5,3,1
19167,186092,-0.03,0,2,5,3,1
19168,186095,-0.03,0,2,5,3,1
19169,186101,0.89,1,4,7,6,1
19170,186102,-1.01,0,0,3,1,1
19171,186139,3.98,1,13,16,37,1
19172,186141,-0.52,0,1,4,2,1
19173,186166,4.7,1,13,16,25,1
19174,186169,-0.03,0,2,5,3,1
19175,186170,-1.01,0,0,3,1,1
19176,186180,1.75,1,6,9,10,1
19177,186186,0.89,1,4,7,6,1
19178,186188,-0.52,0,1,4,2,1
19179,186201,2.12,1,7,10,13,1
19180,186203,-0.52,0,1,4,2,1
19181,186205,-0.52,0,1,4,2,1
19182,186209,0.46,1,3,6,4,1
19183,186216,1.38,1,5,8,7,1
19184,186222,1.44,1,5,8,6,1
19185,186242,2.8,1,9,12,20,1
19186,186270,6.72,1,17,20,28,1
19187,186276,0.89,1,4,7,6,1
19188,186285,2.36,1,7,10,9,1
19189,186296,2.79,1,8,11,11,1
19190,186297,-1.01,0,0,3,1,1
19191,186298,-1.01,0,0,3,1,1
19192,186299,-1.01,0,0,3,1,1
19193,186303,0.46,1,3,6,4,1
19194,186306,-0.03,0,2,5,3,1
19195,186309,-0.03,0,2,5,3,1
19196,186310,-1.01,0,0,3,1,1
19197,186329,4.51,1,12,15,19,1
19198,186338,2.36,1,7,10,9,1
19199,186342,0.46,1,3,6,4,1
19200,186371,5.01,1,14,17,29,1
19201,186372,-1.01,0,0,3,1,1
19202,186375,-0.03,0,2,5,3,1
19203,186388,2.67,1,8,11,13,1
19204,186454,3.89,1,16,19,66,1
19205,186461,0.83,1,4,7,7,1
19206,186464,-0.03,0,2,5,3,1
19207,186483,2.31,1,8,11,19,1
19208,186485,-0.52,0,1,4,2,1
19209,186494,1.26,1,5,8,9,1
19210,186496,-0.52,0,1,4,2,1
19211,186498,-0.52,0,1,4,2,1
19212,186513,2.55,1,8,11,15,1
19213,186523,2.85,1,8,11,10,1
19214,186529,0.89,1,4,7,6,1
19215,186532,-0.03,0,2,5,3,1
19216,186547,1.45,1,6,9,15,1
19217,186548,-1.01,0,0,3,1,1
19218,186568,2.8,1,9,12,20,1
19219,186574,0.89,1,4,7,6,1
19220,186576,-0.52,0,1,4,2,1
19221,186577,-1.01,0,0,3,1,1
19222,186580,-0.03,0,2,5,3,1
19223,186583,-0.03,0,2,5,3,1
19224,186597,1.51,1,6,9,14,1
19225,186619,5.98,1,15,18,22,1
19226,186628,2.91,1,8,11,9,1
19227,186639,2.24,1,7,10,11,1
19228,186649,1.75,1,6,9,10,1
19229,186650,-1.01,0,0,3,1,1
19230,186657,1.38,1,5,8,7,1
19231,186676,5.61,1,14,17,19,1
19232,186682,1.44,1,5,8,6,1
19233,186690,1.32,1,5,8,8,1
19234,186699,2.36,1,7,10,9,1
19235,186713,2.61,1,8,11,14,1
19236,186751,5.02,1,15,18,38,1
19237,186753,-0.52,0,1,4,2,1
19238,186759,1.44,1,5,8,6,1
19239,186774,3.1,1,9,12,15,1
19240,186784,2.3,1,7,10,10,1
19241,186790,1.44,1,5,8,6,1
19242,186813,4.82,1,13,16,23,1
19243,186821,1.32,1,5,8,8,1
19244,186829,1.32,1,5,8,8,1
19245,186840,1.14,1,5,8,11,1
19246,186847,0.83,1,4,7,7,1
19247,186859,2.18,1,7,10,12,1
19248,186860,-1.01,0,0,3,1,1
19249,186866,1.44,1,5,8,6,1
19250,186877,2.24,1,7,10,11,1
19251,186881,-0.09,0,2,5,4,1
19252,186896,4.2,1,11,14,15,1
19253,186897,-1.01,0,0,3,1,1
19254,186907,2.3,1,7,10,10,1
19255,186908,-1.01,0,0,3,1,1
19256,186928,3.9,1,11,14,20,1
19257,186931,-0.03,0,2,5,3,1
19258,186940,2.36,1,7,10,9,1
19259,186941,-1.01,0,0,3,1,1
19260,186948,1.38,1,5,8,7,1
19261,186967,4.51,1,12,15,19,1
19262,186987,4.45,1,12,15,20,1
19263,186988,-1.01,0,0,3,1,1
19264,186991,-0.03,0,2,5,3,1
19265,187007,4.69,1,12,15,16,1
19266,187011,0.46,1,3,6,4,1
19267,187014,-0.03,0,2,5,3,1
19268,187018,0.46,1,3,6,4,1
19269,187019,-1.01,0,0,3,1,1
19270,187027,1.32,1,5,8,8,1
19271,187038,3.34,1,9,12,11,1
19272,187041,-0.03,0,2,5,3,1
19273,187057,4.14,1,11,14,16,1
19274,187068,1.69,1,6,9,11,1
19275,187082,3.16,1,9,12,14,1
19276,187120,5.02,1,15,18,38,1
19277,187123,-0.03,0,2,5,3,1
19278,187124,-1.01,0,0,3,1,1
19279,187127,-0.03,0,2,5,3,1
19280,187135,2.42,1,7,10,8,1
19281,187140,0.4,1,3,6,5,1
19282,187150,2.3,1,7,10,10,1
19283,187156,0.34,1,3,6,6,1
19284,187166,1.2,1,5,8,10,1
19285,187169,-0.03,0,2,5,3,1
19286,187177,1.32,1,5,8,8,1
19287,187182,0.95,1,4,7,5,1
19288,187197,4.2,1,11,14,15,1
19289,187216,5.61,1,14,17,19,1
19290,187217,-1.01,0,0,3,1,1
19291,187219,-0.52,0,1,4,2,1
19292,187220,-1.01,0,0,3,1,1
19293,187228,1.32,1,5,8,8,1
19294,187236,1.32,1,5,8,8,1
19295,187240,0.46,1,3,6,4,1
19296,187299,4.86,1,17,20,59,1
19297,187301,-0.52,0,1,4,2,1
19298,187309,1.87,1,6,9,8,1
19299,187310,-1.01,0,0,3,1,1
19300,187311,-1.01,0,0,3,1,1
19301,187314,-0.03,0,2,5,3,1
19302,187315,-1.01,0,0,3,1,1
19303,187316,-1.01,0,0,3,1,1
19304,187329,3.22,1,9,12,13,1
19305,187333,0.46,1,3,6,4,1
19306,187335,-0.52,0,1,4,2,1
19307,187366,5.44,1,15,18,31,1
19308,187368,-0.52,0,1,4,2,1
19309,187369,-1.01,0,0,3,1,1
19310,187389,3.35,1,10,13,20,1
19311,187406,2.98,1,9,12,17,1
19312,187411,0.95,1,4,7,5,1
19313,187412,-1.01,0,0,3,1,1
19314,187424,1.63,1,6,9,12,1
19315,187427,-0.03,0,2,5,3,1
19316,187438,2.24,1,7,10,11,1
19317,187445,1.93,1,6,9,7,1
19318,187448,-0.03,0,2,5,3,1
19319,187457,1.26,1,5,8,9,1
19320,187473,3.59,1,10,13,16,1
19321,187479,0.89,1,4,7,6,1
19322,187481,-0.52,0,1,4,2,1
19323,187488,1.38,1,5,8,7,1
19324,187507,5.61,1,14,17,19,1
19325,187509,-0.52,0,1,4,2,1
19326,187511,-0.52,0,1,4,2,1
19327,187571,5.35,1,18,21,60,1
19328,187583,2.73,1,8,11,12,1
19329,187656,6.22,1,21,24,73,1
19330,187672,4.69,1,12,15,16,1
19331,187687,3.65,1,10,13,15,1
19332,187690,-0.03,0,2,5,3,1
19333,187693,-0.03,0,2,5,3,1
19334,187699,1.44,1,5,8,6,1
19335,187704,0.95,1,4,7,5,1
19336,187730,4.64,1,13,16,26,1
19337,187731,-1.01,0,0,3,1,1
19338,187737,1.44,1,5,8,6,1
19339,187745,2.42,1,7,10,8,1
19340,187753,1.87,1,6,9,8,1
19341,187755,-0.52,0,1,4,2,1
19342,187758,-0.03,0,2,5,3,1
19343,187761,-0.03,0,2,5,3,1
19344,187766,0.95,1,4,7,5,1
19345,187788,3.78,1,11,14,22,1
19346,187814,4.09,1,12,15,26,1
19347,187819,0.4,1,3,6,5,1
19348,187821,-0.52,0,1,4,2,1
19349,187853,5.93,1,16,19,32,1
19350,187862,2.91,1,8,11,9,1
19351,187863,-1.01,0,0,3,1,1
19352,187873,2.3,1,7,10,10,1
19353,187881,1.87,1,6,9,8,1
19354,187882,-1.01,0,0,3,1,1
19355,187884,-0.52,0,1,4,2,1
19356,187893,2.36,1,7,10,9,1
19357,187896,-0.03,0,2,5,3,1
19358,187904,1.87,1,6,9,8,1
19359,187907,-0.03,0,2,5,3,1
19360,187909,-0.52,0,1,4,2,1
19361,187911,-0.52,0,1,4,2,1
19362,187915,0.46,1,3,6,4,1
19363,187918,-0.03,0,2,5,3,1
19364,187919,-1.01,0,0,3,1,1
19365,187923,0.46,1,3,6,4,1
19366,187924,-1.01,0,0,3,1,1
19367,187930,0.89,1,4,7,6,1
19368,187995,5.6,1,19,22,65,1
19369,188004,2.36,1,7,10,9,1
19370,188011,0.28,1,3,6,7,1
19371,188061,6.5,1,19,22,50,1
19372,188069,1.87,1,6,9,8,1
19373,188073,0.46,1,3,6,4,1
19374,188074,-1.01,0,0,3,1,1
19375,188075,-1.01,0,0,3,1,1
19376,188122,6.13,1,18,21,47,1
19377,188138,4.69,1,12,15,16,1
19378,188154,4.14,1,11,14,16,1
19379,188166,1.63,1,6,9,12,1
19380,188171,0.95,1,4,7,5,1
19381,188180,2.91,1,8,11,9,1
19382,188181,-1.01,0,0,3,1,1
19383,188190,1.81,1,6,9,9,1
19384,188191,-1.01,0,0,3,1,1
19385,188196,0.95,1,4,7,5,1
19386,188224,5.07,1,14,17,28,1
19387,188234,2.3,1,7,10,10,1
19388,188247,3.77,1,10,13,13,1
19389,188257,2.3,1,7,10,10,1
19390,188259,-0.52,0,1,4,2,1
19391,188261,-0.52,0,1,4,2,1
19392,188263,-0.52,0,1,4,2,1
19393,188266,-0.03,0,2,5,3,1
19394,188279,2.12,1,7,10,13,1
19395,188304,4.15,1,12,15,25,1
19396,188307,-0.03,0,2,5,3,1
19397,188309,-0.52,0,1,4,2,1
19398,188318,2.36,1,7,10,9,1
19399,188324,0.89,1,4,7,6,1
19400,188352,6.17,1,16,19,28,1
19401,188354,-0.52,0,1,4,2,1
19402,188385,4.34,1,13,16,31,1
19403,188390,0.95,1,4,7,5,1
19404,188401,2.79,1,8,11,11,1
19405,188403,-0.52,0,1,4,2,1
19406,188406,-0.03,0,2,5,3,1
19407,188425,4.51,1,12,15,19,1
19408,188431,0.89,1,4,7,6,1
19409,188474,5.27,1,16,19,43,1
19410,188481,0.83,1,4,7,7,1
19411,188483,-0.52,0,1,4,2,1
19412,188484,-1.01,0,0,3,1,1
19413,188485,-1.01,0,0,3,1,1
19414,188492,1.93,1,6,9,7,1
19415,188495,-0.03,0,2,5,3,1
19416,188505,0.65,1,4,7,10,1
19417,188511,1.44,1,5,8,6,1
19418,188535,3.66,1,11,14,24,1
19419,188546,2.24,1,7,10,11,1
19420,188565,3.41,1,10,13,19,1
19421,188568,-0.03,0,2,5,3,1
19422,188574,1.44,1,5,8,6,1
19423,188579,0.95,1,4,7,5,1
19424,188587,1.87,1,6,9,8,1
19425,188603,2.49,1,8,11,16,1
19426,188608,0.4,1,3,6,5,1
19427,188625,3.53,1,10,13,17,1
19428,188636,3.34,1,9,12,11,1
19429,188643,1.93,1,6,9,7,1
19430,188652,1.81,1,6,9,9,1
19431,188655,-0.03,0,2,5,3,1
19432,188694,4.96,1,15,18,39,1
19433,188697,-0.03,0,2,5,3,1
19434,188698,-1.01,0,0,3,1,1
19435,188713,3.65,1,10,13,15,1
19436,188714,-1.01,0,0,3,1,1
19437,188725,1.69,1,6,9,11,1
19438,188728,-0.03,0,2,5,3,1
19439,188751,4.82,1,13,16,23,1
19440,188761,2.3,1,7,10,10,1
19441,188771,2.85,1,8,11,10,1
19442,188781,1.75,1,6,9,10,1
19443,188784,-0.03,0,2,5,3,1
19444,188841,4.98,1,17,20,57,1
19445,188859,3.47,1,10,13,18,1
19446,188878,5.06,1,13,16,19,1
19447,188879,-1.01,0,0,3,1,1
19448,188881,-0.52,0,1,4,2,1
19449,188889,1.87,1,6,9,8,1
19450,188890,-1.01,0,0,3,1,1
19451,188895,0.95,1,4,7,5,1
19452,188900,0.95,1,4,7,5,1
19453,188904,0.46,1,3,6,4,1
19454,188928,4.76,1,13,16,24,1
19455,188933,0.95,1,4,7,5,1
19456,188934,-1.01,0,0,3,1,1
19457,188936,-0.52,0,1,4,2,1
19458,188937,-1.01,0,0,3,1,1
19459,188939,-0.52,0,1,4,2,1
19460,188962,3.72,1,11,14,23,1
19461,188964,-0.52,0,1,4,2,1
19462,188982,5.12,1,13,16,18,1
19463,188990,1.87,1,6,9,8,1
19464,188992,-0.52,0,1,4,2,1
19465,189010,4.57,1,12,15,18,1
19466,189025,4.75,1,12,15,15,1
19467,189027,-0.52,0,1,4,2,1
19468,189031,0.46,1,3,6,4,1
19469,189035,0.46,1,3,6,4,1
19470,189047,2.73,1,8,11,12,1
19471,189049,-0.52,0,1,4,2,1
19472,189057,1.87,1,6,9,8,1
19473,189066,2.36,1,7,10,9,1
19474,189070,0.46,1,3,6,4,1
19475,189072,-0.52,0,1,4,2,1
19476,189079,1.93,1,6,9,7,1
19477,189092,3.22,1,9,12,13,1
19478,189102,1.75,1,6,9,10,1
19479,189122,5.55,1,14,17,20,1
19480,189150,2.87,1,10,13,28,1
19481,189152,-0.52,0,1,4,2,1
19482,189159,1.93,1,6,9,7,1
19483,189161,-0.52,0,1,4,2,1
19484,189162,-1.01,0,0,3,1,1
19485,189169,0.83,1,4,7,7,1
19486,189177,1.87,1,6,9,8,1
19487,189180,-0.03,0,2,5,3,1
19488,189189,2.36,1,7,10,9,1
19489,189206,4.08,1,11,14,17,1
19490,189208,-0.52,0,1,4,2,1
19491,189222,3.71,1,10,13,14,1
19492,189227,0.95,1,4,7,5,1
19493,189230,-0.03,0,2,5,3,1
19494,189256,4.09,1,12,15,26,1
19495,189260,-0.09,0,2,5,4,1
19496,189264,0.46,1,3,6,4,1
19497,189269,0.95,1,4,7,5,1
19498,189280,2.79,1,8,11,11,1
19499,189298,2.37,1,8,11,18,1
19500,189300,-0.52,0,1,4,2,1
19501,189302,-0.52,0,1,4,2,1
19502,189309,1.38,1,5,8,7,1
19503,189312,-0.03,0,2,5,3,1
19504,189333,4.39,1,12,15,21,1
19505,189336,-0.03,0,2,5,3,1
19506,189340,0.46,1,3,6,4,1
19507,189352,3.28,1,9,12,12,1
19508,189353,-1.01,0,0,3,1,1
19509,189355,-0.52,0,1,4,2,1
19510,189357,-0.52,0,1,4,2,1
19511,189371,3.16,1,9,12,14,1
19512,189400,4.46,1,13,16,29,1
19513,189411,2.24,1,7,10,11,1
19514,189412,-1.01,0,0,3,1,1
19515,189415,-0.03,0,2,5,3,1
19516,189417,-0.52,0,1,4,2,1
19517,189431,4.26,1,11,14,14,1
19518,189434,-0.03,0,2,5,3,1
19519,189447,3.77,1,10,13,13,1
19520,189473,2.44,1,9,12,26,1
19521,189484,3.34,1,9,12,11,1
19522,189488,0.46,1,3,6,4,1
19523,189489,-1.01,0,0,3,1,1
19524,189493,0.46,1,3,6,4,1
19525,189506,3.22,1,9,12,13,1
19526,189551,4.05,1,14,17,45,1
19527,189552,-1.01,0,0,3,1,1
19528,189556,0.46,1,3,6,4,1
19529,189596,6.55,1,18,21,40,1
19530,189619,5.37,1,14,17,23,1
19531,189628,1.81,1,6,9,9,1
19532,189631,-0.03,0,2,5,3,1
19533,189633,-0.52,0,1,4,2,1
19534,189645,2.18,1,7,10,12,1
19535,189683,5.57,1,16,19,38,1
19536,189688,0.95,1,4,7,5,1
19537,189690,-0.52,0,1,4,2,1
19538,189696,0.89,1,4,7,6,1
19539,189791,4.35,1,20,23,95,1
19540,189807,5.24,1,13,16,16,1
19541,189814,1.93,1,6,9,7,1
19542,189825,3.34,1,9,12,11,1
19543,189829,0.46,1,3,6,4,1
19544,189832,-0.03,0,2,5,3,1
19545,189855,4.27,1,12,15,23,1
19546,189857,-0.52,0,1,4,2,1
19547,189859,-0.52,0,1,4,2,1
19548,189872,2.12,1,7,10,13,1
19549,189880,2.42,1,7,10,8,1
19550,189883,-0.03,0,2,5,3,1
19551,189888,0.95,1,4,7,5,1
19552,189895,0.83,1,4,7,7,1
19553,189897,-0.52,0,1,4,2,1
19554,189909,3.28,1,9,12,12,1
19555,190000,5.14,1,21,24,91,1
19556,190004,0.46,1,3,6,4,1
19557,190006,-0.52,0,1,4,2,1
19558,190008,-0.52,0,1,4,2,1
19559,190012,0.46,1,3,6,4,1
19560,190030,1.82,1,7,10,18,1
19561,190031,-1.01,0,0,3,1,1
19562,190037,1.44,1,5,8,6,1
19563,190047,2.85,1,8,11,10,1
19564,190059,3.28,1,9,12,12,1
19565,190076,2.98,1,9,12,17,1
19566,190082,1.44,1,5,8,6,1
19567,190087,0.4,1,3,6,5,1
19568,190145,4.37,1,16,19,58,1
19569,190146,-1.01,0,0,3,1,1
19570,190154,1.87,1,6,9,8,1
19571,190158,0.46,1,3,6,4,1
19572,190161,-0.03,0,2,5,3,1
19573,190166,0.4,1,3,6,5,1
19574,190197,5.99,1,16,19,31,1
19575,190200,-0.03,0,2,5,3,1
19576,190201,-1.01,0,0,3,1,1
19577,190214,3.22,1,9,12,13,1
19578,190219,0.95,1,4,7,5,1
19579,190221,-0.52,0,1,4,2,1
19580,190228,1.38,1,5,8,7,1
19581,190229,-1.01,0,0,3,1,1
19582,190234,0.95,1,4,7,5,1
19583,190242,1.87,1,6,9,8,1
19584,190247,0.4,1,3,6,5,1
19585,190255,0.22,1,3,6,8,1
19586,190260,0.4,1,3,6,5,1
19587,190267,1.38,1,5,8,7,1
19588,190272,0.95,1,4,7,5,1
19589,190278,1.44,1,5,8,6,1
19590,190296,5.67,1,14,17,18,1
19591,190322,4.64,1,13,16,26,1
19592,190335,2.12,1,7,10,13,1
19593,190336,-1.01,0,0,3,1,1
19594,190339,-0.03,0,2,5,3,1
19595,190342,-0.03,0,2,5,3,1
19596,190348,0.89,1,4,7,6,1
19597,190359,2.79,1,8,11,11,1
19598,190380,6.04,1,15,18,21,1
19599,190391,3.34,1,9,12,11,1
19600,190425,4.71,1,14,17,34,1
19601,190430,0.95,1,4,7,5,1
19602,190453,5.37,1,14,17,23,1
19603,190454,-1.01,0,0,3,1,1
19604,190456,-0.52,0,1,4,2,1
19605,190461,0.95,1,4,7,5,1
19606,190473,3.83,1,10,13,12,1
19607,190485,2.73,1,8,11,12,1
19608,190489,-0.09,0,2,5,4,1
19609,190493,0.46,1,3,6,4,1
19610,190510,1.88,1,7,10,17,1
19611,190512,-0.52,0,1,4,2,1
19612,190536,5.31,1,14,17,24,1
19613,190539,-0.03,0,2,5,3,1
19614,190541,-0.52,0,1,4,2,1
19615,190543,-0.52,0,1,4,2,1
19616,190552,2.91,1,8,11,9,1
19617,190571,4.51,1,12,15,19,1
19618,190572,-1.01,0,0,3,1,1
19619,190574,-0.52,0,1,4,2,1
19620,190591,3.53,1,10,13,17,1
19621,190606,3.65,1,10,13,15,1
19622,190622,1.94,1,7,10,16,1
19623,190635,2.67,1,8,11,13,1
19624,190638,-0.03,0,2,5,3,1
19625,190640,-0.52,0,1,4,2,1
19626,190641,-1.01,0,0,3,1,1
19627,190645,0.46,1,3,6,4,1
19628,190663,3.47,1,10,13,18,1
19629,190680,4.08,1,11,14,17,1
19630,190681,-1.01,0,0,3,1,1
19631,190683,-0.52,0,1,4,2,1
19632,190725,6.43,1,18,21,42,1
19633,190731,0.89,1,4,7,6,1
19634,190736,0.95,1,4,7,5,1
19635,190751,3.65,1,10,13,15,1
19636,190763,3.28,1,9,12,12,1
19637,190767,0.46,1,3,6,4,1
19638,190768,-1.01,0,0,3,1,1
19639,190777,2.36,1,7,10,9,1
19640,190779,-0.52,0,1,4,2,1
19641,190783,-0.09,0,2,5,4,1
19642,190784,-1.01,0,0,3,1,1
19643,190788,0.46,1,3,6,4,1
19644,190790,-0.52,0,1,4,2,1
19645,190791,-1.01,0,0,3,1,1
19646,190816,6.35,1,16,19,25,1
19647,190830,3.16,1,9,12,14,1
19648,190856,4.64,1,13,16,26,1
19649,190857,-1.01,0,0,3,1,1
19650,190869,3.28,1,9,12,12,1
19651,190870,-1.01,0,0,3,1,1
19652,190873,-0.03,0,2,5,3,1
19653,190886,2.67,1,8,11,13,1
19654,190899,3.22,1,9,12,13,1
19655,190908,2.36,1,7,10,9,1
19656,190917,2.36,1,7,10,9,1
19657,190918,-1.01,0,0,3,1,1
19658,190919,-1.01,0,0,3,1,1
19659,190955,7.89,1,20,23,36,1
19660,190957,-0.52,0,1,4,2,1
19661,190971,4.26,1,11,14,14,1
19662,190984,3.22,1,9,12,13,1
19663,190996,2.73,1,8,11,12,1
19664,191000,0.46,1,3,6,4,1
19665,191001,-1.01,0,0,3,1,1
19666,191008,1.38,1,5,8,7,1
19667,191031,6.47,1,16,19,23,1
19668,191040,1.81,1,6,9,9,1
19669,191047,1.93,1,6,9,7,1
19670,191051,0.46,1,3,6,4,1
19671,191069,2.92,1,9,12,18,1
19672,191071,-0.52,0,1,4,2,1
19673,191078,0.83,1,4,7,7,1
19674,191090,3.28,1,9,12,12,1
19675,191094,0.46,1,3,6,4,1
19676,191098,0.46,1,3,6,4,1
19677,191099,-1.01,0,0,3,1,1
19678,191121,4.88,1,13,16,22,1
19679,191122,-1.01,0,0,3,1,1
19680,191131,1.26,1,5,8,9,1
19681,191134,-0.03,0,2,5,3,1
19682,191142,1.87,1,6,9,8,1
19683,191144,-0.52,0,1,4,2,1
19684,191160,4.69,1,12,15,16,1
19685,191205,5.7,1,17,20,45,1
19686,191214,2.91,1,8,11,9,1
19687,191223,2.36,1,7,10,9,1
19688,191227,0.46,1,3,6,4,1
19689,191238,2.79,1,8,11,11,1
19690,191245,1.38,1,5,8,7,1
19691,191255,2.3,1,7,10,10,1
19692,191258,-0.03,0,2,5,3,1
19693,191263,0.95,1,4,7,5,1
19694,191266,-0.03,0,2,5,3,1
19695,191268,-0.52,0,1,4,2,1
19696,191279,2.24,1,7,10,11,1
19697,191287,1.32,1,5,8,8,1
19698,191354,3.83,1,16,19,67,1
19699,191365,2.79,1,8,11,11,1
19700,191370,0.95,1,4,7,5,1
19701,191374,0.46,1,3,6,4,1
19702,191377,-0.03,0,2,5,3,1
19703,191392,3.65,1,10,13,15,1
19704,191402,2.85,1,8,11,10,1
19705,191413,2.24,1,7,10,11,1
19706,191435,4.88,1,13,16,22,1
19707,191436,-1.01,0,0,3,1,1
19708,191463,4.58,1,13,16,27,1
19709,191464,-1.01,0,0,3,1,1
19710,191467,-0.03,0,2,5,3,1
19711,191489,4.33,1,12,15,22,1
19712,191503,4.26,1,11,14,14,1
19713,191510,1.93,1,6,9,7,1
19714,191512,-0.52,0,1,4,2,1
19715,191535,5.92,1,15,18,23,1
19716,191537,-0.52,0,1,4,2,1
19717,191557,4.45,1,12,15,20,1
19718,191560,-0.03,0,2,5,3,1
19719,191563,-0.03,0,2,5,3,1
19720,191579,2.49,1,8,11,16,1
19721,191587,1.87,1,6,9,8,1
19722,191588,-1.01,0,0,3,1,1
19723,191606,2.37,1,8,11,18,1
19724,191616,2.3,1,7,10,10,1
19725,191634,4.02,1,11,14,18,1
19726,191637,-0.03,0,2,5,3,1
19727,191655,3.47,1,10,13,18,1
19728,191656,-1.01,0,0,3,1,1
19729,191657,-1.01,0,0,3,1,1
19730,191659,-0.52,0,1,4,2,1
19731,191665,1.44,1,5,8,6,1
19732,191668,-0.58,0,1,4,3,1
19733,191670,-0.52,0,1,4,2,1
19734,191674,0.46,1,3,6,4,1
19735,191680,1.44,1,5,8,6,1
19736,191689,1.26,1,5,8,9,1
19737,191692,-0.03,0,2,5,3,1
19738,191696,0.46,1,3,6,4,1
19739,191697,-1.01,0,0,3,1,1
19740,191703,0.34,1,3,6,6,1
19741,191704,-1.01,0,0,3,1,1
19742,191718,4.26,1,11,14,14,1
19743,191723,0.4,1,3,6,5,1
19744,191734,2.79,1,8,11,11,1
19745,191744,3.4,1,9,12,10,1
19746,191752,1.32,1,5,8,8,1
19747,191753,-1.01,0,0,3,1,1
19748,191772,4.51,1,12,15,19,1
19749,191783,2.79,1,8,11,11,1
19750,191790,1.38,1,5,8,7,1
19751,191793,-0.58,0,1,4,3,1
19752,191808,3.65,1,10,13,15,1
19753,191809,-1.01,0,0,3,1,1
19754,191811,-0.52,0,1,4,2,1
19755,191812,-1.01,0,0,3,1,1
19756,191818,1.44,1,5,8,6,1
19757,191831,3.77,1,10,13,13,1
19758,191841,2.3,1,7,10,10,1
19759,191880,2.76,1,11,14,39,1
19760,191889,1.26,1,5,8,9,1
19761,191890,-1.01,0,0,3,1,1
19762,191898,1.87,1,6,9,8,1
19763,191904,0.89,1,4,7,6,1
19764,191917,3.22,1,9,12,13,1
19765,191918,-1.01,0,0,3,1,1
19766,191925,1.38,1,5,8,7,1
19767,191926,-1.01,0,0,3,1,1
19768,191930,0.46,1,3,6,4,1
19769,191942,2.73,1,8,11,12,1
19770,191944,-0.52,0,1,4,2,1
19771,191967,4.27,1,12,15,23,1
19772,191975,2.42,1,7,10,8,1
19773,191979,0.46,1,3,6,4,1
19774,191989,2.3,1,7,10,10,1
19775,192012,4.82,1,13,16,23,1
19776,192013,-1.01,0,0,3,1,1
19777,192035,4.33,1,12,15,22,1
19778,192058,5.92,1,15,18,23,1
19779,192078,4.45,1,12,15,20,1
19780,192085,1.93,1,6,9,7,1
19781,192117,5.38,1,15,18,32,1
19782,192119,-0.52,0,1,4,2,1
19783,192127,2.42,1,7,10,8,1
19784,192158,7.09,1,18,21,31,1
19785,192163,0.4,1,3,6,5,1
19786,192172,2.36,1,7,10,9,1
19787,192174,-0.52,0,1,4,2,1
19788,192178,0.46,1,3,6,4,1
19789,192186,1.87,1,6,9,8,1
19790,192187,-1.01,0,0,3,1,1
19791,192189,-0.52,0,1,4,2,1
19792,192191,-0.52,0,1,4,2,1
19793,192193,-0.52,0,1,4,2,1
19794,192203,2.3,1,7,10,10,1
19795,192218,4.2,1,11,14,15,1
19796,192223,0.95,1,4,7,5,1
19797,192228,0.95,1,4,7,5,1
19798,192229,-1.01,0,0,3,1,1
19799,192233,0.46,1,3,6,4,1
19800,192260,4.58,1,13,16,27,1
19801,192266,1.44,1,5,8,6,1
19802,192270,0.46,1,3,6,4,1
19803,192305,6.3,1,17,20,35,1
19804,192308,-0.03,0,2,5,3,1
19805,192345,5.63,1,16,19,37,1
19806,192352,0.83,1,4,7,7,1
19807,192353,-1.01,0,0,3,1,1
19808,192377,5.86,1,15,18,24,1
19809,192379,-0.52,0,1,4,2,1
19810,192394,5.3,1,13,16,15,1
19811,192404,2.85,1,8,11,10,1
19812,192439,5.2,1,15,18,35,1
19813,192440,-1.01,0,0,3,1,1
19814,192458,4.02,1,11,14,18,1
19815,192474,3.59,1,10,13,16,1
19816,192500,5.19,1,14,17,26,1
19817,192507,1.93,1,6,9,7,1
19818,192519,3.28,1,9,12,12,1
19819,192525,0.89,1,4,7,6,1
19820,192527,-0.52,0,1,4,2,1
19821,192530,-0.03,0,2,5,3,1
19822,192532,-0.52,0,1,4,2,1
19823,192536,0.46,1,3,6,4,1
19824,192540,0.46,1,3,6,4,1
19825,192571,5.99,1,16,19,31,1
19826,192572,-1.01,0,0,3,1,1
19827,192575,-0.03,0,2,5,3,1
19828,192582,1.38,1,5,8,7,1
19829,192586,-0.09,0,2,5,4,1
19830,192596,2.3,1,7,10,10,1
19831,192599,-0.03,0,2,5,3,1
19832,192603,0.46,1,3,6,4,1
19833,192609,1.44,1,5,8,6,1
19834,192613,0.46,1,3,6,4,1
19835,192615,-0.52,0,1,4,2,1
19836,192617,-0.52,0,1,4,2,1
19837,192619,-0.52,0,1,4,2,1
19838,192633,3.16,1,9,12,14,1
19839,192634,-1.01,0,0,3,1,1
19840,192650,5.24,1,13,16,16,1
19841,192652,-0.52,0,1,4,2,1
19842,192658,0.89,1,4,7,6,1
19843,192666,1.87,1,6,9,8,1
19844,192673,1.38,1,5,8,7,1
19845,192676,-0.03,0,2,5,3,1
19846,192683,1.93,1,6,9,7,1
19847,192684,-1.01,0,0,3,1,1
19848,192739,5.65,1,18,21,55,1
19849,192750,2.79,1,8,11,11,1
19850,192782,5.38,1,15,18,32,1
19851,192794,3.83,1,10,13,12,1
19852,192796,-0.52,0,1,4,2,1
19853,192830,5.26,1,15,18,34,1
19854,192831,-1.01,0,0,3,1,1
19855,192836,0.95,1,4,7,5,1
19856,192837,-1.01,0,0,3,1,1
19857,192838,-1.01,0,0,3,1,1
19858,192857,3.41,1,10,13,19,1
19859,192867,2.3,1,7,10,10,1
19860,192883,5.24,1,13,16,16,1
19861,192899,3.59,1,10,13,16,1
19862,192906,1.93,1,6,9,7,1
19863,192919,4.32,1,11,14,13,1
19864,192921,-0.52,0,1,4,2,1
19865,192926,0.4,1,3,6,5,1
19866,192928,-0.52,0,1,4,2,1
19867,192939,3.34,1,9,12,11,1
19868,192968,6.11,1,16,19,29,1
19869,192971,-0.03,0,2,5,3,1
19870,192985,3.16,1,9,12,14,1
19871,192992,1.93,1,6,9,7,1
19872,193004,2.18,1,7,10,12,1
19873,193005,-1.01,0,0,3,1,1
19874,193010,0.95,1,4,7,5,1
19875,193018,1.87,1,6,9,8,1
19876,193020,-0.52,0,1,4,2,1
19877,193028,1.32,1,5,8,8,1
19878,193035,1.38,1,5,8,7,1
19879,193046,3.34,1,9,12,11,1
19880,193050,0.46,1,3,6,4,1
19881,193056,0.89,1,4,7,6,1
19882,193069,2.67,1,8,11,13,1
19883,193071,-0.52,0,1,4,2,1
19884,193090,4.51,1,12,15,19,1
19885,193092,-0.52,0,1,4,2,1
19886,193126,7.46,1,19,22,34,1
19887,193134,1.87,1,6,9,8,1
19888,193171,5.08,1,15,18,37,1
19889,193180,1.26,1,5,8,9,1
19890,193183,-0.03,0,2,5,3,1
19891,193197,3.71,1,10,13,14,1
19892,193198,-1.01,0,0,3,1,1
19893,193209,2.24,1,7,10,11,1
19894,193212,-0.03,0,2,5,3,1
19895,193216,0.46,1,3,6,4,1
19896,193218,-0.52,0,1,4,2,1
19897,193225,1.93,1,6,9,7,1
19898,193280,5.1,1,17,20,55,1
19899,193284,0.46,1,3,6,4,1
19900,193286,-0.52,0,1,4,2,1
19901,193292,1.44,1,5,8,6,1
19902,193333,6.49,1,18,21,41,1
19903,193342,2.91,1,8,11,9,1
19904,193345,-0.03,0,2,5,3,1
19905,193350,0.4,1,3,6,5,1
19906,193360,3.4,1,9,12,10,1
19907,193361,-1.01,0,0,3,1,1
19908,193371,2.3,1,7,10,10,1
19909,193373,-0.52,0,1,4,2,1
19910,193378,0.4,1,3,6,5,1
19911,193379,-1.01,0,0,3,1,1
19912,193414,6.3,1,17,20,35,1
19913,193415,-1.01,0,0,3,1,1
19914,193439,5.31,1,14,17,24,1
19915,193442,-0.03,0,2,5,3,1
19916,193447,0.4,1,3,6,5,1
19917,193453,1.44,1,5,8,6,1
19918,193459,1.44,1,5,8,6,1
19919,193466,1.38,1,5,8,7,1
19920,193471,0.95,1,4,7,5,1
19921,193479,2.42,1,7,10,8,1
19922,193487,1.32,1,5,8,8,1
19923,193490,-0.03,0,2,5,3,1
19924,193491,-1.01,0,0,3,1,1
19925,193495,0.46,1,3,6,4,1
19926,193506,2.79,1,8,11,11,1
19927,193533,7.33,1,18,21,27,1
19928,193544,2.24,1,7,10,11,1
19929,193552,2.42,1,7,10,8,1
19930,193561,2.36,1,7,10,9,1
19931,193629,5.42,1,19,22,68,1
19932,193663,4.71,1,14,17,34,1
19933,193679,3.04,1,9,12,16,1
19934,193680,-1.01,0,0,3,1,1
19935,193682,-0.52,0,1,4,2,1
19936,193689,1.93,1,6,9,7,1
19937,193690,-1.01,0,0,3,1,1
19938,193701,1.14,1,5,8,11,1
19939,193720,5.06,1,13,16,19,1
19940,193730,1.75,1,6,9,10,1
19941,193738,1.87,1,6,9,8,1
19942,193740,-0.52,0,1,4,2,1
19943,193742,-0.52,0,1,4,2,1
19944,193766,5.86,1,15,18,24,1
19945,193768,-0.52,0,1,4,2,1
19946,193778,2.3,1,7,10,10,1
19947,193780,-0.52,0,1,4,2,1
19948,193781,-1.01,0,0,3,1,1
19949,193792,2.24,1,7,10,11,1
19950,193796,0.46,1,3,6,4,1
19951,193803,1.93,1,6,9,7,1
19952,193805,-0.52,0,1,4,2,1
19953,193824,2.86,1,9,12,19,1
19954,193854,5.5,1,15,18,30,1
19955,193861,1.93,1,6,9,7,1
19956,193883,4.33,1,12,15,22,1
19957,193887,0.46,1,3,6,4,1
19958,193911,3.66,1,11,14,24,1
19959,193916,0.95,1,4,7,5,1
19960,193920,0.46,1,3,6,4,1
19961,193930,2.3,1,7,10,10,1
19962,193932,-0.52,0,1,4,2,1
19963,193937,0.95,1,4,7,5,1
19964,193966,6.66,1,17,20,29,1
19965,193973,1.38,1,5,8,7,1
19966,193978,0.95,1,4,7,5,1
19967,193984,0.89,1,4,7,6,1
19968,193988,0.46,1,3,6,4,1
19969,193998,2.3,1,7,10,10,1
19970,194029,3.79,1,12,15,31,1
19971,194039,2.3,1,7,10,10,1
19972,194098,6.51,1,20,23,59,1
19973,194101,-0.03,0,2,5,3,1
19974,194110,2.91,1,8,11,9,1
19975,194125,3.65,1,10,13,15,1
19976,194132,1.38,1,5,8,7,1
19977,194140,2.42,1,7,10,8,1
19978,194142,-0.52,0,1,4,2,1
19979,194143,-1.01,0,0,3,1,1
19980,194147,0.46,1,3,6,4,1
19981,194156,1.81,1,6,9,9,1
19982,194159,-0.03,0,2,5,3,1
19983,194162,-0.03,0,2,5,3,1
19984,194163,-1.01,0,0,3,1,1
19985,194164,-1.01,0,0,3,1,1
19986,194186,3.78,1,11,14,22,1
19987,194264,4.82,1,19,22,78,1
19988,194267,-0.03,0,2,5,3,1
19989,194268,-1.01,0,0,3,1,1
19990,194269,-1.01,0,0,3,1,1
19991,194273,0.46,1,3,6,4,1
19992,194276,-0.03,0,2,5,3,1
19993,194278,-0.52,0,1,4,2,1
19994,194298,6.1,1,15,18,20,1
19995,194303,0.95,1,4,7,5,1
19996,194312,2.36,1,7,10,9,1
19997,194314,-0.52,0,1,4,2,1
19998,194322,1.87,1,6,9,8,1
19999,194323,-1.01,0,0,3,1,1
20000,194328,0.95,1,4,7,5,1
20001,194338,2.85,1,8,11,10,1
20002,194402,5.66,1,19,22,64,1
20003,194407,0.95,1,4,7,5,1
20004,194414,1.93,1,6,9,7,1
20005,194419,0.95,1,4,7,5,1
20006,194424,0.4,1,3,6,5,1
20007,194457,3.67,1,12,15,33,1
20008,194473,4.14,1,11,14,16,1
20009,194481,2.42,1,7,10,8,1
20010,194546,6.15,1,20,23,65,1
20011,194557,2.79,1,8,11,11,1
20012,194561,0.46,1,3,6,4,1
20013,194577,3.59,1,10,13,16,1
20014,194611,4.16,1,13,16,34,1
20015,194628,3.53,1,10,13,17,1
20016,194644,4.14,1,11,14,16,1
20017,194645,-1.01,0,0,3,1,1
20018,194657,1.63,1,6,9,12,1
20019,194667,2.85,1,8,11,10,1
20020,194670,-0.58,0,1,4,3,1
20021,194676,1.44,1,5,8,6,1
20022,194681,0.95,1,4,7,5,1
20023,194695,3.16,1,9,12,14,1
20024,194715,5.0,1,13,16,20,1
20025,194726,2.24,1,7,10,11,1
20026,194729,-0.03,0,2,5,3,1
20027,194754,4.7,1,13,16,25,1
20028,194764,2.3,1,7,10,10,1
20029,194770,0.89,1,4,7,6,1
20030,194772,-0.52,0,1,4,2,1
20031,194778,1.44,1,5,8,6,1
20032,194785,1.38,1,5,8,7,1
20033,194790,0.95,1,4,7,5,1
20034,194804,2.61,1,8,11,14,1
20035,194805,-1.01,0,0,3,1,1
20036,194806,-1.01,0,0,3,1,1
20037,194818,2.73,1,8,11,12,1
20038,194820,-0.52,0,1,4,2,1
20039,194825,0.95,1,4,7,5,1
20040,194841,2.49,1,8,11,16,1
20041,194842,-1.01,0,0,3,1,1
20042,194847,0.4,1,3,6,5,1
20043,194848,-1.01,0,0,3,1,1
20044,194862,3.16,1,9,12,14,1
20045,194872,2.3,1,7,10,10,1
20046,194898,4.64,1,13,16,26,1
20047,194907,1.81,1,6,9,9,1
20048,194908,-1.01,0,0,3,1,1
20049,194917,2.36,1,7,10,9,1
20050,194942,5.25,1,14,17,25,1
20051,194946,0.46,1,3,6,4,1
20052,194956,1.75,1,6,9,10,1
20053,194958,-0.52,0,1,4,2,1
20054,194994,4.59,1,14,17,36,1
20055,194996,-0.52,0,1,4,2,1
20056,195015,3.96,1,11,14,19,1
20057,195017,-0.52,0,1,4,2,1
20058,195037,3.9,1,11,14,20,1
20059,195050,2.12,1,7,10,13,1
20060,195058,1.32,1,5,8,8,1
20061,195061,-0.03,0,2,5,3,1
20062,195067,1.44,1,5,8,6,1
20063,195092,2.5,1,9,12,25,1
20064,195099,1.93,1,6,9,7,1
20065,195107,1.87,1,6,9,8,1
20066,195160,5.77,1,18,21,53,1
20067,195193,5.32,1,15,18,33,1
20068,195195,-0.52,0,1,4,2,1
20069,195196,-1.01,0,0,3,1,1
20070,195198,-0.52,0,1,4,2,1
20071,195201,-0.03,0,2,5,3,1
20072,195214,3.77,1,10,13,13,1
20073,195233,3.96,1,11,14,19,1
20074,195258,3.05,1,10,13,25,1
20075,195260,-0.52,0,1,4,2,1
20076,195276,3.59,1,10,13,16,1
20077,195278,-0.52,0,1,4,2,1
20078,195284,0.89,1,4,7,6,1
20079,195308,4.21,1,12,15,24,1
20080,195321,3.22,1,9,12,13,1
20081,195324,-0.03,0,2,5,3,1
20082,195329,0.95,1,4,7,5,1
20083,195332,-0.03,0,2,5,3,1
20084,195339,0.83,1,4,7,7,1
20085,195343,0.46,1,3,6,4,1
20086,195372,5.56,1,15,18,29,1
20087,195376,0.46,1,3,6,4,1
20088,195392,2.49,1,8,11,16,1
20089,195394,-0.52,0,1,4,2,1
20090,195395,-1.01,0,0,3,1,1
20091,195400,0.4,1,3,6,5,1
20092,195410,2.3,1,7,10,10,1
20093,195425,4.2,1,11,14,15,1
20094,195428,-0.03,0,2,5,3,1
20095,195443,2.0,1,7,10,15,1
20096,195446,-0.03,0,2,5,3,1
20097,195456,1.75,1,6,9,10,1
20098,195460,0.46,1,3,6,4,1
20099,195478,2.92,1,9,12,18,1
20100,195507,5.01,1,14,17,29,1
20101,195518,1.69,1,6,9,11,1
20102,195527,2.36,1,7,10,9,1
20103,195531,0.46,1,3,6,4,1
20104,195532,-1.01,0,0,3,1,1
20105,195536,0.46,1,3,6,4,1
20106,195547,2.79,1,8,11,11,1
20107,195551,0.46,1,3,6,4,1
20108,195561,1.75,1,6,9,10,1
20109,195562,-1.01,0,0,3,1,1
20110,195578,3.04,1,9,12,16,1
20111,195584,0.89,1,4,7,6,1
20112,195593,1.81,1,6,9,9,1
20113,195595,-0.52,0,1,4,2,1
20114,195602,1.93,1,6,9,7,1
20115,195608,1.44,1,5,8,6,1
20116,195626,4.02,1,11,14,18,1
20117,195636,1.2,1,5,8,10,1
20118,195637,-1.01,0,0,3,1,1
20119,195648,1.14,1,5,8,11,1
20120,195658,2.85,1,8,11,10,1
20121,195660,-0.52,0,1,4,2,1
20122,195662,-0.52,0,1,4,2,1
20123,195671,2.91,1,8,11,9,1
20124,195677,1.44,1,5,8,6,1
20125,195682,0.4,1,3,6,5,1
20126,195699,3.53,1,10,13,17,1
20127,195701,-0.52,0,1,4,2,1
20128,195706,0.95,1,4,7,5,1
20129,195714,1.32,1,5,8,8,1
20130,195715,-1.01,0,0,3,1,1
20131,195719,0.46,1,3,6,4,1
20132,195720,-1.01,0,0,3,1,1
20133,195739,5.61,1,14,17,19,1
20134,195742,-0.03,0,2,5,3,1
20135,195743,-1.01,0,0,3,1,1
20136,195749,1.44,1,5,8,6,1
20137,195759,2.85,1,8,11,10,1
20138,195762,-0.03,0,2,5,3,1
20139,195771,2.36,1,7,10,9,1
20140,195772,-1.01,0,0,3,1,1
20141,195790,4.02,1,11,14,18,1
20142,195800,1.2,1,5,8,10,1
20143,195806,1.44,1,5,8,6,1
20144,195814,1.32,1,5,8,8,1
20145,195823,2.36,1,7,10,9,1
20146,195837,4.26,1,11,14,14,1
20147,195848,2.24,1,7,10,11,1
20148,195871,6.47,1,16,19,23,1
20149,195874,-0.03,0,2,5,3,1
20150,195876,-0.52,0,1,4,2,1
20151,195892,4.14,1,11,14,16,1
20152,195893,-1.01,0,0,3,1,1
20153,195894,-1.01,0,0,3,1,1
20154,195901,1.93,1,6,9,7,1
20155,195906,0.95,1,4,7,5,1
20156,195908,-0.52,0,1,4,2,1
20157,195910,-0.52,0,1,4,2,1
20158,195934,5.31,1,14,17,24,1
20159,195935,-1.01,0,0,3,1,1
20160,195945,2.3,1,7,10,10,1
20161,195955,1.2,1,5,8,10,1
20162,195958,-0.03,0,2,5,3,1
20163,195966,2.42,1,7,10,8,1
20164,195976,1.75,1,6,9,10,1
20165,195981,0.95,1,4,7,5,1
20166,196017,4.04,1,13,16,36,1
20167,196019,-0.52,0,1,4,2,1
20168,196027,1.87,1,6,9,8,1
20169,196028,-1.01,0,0,3,1,1
20170,196031,-0.03,0,2,5,3,1
20171,196041,2.3,1,7,10,10,1
20172,196058,4.08,1,11,14,17,1
20173,196059,-1.01,0,0,3,1,1
20174,196063,-0.09,0,2,5,4,1
20175,196066,-0.03,0,2,5,3,1
20176,196079,3.22,1,9,12,13,1
20177,196092,3.77,1,10,13,13,1
20178,196102,2.3,1,7,10,10,1
20179,196105,-0.03,0,2,5,3,1
20180,196106,-1.01,0,0,3,1,1
20181,196109,-0.03,0,2,5,3,1
20182,196112,-0.03,0,2,5,3,1
20183,196114,-0.52,0,1,4,2,1
20184,196122,2.42,1,7,10,8,1
20185,196124,-0.52,0,1,4,2,1
20186,196147,3.17,1,10,13,23,1
20187,196149,-0.52,0,1,4,2,1
20188,196152,-0.03,0,2,5,3,1
20189,196154,-0.52,0,1,4,2,1
20190,196163,1.26,1,5,8,9,1
20191,196164,-1.01,0,0,3,1,1
20192,196172,2.42,1,7,10,8,1
20193,196183,2.79,1,8,11,11,1
20194,196259,9.54,1,22,25,76,0
20195,196264,0.95,1,4,7,5,1
20196,196268,0.46,1,3,6,4,1
20197,196279,2.79,1,8,11,11,1
20198,196303,4.21,1,12,15,24,1
20199,196314,3.34,1,9,12,11,1
20200,196327,3.22,1,9,12,13,1
20201,196330,-0.03,0,2,5,3,1
20202,196332,-0.52,0,1,4,2,1
20203,196335,-0.03,0,2,5,3,1
20204,196337,-0.52,0,1,4,2,1
20205,196339,-0.52,0,1,4,2,1
20206,196340,-1.01,0,0,3,1,1
20207,196346,1.44,1,5,8,6,1
20208,196347,-1.01,0,0,3,1,1
20209,196354,1.93,1,6,9,7,1
20210,196368,3.16,1,9,12,14,1
20211,196395,6.23,1,16,19,27,1
20212,196401,0.89,1,4,7,6,1
20213,196417,4.14,1,11,14,16,1
20214,196423,1.44,1,5,8,6,1
20215,196425,-0.52,0,1,4,2,1
20216,196434,1.81,1,6,9,9,1
20217,196435,-1.01,0,0,3,1,1
20218,196449,3.71,1,10,13,14,1
20219,196454,0.4,1,3,6,5,1
20220,196457,-0.03,0,2,5,3,1
20221,196476,4.51,1,12,15,19,1
20222,196479,-0.03,0,2,5,3,1
20223,196491,3.28,1,9,12,12,1
20224,196499,1.32,1,5,8,8,1
20225,196503,0.46,1,3,6,4,1
20226,196508,0.95,1,4,7,5,1
20227,196509,-1.01,0,0,3,1,1
20228,196511,-0.52,0,1,4,2,1
20229,196515,-0.09,0,2,5,4,1
20230,196518,-0.03,0,2,5,3,1
20231,196525,1.93,1,6,9,7,1
20232,196526,-1.01,0,0,3,1,1
20233,196540,3.71,1,10,13,14,1
20234,196547,1.93,1,6,9,7,1
20235,196553,1.44,1,5,8,6,1
20236,196563,1.75,1,6,9,10,1
20237,196569,1.44,1,5,8,6,1
20238,196575,1.44,1,5,8,6,1
20239,196578,-0.03,0,2,5,3,1
20240,196593,3.65,1,10,13,15,1
20241,196597,0.46,1,3,6,4,1
20242,196613,4.14,1,11,14,16,1
20243,196628,3.65,1,10,13,15,1
20244,196649,4.94,1,13,16,21,1
20245,196654,0.95,1,4,7,5,1
20246,196657,-0.03,0,2,5,3,1
20247,196668,2.79,1,8,11,11,1
20248,196682,3.71,1,10,13,14,1
20249,196695,4.32,1,11,14,13,1
20250,196700,0.4,1,3,6,5,1
20251,196732,4.83,1,14,17,32,1
20252,196738,1.44,1,5,8,6,1
20253,196757,3.96,1,11,14,19,1
20254,196792,5.2,1,15,18,35,1
20255,196793,-1.01,0,0,3,1,1
20256,196801,1.87,1,6,9,8,1
20257,196802,-1.01,0,0,3,1,1
20258,196812,3.4,1,9,12,10,1
20259,196814,-0.52,0,1,4,2,1
20260,196815,-1.01,0,0,3,1,1
20261,196818,-0.03,0,2,5,3,1
20262,196819,-1.01,0,0,3,1,1
20263,196846,6.78,1,17,20,27,1
20264,196850,0.46,1,3,6,4,1
20265,196867,4.08,1,11,14,17,1
20266,196878,3.34,1,9,12,11,1
20267,196889,2.24,1,7,10,11,1
20268,196915,5.74,1,15,18,26,1
20269,196943,5.62,1,15,18,28,1
20270,196948,0.95,1,4,7,5,1
20271,196960,2.18,1,7,10,12,1
20272,196995,4.65,1,14,17,35,1
20273,197002,1.38,1,5,8,7,1
20274,197004,-0.52,0,1,4,2,1
20275,197031,4.58,1,13,16,27,1
20276,197040,2.36,1,7,10,9,1
20277,197046,0.89,1,4,7,6,1
20278,197058,3.28,1,9,12,12,1
20279,197070,3.28,1,9,12,12,1
20280,197071,-1.01,0,0,3,1,1
20281,197072,-1.01,0,0,3,1,1
20282,197076,0.46,1,3,6,4,1
20283,197077,-1.01,0,0,3,1,1
20284,197080,-0.03,0,2,5,3,1
20285,197081,-1.01,0,0,3,1,1
20286,197087,0.89,1,4,7,6,1
20287,197103,3.59,1,10,13,16,1
20288,197114,3.34,1,9,12,11,1
20289,197123,1.26,1,5,8,9,1
20290,197145,4.33,1,12,15,22,1
20291,197169,3.66,1,11,14,24,1
20292,197173,0.46,1,3,6,4,1
20293,197174,-1.01,0,0,3,1,1
20294,197190,5.24,1,13,16,16,1
20295,197204,4.26,1,11,14,14,1
20296,197213,1.81,1,6,9,9,1
20297,197218,0.95,1,4,7,5,1
20298,197225,1.93,1,6,9,7,1
20299,197227,-0.52,0,1,4,2,1
20300,197228,-1.01,0,0,3,1,1
20301,197232,0.46,1,3,6,4,1
20302,197239,1.38,1,5,8,7,1
20303,197241,-0.52,0,1,4,2,1
20304,197271,6.6,1,17,20,30,1
20305,197275,0.46,1,3,6,4,1
20306,197293,2.92,1,9,12,18,1
20307,197302,2.91,1,8,11,9,1
20308,197309,1.93,1,6,9,7,1
20309,197363,10.86,1,22,25,54,0
20310,197364,-1.01,0,0,3,1,1
20311,197368,0.46,1,3,6,4,1
20312,197373,0.95,1,4,7,5,1
20313,197376,-0.03,0,2,5,3,1
20314,197395,5.61,1,14,17,19,1
20315,197407,2.73,1,8,11,12,1
20316,197416,2.91,1,8,11,9,1
20317,197429,2.67,1,8,11,13,1
20318,197434,0.95,1,4,7,5,1
20319,197440,0.89,1,4,7,6,1
20320,197441,-1.01,0,0,3,1,1
20321,197456,3.1,1,9,12,15,1
20322,197521,10.2,1,22,25,65,0
20323,197526,0.95,1,4,7,5,1
20324,197527,-1.01,0,0,3,1,1
20325,197541,3.71,1,10,13,14,1
20326,197545,0.46,1,3,6,4,1
20327,197557,3.28,1,9,12,12,1
20328,197563,1.44,1,5,8,6,1
20329,197566,-0.03,0,2,5,3,1
20330,197567,-1.01,0,0,3,1,1
20331,197569,-0.52,0,1,4,2,1
20332,197593,5.31,1,14,17,24,1
20333,197601,1.87,1,6,9,8,1
20334,197608,1.38,1,5,8,7,1
20335,197619,2.24,1,7,10,11,1
20336,197630,2.24,1,7,10,11,1
20337,197633,-0.03,0,2,5,3,1
20338,197652,3.96,1,11,14,19,1
20339,197655,-0.03,0,2,5,3,1
20340,197657,-0.52,0,1,4,2,1
20341,197658,-1.01,0,0,3,1,1
20342,197661,-0.03,0,2,5,3,1
20343,197664,-0.03,0,2,5,3,1
20344,197670,1.44,1,5,8,6,1
20345,197680,2.3,1,7,10,10,1
20346,197681,-1.01,0,0,3,1,1
20347,197687,0.89,1,4,7,6,1
20348,197690,-0.03,0,2,5,3,1
20349,197693,-0.03,0,2,5,3,1
20350,197702,2.36,1,7,10,9,1
20351,197703,-1.01,0,0,3,1,1
20352,197713,2.3,1,7,10,10,1
20353,197720,1.93,1,6,9,7,1
20354,197728,2.42,1,7,10,8,1
20355,197737,1.81,1,6,9,9,1
20356,197739,-0.52,0,1,4,2,1
20357,197749,2.3,1,7,10,10,1
20358,197758,1.26,1,5,8,9,1
20359,197764,1.44,1,5,8,6,1
20360,197766,-0.52,0,1,4,2,1
20361,197795,5.01,1,14,17,29,1
20362,197807,3.28,1,9,12,12,1
20363,197838,4.89,1,14,17,31,1
20364,197848,1.75,1,6,9,10,1
20365,197854,0.89,1,4,7,6,1
20366,197858,0.46,1,3,6,4,1
20367,197881,5.92,1,15,18,23,1
20368,197892,3.34,1,9,12,11,1
20369,197901,2.91,1,8,11,9,1
20370,197907,1.44,1,5,8,6,1
20371,197911,0.46,1,3,6,4,1
20372,197913,-0.52,0,1,4,2,1
20373,197915,-0.52,0,1,4,2,1
20374,197917,-0.52,0,1,4,2,1
20375,197922,0.95,1,4,7,5,1
20376,197923,-1.01,0,0,3,1,1
20377,197925,-0.52,0,1,4,2,1
20378,197935,2.3,1,7,10,10,1
20379,197936,-1.01,0,0,3,1,1
20380,197943,1.93,1,6,9,7,1
20381,197944,-1.01,0,0,3,1,1
20382,197960,4.69,1,12,15,16,1
20383,197972,2.73,1,8,11,12,1
20384,197977,0.95,1,4,7,5,1
20385,197995,3.47,1,10,13,18,1
20386,197996,-1.01,0,0,3,1,1
20387,198001,0.95,1,4,7,5,1
20388,198003,-0.52,0,1,4,2,1
20389,198004,-1.01,0,0,3,1,1
20390,198014,2.85,1,8,11,10,1
20391,198018,0.46,1,3,6,4,1
20392,198043,7.45,1,18,21,25,1
20393,198047,-0.09,0,2,5,4,1
20394,198050,-0.03,0,2,5,3,1
20395,198056,0.89,1,4,7,6,1
20396,198072,4.14,1,11,14,16,1
20397,198087,2.55,1,8,11,15,1
20398,198106,4.51,1,12,15,19,1
20399,198137,4.89,1,14,17,31,1
20400,198151,3.16,1,9,12,14,1
20401,198154,-0.03,0,2,5,3,1
20402,198155,-1.01,0,0,3,1,1
20403,198162,1.38,1,5,8,7,1
20404,198177,4.75,1,12,15,15,1
20405,198183,1.44,1,5,8,6,1
20406,198187,0.46,1,3,6,4,1
20407,198200,3.22,1,9,12,13,1
20408,198208,1.32,1,5,8,8,1
20409,198233,6.35,1,16,19,25,1
20410,198234,-1.01,0,0,3,1,1
20411,198255,3.84,1,11,14,21,1
20412,198258,-0.03,0,2,5,3,1
20413,198259,-1.01,0,0,3,1,1
20414,198261,-0.52,0,1,4,2,1
20415,198270,1.81,1,6,9,9,1
20416,198294,5.31,1,14,17,24,1
20417,198297,-0.03,0,2,5,3,1
20418,198301,0.46,1,3,6,4,1
20419,198303,-0.52,0,1,4,2,1
20420,198309,1.44,1,5,8,6,1
20421,198315,1.44,1,5,8,6,1
20422,198317,-0.52,0,1,4,2,1
20423,198320,-0.03,0,2,5,3,1
20424,198321,-1.01,0,0,3,1,1
20425,198331,2.85,1,8,11,10,1
20426,198333,-0.52,0,1,4,2,1
20427,198336,-0.03,0,2,5,3,1
20428,198338,-0.52,0,1,4,2,1
20429,198340,-0.52,0,1,4,2,1
20430,198363,4.82,1,13,16,23,1
20431,198365,-0.52,0,1,4,2,1
20432,198366,-1.01,0,0,3,1,1
20433,198370,0.46,1,3,6,4,1
20434,198372,-0.52,0,1,4,2,1
20435,198382,1.75,1,6,9,10,1
20436,198400,4.02,1,11,14,18,1
20437,198410,2.85,1,8,11,10,1
20438,198414,0.46,1,3,6,4,1
20439,198425,2.79,1,8,11,11,1
20440,198433,1.87,1,6,9,8,1
20441,198444,2.79,1,8,11,11,1
20442,198462,2.92,1,9,12,18,1
20443,198475,3.77,1,10,13,13,1
20444,198484,2.91,1,8,11,9,1
20445,198493,1.81,1,6,9,9,1
20446,198502,1.81,1,6,9,9,1
20447,198514,3.83,1,10,13,12,1
20448,198518,0.46,1,3,6,4,1
20449,198544,5.74,1,15,18,26,1
20450,198545,-1.01,0,0,3,1,1
20451,198552,1.38,1,5,8,7,1
20452,198573,3.29,1,10,13,21,1
20453,198579,1.44,1,5,8,6,1
20454,198585,1.44,1,5,8,6,1
20455,198588,-0.03,0,2,5,3,1
20456,198597,2.36,1,7,10,9,1
20457,198601,0.46,1,3,6,4,1
20458,198608,1.38,1,5,8,7,1
20459,198615,1.38,1,5,8,7,1
20460,198629,2.06,1,7,10,14,1
20461,198630,-1.01,0,0,3,1,1
20462,198638,1.87,1,6,9,8,1
20463,198663,5.8,1,15,18,25,1
20464,198683,3.9,1,11,14,20,1
20465,198695,2.73,1,8,11,12,1
20466,198701,1.44,1,5,8,6,1
20467,198710,1.26,1,5,8,9,1
20468,198715,0.4,1,3,6,5,1
20469,198726,3.89,1,10,13,11,1
20470,198731,0.95,1,4,7,5,1
20471,198732,-1.01,0,0,3,1,1
20472,198739,1.38,1,5,8,7,1
20473,198742,-0.03,0,2,5,3,1
20474,198766,3.66,1,11,14,24,1
20475,198773,1.38,1,5,8,7,1
20476,198815,6.98,1,19,22,42,1
20477,198818,-0.58,0,1,4,3,1
20478,198872,4.61,1,16,19,54,1
20479,198874,-0.52,0,1,4,2,1
20480,198877,-0.03,0,2,5,3,1
20481,198882,0.95,1,4,7,5,1
20482,198883,-1.01,0,0,3,1,1
20483,198905,3.23,1,10,13,22,1
20484,198907,-0.52,0,1,4,2,1
20485,198910,-0.03,0,2,5,3,1
20486,198913,-0.03,0,2,5,3,1
20487,198918,0.95,1,4,7,5,1
20488,198939,4.94,1,13,16,21,1
20489,198951,3.83,1,10,13,12,1
20490,198967,3.59,1,10,13,16,1
20491,198969,-0.52,0,1,4,2,1
20492,198996,4.58,1,13,16,27,1
20493,199007,2.79,1,8,11,11,1
20494,199009,-0.52,0,1,4,2,1
20495,199030,5.49,1,14,17,21,1
20496,199034,0.46,1,3,6,4,1
20497,199060,5.74,1,15,18,26,1
20498,199072,2.18,1,7,10,12,1
20499,199078,1.44,1,5,8,6,1
20500,199082,0.46,1,3,6,4,1
20501,199138,4.49,1,16,19,56,1
20502,199144,0.89,1,4,7,6,1
20503,199170,5.19,1,14,17,26,1
20504,199187,1.88,1,7,10,17,1
20505,199192,0.95,1,4,7,5,1
20506,199194,-0.52,0,1,4,2,1
20507,199196,-0.52,0,1,4,2,1
20508,199197,-1.01,0,0,3,1,1
20509,199200,-0.03,0,2,5,3,1
20510,199203,-0.03,0,2,5,3,1
20511,199206,-0.03,0,2,5,3,1
20512,199214,1.87,1,6,9,8,1
20513,199222,1.87,1,6,9,8,1
20514,199228,1.44,1,5,8,6,1
20515,199249,4.39,1,12,15,21,1
20516,199253,-0.64,0,1,4,4,1
20517,199259,1.44,1,5,8,6,1
20518,199263,0.46,1,3,6,4,1
20519,199265,-0.52,0,1,4,2,1
20520,199274,1.26,1,5,8,9,1
20521,199287,2.67,1,8,11,13,1
20522,199300,3.22,1,9,12,13,1
20523,199301,-1.01,0,0,3,1,1
20524,199302,-1.01,0,0,3,1,1
20525,199303,-1.01,0,0,3,1,1
20526,199304,-1.01,0,0,3,1,1
20527,199311,1.38,1,5,8,7,1
20528,199319,2.42,1,7,10,8,1
20529,199323,0.46,1,3,6,4,1
20530,199335,3.28,1,9,12,12,1
20531,199336,-1.01,0,0,3,1,1
20532,199341,0.4,1,3,6,5,1
20533,199342,-1.01,0,0,3,1,1
20534,199361,3.96,1,11,14,19,1
20535,199362,-1.01,0,0,3,1,1
20536,199366,0.46,1,3,6,4,1
20537,199380,3.71,1,10,13,14,1
20538,199406,5.74,1,15,18,26,1
20539,199430,5.31,1,14,17,24,1
20540,199433,-0.03,0,2,5,3,1
20541,199436,-0.03,0,2,5,3,1
20542,199457,4.94,1,13,16,21,1
20543,199461,0.46,1,3,6,4,1
20544,199463,-0.52,0,1,4,2,1
20545,199466,-0.03,0,2,5,3,1
20546,199490,4.76,1,13,16,24,1
20547,199491,-1.01,0,0,3,1,1
20548,199517,6.84,1,17,20,26,1
20549,199519,-0.52,0,1,4,2,1
20550,199520,-1.01,0,0,3,1,1
20551,199538,5.12,1,13,16,18,1
20552,199554,4.14,1,11,14,16,1
20553,199566,3.28,1,9,12,12,1
20554,199567,-1.01,0,0,3,1,1
20555,199569,-0.52,0,1,4,2,1
20556,199585,4.14,1,11,14,16,1
20557,199586,-1.01,0,0,3,1,1
20558,199664,5.92,1,21,24,78,1
20559,199669,0.95,1,4,7,5,1
20560,199674,0.95,1,4,7,5,1
20561,199682,1.32,1,5,8,8,1
20562,199700,5.12,1,13,16,18,1
20563,199701,-1.01,0,0,3,1,1
20564,199716,3.65,1,10,13,15,1
20565,199728,2.18,1,7,10,12,1
20566,199732,-0.09,0,2,5,4,1
20567,199739,0.83,1,4,7,7,1
20568,199741,-0.52,0,1,4,2,1
20569,199744,-0.03,0,2,5,3,1
20570,199754,2.3,1,7,10,10,1
20571,199756,-0.52,0,1,4,2,1
20572,199762,1.44,1,5,8,6,1
20573,199777,4.75,1,12,15,15,1
20574,199787,2.85,1,8,11,10,1
20575,199791,0.46,1,3,6,4,1
20576,199795,0.46,1,3,6,4,1
20577,199800,0.4,1,3,6,5,1
20578,199802,-0.52,0,1,4,2,1
20579,199817,4.2,1,11,14,15,1
20580,199822,0.4,1,3,6,5,1
20581,199830,1.87,1,6,9,8,1
20582,199840,2.85,1,8,11,10,1
20583,199845,0.95,1,4,7,5,1
20584,199848,-0.03,0,2,5,3,1
20585,199859,3.89,1,10,13,11,1
20586,199869,2.85,1,8,11,10,1
20587,199870,-1.01,0,0,3,1,1
20588,199880,3.4,1,9,12,10,1
20589,199890,1.75,1,6,9,10,1
20590,199895,0.95,1,4,7,5,1
20591,199915,3.9,1,11,14,20,1
20592,199925,2.3,1,7,10,10,1
20593,199942,5.73,1,14,17,17,1
20594,199946,0.46,1,3,6,4,1
20595,199948,-0.52,0,1,4,2,1
20596,199951,-0.03,0,2,5,3,1
20597,199978,6.23,1,16,19,27,1
20598,199982,0.46,1,3,6,4,1
20599,199994,3.83,1,10,13,12,1
20600,200000,2.39,1,5,8,6,0
