episode,env_steps,ep_reward,win,safe_revealed,total_safe,ep_actions,mine_hit
1,13,2.67,0,8,11,13,1
2,14,-1.01,0,0,3,1,1
3,34,6.1,0,15,18,20,1
4,42,1.87,0,6,9,8,1
5,50,1.87,0,6,9,8,1
6,53,-0.03,0,2,5,3,1
7,54,-1.01,0,0,3,1,1
8,59,0.4,0,3,6,5,1
9,65,0.89,0,4,7,6,1
10,71,1.44,0,5,8,6,1
11,86,3.65,0,10,13,15,1
12,89,-0.03,0,2,5,3,1
13,96,1.38,0,5,8,7,1
14,107,2.79,0,8,11,11,1
15,112,-0.15,0,2,5,5,1
16,119,0.83,0,4,7,7,1
17,127,1.87,0,6,9,8,1
18,143,4.14,0,11,14,16,1
19,149,0.89,0,4,7,6,1
20,152,-0.03,0,2,5,3,1
21,161,2.36,0,7,10,9,1
22,169,2.42,0,7,10,8,1
23,170,-1.01,0,0,3,1,1
24,182,2.73,0,8,11,12,1
25,195,4.32,0,11,14,13,1
26,199,0.46,0,3,6,4,1
27,203,0.46,0,3,6,4,1
28,214,2.24,0,7,10,11,1
29,221,1.93,0,6,9,7,1
30,229,1.87,0,6,9,8,1
31,231,-0.52,0,1,4,2,1
32,234,-0.03,0,2,5,3,1
33,236,-0.52,0,1,4,2,1
34,240,0.46,0,3,6,4,1
35,242,-0.52,0,1,4,2,1
36,259,4.63,0,12,15,17,1
37,278,4.51,0,12,15,19,1
38,288,2.3,0,7,10,10,1
39,290,-0.52,0,1,4,2,1
40,295,0.4,0,3,6,5,1
41,307,4.38,0,11,14,12,1
42,315,2.42,0,7,10,8,1
43,321,1.44,0,5,8,6,1
44,348,5.68,0,15,18,27,1
45,351,-0.03,0,2,5,3,1
46,363,3.83,0,10,13,12,1
47,365,-0.52,0,1,4,2,1
48,368,-0.03,0,2,5,3,1
49,369,-1.01,0,0,3,1,1
50,381,3.28,0,9,12,12,1
51,387,1.44,0,5,8,6,1
52,390,-0.03,0,2,5,3,1
53,394,0.46,0,3,6,4,1
54,402,2.42,0,7,10,8,1
55,405,-0.03,0,2,5,3,1
56,410,0.95,0,4,7,5,1
57,416,0.89,0,4,7,6,1
58,420,0.46,0,3,6,4,1
59,440,3.9,0,11,14,20,1
60,442,-0.52,0,1,4,2,1
61,449,1.93,0,6,9,7,1
62,453,0.46,0,3,6,4,1
63,461,1.87,0,6,9,8,1
64,465,0.46,0,3,6,4,1
65,474,2.91,0,8,11,9,1
66,481,1.38,0,5,8,7,1
67,484,-0.03,0,2,5,3,1
68,486,-0.52,0,1,4,2,1
69,490,-0.09,0,2,5,4,1
70,507,4.63,0,12,15,17,1
71,510,-0.03,0,2,5,3,1
72,511,-1.01,0,0,3,1,1
73,513,-0.52,0,1,4,2,1
74,516,-0.03,0,2,5,3,1
75,525,2.91,0,8,11,9,1
76,527,-0.52,0,1,4,2,1
77,532,0.95,0,4,7,5,1
78,533,-1.01,0,0,3,1,1
79,535,-0.52,0,1,4,2,1
80,577,6.43,0,18,21,42,1
81,581,0.46,0,3,6,4,1
82,589,1.87,0,6,9,8,1
83,596,1.38,0,5,8,7,1
84,629,7.52,0,19,22,33,1
85,635,1.44,0,5,8,6,1
86,641,0.89,0,4,7,6,1
87,646,0.95,0,4,7,5,1
88,659,3.22,0,9,12,13,1
89,662,-0.03,0,2,5,3,1
90,666,0.46,0,3,6,4,1
91,667,-1.01,0,0,3,1,1
92,671,0.46,0,3,6,4,1
93,684,3.22,0,9,12,13,1
94,694,2.3,0,7,10,10,1
95,699,0.95,0,4,7,5,1
96,709,2.3,0,7,10,10,1
97,719,2.3,0,7,10,10,1
98,729,3.4,0,9,12,10,1
99,734,0.4,0,3,6,5,1
100,744,2.3,0,7,10,10,1
101,748,0.46,0,3,6,4,1
102,759,1.69,0,6,9,11,1
103,765,0.89,0,4,7,6,1
104,769,0.46,0,3,6,4,1
105,770,-1.01,0,0,3,1,1
106,783,3.77,0,10,13,13,1
107,801,4.02,0,11,14,18,1
108,804,-0.03,0,2,5,3,1
109,824,4.45,0,12,15,20,1
110,829,0.95,0,4,7,5,1
111,834,0.95,0,4,7,5,1
112,846,2.73,0,8,11,12,1
113,849,-0.03,0,2,5,3,1
114,853,0.46,0,3,6,4,1
115,857,0.46,0,3,6,4,1
116,858,-1.01,0,0,3,1,1
117,863,0.95,0,4,7,5,1
118,877,4.26,0,11,14,14,1
119,878,-1.01,0,0,3,1,1
120,884,0.89,0,4,7,6,1
121,889,-0.15,0,2,5,5,1
122,891,-0.52,0,1,4,2,1
123,897,0.89,0,4,7,6,1
124,898,-1.01,0,0,3,1,1
125,943,6.8,0,19,22,45,1
126,944,-1.01,0,0,3,1,1
127,945,-1.01,0,0,3,1,1
128,946,-1.01,0,0,3,1,1
129,953,1.93,0,6,9,7,1
130,955,-0.52,0,1,4,2,1
131,957,-0.52,0,1,4,2,1
132,966,2.36,0,7,10,9,1
133,978,2.73,0,8,11,12,1
134,988,2.3,0,7,10,10,1
135,997,2.36,0,7,10,9,1
136,1004,0.83,0,4,7,7,1
137,1020,4.14,0,11,14,16,1
138,1025,0.95,0,4,7,5,1
139,1036,2.79,0,8,11,11,1
140,1039,-0.03,0,2,5,3,1
141,1049,2.3,0,7,10,10,1
142,1053,0.46,0,3,6,4,1
143,1066,3.77,0,10,13,13,1
144,1069,-0.03,0,2,5,3,1
145,1090,3.84,0,11,14,21,1
146,1100,2.3,0,7,10,10,1
147,1107,0.83,0,4,7,7,1
148,1108,-1.01,0,0,3,1,1
149,1119,2.24,0,7,10,11,1
150,1132,3.22,0,9,12,13,1
151,1154,4.88,0,13,16,22,1
152,1156,-0.52,0,1,4,2,1
153,1158,-0.52,0,1,4,2,1
154,1161,-0.03,0,2,5,3,1
155,1169,1.87,0,6,9,8,1
156,1175,1.44,0,5,8,6,1
157,1185,2.85,0,8,11,10,1
158,1202,2.43,0,8,11,17,1
159,1205,-0.03,0,2,5,3,1
160,1251,6.74,0,19,22,46,1
161,1254,-0.03,0,2,5,3,1
162,1261,1.38,0,5,8,7,1
163,1265,0.46,0,3,6,4,1
164,1271,1.44,0,5,8,6,1
165,1284,3.77,0,10,13,13,1
166,1295,2.79,0,8,11,11,1
167,1322,5.13,0,14,17,27,1
168,1327,0.4,0,3,6,5,1
169,1328,-1.01,0,0,3,1,1
170,1335,0.28,0,3,6,7,1
171,1339,0.46,0,3,6,4,1
172,1342,-0.03,0,2,5,3,1
173,1343,-1.01,0,0,3,1,1
174,1360,4.08,0,11,14,17,1
175,1371,2.24,0,7,10,11,1
176,1388,4.63,0,12,15,17,1
177,1400,3.83,0,10,13,12,1
178,1403,-0.03,0,2,5,3,1
179,1404,-1.01,0,0,3,1,1
180,1414,2.85,0,8,11,10,1
181,1425,2.24,0,7,10,11,1
182,1432,1.93,0,6,9,7,1
183,1433,-1.01,0,0,3,1,1
184,1434,-1.01,0,0,3,1,1
185,1437,-0.03,0,2,5,3,1
186,1440,-0.03,0,2,5,3,1
187,1443,-0.03,0,2,5,3,1
188,1450,1.38,0,5,8,7,1
189,1453,-0.03,0,2,5,3,1
190,1472,4.51,0,12,15,19,1
191,1479,1.93,0,6,9,7,1
192,1491,3.28,0,9,12,12,1
193,1492,-1.01,0,0,3,1,1
194,1493,-1.01,0,0,3,1,1
195,1494,-1.01,0,0,3,1,1
196,1496,-0.52,0,1,4,2,1
197,1509,2.67,0,8,11,13,1
198,1510,-1.01,0,0,3,1,1
199,1519,1.81,0,6,9,9,1
200,1521,-0.52,0,1,4,2,1
201,1524,-0.03,0,2,5,3,1
202,1527,-0.03,0,2,5,3,1
203,1559,5.38,0,15,18,32,1
204,1561,-0.52,0,1,4,2,1
205,1563,-0.52,0,1,4,2,1
206,1571,1.87,0,6,9,8,1
207,1592,3.29,0,10,13,21,1
208,1593,-1.01,0,0,3,1,1
209,1604,3.34,0,9,12,11,1
210,1607,-0.03,0,2,5,3,1
211,1609,-0.52,0,1,4,2,1
212,1620,1.69,0,6,9,11,1
213,1622,-0.52,0,1,4,2,1
214,1626,-0.09,0,2,5,4,1
215,1627,-1.01,0,0,3,1,1
216,1628,-1.01,0,0,3,1,1
217,1649,4.39,0,12,15,21,1
218,1652,-0.03,0,2,5,3,1
219,1654,-0.52,0,1,4,2,1
220,1662,1.87,0,6,9,8,1
221,1665,-0.03,0,2,5,3,1
222,1671,1.44,0,5,8,6,1
223,1678,1.93,0,6,9,7,1
224,1680,-0.52,0,1,4,2,1
225,1685,0.4,0,3,6,5,1
226,1688,-0.03,0,2,5,3,1
227,1691,-0.03,0,2,5,3,1
228,1698,1.93,0,6,9,7,1
229,1703,0.95,0,4,7,5,1
230,1727,4.76,0,13,16,24,1
231,1743,3.59,0,10,13,16,1
232,1746,-0.03,0,2,5,3,1
233,1769,4.82,0,13,16,23,1
234,1782,3.77,0,10,13,13,1
235,1795,2.12,0,7,10,13,1
236,1801,1.44,0,5,8,6,1
237,1803,-0.52,0,1,4,2,1
238,1838,6.3,0,17,20,35,1
239,1849,2.79,0,8,11,11,1
240,1852,-0.03,0,2,5,3,1
241,1857,-0.15,0,2,5,5,1
242,1868,2.24,0,7,10,11,1
243,1872,0.46,0,3,6,4,1
244,1875,-0.03,0,2,5,3,1
245,1878,-0.03,0,2,5,3,1
246,1885,1.38,0,5,8,7,1
247,1890,0.95,0,4,7,5,1
248,1892,-0.52,0,1,4,2,1
249,1904,3.28,0,9,12,12,1
250,1909,0.95,0,4,7,5,1
251,1914,0.95,0,4,7,5,1
252,1920,1.44,0,5,8,6,1
253,1928,1.32,0,5,8,8,1
254,1932,0.46,0,3,6,4,1
255,1938,0.89,0,4,7,6,1
256,1957,4.51,0,12,15,19,1
257,1975,4.02,0,11,14,18,1
258,1983,1.32,0,5,8,8,1
259,1984,-1.01,0,0,3,1,1
260,1990,1.44,0,5,8,6,1
261,2010,3.9,0,11,14,20,1
262,2016,1.44,0,5,8,6,1
263,2017,-1.01,0,0,3,1,1
264,2020,-0.03,0,2,5,3,1
265,2022,-0.52,0,1,4,2,1
266,2037,3.1,0,9,12,15,1
267,2068,5.99,0,16,19,31,1
268,2073,0.4,0,3,6,5,1
269,2084,3.34,0,9,12,11,1
270,2088,0.46,0,3,6,4,1
271,2095,1.38,0,5,8,7,1
272,2111,4.69,0,12,15,16,1
273,2115,0.46,0,3,6,4,1
274,2117,-0.52,0,1,4,2,1
275,2138,4.94,0,13,16,21,1
276,2140,-0.52,0,1,4,2,1
277,2142,-0.52,0,1,4,2,1
278,2165,5.37,0,14,17,23,1
279,2170,0.95,0,4,7,5,1
280,2182,3.28,0,9,12,12,1
281,2189,1.93,0,6,9,7,1
282,2197,1.32,0,5,8,8,1
283,2203,1.44,0,5,8,6,1
284,2211,1.87,0,6,9,8,1
285,2215,0.46,0,3,6,4,1
286,2221,1.44,0,5,8,6,1
287,2232,3.34,0,9,12,11,1
288,2257,5.25,0,14,17,25,1
289,2259,-0.52,0,1,4,2,1
290,2298,7.16,0,19,22,39,1
291,2304,1.44,0,5,8,6,1
292,2308,0.46,0,3,6,4,1
293,2312,0.46,0,3,6,4,1
294,2324,2.18,0,7,10,12,1
295,2327,-0.03,0,2,5,3,1
296,2330,-0.58,0,1,4,3,1
297,2339,1.81,0,6,9,9,1
298,2342,-0.03,0,2,5,3,1
299,2361,3.96,0,11,14,19,1
300,2362,-1.01,0,0,3,1,1
301,2368,1.44,0,5,8,6,1
302,2404,6.79,0,18,21,36,1
303,2405,-1.01,0,0,3,1,1
304,2406,-1.01,0,0,3,1,1
305,2408,-0.52,0,1,4,2,1
306,2422,4.81,0,12,15,14,1
307,2426,0.46,0,3,6,4,1
308,2432,1.44,0,5,8,6,1
309,2436,0.46,0,3,6,4,1
310,2443,0.83,0,4,7,7,1
311,2445,-0.52,0,1,4,2,1
312,2447,-0.52,0,1,4,2,1
313,2454,1.93,0,6,9,7,1
314,2464,2.85,0,8,11,10,1
315,2470,1.44,0,5,8,6,1
316,2472,-0.52,0,1,4,2,1
317,2473,-1.01,0,0,3,1,1
318,2477,0.46,0,3,6,4,1
319,2484,1.93,0,6,9,7,1
320,2487,-0.03,0,2,5,3,1
321,2494,1.93,0,6,9,7,1
322,2510,5.24,0,13,16,16,1
323,2521,3.34,0,9,12,11,1
324,2523,-0.52,0,1,4,2,1
325,2524,-1.01,0,0,3,1,1
326,2530,1.44,0,5,8,6,1
327,2534,0.46,0,3,6,4,1
328,2537,-0.03,0,2,5,3,1
329,2543,1.44,0,5,8,6,1
330,2549,1.44,0,5,8,6,1
331,2559,1.75,0,6,9,10,1
332,2561,-0.52,0,1,4,2,1
333,2577,3.59,0,10,13,16,1
334,2587,2.3,0,7,10,10,1
335,2598,2.79,0,8,11,11,1
336,2612,3.71,0,10,13,14,1
337,2617,0.95,0,4,7,5,1
338,2618,-1.01,0,0,3,1,1
339,2619,-1.01,0,0,3,1,1
340,2623,-0.09,0,2,5,4,1
341,2626,-0.03,0,2,5,3,1
342,2653,5.13,0,14,17,27,1
343,2661,2.42,0,7,10,8,1
344,2673,2.18,0,7,10,12,1
345,2677,0.46,0,3,6,4,1
346,2682,0.4,0,3,6,5,1
347,2686,0.46,0,3,6,4,1
348,2695,2.36,0,7,10,9,1
349,2697,-0.52,0,1,4,2,1
350,2698,-1.01,0,0,3,1,1
351,2699,-1.01,0,0,3,1,1
352,2702,-0.03,0,2,5,3,1
353,2703,-1.01,0,0,3,1,1
354,2707,0.46,0,3,6,4,1
355,2711,0.46,0,3,6,4,1
356,2716,0.95,0,4,7,5,1
357,2744,6.72,0,17,20,28,1
358,2772,5.62,0,15,18,28,1
359,2775,-0.58,0,1,4,3,1
360,2794,5.61,0,14,17,19,1
361,2795,-1.01,0,0,3,1,1
362,2840,4.6,0,15,18,45,1
363,2841,-1.01,0,0,3,1,1
364,2845,0.46,0,3,6,4,1
365,2855,3.4,0,9,12,10,1
366,2877,5.98,0,15,18,22,1
367,2882,0.95,0,4,7,5,1
368,2895,3.22,0,9,12,13,1
369,2920,6.35,0,16,19,25,1
370,2925,0.95,0,4,7,5,1
371,2931,0.89,0,4,7,6,1
372,2933,-0.52,0,1,4,2,1
373,2938,0.95,0,4,7,5,1
374,2959,5.49,0,14,17,21,1
375,2965,0.89,0,4,7,6,1
376,2982,4.63,0,12,15,17,1
377,2992,2.3,0,7,10,10,1
378,3005,2.12,0,7,10,13,1
379,3013,2.42,0,7,10,8,1
380,3014,-1.01,0,0,3,1,1
381,3021,0.83,0,4,7,7,1
382,3034,4.32,0,11,14,13,1
383,3052,4.57,0,12,15,18,1
384,3064,3.28,0,9,12,12,1
385,3107,6.92,0,19,22,43,1
386,3112,0.95,0,4,7,5,1
387,3166,7.36,0,21,24,54,1
388,3174,1.87,0,6,9,8,1
389,3176,-0.52,0,1,4,2,1
390,3185,2.36,0,7,10,9,1
391,3189,0.46,0,3,6,4,1
392,3205,4.69,0,12,15,16,1
393,3213,2.42,0,7,10,8,1
394,3242,5.56,0,15,18,29,1
395,3243,-1.01,0,0,3,1,1
396,3277,6.91,0,18,21,34,1
397,3285,1.32,0,5,8,8,1
398,3288,-0.03,0,2,5,3,1
399,3308,4.45,0,12,15,20,1
400,3310,-0.52,0,1,4,2,1
401,3319,1.81,0,6,9,9,1
402,3322,-0.03,0,2,5,3,1
403,3334,3.28,0,9,12,12,1
404,3348,4.26,0,11,14,14,1
405,3363,3.65,0,10,13,15,1
406,3365,-0.52,0,1,4,2,1
407,3378,3.77,0,10,13,13,1
408,3389,2.79,0,8,11,11,1
409,3415,4.09,0,12,15,26,1
410,3426,3.34,0,9,12,11,1
411,3444,4.02,0,11,14,18,1
412,3453,0.71,0,4,7,9,1
413,3457,0.46,0,3,6,4,1
414,3461,0.46,0,3,6,4,1
415,3465,-0.09,0,2,5,4,1
416,3466,-1.01,0,0,3,1,1
417,3469,-0.03,0,2,5,3,1
418,3470,-1.01,0,0,3,1,1
419,3471,-1.01,0,0,3,1,1
420,3480,1.26,0,5,8,9,1
421,3493,2.67,0,8,11,13,1
422,3497,-0.09,0,2,5,4,1
423,3506,2.36,0,7,10,9,1
424,3529,4.27,0,12,15,23,1
425,3538,2.36,0,7,10,9,1
426,3551,4.32,0,11,14,13,1
427,3552,-1.01,0,0,3,1,1
428,3573,6.04,0,15,18,21,1
429,3574,-1.01,0,0,3,1,1
430,3579,0.95,0,4,7,5,1
431,3583,0.46,0,3,6,4,1
432,3584,-1.01,0,0,3,1,1
433,3595,2.79,0,8,11,11,1
434,3603,1.87,0,6,9,8,1
435,3629,6.29,0,16,19,26,1
436,3631,-0.52,0,1,4,2,1
437,3638,1.38,0,5,8,7,1
438,3644,1.44,0,5,8,6,1
439,3657,2.67,0,8,11,13,1
440,3660,-0.03,0,2,5,3,1
441,3672,2.73,0,8,11,12,1
442,3673,-1.01,0,0,3,1,1
443,3674,-1.01,0,0,3,1,1
444,3675,-1.01,0,0,3,1,1
445,3677,-0.52,0,1,4,2,1
446,3689,3.28,0,9,12,12,1
447,3695,0.34,0,3,6,6,1
448,3699,0.46,0,3,6,4,1
449,3703,-0.09,0,2,5,4,1
450,3722,4.51,0,12,15,19,1
451,3731,2.91,0,8,11,9,1
452,3737,1.44,0,5,8,6,1
453,3754,3.53,0,10,13,17,1
454,3764,2.85,0,8,11,10,1
455,3767,-0.03,0,2,5,3,1
456,3779,2.73,0,8,11,12,1
457,3783,0.46,0,3,6,4,1
458,3796,3.22,0,9,12,13,1
459,3800,0.46,0,3,6,4,1
460,3802,-0.52,0,1,4,2,1
461,3810,1.87,0,6,9,8,1
462,3828,4.57,0,12,15,18,1
463,3841,3.22,0,9,12,13,1
464,3845,0.46,0,3,6,4,1
465,3849,0.46,0,3,6,4,1
466,3856,0.83,0,4,7,7,1
467,3871,3.65,0,10,13,15,1
468,3874,-0.03,0,2,5,3,1
469,3878,0.46,0,3,6,4,1
470,3880,-0.52,0,1,4,2,1
471,3898,4.02,0,11,14,18,1
472,3902,0.46,0,3,6,4,1
473,3944,6.43,0,18,21,42,1
474,3946,-0.52,0,1,4,2,1
475,3964,4.57,0,12,15,18,1
476,3981,4.08,0,11,14,17,1
477,3983,-0.52,0,1,4,2,1
478,3997,4.26,0,11,14,14,1
479,4001,0.46,0,3,6,4,1
480,4009,2.42,0,7,10,8,1
481,4013,-0.09,0,2,5,4,1
482,4018,0.95,0,4,7,5,1
483,4030,2.18,0,7,10,12,1
484,4044,2.06,0,7,10,14,1
485,4047,-0.03,0,2,5,3,1
486,4050,-0.03,0,2,5,3,1
487,4056,1.44,0,5,8,6,1
488,4088,5.93,0,16,19,32,1
489,4090,-0.52,0,1,4,2,1
490,4112,5.43,0,14,17,22,1
491,4118,1.44,0,5,8,6,1
492,4126,1.87,0,6,9,8,1
493,4135,0.71,0,4,7,9,1
494,4141,1.44,0,5,8,6,1
495,4153,2.73,0,8,11,12,1
496,4166,2.67,0,8,11,13,1
497,4167,-1.01,0,0,3,1,1
498,4173,0.89,0,4,7,6,1
499,4204,7.64,0,19,22,31,1
500,4209,0.95,0,4,7,5,1
501,4212,-0.03,0,2,5,3,1
502,4213,-1.01,0,0,3,1,1
503,4214,-1.01,0,0,3,1,1
504,4220,0.34,0,3,6,6,1
505,4226,1.44,0,5,8,6,1
506,4235,1.81,0,6,9,9,1
507,4238,-0.03,0,2,5,3,1
508,4244,0.89,0,4,7,6,1
509,4247,-0.03,0,2,5,3,1
510,4262,3.1,0,9,12,15,1
511,4267,0.95,0,4,7,5,1
512,4273,0.89,0,4,7,6,1
513,4298,4.7,0,13,16,25,1
514,4300,-0.52,0,1,4,2,1
515,4303,-0.03,0,2,5,3,1
516,4314,2.24,0,7,10,11,1
517,4326,2.73,0,8,11,12,1
518,4336,2.85,0,8,11,10,1
519,4343,1.38,0,5,8,7,1
520,4345,-0.52,0,1,4,2,1
521,4356,3.34,0,9,12,11,1
522,4359,-0.03,0,2,5,3,1
523,4362,-0.03,0,2,5,3,1
524,4367,0.95,0,4,7,5,1
525,4370,-0.03,0,2,5,3,1
526,4377,1.38,0,5,8,7,1
527,4384,1.93,0,6,9,7,1
528,4408,4.76,0,13,16,24,1
529,4414,0.34,0,3,6,6,1
530,4417,-0.03,0,2,5,3,1
531,4420,-0.03,0,2,5,3,1
532,4437,4.63,0,12,15,17,1
533,4444,1.93,0,6,9,7,1
534,4461,5.18,0,13,16,17,1
535,4469,1.32,0,5,8,8,1
536,4487,3.47,0,10,13,18,1
537,4489,-0.52,0,1,4,2,1
538,4490,-1.01,0,0,3,1,1
539,4525,6.85,0,18,21,35,1
540,4530,0.95,0,4,7,5,1
541,4541,2.79,0,8,11,11,1
542,4546,0.95,0,4,7,5,1
543,4574,5.62,0,15,18,28,1
544,4625,6.99,0,20,23,51,1
545,4627,-0.52,0,1,4,2,1
546,4628,-1.01,0,0,3,1,1
547,4640,2.73,0,8,11,12,1
548,4643,-0.03,0,2,5,3,1
549,4648,0.95,0,4,7,5,1
550,4655,1.93,0,6,9,7,1
551,4657,-0.52,0,1,4,2,1
552,4692,6.85,0,18,21,35,1
553,4697,0.95,0,4,7,5,1
554,4710,4.32,0,11,14,13,1
555,4737,5.68,0,15,18,27,1
556,4749,3.28,0,9,12,12,1
557,4758,1.81,0,6,9,9,1
558,4773,3.65,0,10,13,15,1
559,4786,2.67,0,8,11,13,1
560,4791,0.95,0,4,7,5,1
561,4796,0.95,0,4,7,5,1
562,4798,-0.52,0,1,4,2,1
563,4803,0.4,0,3,6,5,1
564,4804,-1.01,0,0,3,1,1
565,4815,2.79,0,8,11,11,1
566,4823,2.42,0,7,10,8,1
567,4827,-0.09,0,2,5,4,1
568,4854,6.78,0,17,20,27,1
569,4856,-0.52,0,1,4,2,1
570,4867,2.79,0,8,11,11,1
571,4873,1.44,0,5,8,6,1
572,4877,-0.09,0,2,5,4,1
573,4879,-0.52,0,1,4,2,1
574,4882,-0.03,0,2,5,3,1
575,4897,4.2,0,11,14,15,1
576,4899,-0.52,0,1,4,2,1
577,4903,0.46,0,3,6,4,1
578,4906,-0.03,0,2,5,3,1
579,4911,0.95,0,4,7,5,1
580,4914,-0.03,0,2,5,3,1
581,4926,1.63,0,6,9,12,1
582,4932,1.44,0,5,8,6,1
583,4933,-1.01,0,0,3,1,1
584,4934,-1.01,0,0,3,1,1
585,4936,-0.52,0,1,4,2,1
586,4945,1.81,0,6,9,9,1
587,4946,-1.01,0,0,3,1,1
588,4967,4.94,0,13,16,21,1
589,4969,-0.52,0,1,4,2,1
590,4981,3.83,0,10,13,12,1
591,4990,2.36,0,7,10,9,1
592,5001,2.79,0,8,11,11,1
593,5011,2.3,0,7,10,10,1
594,5020,2.36,0,7,10,9,1
595,5023,-0.03,0,2,5,3,1
596,5038,3.1,0,9,12,15,1
597,5046,2.42,0,7,10,8,1
598,5047,-1.01,0,0,3,1,1
599,5051,-0.09,0,2,5,4,1
600,5060,2.36,0,7,10,9,1
601,5066,1.44,0,5,8,6,1
602,5081,4.2,0,11,14,15,1
603,5084,-0.03,0,2,5,3,1
604,5091,1.38,0,5,8,7,1
605,5094,-0.03,0,2,5,3,1
606,5099,0.95,0,4,7,5,1
607,5101,-0.52,0,1,4,2,1
608,5103,-0.52,0,1,4,2,1
609,5108,0.95,0,4,7,5,1
610,5113,0.4,0,3,6,5,1
611,5120,1.93,0,6,9,7,1
612,5122,-0.52,0,1,4,2,1
613,5134,2.18,0,7,10,12,1
614,5143,2.36,0,7,10,9,1
615,5152,2.36,0,7,10,9,1
616,5164,1.63,0,6,9,12,1
617,5171,1.38,0,5,8,7,1
618,5172,-1.01,0,0,3,1,1
619,5173,-1.01,0,0,3,1,1
620,5194,4.39,0,12,15,21,1
621,5200,1.44,0,5,8,6,1
622,5201,-1.01,0,0,3,1,1
623,5205,0.46,0,3,6,4,1
624,5207,-0.52,0,1,4,2,1
625,5221,3.71,0,10,13,14,1
626,5230,1.81,0,6,9,9,1
627,5231,-1.01,0,0,3,1,1
628,5254,4.82,0,13,16,23,1
629,5260,1.44,0,5,8,6,1
630,5261,-1.01,0,0,3,1,1
631,5278,4.63,0,12,15,17,1
632,5279,-1.01,0,0,3,1,1
633,5300,5.49,0,14,17,21,1
634,5301,-1.01,0,0,3,1,1
635,5308,1.93,0,6,9,7,1
636,5315,0.83,0,4,7,7,1
637,5330,4.2,0,11,14,15,1
638,5331,-1.01,0,0,3,1,1
639,5332,-1.01,0,0,3,1,1
640,5338,1.44,0,5,8,6,1
641,5341,-0.03,0,2,5,3,1
642,5345,-0.09,0,2,5,4,1
643,5352,0.83,0,4,7,7,1
644,5363,3.34,0,9,12,11,1
645,5364,-1.01,0,0,3,1,1
646,5376,2.18,0,7,10,12,1
647,5382,0.89,0,4,7,6,1
648,5388,1.44,0,5,8,6,1
649,5397,2.36,0,7,10,9,1
650,5411,3.16,0,9,12,14,1
651,5415,0.46,0,3,6,4,1
652,5416,-1.01,0,0,3,1,1
653,5430,2.06,0,7,10,14,1
654,5432,-0.52,0,1,4,2,1
655,5440,1.87,0,6,9,8,1
656,5442,-0.52,0,1,4,2,1
657,5447,0.95,0,4,7,5,1
658,5448,-1.01,0,0,3,1,1
659,5449,-1.01,0,0,3,1,1
660,5450,-1.01,0,0,3,1,1
661,5451,-1.01,0,0,3,1,1
662,5471,5.55,0,14,17,20,1
663,5485,4.26,0,11,14,14,1
664,5505,5.55,0,14,17,20,1
665,5519,3.71,0,10,13,14,1
666,5523,0.46,0,3,6,4,1
667,5525,-0.52,0,1,4,2,1
668,5532,1.38,0,5,8,7,1
669,5536,0.46,0,3,6,4,1
670,5545,2.91,0,8,11,9,1
671,5548,-0.03,0,2,5,3,1
672,5560,3.28,0,9,12,12,1
673,5579,4.51,0,12,15,19,1
674,5606,5.68,0,15,18,27,1
675,5612,1.44,0,5,8,6,1
676,5615,-0.03,0,2,5,3,1
677,5619,0.46,0,3,6,4,1
678,5620,-1.01,0,0,3,1,1
679,5629,1.81,0,6,9,9,1
680,5632,-0.03,0,2,5,3,1
681,5636,0.46,0,3,6,4,1
682,5647,3.34,0,9,12,11,1
683,5649,-0.52,0,1,4,2,1
684,5661,3.83,0,10,13,12,1
685,5664,-0.58,0,1,4,3,1
686,5673,2.36,0,7,10,9,1
687,5676,-0.03,0,2,5,3,1
688,5696,4.45,0,12,15,20,1
689,5700,0.46,0,3,6,4,1
690,5701,-1.01,0,0,3,1,1
691,5712,1.69,0,6,9,11,1
692,5714,-0.52,0,1,4,2,1
693,5719,0.95,0,4,7,5,1
694,5725,1.44,0,5,8,6,1
695,5742,4.63,0,12,15,17,1
696,5773,7.09,0,18,21,31,1
697,5775,-0.52,0,1,4,2,1
698,5814,4.41,0,14,17,39,1
699,5839,5.8,0,15,18,25,1
700,5843,0.46,0,3,6,4,1
701,5852,2.91,0,8,11,9,1
702,5859,1.38,0,5,8,7,1
703,5870,3.34,0,9,12,11,1
704,5877,1.93,0,6,9,7,1
705,5878,-1.01,0,0,3,1,1
706,5892,3.16,0,9,12,14,1
707,5893,-1.01,0,0,3,1,1
708,5913,4.45,0,12,15,20,1
709,5919,1.44,0,5,8,6,1
710,5922,-0.03,0,2,5,3,1
711,5942,5.55,0,14,17,20,1
712,5946,0.46,0,3,6,4,1
713,5947,-1.01,0,0,3,1,1
714,5963,3.04,0,9,12,16,1
715,5978,4.2,0,11,14,15,1
716,5982,0.46,0,3,6,4,1
717,5987,0.4,0,3,6,5,1
718,5997,3.4,0,9,12,10,1
719,6000,-0.03,0,2,5,3,1
720,6010,2.3,0,7,10,10,1
721,6014,0.46,0,3,6,4,1
722,6027,3.77,0,10,13,13,1
723,6033,1.44,0,5,8,6,1
724,6038,0.95,0,4,7,5,1
725,6043,0.95,0,4,7,5,1
726,6047,-0.09,0,2,5,4,1
727,6059,3.28,0,9,12,12,1
728,6060,-1.01,0,0,3,1,1
729,6064,0.46,0,3,6,4,1
730,6068,0.46,0,3,6,4,1
731,6071,-0.58,0,1,4,3,1
732,6075,0.46,0,3,6,4,1
733,6097,4.88,0,13,16,22,1
734,6137,8.2,0,21,24,40,1
735,6144,1.38,0,5,8,7,1
736,6151,0.83,0,4,7,7,1
737,6153,-0.52,0,1,4,2,1
738,6156,-0.03,0,2,5,3,1
739,6175,4.51,0,12,15,19,1
740,6186,2.79,0,8,11,11,1
741,6201,4.2,0,11,14,15,1
742,6207,1.44,0,5,8,6,1
743,6213,0.89,0,4,7,6,1
744,6227,2.06,0,7,10,14,1
745,6236,2.36,0,7,10,9,1
746,6237,-1.01,0,0,3,1,1
747,6271,4.16,0,13,16,34,1
748,6281,3.4,0,9,12,10,1
749,6295,2.61,0,8,11,14,1
750,6304,1.81,0,6,9,9,1
751,6307,-0.03,0,2,5,3,1
752,6341,6.36,0,17,20,34,1
753,6347,0.89,0,4,7,6,1
754,6351,-0.09,0,2,5,4,1
755,6352,-1.01,0,0,3,1,1
756,6384,5.93,0,16,19,32,1
757,6397,4.32,0,11,14,13,1
758,6401,0.46,0,3,6,4,1
759,6406,0.4,0,3,6,5,1
760,6422,4.69,0,12,15,16,1
761,6433,2.79,0,8,11,11,1
762,6463,6.6,0,17,20,30,1
763,6489,5.74,0,15,18,26,1
764,6505,3.59,0,10,13,16,1
765,6514,2.36,0,7,10,9,1
766,6519,0.95,0,4,7,5,1
767,6529,3.4,0,9,12,10,1
768,6531,-0.52,0,1,4,2,1
769,6547,3.04,0,9,12,16,1
770,6555,1.32,0,5,8,8,1
771,6559,0.46,0,3,6,4,1
772,6567,2.42,0,7,10,8,1
773,6575,2.42,0,7,10,8,1
774,6579,0.46,0,3,6,4,1
775,6582,-0.03,0,2,5,3,1
776,6593,2.79,0,8,11,11,1
777,6597,0.46,0,3,6,4,1
778,6598,-1.01,0,0,3,1,1
779,6622,4.21,0,12,15,24,1
780,6626,0.46,0,3,6,4,1
781,6628,-0.52,0,1,4,2,1
782,6633,0.95,0,4,7,5,1
783,6646,4.32,0,11,14,13,1
784,6648,-0.52,0,1,4,2,1
785,6687,5.51,0,16,19,39,1
786,6691,-0.09,0,2,5,4,1
787,6696,0.95,0,4,7,5,1
788,6722,6.29,0,16,19,26,1
789,6723,-1.01,0,0,3,1,1
790,6729,1.44,0,5,8,6,1
791,6733,-0.09,0,2,5,4,1
792,6767,3.61,0,12,15,34,1
793,6784,4.08,0,11,14,17,1
794,6827,5.82,0,17,20,43,1
795,6858,5.99,0,16,19,31,1
796,6872,3.71,0,10,13,14,1
797,6878,1.44,0,5,8,6,1
798,6884,1.44,0,5,8,6,1
799,6899,4.2,0,11,14,15,1
800,6900,-1.01,0,0,3,1,1
801,6901,-1.01,0,0,3,1,1
802,6904,-0.58,0,1,4,3,1
803,6908,0.46,0,3,6,4,1
804,6920,2.73,0,8,11,12,1
805,6927,1.38,0,5,8,7,1
806,6935,2.42,0,7,10,8,1
807,6937,-0.52,0,1,4,2,1
808,6962,6.35,0,16,19,25,1
809,6969,1.38,0,5,8,7,1
810,6974,0.95,0,4,7,5,1
811,6975,-1.01,0,0,3,1,1
812,6986,1.69,0,6,9,11,1
813,6990,0.46,0,3,6,4,1
814,6993,-0.03,0,2,5,3,1
815,7008,4.2,0,11,14,15,1
816,7030,4.88,0,13,16,22,1
817,7034,0.46,0,3,6,4,1
818,7042,2.42,0,7,10,8,1
819,7090,6.62,0,19,22,48,1
820,7094,0.46,0,3,6,4,1
821,7112,2.92,0,9,12,18,1
822,7140,6.17,0,16,19,28,1
823,7141,-1.01,0,0,3,1,1
824,7144,-0.03,0,2,5,3,1
825,7148,0.46,0,3,6,4,1
826,7151,-0.03,0,2,5,3,1
827,7155,0.46,0,3,6,4,1
828,7157,-0.52,0,1,4,2,1
829,7168,3.89,0,10,13,11,1
830,7189,4.39,0,12,15,21,1
831,7191,-0.52,0,1,4,2,1
832,7195,-0.09,0,2,5,4,1
833,7208,3.77,0,10,13,13,1
834,7233,5.8,0,15,18,25,1
835,7235,-0.52,0,1,4,2,1
836,7238,-0.03,0,2,5,3,1
837,7253,3.65,0,10,13,15,1
838,7256,-0.03,0,2,5,3,1
839,7277,4.94,0,13,16,21,1
840,7285,2.42,0,7,10,8,1
841,7299,3.16,0,9,12,14,1
842,7301,-0.52,0,1,4,2,1
843,7303,-0.52,0,1,4,2,1
844,7308,0.4,0,3,6,5,1
845,7318,2.85,0,8,11,10,1
846,7326,1.87,0,6,9,8,1
847,7329,-0.03,0,2,5,3,1
848,7332,-0.58,0,1,4,3,1
849,7366,6.91,0,18,21,34,1
850,7384,4.02,0,11,14,18,1
851,7395,2.79,0,8,11,11,1
852,7396,-1.01,0,0,3,1,1
853,7405,1.81,0,6,9,9,1
854,7422,5.73,0,14,17,17,1
855,7425,-0.03,0,2,5,3,1
856,7437,3.83,0,10,13,12,1
857,7438,-1.01,0,0,3,1,1
858,7452,2.06,0,7,10,14,1
859,7458,1.44,0,5,8,6,1
860,7461,-0.03,0,2,5,3,1
861,7464,-0.03,0,2,5,3,1
862,7511,6.13,0,18,21,47,1
863,7513,-0.52,0,1,4,2,1
864,7526,2.67,0,8,11,13,1
865,7532,1.44,0,5,8,6,1
866,7533,-1.01,0,0,3,1,1
867,7538,0.95,0,4,7,5,1
868,7541,-0.03,0,2,5,3,1
869,7544,-0.03,0,2,5,3,1
870,7548,0.46,0,3,6,4,1
871,7550,-0.52,0,1,4,2,1
872,7553,-0.03,0,2,5,3,1
873,7560,1.93,0,6,9,7,1
874,7565,0.4,0,3,6,5,1
875,7577,2.18,0,7,10,12,1
876,7580,-0.03,0,2,5,3,1
877,7581,-1.01,0,0,3,1,1
878,7582,-1.01,0,0,3,1,1
879,7591,2.91,0,8,11,9,1
880,7594,-0.03,0,2,5,3,1
881,7595,-1.01,0,0,3,1,1
882,7598,-0.03,0,2,5,3,1
883,7601,-0.03,0,2,5,3,1
884,7602,-1.01,0,0,3,1,1
885,7610,1.87,0,6,9,8,1
886,7619,2.36,0,7,10,9,1
887,7633,2.61,0,8,11,14,1
888,7637,0.46,0,3,6,4,1
889,7647,1.75,0,6,9,10,1
890,7654,1.38,0,5,8,7,1
891,7661,0.83,0,4,7,7,1
892,7664,-0.03,0,2,5,3,1
893,7671,1.38,0,5,8,7,1
894,7681,3.4,0,9,12,10,1
895,7690,2.36,0,7,10,9,1
896,7693,-0.03,0,2,5,3,1
897,7699,1.44,0,5,8,6,1
898,7724,3.05,0,10,13,25,1
899,7727,-0.03,0,2,5,3,1
900,7729,-0.52,0,1,4,2,1
901,7731,-0.52,0,1,4,2,1
902,7752,5.49,0,14,17,21,1
903,7759,1.93,0,6,9,7,1
904,7760,-1.01,0,0,3,1,1
905,7762,-0.52,0,1,4,2,1
906,7763,-1.01,0,0,3,1,1
907,7767,0.46,0,3,6,4,1
908,7786,3.41,0,10,13,19,1
909,7797,3.34,0,9,12,11,1
910,7817,4.45,0,12,15,20,1
911,7820,-0.03,0,2,5,3,1
912,7821,-1.01,0,0,3,1,1
913,7842,5.49,0,14,17,21,1
914,7843,-1.01,0,0,3,1,1
915,7845,-0.52,0,1,4,2,1
916,7846,-1.01,0,0,3,1,1
917,7847,-1.01,0,0,3,1,1
918,7848,-1.01,0,0,3,1,1
919,7850,-0.52,0,1,4,2,1
920,7851,-1.01,0,0,3,1,1
921,7865,3.71,0,10,13,14,1
922,7870,0.4,0,3,6,5,1
923,7872,-0.52,0,1,4,2,1
924,7893,3.84,0,11,14,21,1
925,7894,-1.01,0,0,3,1,1
926,7899,0.4,0,3,6,5,1
927,7900,-1.01,0,0,3,1,1
928,7906,1.44,0,5,8,6,1
929,7961,6.75,0,20,23,55,1
930,7963,-0.52,0,1,4,2,1
931,7979,4.14,0,11,14,16,1
932,7987,1.32,0,5,8,8,1
933,7989,-0.52,0,1,4,2,1
934,7993,-0.09,0,2,5,4,1
935,7997,0.46,0,3,6,4,1
936,8001,0.46,0,3,6,4,1
937,8004,-0.03,0,2,5,3,1
938,8011,1.38,0,5,8,7,1
939,8013,-0.52,0,1,4,2,1
940,8020,1.93,0,6,9,7,1
941,8033,3.22,0,9,12,13,1
942,8036,-0.03,0,2,5,3,1
943,8037,-1.01,0,0,3,1,1
944,8059,3.78,0,11,14,22,1
945,8063,0.46,0,3,6,4,1
946,8068,0.95,0,4,7,5,1
947,8069,-1.01,0,0,3,1,1
948,8095,4.09,0,12,15,26,1
949,8099,0.46,0,3,6,4,1
950,8100,-1.01,0,0,3,1,1
951,8101,-1.01,0,0,3,1,1
952,8103,-0.52,0,1,4,2,1
953,8110,1.38,0,5,8,7,1
954,8116,0.89,0,4,7,6,1
955,8121,0.95,0,4,7,5,1
956,8140,3.41,0,10,13,19,1
957,8144,0.46,0,3,6,4,1
958,8149,0.95,0,4,7,5,1
959,8156,0.83,0,4,7,7,1
960,8166,2.85,0,8,11,10,1
961,8181,4.2,0,11,14,15,1
962,8189,1.32,0,5,8,8,1
963,8190,-1.01,0,0,3,1,1
964,8195,0.95,0,4,7,5,1
965,8198,-0.03,0,2,5,3,1
966,8201,-0.03,0,2,5,3,1
967,8206,0.95,0,4,7,5,1
968,8215,2.91,0,8,11,9,1
969,8271,6.69,0,20,23,56,1
970,8281,2.3,0,7,10,10,1
971,8287,1.44,0,5,8,6,1
972,8291,0.46,0,3,6,4,1
973,8292,-1.01,0,0,3,1,1
974,8302,2.85,0,8,11,10,1
975,8303,-1.01,0,0,3,1,1
976,8305,-0.52,0,1,4,2,1
977,8320,3.1,0,9,12,15,1
978,8326,1.44,0,5,8,6,1
979,8327,-1.01,0,0,3,1,1
980,8333,1.44,0,5,8,6,1
981,8340,1.38,0,5,8,7,1
982,8346,1.44,0,5,8,6,1
983,8360,3.16,0,9,12,14,1
984,8362,-0.52,0,1,4,2,1
985,8395,7.52,0,19,22,33,1
986,8403,1.87,0,6,9,8,1
987,8405,-0.52,0,1,4,2,1
988,8407,-0.52,0,1,4,2,1
989,8413,0.89,0,4,7,6,1
990,8414,-1.01,0,0,3,1,1
991,8424,2.3,0,7,10,10,1
992,8427,-0.03,0,2,5,3,1
993,8437,2.85,0,8,11,10,1
994,8441,0.46,0,3,6,4,1
995,8443,-0.52,0,1,4,2,1
996,8461,4.02,0,11,14,18,1
997,8475,3.71,0,10,13,14,1
998,8488,3.77,0,10,13,13,1
999,8491,-0.03,0,2,5,3,1
1000,8495,0.46,0,3,6,4,1
1001,8517,5.43,0,14,17,22,1
1002,8523,1.44,0,5,8,6,1
1003,8534,2.79,0,8,11,11,1
1004,8547,2.67,0,8,11,13,1
1005,8549,-0.52,0,1,4,2,1
1006,8568,5.61,0,14,17,19,1
1007,8577,1.26,0,5,8,9,1
1008,8579,-0.52,0,1,4,2,1
1009,8587,0.77,0,4,7,8,1
1010,8591,0.46,0,3,6,4,1
1011,8612,4.94,0,13,16,21,1
1012,8636,6.41,0,16,19,24,1
1013,8666,5.5,0,15,18,30,1
1014,8675,1.81,0,6,9,9,1
1015,8688,3.77,0,10,13,13,1
1016,8693,0.95,0,4,7,5,1
1017,8732,4.41,0,14,17,39,1
1018,8734,-0.52,0,1,4,2,1
1019,8738,0.46,0,3,6,4,1
1020,8743,0.4,0,3,6,5,1
1021,8758,4.2,0,11,14,15,1
1022,8776,5.12,0,13,16,18,1
1023,8780,0.46,0,3,6,4,1
1024,8782,-0.52,0,1,4,2,1
1025,8792,2.3,0,7,10,10,1
1026,8794,-0.52,0,1,4,2,1
1027,8797,-0.58,0,1,4,3,1
1028,8803,0.89,0,4,7,6,1
1029,8804,-1.01,0,0,3,1,1
1030,8829,3.6,0,11,14,25,1
1031,8836,1.93,0,6,9,7,1
1032,8849,2.67,0,8,11,13,1
1033,8850,-1.01,0,0,3,1,1
1034,8878,4.52,0,13,16,28,1
1035,8891,3.22,0,9,12,13,1
1036,8905,3.71,0,10,13,14,1
1037,8912,1.38,0,5,8,7,1
1038,8932,5.55,0,14,17,20,1
1039,8937,0.95,0,4,7,5,1
1040,8953,4.14,0,11,14,16,1
1041,8965,2.18,0,7,10,12,1
1042,8970,0.95,0,4,7,5,1
1043,8976,0.89,0,4,7,6,1
1044,8984,1.87,0,6,9,8,1
1045,8998,3.71,0,10,13,14,1
1046,9008,2.85,0,8,11,10,1
1047,9014,1.44,0,5,8,6,1
1048,9032,5.12,0,13,16,18,1
1049,9047,4.2,0,11,14,15,1
1050,9069,5.43,0,14,17,22,1
1051,9104,6.3,0,17,20,35,1
1052,9105,-1.01,0,0,3,1,1
1053,9111,1.44,0,5,8,6,1
1054,9116,0.4,0,3,6,5,1
1055,9123,1.38,0,5,8,7,1
1056,9127,0.46,0,3,6,4,1
1057,9161,7.46,0,19,22,34,1
1058,9169,0.77,0,4,7,8,1
1059,9178,1.81,0,6,9,9,1
1060,9180,-0.52,0,1,4,2,1
1061,9203,4.27,0,12,15,23,1
1062,9235,5.38,0,15,18,32,1
1063,9236,-1.01,0,0,3,1,1
1064,9246,1.2,0,5,8,10,1
1065,9250,0.46,0,3,6,4,1
1066,9253,-0.03,0,2,5,3,1
1067,9290,5.08,0,15,18,37,1
1068,9292,-0.52,0,1,4,2,1
1069,9304,2.73,0,8,11,12,1
1070,9311,1.38,0,5,8,7,1
1071,9325,2.06,0,7,10,14,1
1072,9330,0.4,0,3,6,5,1
1073,9335,0.4,0,3,6,5,1
1074,9362,5.13,0,14,17,27,1
1075,9375,3.22,0,9,12,13,1
1076,9399,6.41,0,16,19,24,1
1077,9405,1.44,0,5,8,6,1
1078,9408,-0.03,0,2,5,3,1
1079,9409,-1.01,0,0,3,1,1
1080,9414,0.4,0,3,6,5,1
1081,9418,0.46,0,3,6,4,1
1082,9423,0.4,0,3,6,5,1
1083,9434,3.34,0,9,12,11,1
1084,9439,0.95,0,4,7,5,1
1085,9448,0.71,0,4,7,9,1
1086,9449,-1.01,0,0,3,1,1
1087,9458,2.36,0,7,10,9,1
1088,9475,3.53,0,10,13,17,1
1089,9479,-0.09,0,2,5,4,1
1090,9494,3.1,0,9,12,15,1
1091,9505,2.24,0,7,10,11,1
1092,9506,-1.01,0,0,3,1,1
1093,9510,0.46,0,3,6,4,1
1094,9514,0.46,0,3,6,4,1
1095,9518,0.46,0,3,6,4,1
1096,9523,0.95,0,4,7,5,1
1097,9534,3.34,0,9,12,11,1
1098,9543,2.91,0,8,11,9,1
1099,9550,1.93,0,6,9,7,1
1100,9564,3.16,0,9,12,14,1
1101,9571,1.38,0,5,8,7,1
1102,9609,5.57,0,16,19,38,1
1103,9636,5.68,0,15,18,27,1
1104,9643,0.83,0,4,7,7,1
1105,9668,4.7,0,13,16,25,1
1106,9669,-1.01,0,0,3,1,1
1107,9676,1.38,0,5,8,7,1
1108,9684,1.87,0,6,9,8,1
1109,9686,-0.52,0,1,4,2,1
1110,9691,0.4,0,3,6,5,1
1111,9706,3.1,0,9,12,15,1
1112,9728,3.23,0,10,13,22,1
1113,9729,-1.01,0,0,3,1,1
1114,9753,2.01,0,8,11,24,1
1115,9754,-1.01,0,0,3,1,1
1116,9762,1.32,0,5,8,8,1
1117,9774,2.73,0,8,11,12,1
1118,9789,3.1,0,9,12,15,1
1119,9790,-1.01,0,0,3,1,1
1120,9800,2.85,0,8,11,10,1
1121,9804,-0.09,0,2,5,4,1
1122,9807,-0.03,0,2,5,3,1
1123,9812,0.4,0,3,6,5,1
1124,9814,-0.52,0,1,4,2,1
1125,9851,5.63,0,16,19,37,1
1126,9876,5.25,0,14,17,25,1
1127,9894,4.57,0,12,15,18,1
1128,9897,-0.03,0,2,5,3,1
1129,9901,-0.09,0,2,5,4,1
1130,9905,0.46,0,3,6,4,1
1131,9915,2.3,0,7,10,10,1
1132,9921,1.44,0,5,8,6,1
1133,9935,3.16,0,9,12,14,1
1134,9940,0.95,0,4,7,5,1
1135,9954,3.16,0,9,12,14,1
1136,9958,0.46,0,3,6,4,1
1137,9967,2.91,0,8,11,9,1
1138,9978,3.89,0,10,13,11,1
1139,9981,-0.03,0,2,5,3,1
1140,9999,4.57,0,12,15,18,1
1141,10002,-0.03,0,2,5,3,1
1142,10018,3.04,0,9,12,16,1
1143,10019,-1.01,0,0,3,1,1
1144,10028,1.81,0,6,9,9,1
1145,10031,-0.03,0,2,5,3,1
1146,10032,-1.01,0,0,3,1,1
1147,10043,1.69,0,6,9,11,1
1148,10058,4.2,0,11,14,15,1
1149,10068,3.4,0,9,12,10,1
1150,10081,4.32,0,11,14,13,1
1151,10083,-0.52,0,1,4,2,1
1152,10089,1.44,0,5,8,6,1
1153,10092,-0.03,0,2,5,3,1
1154,10106,3.71,0,10,13,14,1
1155,10118,2.73,0,8,11,12,1
1156,10122,0.46,0,3,6,4,1
1157,10142,3.9,0,11,14,20,1
1158,10153,3.34,0,9,12,11,1
1159,10169,4.69,0,12,15,16,1
1160,10179,1.75,0,6,9,10,1
1161,10185,0.34,0,3,6,6,1
1162,10199,2.06,0,7,10,14,1
1163,10223,5.31,0,14,17,24,1
1164,10251,5.62,0,15,18,28,1
1165,10265,3.71,0,10,13,14,1
1166,10277,2.18,0,7,10,12,1
1167,10282,0.4,0,3,6,5,1
1168,10287,0.95,0,4,7,5,1
1169,10294,0.83,0,4,7,7,1
1170,10304,2.85,0,8,11,10,1
1171,10305,-1.01,0,0,3,1,1
1172,10323,4.57,0,12,15,18,1
1173,10326,-0.03,0,2,5,3,1
1174,10336,2.85,0,8,11,10,1
1175,10339,-0.03,0,2,5,3,1
1176,10343,0.46,0,3,6,4,1
1177,10345,-0.52,0,1,4,2,1
1178,10353,1.87,0,6,9,8,1
1179,10378,6.35,0,16,19,25,1
1180,10380,-0.52,0,1,4,2,1
1181,10384,0.46,0,3,6,4,1
1182,10389,0.95,0,4,7,5,1
1183,10391,-0.52,0,1,4,2,1
1184,10402,2.79,0,8,11,11,1
1185,10411,2.36,0,7,10,9,1
1186,10418,1.38,0,5,8,7,1
1187,10425,1.38,0,5,8,7,1
1188,10427,-0.52,0,1,4,2,1
1189,10447,4.45,0,12,15,20,1
1190,10449,-0.52,0,1,4,2,1
1191,10459,2.3,0,7,10,10,1
1192,10462,-0.03,0,2,5,3,1
1193,10469,1.93,0,6,9,7,1
1194,10481,2.73,0,8,11,12,1
1195,10504,3.72,0,11,14,23,1
1196,10505,-1.01,0,0,3,1,1
1197,10518,3.22,0,9,12,13,1
1198,10521,-0.03,0,2,5,3,1
1199,10523,-0.52,0,1,4,2,1
1200,10530,0.83,0,4,7,7,1
1201,10531,-1.01,0,0,3,1,1
1202,10540,2.36,0,7,10,9,1
1203,10544,-0.09,0,2,5,4,1
1204,10552,1.87,0,6,9,8,1
1205,10560,1.87,0,6,9,8,1
1206,10563,-0.03,0,2,5,3,1
1207,10566,-0.03,0,2,5,3,1
1208,10574,2.42,0,7,10,8,1
1209,10595,2.74,0,9,12,21,1
1210,10601,0.89,0,4,7,6,1
1211,10604,-0.03,0,2,5,3,1
1212,10613,1.81,0,6,9,9,1
1213,10628,2.55,0,8,11,15,1
1214,10647,2.31,0,8,11,19,1
1215,10653,1.44,0,5,8,6,1
1216,10656,-0.03,0,2,5,3,1
1217,10671,3.1,0,9,12,15,1
1218,10681,2.85,0,8,11,10,1
1219,10682,-1.01,0,0,3,1,1
1220,10705,5.37,0,14,17,23,1
1221,10709,-0.09,0,2,5,4,1
1222,10725,2.49,0,8,11,16,1
1223,10733,2.42,0,7,10,8,1
1224,10735,-0.52,0,1,4,2,1
1225,10748,2.67,0,8,11,13,1
1226,10749,-1.01,0,0,3,1,1
1227,10756,1.93,0,6,9,7,1
1228,10766,1.75,0,6,9,10,1
1229,10784,4.57,0,12,15,18,1
1230,10832,6.62,0,19,22,48,1
1231,10836,0.46,0,3,6,4,1
1232,10845,1.26,0,5,8,9,1
1233,10849,0.46,0,3,6,4,1
1234,10851,-0.52,0,1,4,2,1
1235,10875,5.31,0,14,17,24,1
1236,10876,-1.01,0,0,3,1,1
1237,10879,-0.03,0,2,5,3,1
1238,10890,3.34,0,9,12,11,1
1239,10902,2.18,0,7,10,12,1
1240,10912,2.3,0,7,10,10,1
1241,10913,-1.01,0,0,3,1,1
1242,10922,2.36,0,7,10,9,1
1243,10925,-0.03,0,2,5,3,1
1244,10928,-0.03,0,2,5,3,1
1245,10934,0.89,0,4,7,6,1
1246,10936,-0.52,0,1,4,2,1
1247,10945,2.36,0,7,10,9,1
1248,10951,0.89,0,4,7,6,1
1249,10955,0.46,0,3,6,4,1
1250,10957,-0.52,0,1,4,2,1
1251,10961,0.46,0,3,6,4,1
1252,10975,3.71,0,10,13,14,1
1253,10976,-1.01,0,0,3,1,1
1254,10982,0.34,0,3,6,6,1
1255,10983,-1.01,0,0,3,1,1
1256,10989,1.44,0,5,8,6,1
1257,10996,0.28,0,3,6,7,1
1258,10998,-0.52,0,1,4,2,1
1259,10999,-1.01,0,0,3,1,1
1260,11032,4.77,0,14,17,33,1
1261,11055,4.27,0,12,15,23,1
1262,11057,-0.52,0,1,4,2,1
1263,11061,-0.09,0,2,5,4,1
1264,11064,-0.03,0,2,5,3,1
1265,11067,-0.03,0,2,5,3,1
1266,11072,0.95,0,4,7,5,1
1267,11086,3.16,0,9,12,14,1
1268,11090,0.46,0,3,6,4,1
1269,11093,-0.03,0,2,5,3,1
1270,11098,0.95,0,4,7,5,1
1271,11099,-1.01,0,0,3,1,1
1272,11106,0.83,0,4,7,7,1
1273,11108,-0.52,0,1,4,2,1
1274,11114,0.89,0,4,7,6,1
1275,11120,0.89,0,4,7,6,1
1276,11126,-0.21,0,2,5,6,1
1277,11132,1.44,0,5,8,6,1
1278,11136,0.46,0,3,6,4,1
1279,11147,2.79,0,8,11,11,1
1280,11150,-0.03,0,2,5,3,1
1281,11152,-0.52,0,1,4,2,1
1282,11157,0.4,0,3,6,5,1
1283,11164,1.93,0,6,9,7,1
1284,11188,5.86,0,15,18,24,1
1285,11189,-1.01,0,0,3,1,1
1286,11202,3.77,0,10,13,13,1
1287,11212,2.85,0,8,11,10,1
1288,11214,-0.52,0,1,4,2,1
1289,11218,0.46,0,3,6,4,1
1290,11219,-1.01,0,0,3,1,1
1291,11231,3.28,0,9,12,12,1
1292,11233,-0.52,0,1,4,2,1
1293,11239,1.44,0,5,8,6,1
1294,11241,-0.52,0,1,4,2,1
1295,11272,5.44,0,15,18,31,1
1296,11279,0.83,0,4,7,7,1
1297,11281,-0.52,0,1,4,2,1
1298,11292,1.69,0,6,9,11,1
1299,11295,-0.03,0,2,5,3,1
1300,11297,-0.52,0,1,4,2,1
1301,11340,5.82,0,17,20,43,1
1302,11342,-0.52,0,1,4,2,1
1303,11343,-1.01,0,0,3,1,1
1304,11366,4.27,0,12,15,23,1
1305,11380,3.71,0,10,13,14,1
1306,11383,-0.03,0,2,5,3,1
1307,11384,-1.01,0,0,3,1,1
1308,11393,2.36,0,7,10,9,1
1309,11398,0.95,0,4,7,5,1
1310,11427,5.56,0,15,18,29,1
1311,11428,-1.01,0,0,3,1,1
1312,11454,5.19,0,14,17,26,1
1313,11477,5.37,0,14,17,23,1
1314,11492,2.55,0,8,11,15,1
1315,11494,-0.52,0,1,4,2,1
1316,11495,-1.01,0,0,3,1,1
1317,11529,5.26,0,15,18,34,1
1318,11530,-1.01,0,0,3,1,1
1319,11552,5.43,0,14,17,22,1
1320,11575,5.37,0,14,17,23,1
1321,11578,-0.03,0,2,5,3,1
1322,11591,1.02,0,5,8,13,1
1323,11592,-1.01,0,0,3,1,1
1324,11603,2.79,0,8,11,11,1
1325,11604,-1.01,0,0,3,1,1
1326,11613,1.81,0,6,9,9,1
1327,11623,1.75,0,6,9,10,1
1328,11628,0.4,0,3,6,5,1
1329,11631,-0.03,0,2,5,3,1
1330,11649,4.57,0,12,15,18,1
1331,11660,2.24,0,7,10,11,1
1332,11667,1.38,0,5,8,7,1
1333,11673,1.44,0,5,8,6,1
1334,11682,2.36,0,7,10,9,1
1335,11684,-0.52,0,1,4,2,1
1336,11701,2.43,0,8,11,17,1
1337,11721,5.55,0,14,17,20,1
1338,11726,0.95,0,4,7,5,1
1339,11727,-1.01,0,0,3,1,1
1340,11736,2.91,0,8,11,9,1
1341,11738,-0.52,0,1,4,2,1
1342,11740,-0.52,0,1,4,2,1
1343,11745,0.4,0,3,6,5,1
1344,11751,1.44,0,5,8,6,1
1345,11754,-0.03,0,2,5,3,1
1346,11756,-0.52,0,1,4,2,1
1347,11759,-0.58,0,1,4,3,1
1348,11763,0.46,0,3,6,4,1
1349,11765,-0.52,0,1,4,2,1
1350,11786,4.39,0,12,15,21,1
1351,11798,3.28,0,9,12,12,1
1352,11803,0.4,0,3,6,5,1
1353,11806,-0.03,0,2,5,3,1
1354,11812,0.89,0,4,7,6,1
1355,11819,1.38,0,5,8,7,1
1356,11894,5.0,0,19,22,75,1
1357,11898,-0.09,0,2,5,4,1
1358,11904,0.89,0,4,7,6,1
1359,11913,2.91,0,8,11,9,1
1360,11914,-1.01,0,0,3,1,1
1361,11918,0.46,0,3,6,4,1
1362,11921,-0.03,0,2,5,3,1
1363,11933,3.28,0,9,12,12,1
1364,11947,1.51,0,6,9,14,1
1365,11955,1.32,0,5,8,8,1
1366,11959,-0.09,0,2,5,4,1
1367,11960,-1.01,0,0,3,1,1
1368,11963,-0.03,0,2,5,3,1
1369,11969,0.89,0,4,7,6,1
1370,11974,0.95,0,4,7,5,1
1371,11996,5.98,0,15,18,22,1
1372,11998,-0.52,0,1,4,2,1
1373,12003,0.4,0,3,6,5,1
1374,12028,5.8,0,15,18,25,1
1375,12029,-1.01,0,0,3,1,1
1376,12031,-0.52,0,1,4,2,1
1377,12043,3.28,0,9,12,12,1
1378,12059,4.69,0,12,15,16,1
1379,12071,3.83,0,10,13,12,1
1380,12081,1.75,0,6,9,10,1
1381,12086,0.95,0,4,7,5,1
1382,12089,-0.03,0,2,5,3,1
1383,12090,-1.01,0,0,3,1,1
1384,12100,2.3,0,7,10,10,1
1385,12111,1.69,0,6,9,11,1
1386,12113,-0.52,0,1,4,2,1
1387,12119,0.89,0,4,7,6,1
1388,12121,-0.52,0,1,4,2,1
1389,12124,-0.03,0,2,5,3,1
1390,12125,-1.01,0,0,3,1,1
1391,12135,2.3,0,7,10,10,1
1392,12141,1.44,0,5,8,6,1
1393,12144,-0.03,0,2,5,3,1
1394,12158,2.06,0,7,10,14,1
1395,12168,2.3,0,7,10,10,1
1396,12169,-1.01,0,0,3,1,1
1397,12173,0.46,0,3,6,4,1
1398,12179,0.34,0,3,6,6,1
1399,12180,-1.01,0,0,3,1,1
1400,12185,0.95,0,4,7,5,1
1401,12203,4.02,0,11,14,18,1
1402,12212,1.81,0,6,9,9,1
1403,12213,-1.01,0,0,3,1,1
1404,12216,-0.03,0,2,5,3,1
1405,12249,6.42,0,17,20,33,1
1406,12256,1.38,0,5,8,7,1
1407,12260,0.46,0,3,6,4,1
1408,12264,0.46,0,3,6,4,1
1409,12274,2.3,0,7,10,10,1
1410,12276,-0.52,0,1,4,2,1
1411,12277,-1.01,0,0,3,1,1
1412,12282,-0.15,0,2,5,5,1
1413,12290,1.87,0,6,9,8,1
1414,12294,0.46,0,3,6,4,1
1415,12295,-1.01,0,0,3,1,1
1416,12307,2.73,0,8,11,12,1
1417,12327,3.9,0,11,14,20,1
1418,12338,2.24,0,7,10,11,1
1419,12350,3.28,0,9,12,12,1
1420,12377,4.58,0,13,16,27,1
1421,12378,-1.01,0,0,3,1,1
1422,12380,-0.52,0,1,4,2,1
1423,12399,5.06,0,13,16,19,1
1424,12404,0.95,0,4,7,5,1
1425,12406,-0.52,0,1,4,2,1
1426,12424,2.92,0,9,12,18,1
1427,12439,3.1,0,9,12,15,1
1428,12441,-0.52,0,1,4,2,1
1429,12444,-0.03,0,2,5,3,1
1430,12447,-0.03,0,2,5,3,1
1431,12459,2.18,0,7,10,12,1
1432,12463,0.46,0,3,6,4,1
1433,12466,-0.03,0,2,5,3,1
1434,12468,-0.52,0,1,4,2,1
1435,12472,0.46,0,3,6,4,1
1436,12476,-0.09,0,2,5,4,1
1437,12483,0.83,0,4,7,7,1
1438,12491,1.32,0,5,8,8,1
1439,12503,2.18,0,7,10,12,1
1440,12547,7.41,0,20,23,44,1
1441,12549,-0.52,0,1,4,2,1
1442,12562,3.77,0,10,13,13,1
1443,12565,-0.03,0,2,5,3,1
1444,12570,0.95,0,4,7,5,1
1445,12578,1.87,0,6,9,8,1
1446,12582,0.46,0,3,6,4,1
1447,12584,-0.52,0,1,4,2,1
1448,12594,2.3,0,7,10,10,1
1449,12601,1.38,0,5,8,7,1
1450,12603,-0.52,0,1,4,2,1
1451,12610,1.93,0,6,9,7,1
1452,12612,-0.52,0,1,4,2,1
1453,12634,5.43,0,14,17,22,1
1454,12636,-0.52,0,1,4,2,1
1455,12638,-0.52,0,1,4,2,1
1456,12656,3.47,0,10,13,18,1
1457,12671,4.2,0,11,14,15,1
1458,12673,-0.52,0,1,4,2,1
1459,12693,5.55,0,14,17,20,1
1460,12715,5.43,0,14,17,22,1
1461,12751,5.69,0,16,19,36,1
1462,12758,1.38,0,5,8,7,1
1463,12779,4.94,0,13,16,21,1
1464,12782,-0.03,0,2,5,3,1
1465,12790,1.87,0,6,9,8,1
1466,12805,2.55,0,8,11,15,1
1467,12830,4.7,0,13,16,25,1
1468,12835,0.95,0,4,7,5,1
1469,12840,0.4,0,3,6,5,1
1470,12843,-0.03,0,2,5,3,1
1471,12849,0.89,0,4,7,6,1
1472,12857,1.87,0,6,9,8,1
1473,12858,-1.01,0,0,3,1,1
1474,12862,0.46,0,3,6,4,1
1475,12866,0.46,0,3,6,4,1
1476,12867,-1.01,0,0,3,1,1
1477,12871,0.46,0,3,6,4,1
1478,12875,0.46,0,3,6,4,1
1479,12893,2.92,0,9,12,18,1
1480,12941,6.07,0,18,21,48,1
1481,12942,-1.01,0,0,3,1,1
1482,12950,1.87,0,6,9,8,1
1483,12952,-0.52,0,1,4,2,1
1484,12956,0.46,0,3,6,4,1
1485,12963,1.93,0,6,9,7,1
1486,12981,3.47,0,10,13,18,1
1487,12986,0.95,0,4,7,5,1
1488,12989,-0.03,0,2,5,3,1
1489,12996,1.93,0,6,9,7,1
1490,13059,4.62,0,17,20,63,1
1491,13062,-0.03,0,2,5,3,1
1492,13072,2.85,0,8,11,10,1
1493,13098,4.64,0,13,16,26,1
1494,13105,1.38,0,5,8,7,1
1495,13115,3.4,0,9,12,10,1
1496,13116,-1.01,0,0,3,1,1
1497,13121,0.95,0,4,7,5,1
1498,13125,0.46,0,3,6,4,1
1499,13133,2.42,0,7,10,8,1
1500,13142,2.91,0,8,11,9,1
1501,13150,1.32,0,5,8,8,1
1502,13167,4.63,0,12,15,17,1
1503,13169,-0.52,0,1,4,2,1
1504,13180,1.14,0,5,8,11,1
1505,13192,3.28,0,9,12,12,1
1506,13224,5.38,0,15,18,32,1
1507,13225,-1.01,0,0,3,1,1
1508,13227,-0.52,0,1,4,2,1
1509,13245,4.02,0,11,14,18,1
1510,13247,-0.52,0,1,4,2,1
1511,13260,2.67,0,8,11,13,1
1512,13261,-1.01,0,0,3,1,1
1513,13263,-0.52,0,1,4,2,1
1514,13273,2.85,0,8,11,10,1
1515,13282,1.26,0,5,8,9,1
1516,13285,-0.03,0,2,5,3,1
1517,13290,0.95,0,4,7,5,1
1518,13300,1.2,0,5,8,10,1
1519,13307,0.83,0,4,7,7,1
1520,13324,4.63,0,12,15,17,1
1521,13329,0.95,0,4,7,5,1
1522,13332,-0.58,0,1,4,3,1
1523,13346,3.16,0,9,12,14,1
1524,13355,2.36,0,7,10,9,1
1525,13361,0.89,0,4,7,6,1
1526,13374,2.12,0,7,10,13,1
1527,13399,5.8,0,15,18,25,1
1528,13411,3.28,0,9,12,12,1
1529,13415,0.46,0,3,6,4,1
1530,13420,0.4,0,3,6,5,1
1531,13428,1.87,0,6,9,8,1
1532,13435,1.38,0,5,8,7,1
1533,13448,3.22,0,9,12,13,1
1534,13462,3.16,0,9,12,14,1
1535,13463,-1.01,0,0,3,1,1
1536,13470,1.93,0,6,9,7,1
1537,13488,4.02,0,11,14,18,1
1538,13493,0.4,0,3,6,5,1
1539,13508,2.55,0,8,11,15,1
1540,13524,3.59,0,10,13,16,1
1541,13527,-0.58,0,1,4,3,1
1542,13528,-1.01,0,0,3,1,1
1543,13533,0.95,0,4,7,5,1
1544,13540,1.38,0,5,8,7,1
1545,13562,4.33,0,12,15,22,1
1546,13573,2.79,0,8,11,11,1
1547,13591,4.02,0,11,14,18,1
1548,13615,4.21,0,12,15,24,1
1549,13619,0.46,0,3,6,4,1
1550,13621,-0.52,0,1,4,2,1
1551,13650,5.01,0,14,17,29,1
1552,13661,2.24,0,7,10,11,1
1553,13668,1.93,0,6,9,7,1
1554,13679,2.79,0,8,11,11,1
1555,13680,-1.01,0,0,3,1,1
1556,13689,2.36,0,7,10,9,1
1557,13692,-0.03,0,2,5,3,1
1558,13694,-0.52,0,1,4,2,1
1559,13708,3.71,0,10,13,14,1
1560,13714,1.44,0,5,8,6,1
1561,13716,-0.52,0,1,4,2,1
1562,13736,5.0,0,13,16,20,1
1563,13738,-0.52,0,1,4,2,1
1564,13740,-0.52,0,1,4,2,1
1565,13752,2.73,0,8,11,12,1
1566,13773,4.39,0,12,15,21,1
1567,13779,1.44,0,5,8,6,1
1568,13783,0.46,0,3,6,4,1
1569,13786,-0.03,0,2,5,3,1
1570,13797,2.79,0,8,11,11,1
1571,13817,3.9,0,11,14,20,1
1572,13823,1.44,0,5,8,6,1
1573,13841,2.37,0,8,11,18,1
1574,13843,-0.52,0,1,4,2,1
1575,13845,-0.52,0,1,4,2,1
1576,13859,3.16,0,9,12,14,1
1577,13869,1.75,0,6,9,10,1
1578,13871,-0.52,0,1,4,2,1
1579,13895,3.66,0,11,14,24,1
1580,13896,-1.01,0,0,3,1,1
1581,13897,-1.01,0,0,3,1,1
1582,13902,0.95,0,4,7,5,1
1583,13921,4.51,0,12,15,19,1
1584,13922,-1.01,0,0,3,1,1
1585,13942,2.8,0,9,12,20,1
1586,13946,-0.09,0,2,5,4,1
1587,13949,-0.58,0,1,4,3,1
1588,13971,4.33,0,12,15,22,1
1589,13972,-1.01,0,0,3,1,1
1590,13983,1.69,0,6,9,11,1
1591,14004,4.39,0,12,15,21,1
1592,14006,-0.52,0,1,4,2,1
1593,14017,1.69,0,6,9,11,1
1594,14024,1.93,0,6,9,7,1
1595,14041,2.43,0,8,11,17,1
1596,14052,3.34,0,9,12,11,1
1597,14058,0.89,0,4,7,6,1
1598,14059,-1.01,0,0,3,1,1
1599,14060,-1.01,0,0,3,1,1
1600,14061,-1.01,0,0,3,1,1
1601,14077,2.49,0,8,11,16,1
1602,14109,6.48,0,17,20,32,1
1603,14116,1.93,0,6,9,7,1
1604,14118,-0.52,0,1,4,2,1
1605,14120,-0.52,0,1,4,2,1
1606,14142,4.33,0,12,15,22,1
1607,14153,2.24,0,7,10,11,1
1608,14155,-0.52,0,1,4,2,1
1609,14179,4.76,0,13,16,24,1
1610,14198,2.86,0,9,12,19,1
1611,14219,3.29,0,10,13,21,1
1612,14249,6.6,0,17,20,30,1
1613,14285,6.79,0,18,21,36,1
1614,14287,-0.52,0,1,4,2,1
1615,14290,-0.03,0,2,5,3,1
1616,14294,0.46,0,3,6,4,1
1617,14296,-0.52,0,1,4,2,1
1618,14301,0.95,0,4,7,5,1
1619,14320,2.86,0,9,12,19,1
1620,14339,4.51,0,12,15,19,1
1621,14340,-1.01,0,0,3,1,1
1622,14346,0.89,0,4,7,6,1
1623,14395,5.46,0,17,20,49,1
1624,14398,-0.03,0,2,5,3,1
1625,14403,0.95,0,4,7,5,1
1626,14415,3.28,0,9,12,12,1
1627,14417,-0.52,0,1,4,2,1
1628,14427,1.75,0,6,9,10,1
1629,14433,0.89,0,4,7,6,1
1630,14435,-0.52,0,1,4,2,1
1631,14447,2.73,0,8,11,12,1
1632,14459,3.28,0,9,12,12,1
1633,14472,2.67,0,8,11,13,1
1634,14476,0.46,0,3,6,4,1
1635,14477,-1.01,0,0,3,1,1
1636,14478,-1.01,0,0,3,1,1
1637,14484,1.44,0,5,8,6,1
1638,14487,-0.03,0,2,5,3,1
1639,14488,-1.01,0,0,3,1,1
1640,14490,-0.52,0,1,4,2,1
1641,14493,-0.58,0,1,4,3,1
1642,14507,2.61,0,8,11,14,1
1643,14513,1.44,0,5,8,6,1
1644,14520,1.38,0,5,8,7,1
1645,14525,0.4,0,3,6,5,1
1646,14538,3.77,0,10,13,13,1
1647,14543,0.95,0,4,7,5,1
1648,14544,-1.01,0,0,3,1,1
1649,14545,-1.01,0,0,3,1,1
1650,14549,0.46,0,3,6,4,1
1651,14564,3.65,0,10,13,15,1
1652,14568,0.46,0,3,6,4,1
1653,14599,7.09,0,18,21,31,1
1654,14619,2.8,0,9,12,20,1
1655,14642,4.27,0,12,15,23,1
1656,14663,5.49,0,14,17,21,1
1657,14665,-0.52,0,1,4,2,1
1658,14675,1.2,0,5,8,10,1
1659,14692,4.08,0,11,14,17,1
1660,14700,0.77,0,4,7,8,1
1661,14737,5.63,0,16,19,37,1
1662,14785,7.17,0,20,23,48,1
1663,14786,-1.01,0,0,3,1,1
1664,14791,0.4,0,3,6,5,1
1665,14799,1.87,0,6,9,8,1
1666,14808,1.81,0,6,9,9,1
1667,14822,3.71,0,10,13,14,1
1668,14833,2.24,0,7,10,11,1
1669,14841,1.32,0,5,8,8,1
1670,14850,2.36,0,7,10,9,1
1671,14857,1.38,0,5,8,7,1
1672,14874,1.33,0,6,9,17,1
1673,14881,0.28,0,3,6,7,1
1674,14891,1.2,0,5,8,10,1
1675,14896,0.95,0,4,7,5,1
1676,14898,-0.52,0,1,4,2,1
1677,14906,0.77,0,4,7,8,1
1678,14911,0.4,0,3,6,5,1
1679,14913,-0.52,0,1,4,2,1
1680,14939,4.09,0,12,15,26,1
1681,14942,-0.03,0,2,5,3,1
1682,14956,3.71,0,10,13,14,1
1683,14969,2.67,0,8,11,13,1
1684,14977,1.32,0,5,8,8,1
1685,14992,3.1,0,9,12,15,1
1686,14993,-1.01,0,0,3,1,1
1687,15017,4.76,0,13,16,24,1
1688,15025,1.87,0,6,9,8,1
1689,15045,3.35,0,10,13,20,1
1690,15046,-1.01,0,0,3,1,1
1691,15062,1.94,0,7,10,16,1
1692,15064,-0.52,0,1,4,2,1
1693,15067,-0.03,0,2,5,3,1
1694,15080,1.02,0,5,8,13,1
1695,15081,-1.01,0,0,3,1,1
1696,15098,2.43,0,8,11,17,1
1697,15104,1.44,0,5,8,6,1
1698,15108,-0.09,0,2,5,4,1
1699,15110,-0.52,0,1,4,2,1
1700,15125,3.1,0,9,12,15,1
1701,15129,0.46,0,3,6,4,1
1702,15130,-1.01,0,0,3,1,1
1703,15131,-1.01,0,0,3,1,1
1704,15148,4.63,0,12,15,17,1
1705,15149,-1.01,0,0,3,1,1
1706,15158,1.81,0,6,9,9,1
1707,15160,-0.52,0,1,4,2,1
1708,15180,5.0,0,13,16,20,1
1709,15187,1.38,0,5,8,7,1
1710,15188,-1.01,0,0,3,1,1
1711,15197,1.81,0,6,9,9,1
1712,15198,-1.01,0,0,3,1,1
1713,15204,1.44,0,5,8,6,1
1714,15218,3.71,0,10,13,14,1
1715,15233,4.2,0,11,14,15,1
1716,15242,1.26,0,5,8,9,1
1717,15260,5.67,0,14,17,18,1
1718,15268,1.87,0,6,9,8,1
1719,15284,3.59,0,10,13,16,1
1720,15297,1.57,0,6,9,13,1
1721,15301,0.46,0,3,6,4,1
1722,15302,-1.01,0,0,3,1,1
1723,15312,2.3,0,7,10,10,1
1724,15322,1.2,0,5,8,10,1
1725,15343,3.29,0,10,13,21,1
1726,15354,1.69,0,6,9,11,1
1727,15368,3.16,0,9,12,14,1
1728,15369,-1.01,0,0,3,1,1
1729,15370,-1.01,0,0,3,1,1
1730,15380,1.75,0,6,9,10,1
1731,15392,3.28,0,9,12,12,1
1732,15393,-1.01,0,0,3,1,1
1733,15394,-1.01,0,0,3,1,1
1734,15399,0.4,0,3,6,5,1
1735,15411,3.28,0,9,12,12,1
1736,15415,0.46,0,3,6,4,1
1737,15416,-1.01,0,0,3,1,1
1738,15426,2.3,0,7,10,10,1
1739,15439,3.22,0,9,12,13,1
1740,15445,1.44,0,5,8,6,1
1741,15459,3.16,0,9,12,14,1
1742,15460,-1.01,0,0,3,1,1
1743,15477,3.53,0,10,13,17,1
1744,15511,5.81,0,16,19,34,1
1745,15522,3.34,0,9,12,11,1
1746,15532,2.3,0,7,10,10,1
1747,15552,4.45,0,12,15,20,1
1748,15560,1.32,0,5,8,8,1
1749,15562,-0.52,0,1,4,2,1
1750,15567,0.95,0,4,7,5,1
1751,15579,2.18,0,7,10,12,1
1752,15590,1.69,0,6,9,11,1
1753,15594,0.46,0,3,6,4,1
1754,15601,1.38,0,5,8,7,1
1755,15607,1.44,0,5,8,6,1
1756,15613,1.44,0,5,8,6,1
1757,15642,5.56,0,15,18,29,1
1758,15660,4.02,0,11,14,18,1
1759,15663,-0.03,0,2,5,3,1
1760,15680,4.63,0,12,15,17,1
1761,15698,5.67,0,14,17,18,1
1762,15715,2.98,0,9,12,17,1
1763,15717,-0.52,0,1,4,2,1
1764,15718,-1.01,0,0,3,1,1
1765,15722,0.46,0,3,6,4,1
1766,15725,-0.03,0,2,5,3,1
1767,15731,0.89,0,4,7,6,1
1768,15736,0.95,0,4,7,5,1
1769,15750,3.71,0,10,13,14,1
1770,15757,1.38,0,5,8,7,1
1771,15790,6.42,0,17,20,33,1
1772,15799,1.81,0,6,9,9,1
1773,15812,3.22,0,9,12,13,1
1774,15819,1.38,0,5,8,7,1
1775,15824,0.95,0,4,7,5,1
1776,15828,0.46,0,3,6,4,1
1777,15855,5.68,0,15,18,27,1
1778,15859,0.46,0,3,6,4,1
1779,15861,-0.52,0,1,4,2,1
1780,15867,-0.21,0,2,5,6,1
1781,15887,3.9,0,11,14,20,1
1782,15913,4.64,0,13,16,26,1
1783,15939,4.64,0,13,16,26,1
1784,15943,0.46,0,3,6,4,1
1785,16005,4.68,0,17,20,62,1
1786,16018,4.32,0,11,14,13,1
1787,16022,0.46,0,3,6,4,1
1788,16033,0.59,0,4,7,11,1
1789,16041,1.32,0,5,8,8,1
1790,16043,-0.52,0,1,4,2,1
1791,16048,0.95,0,4,7,5,1
1792,16067,2.86,0,9,12,19,1
1793,16069,-0.52,0,1,4,2,1
1794,16070,-1.01,0,0,3,1,1
1795,16077,0.83,0,4,7,7,1
1796,16078,-1.01,0,0,3,1,1
1797,16089,2.24,0,7,10,11,1
1798,16098,1.81,0,6,9,9,1
1799,16113,2.0,0,7,10,15,1
1800,16122,1.81,0,6,9,9,1
1801,16135,4.32,0,11,14,13,1
1802,16143,1.32,0,5,8,8,1
1803,16146,-0.03,0,2,5,3,1
1804,16165,5.06,0,13,16,19,1
1805,16187,4.88,0,13,16,22,1
1806,16192,0.95,0,4,7,5,1
1807,16212,5.55,0,14,17,20,1
1808,16213,-1.01,0,0,3,1,1
1809,16257,5.21,0,16,19,44,1
1810,16269,3.83,0,10,13,12,1
1811,16270,-1.01,0,0,3,1,1
1812,16289,2.86,0,9,12,19,1
1813,16316,5.68,0,15,18,27,1
1814,16324,1.32,0,5,8,8,1
1815,16335,2.79,0,8,11,11,1
1816,16337,-0.52,0,1,4,2,1
1817,16339,-0.52,0,1,4,2,1
1818,16343,0.46,0,3,6,4,1
1819,16361,4.02,0,11,14,18,1
1820,16374,3.22,0,9,12,13,1
1821,16381,0.83,0,4,7,7,1
1822,16411,6.05,0,16,19,30,1
1823,16413,-0.52,0,1,4,2,1
1824,16415,-0.52,0,1,4,2,1
1825,16423,2.42,0,7,10,8,1
1826,16425,-0.52,0,1,4,2,1
1827,16431,0.89,0,4,7,6,1
1828,16434,-0.03,0,2,5,3,1
1829,16443,2.91,0,8,11,9,1
1830,16468,4.15,0,12,15,25,1
1831,16478,2.3,0,7,10,10,1
1832,16482,-0.09,0,2,5,4,1
1833,16490,2.42,0,7,10,8,1
1834,16495,0.95,0,4,7,5,1
1835,16499,-0.09,0,2,5,4,1
1836,16508,1.81,0,6,9,9,1
1837,16518,2.3,0,7,10,10,1
1838,16527,1.81,0,6,9,9,1
1839,16530,-0.03,0,2,5,3,1
1840,16535,0.95,0,4,7,5,1
1841,16538,-0.03,0,2,5,3,1
1842,16555,5.18,0,13,16,17,1
1843,16561,0.89,0,4,7,6,1
1844,16562,-1.01,0,0,3,1,1
1845,16564,-0.52,0,1,4,2,1
1846,16565,-1.01,0,0,3,1,1
1847,16567,-0.52,0,1,4,2,1
1848,16574,1.93,0,6,9,7,1
1849,16589,3.65,0,10,13,15,1
1850,16592,-0.03,0,2,5,3,1
1851,16605,4.32,0,11,14,13,1
1852,16610,0.95,0,4,7,5,1
1853,16612,-0.52,0,1,4,2,1
1854,16626,4.26,0,11,14,14,1
1855,16628,-0.52,0,1,4,2,1
1856,16629,-1.01,0,0,3,1,1
1857,16643,2.61,0,8,11,14,1
1858,16644,-1.01,0,0,3,1,1
1859,16646,-0.52,0,1,4,2,1
1860,16657,0.59,0,4,7,11,1
1861,16675,2.92,0,9,12,18,1
1862,16676,-1.01,0,0,3,1,1
1863,16679,-0.03,0,2,5,3,1
1864,16695,3.04,0,9,12,16,1
1865,16699,0.46,0,3,6,4,1
1866,16710,2.24,0,7,10,11,1
1867,16716,0.89,0,4,7,6,1
1868,16719,-0.03,0,2,5,3,1
1869,16723,-0.09,0,2,5,4,1
1870,16731,1.32,0,5,8,8,1
1871,16734,-0.03,0,2,5,3,1
1872,16735,-1.01,0,0,3,1,1
1873,16743,1.87,0,6,9,8,1
1874,16768,5.25,0,14,17,25,1
1875,16772,-0.09,0,2,5,4,1
1876,16778,0.34,0,3,6,6,1
1877,16779,-1.01,0,0,3,1,1
1878,16781,-0.52,0,1,4,2,1
1879,16797,2.49,0,8,11,16,1
1880,16798,-1.01,0,0,3,1,1
1881,16800,-0.52,0,1,4,2,1
1882,16801,-1.01,0,0,3,1,1
1883,16811,2.3,0,7,10,10,1
1884,16840,5.01,0,14,17,29,1
1885,16854,3.16,0,9,12,14,1
1886,16864,2.85,0,8,11,10,1
1887,16873,1.81,0,6,9,9,1
1888,16878,0.95,0,4,7,5,1
1889,16879,-1.01,0,0,3,1,1
1890,16883,0.46,0,3,6,4,1
1891,16895,3.83,0,10,13,12,1
1892,16907,2.73,0,8,11,12,1
1893,16927,4.45,0,12,15,20,1
1894,16929,-0.52,0,1,4,2,1
1895,16931,-0.52,0,1,4,2,1
1896,16937,0.89,0,4,7,6,1
1897,16944,1.38,0,5,8,7,1
1898,16954,2.85,0,8,11,10,1
1899,16959,0.95,0,4,7,5,1
1900,16982,5.37,0,14,17,23,1
1901,16986,0.46,0,3,6,4,1
1902,16990,0.46,0,3,6,4,1
1903,16996,0.34,0,3,6,6,1
1904,17004,1.87,0,6,9,8,1
1905,17005,-1.01,0,0,3,1,1
1906,17007,-0.52,0,1,4,2,1
1907,17010,-0.03,0,2,5,3,1
1908,17011,-1.01,0,0,3,1,1
1909,17021,1.75,0,6,9,10,1
1910,17029,1.87,0,6,9,8,1
1911,17030,-1.01,0,0,3,1,1
1912,17032,-0.52,0,1,4,2,1
1913,17045,2.12,0,7,10,13,1
1914,17054,1.81,0,6,9,9,1
1915,17088,6.91,0,18,21,34,1
1916,17105,3.53,0,10,13,17,1
1917,17116,2.79,0,8,11,11,1
1918,17149,6.97,0,18,21,33,1
1919,17155,1.44,0,5,8,6,1
1920,17157,-0.52,0,1,4,2,1
1921,17176,4.51,0,12,15,19,1
1922,17202,4.64,0,13,16,26,1
1923,17230,5.07,0,14,17,28,1
1924,17234,0.46,0,3,6,4,1
1925,17250,3.04,0,9,12,16,1
1926,17254,-0.09,0,2,5,4,1
1927,17256,-0.52,0,1,4,2,1
1928,17300,7.96,0,21,24,44,1
1929,17302,-0.52,0,1,4,2,1
1930,17304,-0.52,0,1,4,2,1
1931,17313,2.36,0,7,10,9,1
1932,17314,-1.01,0,0,3,1,1
1933,17324,2.3,0,7,10,10,1
1934,17326,-0.52,0,1,4,2,1
1935,17336,2.3,0,7,10,10,1
1936,17337,-1.01,0,0,3,1,1
1937,17340,-0.03,0,2,5,3,1
1938,17351,2.79,0,8,11,11,1
1939,17361,1.75,0,6,9,10,1
1940,17376,4.2,0,11,14,15,1
1941,17378,-0.52,0,1,4,2,1
1942,17390,1.63,0,6,9,12,1
1943,17404,3.16,0,9,12,14,1
1944,17406,-0.52,0,1,4,2,1
1945,17430,5.31,0,14,17,24,1
1946,17448,4.02,0,11,14,18,1
1947,17454,0.89,0,4,7,6,1
1948,17458,0.46,0,3,6,4,1
1949,17459,-1.01,0,0,3,1,1
1950,17470,2.24,0,7,10,11,1
1951,17472,-0.52,0,1,4,2,1
1952,17475,-0.03,0,2,5,3,1
1953,17485,2.85,0,8,11,10,1
1954,17504,5.06,0,13,16,19,1
1955,17510,1.44,0,5,8,6,1
1956,17512,-0.52,0,1,4,2,1
1957,17525,3.22,0,9,12,13,1
1958,17539,1.51,0,6,9,14,1
1959,17542,-0.03,0,2,5,3,1
1960,17544,-0.52,0,1,4,2,1
1961,17550,1.44,0,5,8,6,1
1962,17551,-1.01,0,0,3,1,1
1963,17554,-0.03,0,2,5,3,1
1964,17561,1.38,0,5,8,7,1
1965,17568,1.93,0,6,9,7,1
1966,17585,2.43,0,8,11,17,1
1967,17587,-0.52,0,1,4,2,1
1968,17588,-1.01,0,0,3,1,1
1969,17599,2.79,0,8,11,11,1
1970,17600,-1.01,0,0,3,1,1
1971,17601,-1.01,0,0,3,1,1
1972,17618,4.63,0,12,15,17,1
1973,17620,-0.52,0,1,4,2,1
1974,17627,1.93,0,6,9,7,1
1975,17628,-1.01,0,0,3,1,1
1976,17629,-1.01,0,0,3,1,1
1977,17630,-1.01,0,0,3,1,1
1978,17634,0.46,0,3,6,4,1
1979,17638,0.46,0,3,6,4,1
1980,17643,0.4,0,3,6,5,1
1981,17653,2.3,0,7,10,10,1
1982,17663,2.3,0,7,10,10,1
1983,17673,2.85,0,8,11,10,1
1984,17680,0.83,0,4,7,7,1
1985,17688,1.87,0,6,9,8,1
1986,17692,-0.09,0,2,5,4,1
1987,17701,1.26,0,5,8,9,1
1988,17704,-0.58,0,1,4,3,1
1989,17730,5.19,0,14,17,26,1
1990,17734,0.46,0,3,6,4,1
1991,17737,-0.03,0,2,5,3,1
1992,17743,0.89,0,4,7,6,1
1993,17752,1.81,0,6,9,9,1
1994,17764,2.73,0,8,11,12,1
1995,17766,-0.52,0,1,4,2,1
1996,17770,0.46,0,3,6,4,1
1997,17774,0.46,0,3,6,4,1
1998,17777,-0.03,0,2,5,3,1
1999,17781,0.46,0,3,6,4,1
2000,17782,-1.01,0,0,3,1,1
2001,17783,-1.01,0,0,3,1,1
2002,17784,-1.01,0,0,3,1,1
2003,17786,-0.52,0,1,4,2,1
2004,17787,-1.01,0,0,3,1,1
2005,17793,0.89,0,4,7,6,1
2006,17814,3.84,0,11,14,21,1
2007,17818,0.46,0,3,6,4,1
2008,17821,-0.03,0,2,5,3,1
2009,17834,2.12,0,7,10,13,1
2010,17837,-0.03,0,2,5,3,1
2011,17839,-0.52,0,1,4,2,1
2012,17882,11.52,1,22,25,43,0
2013,17890,1.32,0,5,8,8,1
2014,17902,2.18,0,7,10,12,1
2015,17910,2.42,0,7,10,8,1
2016,17913,-0.03,0,2,5,3,1
2017,17915,-0.52,0,1,4,2,1
2018,17921,0.34,0,3,6,6,1
2019,17955,5.81,0,16,19,34,1
2020,17963,2.42,0,7,10,8,1
2021,17971,1.32,0,5,8,8,1
2022,18007,6.79,0,18,21,36,1
2023,18014,1.38,0,5,8,7,1
2024,18023,1.81,0,6,9,9,1
2025,18038,4.75,0,12,15,15,1
2026,18076,7.77,0,20,23,38,1
2027,18077,-1.01,0,0,3,1,1
2028,18097,4.45,0,12,15,20,1
2029,18113,3.59,0,10,13,16,1
2030,18114,-1.01,0,0,3,1,1
2031,18119,0.4,0,3,6,5,1
2032,18124,0.4,0,3,6,5,1
2033,18125,-1.01,0,0,3,1,1
2034,18133,1.87,0,6,9,8,1
2035,18140,0.83,0,4,7,7,1
2036,18159,4.51,0,12,15,19,1
2037,18162,-0.03,0,2,5,3,1
2038,18164,-0.52,0,1,4,2,1
2039,18186,5.98,0,15,18,22,1
2040,18196,2.3,0,7,10,10,1
2041,18198,-0.52,0,1,4,2,1
2042,18204,0.89,0,4,7,6,1
2043,18223,5.61,0,14,17,19,1
2044,18235,2.73,0,8,11,12,1
2045,18247,3.83,0,10,13,12,1
2046,18269,4.33,0,12,15,22,1
2047,18271,-0.52,0,1,4,2,1
2048,18311,5.45,0,16,19,40,1
2049,18314,-0.58,0,1,4,3,1
2050,18316,-0.52,0,1,4,2,1
2051,18345,6.66,0,17,20,29,1
2052,18356,2.79,0,8,11,11,1
2053,18363,1.93,0,6,9,7,1
2054,18372,1.81,0,6,9,9,1
2055,18374,-0.52,0,1,4,2,1
2056,18399,5.25,0,14,17,25,1
2057,18408,2.91,0,8,11,9,1
2058,18418,1.75,0,6,9,10,1
2059,18429,2.24,0,7,10,11,1
2060,18435,0.89,0,4,7,6,1
2061,18444,2.91,0,8,11,9,1
2062,18451,0.83,0,4,7,7,1
2063,18464,3.22,0,9,12,13,1
2064,18467,-0.03,0,2,5,3,1
2065,18474,1.38,0,5,8,7,1
2066,18475,-1.01,0,0,3,1,1
2067,18477,-0.52,0,1,4,2,1
2068,18488,2.79,0,8,11,11,1
2069,18497,2.91,0,8,11,9,1
2070,18508,2.79,0,8,11,11,1
2071,18516,1.87,0,6,9,8,1
2072,18534,4.57,0,12,15,18,1
2073,18554,4.45,0,12,15,20,1
2074,18561,1.93,0,6,9,7,1
2075,18616,6.2,0,19,22,55,1
2076,18636,5.55,0,14,17,20,1
2077,18639,-0.58,0,1,4,3,1
2078,18640,-1.01,0,0,3,1,1
2079,18649,1.81,0,6,9,9,1
2080,18698,7.66,0,21,24,49,1
2081,18717,4.51,0,12,15,19,1
2082,18719,-0.52,0,1,4,2,1
2083,18728,2.36,0,7,10,9,1
2084,18730,-0.52,0,1,4,2,1
2085,18742,3.28,0,9,12,12,1
2086,18743,-1.01,0,0,3,1,1
2087,18748,0.4,0,3,6,5,1
2088,18751,-0.03,0,2,5,3,1
2089,18765,4.26,0,11,14,14,1
2090,18770,0.95,0,4,7,5,1
2091,18786,4.14,0,11,14,16,1
2092,18787,-1.01,0,0,3,1,1
2093,18801,2.06,0,7,10,14,1
2094,18810,1.81,0,6,9,9,1
2095,18812,-0.52,0,1,4,2,1
2096,18840,6.72,0,17,20,28,1
2097,18841,-1.01,0,0,3,1,1
2098,18848,1.38,0,5,8,7,1
2099,18851,-0.03,0,2,5,3,1
2100,18862,3.34,0,9,12,11,1
2101,18863,-1.01,0,0,3,1,1
2102,18872,1.26,0,5,8,9,1
2103,18873,-1.01,0,0,3,1,1
2104,18888,4.2,0,11,14,15,1
2105,18910,5.98,0,15,18,22,1
2106,18917,1.38,0,5,8,7,1
2107,18923,0.89,0,4,7,6,1
2108,18924,-1.01,0,0,3,1,1
2109,18927,-0.03,0,2,5,3,1
2110,18935,1.87,0,6,9,8,1
2111,18953,2.92,0,9,12,18,1
2112,18958,0.95,0,4,7,5,1
2113,18961,-0.03,0,2,5,3,1
2114,18963,-0.52,0,1,4,2,1
2115,18966,-0.03,0,2,5,3,1
2116,18978,3.28,0,9,12,12,1
2117,18996,4.57,0,12,15,18,1
2118,19000,0.46,0,3,6,4,1
2119,19001,-1.01,0,0,3,1,1
2120,19003,-0.52,0,1,4,2,1
2121,19017,3.71,0,10,13,14,1
2122,19024,1.93,0,6,9,7,1
2123,19032,2.42,0,7,10,8,1
2124,19051,3.96,0,11,14,19,1
2125,19055,-0.09,0,2,5,4,1
2126,19064,1.81,0,6,9,9,1
2127,19085,4.39,0,12,15,21,1
2128,19090,0.4,0,3,6,5,1
2129,19092,-0.52,0,1,4,2,1
2130,19105,4.32,0,11,14,13,1
2131,19127,5.98,0,15,18,22,1
2132,19137,2.3,0,7,10,10,1
2133,19173,5.69,0,16,19,36,1
2134,19176,-0.03,0,2,5,3,1
2135,19184,1.87,0,6,9,8,1
2136,19186,-0.52,0,1,4,2,1
2137,19191,0.95,0,4,7,5,1
2138,19195,-0.09,0,2,5,4,1
2139,19215,3.9,0,11,14,20,1
2140,19232,4.63,0,12,15,17,1
2141,19233,-1.01,0,0,3,1,1
2142,19253,5.0,0,13,16,20,1
2143,19262,0.71,0,4,7,9,1
2144,19280,4.02,0,11,14,18,1
2145,19296,4.69,0,12,15,16,1
2146,19304,1.87,0,6,9,8,1
2147,19311,1.38,0,5,8,7,1
2148,19322,3.34,0,9,12,11,1
2149,19326,0.46,0,3,6,4,1
2150,19327,-1.01,0,0,3,1,1
2151,19334,1.38,0,5,8,7,1
2152,19337,-0.58,0,1,4,3,1
2153,19340,-0.03,0,2,5,3,1
2154,19344,0.46,0,3,6,4,1
2155,19349,0.4,0,3,6,5,1
2156,19351,-0.52,0,1,4,2,1
2157,19370,4.51,0,12,15,19,1
2158,19376,0.34,0,3,6,6,1
2159,19388,2.73,0,8,11,12,1
2160,19395,0.83,0,4,7,7,1
2161,19410,3.65,0,10,13,15,1
2162,19420,2.85,0,8,11,10,1
2163,19423,-0.03,0,2,5,3,1
2164,19426,-0.03,0,2,5,3,1
2165,19431,0.95,0,4,7,5,1
2166,19444,1.02,0,5,8,13,1
2167,19467,5.37,0,14,17,23,1
2168,19469,-0.52,0,1,4,2,1
2169,19478,2.36,0,7,10,9,1
2170,19483,0.95,0,4,7,5,1
2171,19484,-1.01,0,0,3,1,1
2172,19497,3.77,0,10,13,13,1
2173,19508,2.79,0,8,11,11,1
2174,19511,-0.03,0,2,5,3,1
2175,19514,-0.03,0,2,5,3,1
2176,19524,2.3,0,7,10,10,1
2177,19532,1.87,0,6,9,8,1
2178,19533,-1.01,0,0,3,1,1
2179,19534,-1.01,0,0,3,1,1
2180,19556,3.23,0,10,13,22,1
2181,19561,0.95,0,4,7,5,1
2182,19565,-0.64,0,1,4,4,1
2183,19571,0.89,0,4,7,6,1
2184,19573,-0.52,0,1,4,2,1
2185,19588,2.55,0,8,11,15,1
2186,19591,-0.03,0,2,5,3,1
2187,19604,3.22,0,9,12,13,1
2188,19606,-0.52,0,1,4,2,1
2189,19609,-0.03,0,2,5,3,1
2190,19622,3.77,0,10,13,13,1
2191,19629,1.38,0,5,8,7,1
2192,19632,-0.03,0,2,5,3,1
2193,19653,3.29,0,10,13,21,1
2194,19654,-1.01,0,0,3,1,1
2195,19662,2.42,0,7,10,8,1
2196,19670,1.32,0,5,8,8,1
2197,19683,3.22,0,9,12,13,1
2198,19692,2.91,0,8,11,9,1
2199,19694,-0.52,0,1,4,2,1
2200,19703,2.36,0,7,10,9,1
2201,19704,-1.01,0,0,3,1,1
2202,19706,-0.52,0,1,4,2,1
2203,19707,-1.01,0,0,3,1,1
2204,19708,-1.01,0,0,3,1,1
2205,19709,-1.01,0,0,3,1,1
2206,19727,5.67,0,14,17,18,1
2207,19735,2.42,0,7,10,8,1
2208,19763,5.62,0,15,18,28,1
2209,19785,5.43,0,14,17,22,1
2210,19791,0.89,0,4,7,6,1
2211,19823,5.38,0,15,18,32,1
2212,19848,7.45,0,18,21,25,1
2213,19879,6.54,0,17,20,31,1
2214,19893,1.51,0,6,9,14,1
2215,19894,-1.01,0,0,3,1,1
2216,19898,-0.09,0,2,5,4,1
2217,19907,2.36,0,7,10,9,1
2218,19910,-0.03,0,2,5,3,1
2219,19916,1.44,0,5,8,6,1
2220,19931,3.1,0,9,12,15,1
2221,19955,5.31,0,14,17,24,1
2222,19964,2.36,0,7,10,9,1
2223,19967,-0.03,0,2,5,3,1
2224,19968,-1.01,0,0,3,1,1
2225,19979,3.34,0,9,12,11,1
2226,19984,0.4,0,3,6,5,1
2227,20006,4.88,0,13,16,22,1
2228,20013,1.93,0,6,9,7,1
2229,20016,-0.03,0,2,5,3,1
2230,20022,0.89,0,4,7,6,1
2231,20043,4.94,0,13,16,21,1
2232,20049,1.44,0,5,8,6,1
2233,20057,1.32,0,5,8,8,1
2234,20066,2.36,0,7,10,9,1
2235,20110,6.31,0,18,21,44,1
2236,20139,5.56,0,15,18,29,1
2237,20140,-1.01,0,0,3,1,1
2238,20152,3.28,0,9,12,12,1
2239,20168,3.59,0,10,13,16,1
2240,20169,-1.01,0,0,3,1,1
2241,20178,1.26,0,5,8,9,1
2242,20182,0.46,0,3,6,4,1
2243,20184,-0.52,0,1,4,2,1
2244,20187,-0.03,0,2,5,3,1
2245,20190,-0.03,0,2,5,3,1
2246,20200,2.85,0,8,11,10,1
2247,20201,-1.01,0,0,3,1,1
2248,20213,1.63,0,6,9,12,1
2249,20218,0.95,0,4,7,5,1
2250,20221,-0.03,0,2,5,3,1
2251,20227,0.89,0,4,7,6,1
2252,20229,-0.52,0,1,4,2,1
2253,20233,0.46,0,3,6,4,1
2254,20240,1.38,0,5,8,7,1
2255,20253,4.32,0,11,14,13,1
2256,20266,2.67,0,8,11,13,1
2257,20273,1.38,0,5,8,7,1
2258,20274,-1.01,0,0,3,1,1
2259,20279,0.95,0,4,7,5,1
2260,20288,1.81,0,6,9,9,1
2261,20300,3.83,0,10,13,12,1
2262,20307,1.93,0,6,9,7,1
2263,20311,0.46,0,3,6,4,1
2264,20321,2.85,0,8,11,10,1
2265,20330,2.36,0,7,10,9,1
2266,20339,1.26,0,5,8,9,1
2267,20366,5.68,0,15,18,27,1
2268,20388,4.88,0,13,16,22,1
2269,20391,-0.03,0,2,5,3,1
2270,20424,6.42,0,17,20,33,1
2271,20437,3.22,0,9,12,13,1
2272,20440,-0.03,0,2,5,3,1
2273,20441,-1.01,0,0,3,1,1
2274,20453,2.18,0,7,10,12,1
2275,20481,6.17,0,16,19,28,1
2276,20496,3.65,0,10,13,15,1
2277,20497,-1.01,0,0,3,1,1
2278,20506,2.36,0,7,10,9,1
2279,20519,2.67,0,8,11,13,1
2280,20522,-0.03,0,2,5,3,1
2281,20523,-1.01,0,0,3,1,1
2282,20539,3.59,0,10,13,16,1
2283,20546,0.83,0,4,7,7,1
2284,20548,-0.52,0,1,4,2,1
2285,20550,-0.52,0,1,4,2,1
2286,20563,2.67,0,8,11,13,1
2287,20581,5.12,0,13,16,18,1
2288,20588,1.38,0,5,8,7,1
2289,20590,-0.52,0,1,4,2,1
2290,20593,-0.03,0,2,5,3,1
2291,20600,1.93,0,6,9,7,1
2292,20602,-0.52,0,1,4,2,1
2293,20622,5.0,0,13,16,20,1
2294,20685,6.27,0,20,23,63,1
2295,20686,-1.01,0,0,3,1,1
2296,20688,-0.52,0,1,4,2,1
2297,20696,1.32,0,5,8,8,1
2298,20701,0.4,0,3,6,5,1
2299,20706,0.95,0,4,7,5,1
2300,20713,0.83,0,4,7,7,1
2301,20714,-1.01,0,0,3,1,1
2302,20716,-0.52,0,1,4,2,1
2303,20719,-0.03,0,2,5,3,1
2304,20721,-0.52,0,1,4,2,1
2305,20732,2.79,0,8,11,11,1
2306,20764,7.03,0,18,21,32,1
2307,20771,1.38,0,5,8,7,1
2308,20779,1.32,0,5,8,8,1
2309,20797,3.47,0,10,13,18,1
2310,20800,-0.03,0,2,5,3,1
2311,20808,1.32,0,5,8,8,1
2312,20817,2.91,0,8,11,9,1
2313,20818,-1.01,0,0,3,1,1
2314,20819,-1.01,0,0,3,1,1
2315,20827,1.32,0,5,8,8,1
2316,20838,1.69,0,6,9,11,1
2317,20844,1.44,0,5,8,6,1
2318,20851,1.93,0,6,9,7,1
2319,20856,0.4,0,3,6,5,1
2320,20858,-0.52,0,1,4,2,1
2321,20866,1.32,0,5,8,8,1
2322,20892,6.29,0,16,19,26,1
2323,20893,-1.01,0,0,3,1,1
2324,20901,1.87,0,6,9,8,1
2325,20903,-0.52,0,1,4,2,1
2326,20904,-1.01,0,0,3,1,1
2327,20912,2.42,0,7,10,8,1
2328,20933,4.39,0,12,15,21,1
2329,20936,-0.03,0,2,5,3,1
2330,20951,4.75,0,12,15,15,1
2331,20983,4.83,0,14,17,32,1
2332,20994,3.89,0,10,13,11,1
2333,20996,-0.52,0,1,4,2,1
2334,21011,3.65,0,10,13,15,1
2335,21014,-0.03,0,2,5,3,1
2336,21021,1.93,0,6,9,7,1
2337,21055,6.91,0,18,21,34,1
2338,21067,3.83,0,10,13,12,1
2339,21069,-0.52,0,1,4,2,1
2340,21091,4.33,0,12,15,22,1
2341,21107,3.04,0,9,12,16,1
2342,21112,0.95,0,4,7,5,1
2343,21130,3.47,0,10,13,18,1
2344,21133,-0.03,0,2,5,3,1
2345,21134,-1.01,0,0,3,1,1
2346,21162,6.17,0,16,19,28,1
2347,21163,-1.01,0,0,3,1,1
2348,21166,-0.03,0,2,5,3,1
2349,21167,-1.01,0,0,3,1,1
2350,21171,0.46,0,3,6,4,1
2351,21173,-0.52,0,1,4,2,1
2352,21181,1.87,0,6,9,8,1
2353,21198,4.08,0,11,14,17,1
2354,21199,-1.01,0,0,3,1,1
2355,21201,-0.52,0,1,4,2,1
2356,21214,3.77,0,10,13,13,1
2357,21217,-0.03,0,2,5,3,1
2358,21219,-0.52,0,1,4,2,1
2359,21236,4.63,0,12,15,17,1
2360,21241,0.95,0,4,7,5,1
2361,21243,-0.52,0,1,4,2,1
2362,21251,2.42,0,7,10,8,1
2363,21252,-1.01,0,0,3,1,1
2364,21255,-0.03,0,2,5,3,1
2365,21273,4.57,0,12,15,18,1
2366,21283,1.75,0,6,9,10,1
2367,21286,-0.03,0,2,5,3,1
2368,21311,4.15,0,12,15,25,1
2369,21312,-1.01,0,0,3,1,1
2370,21321,1.26,0,5,8,9,1
2371,21367,6.74,0,19,22,46,1
2372,21374,1.38,0,5,8,7,1
2373,21381,1.93,0,6,9,7,1
2374,21389,2.42,0,7,10,8,1
2375,21394,0.4,0,3,6,5,1
2376,21399,0.95,0,4,7,5,1
2377,21403,-0.09,0,2,5,4,1
2378,21414,3.34,0,9,12,11,1
2379,21419,0.95,0,4,7,5,1
2380,21422,-0.03,0,2,5,3,1
2381,21435,2.67,0,8,11,13,1
2382,21437,-0.52,0,1,4,2,1
2383,21468,7.09,0,18,21,31,1
2384,21475,1.93,0,6,9,7,1
2385,21477,-0.52,0,1,4,2,1
2386,21480,-0.03,0,2,5,3,1
2387,21484,0.46,0,3,6,4,1
2388,21488,-0.09,0,2,5,4,1
2389,21497,2.91,0,8,11,9,1
2390,21513,3.59,0,10,13,16,1
2391,21514,-1.01,0,0,3,1,1
2392,21537,4.27,0,12,15,23,1
2393,21540,-0.03,0,2,5,3,1
2394,21542,-0.52,0,1,4,2,1
2395,21550,1.87,0,6,9,8,1
2396,21573,4.27,0,12,15,23,1
2397,21577,0.46,0,3,6,4,1
2398,21579,-0.52,0,1,4,2,1
2399,21581,-0.52,0,1,4,2,1
2400,21583,-0.52,0,1,4,2,1
2401,21602,2.86,0,9,12,19,1
2402,21603,-1.01,0,0,3,1,1
2403,21617,3.16,0,9,12,14,1
2404,21618,-1.01,0,0,3,1,1
2405,21633,4.75,0,12,15,15,1
2406,21635,-0.52,0,1,4,2,1
2407,21637,-0.52,0,1,4,2,1
2408,21649,2.73,0,8,11,12,1
2409,21658,2.36,0,7,10,9,1
2410,21659,-1.01,0,0,3,1,1
2411,21664,0.95,0,4,7,5,1
2412,21670,0.89,0,4,7,6,1
2413,21682,2.73,0,8,11,12,1
2414,21689,1.93,0,6,9,7,1
2415,21690,-1.01,0,0,3,1,1
2416,21698,1.87,0,6,9,8,1
2417,21699,-1.01,0,0,3,1,1
2418,21713,3.71,0,10,13,14,1
2419,21722,2.36,0,7,10,9,1
2420,21727,0.95,0,4,7,5,1
2421,21744,4.08,0,11,14,17,1
2422,21749,0.4,0,3,6,5,1
2423,21752,-0.03,0,2,5,3,1
2424,21754,-0.52,0,1,4,2,1
2425,21761,1.38,0,5,8,7,1
2426,21765,0.46,0,3,6,4,1
2427,21778,3.22,0,9,12,13,1
2428,21786,1.87,0,6,9,8,1
2429,21810,5.31,0,14,17,24,1
2430,21813,-0.03,0,2,5,3,1
2431,21818,0.4,0,3,6,5,1
2432,21837,4.51,0,12,15,19,1
2433,21838,-1.01,0,0,3,1,1
2434,21841,-0.03,0,2,5,3,1
2435,21874,5.87,0,16,19,33,1
2436,21876,-0.52,0,1,4,2,1
2437,21886,2.3,0,7,10,10,1
2438,21888,-0.52,0,1,4,2,1
2439,21889,-1.01,0,0,3,1,1
2440,21903,3.71,0,10,13,14,1
2441,21904,-1.01,0,0,3,1,1
2442,21912,1.87,0,6,9,8,1
2443,21943,6.54,0,17,20,31,1
2444,21950,0.83,0,4,7,7,1
2445,21952,-0.52,0,1,4,2,1
2446,21957,0.95,0,4,7,5,1
2447,21994,6.18,0,17,20,37,1
2448,22011,2.98,0,9,12,17,1
2449,22015,-0.09,0,2,5,4,1
2450,22025,1.75,0,6,9,10,1
2451,22026,-1.01,0,0,3,1,1
2452,22034,2.42,0,7,10,8,1
2453,22036,-0.52,0,1,4,2,1
2454,22049,4.32,0,11,14,13,1
2455,22070,4.39,0,12,15,21,1
2456,22085,3.1,0,9,12,15,1
2457,22088,-0.03,0,2,5,3,1
2458,22090,-0.52,0,1,4,2,1
2459,22099,2.91,0,8,11,9,1
2460,22103,0.46,0,3,6,4,1
2461,22124,5.49,0,14,17,21,1
2462,22139,3.65,0,10,13,15,1
2463,22149,2.3,0,7,10,10,1
2464,22164,4.75,0,12,15,15,1
2465,22174,2.3,0,7,10,10,1
2466,22184,2.3,0,7,10,10,1
2467,22197,3.77,0,10,13,13,1
2468,22206,1.81,0,6,9,9,1
2469,22210,-0.09,0,2,5,4,1
2470,22233,4.82,0,13,16,23,1
2471,22240,1.38,0,5,8,7,1
2472,22242,-0.52,0,1,4,2,1
2473,22252,2.3,0,7,10,10,1
2474,22265,3.77,0,10,13,13,1
2475,22281,3.59,0,10,13,16,1
2476,22300,5.06,0,13,16,19,1
2477,22306,1.44,0,5,8,6,1
2478,22310,0.46,0,3,6,4,1
2479,22341,4.34,0,13,16,31,1
2480,22345,0.46,0,3,6,4,1
2481,22348,-0.03,0,2,5,3,1
2482,22350,-0.52,0,1,4,2,1
2483,22355,0.4,0,3,6,5,1
2484,22368,2.67,0,8,11,13,1
2485,22369,-1.01,0,0,3,1,1
2486,22376,1.38,0,5,8,7,1
2487,22377,-1.01,0,0,3,1,1
2488,22383,1.44,0,5,8,6,1
2489,22386,-0.03,0,2,5,3,1
2490,22390,0.46,0,3,6,4,1
2491,22428,5.57,0,16,19,38,1
2492,22429,-1.01,0,0,3,1,1
2493,22431,-0.52,0,1,4,2,1
2494,22432,-1.01,0,0,3,1,1
2495,22455,3.72,0,11,14,23,1
2496,22460,0.95,0,4,7,5,1
2497,22462,-0.52,0,1,4,2,1
2498,22472,2.3,0,7,10,10,1
2499,22488,3.04,0,9,12,16,1
2500,22492,0.46,0,3,6,4,1
2501,22504,3.83,0,10,13,12,1
2502,22512,0.77,0,4,7,8,1
2503,22535,7.57,0,18,21,23,1
2504,22536,-1.01,0,0,3,1,1
2505,22564,5.07,0,14,17,28,1
2506,22568,0.46,0,3,6,4,1
2507,22569,-1.01,0,0,3,1,1
2508,22577,1.32,0,5,8,8,1
2509,22581,-0.09,0,2,5,4,1
2510,22583,-0.52,0,1,4,2,1
2511,22584,-1.01,0,0,3,1,1
2512,22589,-0.15,0,2,5,5,1
2513,22593,0.46,0,3,6,4,1
2514,22599,1.44,0,5,8,6,1
2515,22613,3.71,0,10,13,14,1
2516,22622,2.36,0,7,10,9,1
2517,22627,0.95,0,4,7,5,1
2518,22637,2.3,0,7,10,10,1
2519,22663,6.84,0,17,20,26,1
2520,22685,4.33,0,12,15,22,1
2521,22695,2.3,0,7,10,10,1
2522,22717,5.98,0,15,18,22,1
2523,22745,5.62,0,15,18,28,1
2524,22752,0.83,0,4,7,7,1
2525,22755,-0.03,0,2,5,3,1
2526,22759,-0.09,0,2,5,4,1
2527,22784,5.25,0,14,17,25,1
2528,22786,-0.52,0,1,4,2,1
2529,22791,0.4,0,3,6,5,1
2530,22792,-1.01,0,0,3,1,1
2531,22802,1.75,0,6,9,10,1
2532,22811,2.36,0,7,10,9,1
2533,22814,-0.03,0,2,5,3,1
2534,22818,0.46,0,3,6,4,1
2535,22819,-1.01,0,0,3,1,1
2536,22820,-1.01,0,0,3,1,1
2537,22821,-1.01,0,0,3,1,1
2538,22822,-1.01,0,0,3,1,1
2539,22829,1.93,0,6,9,7,1
2540,22831,-0.52,0,1,4,2,1
2541,22840,1.81,0,6,9,9,1
2542,22845,0.95,0,4,7,5,1
2543,22851,1.44,0,5,8,6,1
2544,22855,0.46,0,3,6,4,1
2545,22857,-0.52,0,1,4,2,1
2546,22861,-0.64,0,1,4,4,1
2547,22862,-1.01,0,0,3,1,1
2548,22883,6.59,0,16,19,21,1
2549,22894,2.24,0,7,10,11,1
2550,22898,0.46,0,3,6,4,1
2551,22905,1.38,0,5,8,7,1
2552,22961,6.14,0,19,22,56,1
2553,22962,-1.01,0,0,3,1,1
2554,22965,-0.03,0,2,5,3,1
2555,22980,3.65,0,10,13,15,1
2556,22982,-0.52,0,1,4,2,1
2557,22990,0.77,0,4,7,8,1
2558,23000,2.3,0,7,10,10,1
2559,23007,1.93,0,6,9,7,1
2560,23023,4.14,0,11,14,16,1
2561,23024,-1.01,0,0,3,1,1
2562,23025,-1.01,0,0,3,1,1
2563,23027,-0.52,0,1,4,2,1
2564,23049,4.88,0,13,16,22,1
2565,23053,-0.09,0,2,5,4,1
2566,23061,1.32,0,5,8,8,1
2567,23070,1.26,0,5,8,9,1
2568,23076,1.44,0,5,8,6,1
2569,23091,3.1,0,9,12,15,1
2570,23095,0.46,0,3,6,4,1
2571,23098,-0.03,0,2,5,3,1
2572,23118,5.55,0,14,17,20,1
2573,23123,0.95,0,4,7,5,1
2574,23130,1.38,0,5,8,7,1
2575,23138,0.77,0,4,7,8,1
2576,23140,-0.52,0,1,4,2,1
2577,23143,-0.03,0,2,5,3,1
2578,23151,2.42,0,7,10,8,1
2579,23174,5.37,0,14,17,23,1
2580,23183,2.36,0,7,10,9,1
2581,23185,-0.52,0,1,4,2,1
2582,23187,-0.52,0,1,4,2,1
2583,23195,1.87,0,6,9,8,1
2584,23197,-0.52,0,1,4,2,1
2585,23211,3.16,0,9,12,14,1
2586,23237,5.74,0,15,18,26,1
2587,23242,0.95,0,4,7,5,1
2588,23255,3.22,0,9,12,13,1
2589,23275,2.25,0,8,11,20,1
2590,23297,4.33,0,12,15,22,1
2591,23312,3.65,0,10,13,15,1
2592,23314,-0.52,0,1,4,2,1
2593,23333,3.41,0,10,13,19,1
2594,23336,-0.03,0,2,5,3,1
2595,23357,3.29,0,10,13,21,1
2596,23379,4.88,0,13,16,22,1
2597,23380,-1.01,0,0,3,1,1
2598,23393,3.77,0,10,13,13,1
2599,23396,-0.03,0,2,5,3,1
2600,23399,-0.03,0,2,5,3,1
2601,23414,4.2,0,11,14,15,1
2602,23440,4.09,0,12,15,26,1
2603,23442,-0.52,0,1,4,2,1
2604,23449,1.93,0,6,9,7,1
2605,23451,-0.52,0,1,4,2,1
2606,23452,-1.01,0,0,3,1,1
2607,23464,1.63,0,6,9,12,1
2608,23504,6.55,0,18,21,40,1
2609,23512,2.42,0,7,10,8,1
2610,23516,-0.09,0,2,5,4,1
2611,23518,-0.52,0,1,4,2,1
2612,23533,2.55,0,8,11,15,1
2613,23547,3.16,0,9,12,14,1
2614,23562,3.65,0,10,13,15,1
2615,23575,2.67,0,8,11,13,1
2616,23583,1.87,0,6,9,8,1
2617,23592,1.81,0,6,9,9,1
2618,23607,2.55,0,8,11,15,1
2619,23611,0.46,0,3,6,4,1
2620,23618,1.93,0,6,9,7,1
2621,23630,3.28,0,9,12,12,1
2622,23632,-0.52,0,1,4,2,1
2623,23659,4.58,0,13,16,27,1
2624,23674,4.2,0,11,14,15,1
2625,23700,6.29,0,16,19,26,1
2626,23705,0.95,0,4,7,5,1
2627,23716,2.24,0,7,10,11,1
2628,23718,-0.52,0,1,4,2,1
2629,23760,6.43,0,18,21,42,1
2630,23804,7.41,0,20,23,44,1
2631,23806,-0.52,0,1,4,2,1
2632,23824,3.47,0,10,13,18,1
2633,23829,0.95,0,4,7,5,1
2634,23834,0.4,0,3,6,5,1
2635,23840,1.44,0,5,8,6,1
2636,23845,0.95,0,4,7,5,1
2637,23857,2.73,0,8,11,12,1
2638,23858,-1.01,0,0,3,1,1
2639,23860,-0.52,0,1,4,2,1
2640,23862,-0.52,0,1,4,2,1
2641,23863,-1.01,0,0,3,1,1
2642,23866,-0.03,0,2,5,3,1
2643,23873,1.38,0,5,8,7,1
2644,23878,0.4,0,3,6,5,1
2645,23880,-0.52,0,1,4,2,1
2646,23886,0.34,0,3,6,6,1
2647,23889,-0.03,0,2,5,3,1
2648,23891,-0.52,0,1,4,2,1
2649,23920,5.56,0,15,18,29,1
2650,23926,1.44,0,5,8,6,1
2651,23940,3.16,0,9,12,14,1
2652,23952,2.18,0,7,10,12,1
2653,23956,0.46,0,3,6,4,1
2654,23978,4.88,0,13,16,22,1
2655,23982,0.46,0,3,6,4,1
2656,23986,0.46,0,3,6,4,1
2657,24006,3.9,0,11,14,20,1
2658,24007,-1.01,0,0,3,1,1
2659,24027,5.55,0,14,17,20,1
2660,24047,3.9,0,11,14,20,1
2661,24050,-0.03,0,2,5,3,1
2662,24062,3.28,0,9,12,12,1
2663,24065,-0.03,0,2,5,3,1
2664,24073,1.87,0,6,9,8,1
2665,24095,4.88,0,13,16,22,1
2666,24098,-0.03,0,2,5,3,1
2667,24108,2.85,0,8,11,10,1
2668,24111,-0.58,0,1,4,3,1
2669,24126,1.45,0,6,9,15,1
2670,24135,2.91,0,8,11,9,1
2671,24151,3.04,0,9,12,16,1
2672,24152,-1.01,0,0,3,1,1
2673,24166,2.61,0,8,11,14,1
2674,24169,-0.03,0,2,5,3,1
2675,24191,4.88,0,13,16,22,1
2676,24193,-0.52,0,1,4,2,1
2677,24199,0.89,0,4,7,6,1
2678,24212,3.22,0,9,12,13,1
2679,24219,0.83,0,4,7,7,1
2680,24223,-0.09,0,2,5,4,1
2681,24239,3.59,0,10,13,16,1
2682,24266,6.78,0,17,20,27,1
2683,24276,2.85,0,8,11,10,1
2684,24285,1.26,0,5,8,9,1
2685,24292,1.38,0,5,8,7,1
2686,24302,2.85,0,8,11,10,1
2687,24303,-1.01,0,0,3,1,1
2688,24329,5.74,0,15,18,26,1
2689,24332,-0.03,0,2,5,3,1
2690,24333,-1.01,0,0,3,1,1
2691,24337,0.46,0,3,6,4,1
2692,24341,0.46,0,3,6,4,1
2693,24356,4.75,0,12,15,15,1
2694,24357,-1.01,0,0,3,1,1
2695,24359,-0.52,0,1,4,2,1
2696,24410,5.89,0,18,21,51,1
2697,24412,-0.52,0,1,4,2,1
2698,24413,-1.01,0,0,3,1,1
2699,24415,-0.52,0,1,4,2,1
2700,24418,-0.03,0,2,5,3,1
2701,24423,0.4,0,3,6,5,1
2702,24428,0.4,0,3,6,5,1
2703,24430,-0.52,0,1,4,2,1
2704,24435,-0.15,0,2,5,5,1
2705,24452,5.18,0,13,16,17,1
2706,24453,-1.01,0,0,3,1,1
2707,24454,-1.01,0,0,3,1,1
2708,24456,-0.52,0,1,4,2,1
2709,24461,0.4,0,3,6,5,1
2710,24468,0.83,0,4,7,7,1
2711,24469,-1.01,0,0,3,1,1
2712,24473,0.46,0,3,6,4,1
2713,24474,-1.01,0,0,3,1,1
2714,24476,-0.52,0,1,4,2,1
2715,24500,3.11,0,10,13,24,1
2716,24516,4.14,0,11,14,16,1
2717,24519,-0.03,0,2,5,3,1
2718,24523,0.46,0,3,6,4,1
2719,24526,-0.03,0,2,5,3,1
2720,24534,1.87,0,6,9,8,1
2721,24539,0.4,0,3,6,5,1
2722,24543,0.46,0,3,6,4,1
2723,24569,5.74,0,15,18,26,1
2724,24581,2.18,0,7,10,12,1
2725,24587,0.89,0,4,7,6,1
2726,24592,0.95,0,4,7,5,1
2727,24595,-0.03,0,2,5,3,1
2728,24601,1.44,0,5,8,6,1
2729,24608,1.38,0,5,8,7,1
2730,24627,3.96,0,11,14,19,1
2731,24641,3.16,0,9,12,14,1
2732,24645,0.46,0,3,6,4,1
2733,24646,-1.01,0,0,3,1,1
2734,24659,3.22,0,9,12,13,1
2735,24673,3.16,0,9,12,14,1
2736,24698,3.6,0,11,14,25,1
2737,24699,-1.01,0,0,3,1,1
2738,24702,-0.03,0,2,5,3,1
2739,24708,0.89,0,4,7,6,1
2740,24709,-1.01,0,0,3,1,1
2741,24712,-0.03,0,2,5,3,1
2742,24713,-1.01,0,0,3,1,1
2743,24719,0.89,0,4,7,6,1
2744,24725,1.44,0,5,8,6,1
2745,24727,-0.52,0,1,4,2,1
2746,24737,2.3,0,7,10,10,1
2747,24742,0.4,0,3,6,5,1
2748,24745,-0.03,0,2,5,3,1
2749,24746,-1.01,0,0,3,1,1
2750,24755,2.36,0,7,10,9,1
2751,24764,1.81,0,6,9,9,1
2752,24775,2.24,0,7,10,11,1
2753,24777,-0.52,0,1,4,2,1
2754,24780,-0.03,0,2,5,3,1
2755,24799,5.61,0,14,17,19,1
2756,24808,1.81,0,6,9,9,1
2757,24809,-1.01,0,0,3,1,1
2758,24812,-0.03,0,2,5,3,1
2759,24823,3.89,0,10,13,11,1
2760,24838,4.75,0,12,15,15,1
2761,24839,-1.01,0,0,3,1,1
2762,24843,-0.09,0,2,5,4,1
2763,24851,1.87,0,6,9,8,1
2764,24859,2.42,0,7,10,8,1
2765,24866,1.93,0,6,9,7,1
2766,24876,2.85,0,8,11,10,1
2767,24897,6.04,0,15,18,21,1
2768,24913,4.14,0,11,14,16,1
2769,24916,-0.58,0,1,4,3,1
2770,24925,2.36,0,7,10,9,1
2771,24932,1.38,0,5,8,7,1
2772,24940,2.42,0,7,10,8,1
2773,24941,-1.01,0,0,3,1,1
2774,24963,5.43,0,14,17,22,1
2775,24979,3.59,0,10,13,16,1
2776,25014,6.3,0,17,20,35,1
2777,25022,1.32,0,5,8,8,1
2778,25023,-1.01,0,0,3,1,1
2779,25031,1.87,0,6,9,8,1
2780,25032,-1.01,0,0,3,1,1
2781,25037,0.95,0,4,7,5,1
2782,25039,-0.52,0,1,4,2,1
2783,25040,-1.01,0,0,3,1,1
2784,25041,-1.01,0,0,3,1,1
2785,25043,-0.52,0,1,4,2,1
2786,25050,1.93,0,6,9,7,1
2787,25053,-0.03,0,2,5,3,1
2788,25057,-0.09,0,2,5,4,1
2789,25066,1.81,0,6,9,9,1
2790,25072,0.89,0,4,7,6,1
2791,25100,4.52,0,13,16,28,1
2792,25119,3.96,0,11,14,19,1
2793,25129,2.85,0,8,11,10,1
2794,25143,4.26,0,11,14,14,1
2795,25148,0.95,0,4,7,5,1
2796,25175,6.23,0,16,19,27,1
2797,25180,0.95,0,4,7,5,1
2798,25197,4.63,0,12,15,17,1
2799,25199,-0.52,0,1,4,2,1
2800,25204,0.95,0,4,7,5,1
2801,25212,1.87,0,6,9,8,1
2802,25232,5.0,0,13,16,20,1
2803,25255,4.82,0,13,16,23,1
2804,25266,2.79,0,8,11,11,1
2805,25270,0.46,0,3,6,4,1
2806,25273,-0.03,0,2,5,3,1
2807,25276,-0.58,0,1,4,3,1
2808,25278,-0.52,0,1,4,2,1
2809,25289,3.34,0,9,12,11,1
2810,25294,0.95,0,4,7,5,1
2811,25298,0.46,0,3,6,4,1
2812,25307,2.36,0,7,10,9,1
2813,25311,0.46,0,3,6,4,1
2814,25316,0.95,0,4,7,5,1
2815,25321,0.95,0,4,7,5,1
2816,25322,-1.01,0,0,3,1,1
2817,25343,4.94,0,13,16,21,1
2818,25375,4.83,0,14,17,32,1
2819,25376,-1.01,0,0,3,1,1
2820,25388,2.73,0,8,11,12,1
2821,25392,0.46,0,3,6,4,1
2822,25398,0.89,0,4,7,6,1
2823,25421,6.47,0,16,19,23,1
2824,25427,0.89,0,4,7,6,1
2825,25428,-1.01,0,0,3,1,1
2826,25429,-1.01,0,0,3,1,1
2827,25435,1.44,0,5,8,6,1
2828,25452,4.08,0,11,14,17,1
2829,25465,2.12,0,7,10,13,1
2830,25466,-1.01,0,0,3,1,1
2831,25481,4.2,0,11,14,15,1
2832,25512,4.89,0,14,17,31,1
2833,25526,4.26,0,11,14,14,1
2834,25527,-1.01,0,0,3,1,1
2835,25531,-0.09,0,2,5,4,1
2836,25560,4.46,0,13,16,29,1
2837,25588,6.72,0,17,20,28,1
2838,25601,2.67,0,8,11,13,1
2839,25605,0.46,0,3,6,4,1
2840,25612,1.93,0,6,9,7,1
2841,25621,2.36,0,7,10,9,1
2842,25639,4.02,0,11,14,18,1
2843,25660,3.84,0,11,14,21,1
2844,25681,4.94,0,13,16,21,1
2845,25682,-1.01,0,0,3,1,1
2846,25714,6.48,0,17,20,32,1
2847,25718,0.46,0,3,6,4,1
2848,25723,0.95,0,4,7,5,1
2849,25759,6.24,0,17,20,36,1
2850,25760,-1.01,0,0,3,1,1
2851,25763,-0.03,0,2,5,3,1
2852,25775,2.18,0,7,10,12,1
2853,25783,1.87,0,6,9,8,1
2854,25793,2.3,0,7,10,10,1
2855,25798,0.95,0,4,7,5,1
2856,25801,-0.03,0,2,5,3,1
2857,25812,2.24,0,7,10,11,1
2858,25821,2.36,0,7,10,9,1
2859,25831,2.3,0,7,10,10,1
2860,25841,1.75,0,6,9,10,1
2861,25856,4.75,0,12,15,15,1
2862,25882,5.74,0,15,18,26,1
2863,25889,0.83,0,4,7,7,1
2864,25903,3.71,0,10,13,14,1
2865,25904,-1.01,0,0,3,1,1
2866,25922,4.02,0,11,14,18,1
2867,25928,1.44,0,5,8,6,1
2868,25948,3.9,0,11,14,20,1
2869,25951,-0.03,0,2,5,3,1
2870,25952,-1.01,0,0,3,1,1
2871,25955,-0.03,0,2,5,3,1
2872,25961,0.89,0,4,7,6,1
2873,25967,1.44,0,5,8,6,1
2874,25970,-0.03,0,2,5,3,1
2875,25976,1.44,0,5,8,6,1
2876,25982,0.89,0,4,7,6,1
2877,25984,-0.52,0,1,4,2,1
2878,26000,2.49,0,8,11,16,1
2879,26017,4.63,0,12,15,17,1
2880,26019,-0.52,0,1,4,2,1
2881,26022,-0.03,0,2,5,3,1
2882,26024,-0.52,0,1,4,2,1
2883,26026,-0.52,0,1,4,2,1
2884,26032,0.89,0,4,7,6,1
2885,26043,3.34,0,9,12,11,1
2886,26050,0.83,0,4,7,7,1
2887,26051,-1.01,0,0,3,1,1
2888,26070,5.61,0,14,17,19,1
2889,26081,2.79,0,8,11,11,1
2890,26094,3.22,0,9,12,13,1
2891,26119,5.8,0,15,18,25,1
2892,26123,0.46,0,3,6,4,1
2893,26126,-0.03,0,2,5,3,1
2894,26130,0.46,0,3,6,4,1
2895,26139,1.81,0,6,9,9,1
2896,26149,2.3,0,7,10,10,1
2897,26154,0.95,0,4,7,5,1
2898,26158,0.46,0,3,6,4,1
2899,26174,3.04,0,9,12,16,1
2900,26183,1.26,0,5,8,9,1
2901,26197,3.71,0,10,13,14,1
2902,26202,0.95,0,4,7,5,1
2903,26206,0.46,0,3,6,4,1
2904,26207,-1.01,0,0,3,1,1
2905,26208,-1.01,0,0,3,1,1
2906,26213,0.95,0,4,7,5,1
2907,26225,1.63,0,6,9,12,1
2908,26249,4.76,0,13,16,24,1
2909,26267,4.57,0,12,15,18,1
2910,26280,3.77,0,10,13,13,1
2911,26297,4.63,0,12,15,17,1
2912,26306,1.81,0,6,9,9,1
2913,26325,3.96,0,11,14,19,1
2914,26329,0.46,0,3,6,4,1
2915,26331,-0.52,0,1,4,2,1
2916,26335,0.46,0,3,6,4,1
2917,26338,-0.03,0,2,5,3,1
2918,26363,6.35,0,16,19,25,1
2919,26366,-0.03,0,2,5,3,1
2920,26368,-0.52,0,1,4,2,1
2921,26380,1.63,0,6,9,12,1
2922,26386,1.44,0,5,8,6,1
2923,26393,1.93,0,6,9,7,1
2924,26398,0.95,0,4,7,5,1
2925,26403,0.4,0,3,6,5,1
2926,26404,-1.01,0,0,3,1,1
2927,26423,4.51,0,12,15,19,1
2928,26429,0.89,0,4,7,6,1
2929,26495,6.64,0,21,24,66,1
2930,26498,-0.03,0,2,5,3,1
2931,26516,5.12,0,13,16,18,1
2932,26528,3.28,0,9,12,12,1
2933,26544,2.49,0,8,11,16,1
2934,26554,1.75,0,6,9,10,1
2935,26555,-1.01,0,0,3,1,1
2936,26572,3.53,0,10,13,17,1
2937,26578,1.44,0,5,8,6,1
2938,26588,1.2,0,5,8,10,1
2939,26600,2.18,0,7,10,12,1
2940,26602,-0.52,0,1,4,2,1
2941,26603,-1.01,0,0,3,1,1
2942,26608,0.4,0,3,6,5,1
2943,26613,0.95,0,4,7,5,1
2944,26616,-0.03,0,2,5,3,1
2945,26633,4.08,0,11,14,17,1
2946,26658,4.7,0,13,16,25,1
2947,26673,2.0,0,7,10,15,1
2948,26679,0.89,0,4,7,6,1
2949,26687,1.32,0,5,8,8,1
2950,26690,-0.03,0,2,5,3,1
2951,26695,0.4,0,3,6,5,1
2952,26705,3.4,0,9,12,10,1
2953,26719,3.16,0,9,12,14,1
2954,26727,1.87,0,6,9,8,1
2955,26728,-1.01,0,0,3,1,1
2956,26759,6.54,0,17,20,31,1
2957,26770,2.24,0,7,10,11,1
2958,26777,1.93,0,6,9,7,1
2959,26795,2.92,0,9,12,18,1
2960,26807,2.73,0,8,11,12,1
2961,26809,-0.52,0,1,4,2,1
2962,26823,4.26,0,11,14,14,1
2963,26826,-0.03,0,2,5,3,1
2964,26834,1.32,0,5,8,8,1
2965,26838,0.46,0,3,6,4,1
2966,26847,2.36,0,7,10,9,1
2967,26849,-0.52,0,1,4,2,1
2968,26853,0.46,0,3,6,4,1
2969,26854,-1.01,0,0,3,1,1
2970,26856,-0.52,0,1,4,2,1
2971,26878,4.88,0,13,16,22,1
2972,26882,0.46,0,3,6,4,1
2973,26888,0.89,0,4,7,6,1
2974,26894,1.44,0,5,8,6,1
2975,26910,4.69,0,12,15,16,1
2976,26912,-0.52,0,1,4,2,1
2977,26913,-1.01,0,0,3,1,1
2978,26930,4.08,0,11,14,17,1
2979,26937,1.38,0,5,8,7,1
2980,26944,1.38,0,5,8,7,1
2981,26946,-0.52,0,1,4,2,1
2982,26949,-0.03,0,2,5,3,1
2983,26954,0.4,0,3,6,5,1
2984,26961,0.83,0,4,7,7,1
2985,26972,2.24,0,7,10,11,1
2986,26977,0.95,0,4,7,5,1
2987,26994,4.08,0,11,14,17,1
2988,27008,2.61,0,8,11,14,1
2989,27018,3.4,0,9,12,10,1
2990,27038,3.9,0,11,14,20,1
2991,27042,0.46,0,3,6,4,1
2992,27044,-0.52,0,1,4,2,1
2993,27059,3.1,0,9,12,15,1
2994,27076,4.08,0,11,14,17,1
2995,27080,0.46,0,3,6,4,1
2996,27092,2.73,0,8,11,12,1
2997,27095,-0.03,0,2,5,3,1
2998,27097,-0.52,0,1,4,2,1
2999,27106,1.81,0,6,9,9,1
3000,27119,3.77,0,10,13,13,1
3001,27120,-1.01,0,0,3,1,1
3002,27135,3.65,0,10,13,15,1
3003,27140,0.4,0,3,6,5,1
3004,27143,-0.03,0,2,5,3,1
3005,27144,-1.01,0,0,3,1,1
3006,27146,-0.52,0,1,4,2,1
3007,27154,2.42,0,7,10,8,1
3008,27156,-0.52,0,1,4,2,1
3009,27165,2.91,0,8,11,9,1
3010,27169,0.46,0,3,6,4,1
3011,27186,3.53,0,10,13,17,1
3012,27191,0.95,0,4,7,5,1
3013,27222,5.99,0,16,19,31,1
3014,27223,-1.01,0,0,3,1,1
3015,27226,-0.03,0,2,5,3,1
3016,27236,1.2,0,5,8,10,1
3017,27241,0.95,0,4,7,5,1
3018,27268,6.23,0,16,19,27,1
3019,27286,4.02,0,11,14,18,1
3020,27318,5.93,0,16,19,32,1
3021,27319,-1.01,0,0,3,1,1
3022,27332,3.77,0,10,13,13,1
3023,27334,-0.52,0,1,4,2,1
3024,27337,-0.03,0,2,5,3,1
3025,27339,-0.52,0,1,4,2,1
3026,27343,0.46,0,3,6,4,1
3027,27351,1.87,0,6,9,8,1
3028,27356,0.95,0,4,7,5,1
3029,27358,-0.52,0,1,4,2,1
3030,27360,-0.52,0,1,4,2,1
3031,27367,1.38,0,5,8,7,1
3032,27368,-1.01,0,0,3,1,1
3033,27380,2.73,0,8,11,12,1
3034,27383,-0.03,0,2,5,3,1
3035,27386,-0.03,0,2,5,3,1
3036,27399,1.02,0,5,8,13,1
3037,27404,0.95,0,4,7,5,1
3038,27405,-1.01,0,0,3,1,1
3039,27411,0.89,0,4,7,6,1
3040,27413,-0.52,0,1,4,2,1
3041,27415,-0.52,0,1,4,2,1
3042,27422,0.83,0,4,7,7,1
3043,27429,1.38,0,5,8,7,1
3044,27440,1.69,0,6,9,11,1
3045,27462,4.33,0,12,15,22,1
3046,27478,4.14,0,11,14,16,1
3047,27490,3.28,0,9,12,12,1
3048,27504,3.71,0,10,13,14,1
3049,27506,-0.52,0,1,4,2,1
3050,27508,-0.52,0,1,4,2,1
3051,27511,-0.03,0,2,5,3,1
3052,27518,1.38,0,5,8,7,1
3053,27526,1.87,0,6,9,8,1
3054,27529,-0.03,0,2,5,3,1
3055,27532,-0.03,0,2,5,3,1
3056,27539,0.83,0,4,7,7,1
3057,27541,-0.52,0,1,4,2,1
3058,27547,1.44,0,5,8,6,1
3059,27555,2.42,0,7,10,8,1
3060,27559,0.46,0,3,6,4,1
3061,27568,1.81,0,6,9,9,1
3062,27584,4.69,0,12,15,16,1
3063,27588,0.46,0,3,6,4,1
3064,27594,1.44,0,5,8,6,1
3065,27596,-0.52,0,1,4,2,1
3066,27604,2.42,0,7,10,8,1
3067,27618,3.16,0,9,12,14,1
3068,27627,2.36,0,7,10,9,1
3069,27640,2.12,0,7,10,13,1
3070,27654,3.71,0,10,13,14,1
3071,27658,0.46,0,3,6,4,1
3072,27659,-1.01,0,0,3,1,1
3073,27702,5.27,0,16,19,43,1
3074,27713,2.24,0,7,10,11,1
3075,27716,-0.03,0,2,5,3,1
3076,27723,1.38,0,5,8,7,1
3077,27736,4.32,0,11,14,13,1
3078,27745,2.36,0,7,10,9,1
3079,27750,0.4,0,3,6,5,1
3080,27751,-1.01,0,0,3,1,1
3081,27761,2.3,0,7,10,10,1
3082,27780,2.86,0,9,12,19,1
3083,27809,5.56,0,15,18,29,1
3084,27824,3.1,0,9,12,15,1
3085,27827,-0.03,0,2,5,3,1
3086,27834,1.38,0,5,8,7,1
3087,27861,5.68,0,15,18,27,1
3088,27866,0.95,0,4,7,5,1
3089,27879,1.57,0,6,9,13,1
3090,27880,-1.01,0,0,3,1,1
3091,27889,2.91,0,8,11,9,1
3092,27892,-0.03,0,2,5,3,1
3093,27896,-0.64,0,1,4,4,1
3094,27903,1.93,0,6,9,7,1
3095,27904,-1.01,0,0,3,1,1
3096,27909,0.95,0,4,7,5,1
3097,27911,-0.52,0,1,4,2,1
3098,27924,2.12,0,7,10,13,1
3099,27931,0.83,0,4,7,7,1
3100,27932,-1.01,0,0,3,1,1
3101,27941,1.81,0,6,9,9,1
3102,27952,2.24,0,7,10,11,1
3103,27953,-1.01,0,0,3,1,1
3104,27965,3.28,0,9,12,12,1
3105,27968,-0.03,0,2,5,3,1
3106,27972,0.46,0,3,6,4,1
3107,27974,-0.52,0,1,4,2,1
3108,27976,-0.52,0,1,4,2,1
3109,27980,0.46,0,3,6,4,1
3110,28009,5.01,0,14,17,29,1
3111,28010,-1.01,0,0,3,1,1
3112,28020,1.75,0,6,9,10,1
3113,28022,-0.52,0,1,4,2,1
3114,28029,1.38,0,5,8,7,1
3115,28042,2.67,0,8,11,13,1
3116,28086,5.76,0,17,20,44,1
3117,28106,5.0,0,13,16,20,1
3118,28139,6.97,0,18,21,33,1
3119,28157,5.12,0,13,16,18,1
3120,28159,-0.52,0,1,4,2,1
3121,28160,-1.01,0,0,3,1,1
3122,28161,-1.01,0,0,3,1,1
3123,28168,1.38,0,5,8,7,1
3124,28178,2.85,0,8,11,10,1
3125,28191,3.22,0,9,12,13,1
3126,28193,-0.52,0,1,4,2,1
3127,28210,2.98,0,9,12,17,1
3128,28213,-0.03,0,2,5,3,1
3129,28235,5.43,0,14,17,22,1
3130,28245,1.75,0,6,9,10,1
3131,28247,-0.52,0,1,4,2,1
3132,28254,1.38,0,5,8,7,1
3133,28261,1.93,0,6,9,7,1
3134,28276,3.65,0,10,13,15,1
3135,28282,1.44,0,5,8,6,1
3136,28324,4.23,0,14,17,42,1
3137,28326,-0.52,0,1,4,2,1
3138,28331,0.4,0,3,6,5,1
3139,28369,7.22,0,19,22,38,1
3140,28384,5.3,0,13,16,15,1
3141,28387,-0.03,0,2,5,3,1
3142,28397,2.85,0,8,11,10,1
3143,28402,0.95,0,4,7,5,1
3144,28407,0.4,0,3,6,5,1
3145,28410,-0.03,0,2,5,3,1
3146,28412,-0.52,0,1,4,2,1
3147,28414,-0.52,0,1,4,2,1
3148,28437,4.27,0,12,15,23,1
3149,28455,4.57,0,12,15,18,1
3150,28468,3.22,0,9,12,13,1
3151,28471,-0.03,0,2,5,3,1
3152,28472,-1.01,0,0,3,1,1
3153,28474,-0.52,0,1,4,2,1
3154,28475,-1.01,0,0,3,1,1
3155,28489,3.71,0,10,13,14,1
3156,28491,-0.52,0,1,4,2,1
3157,28509,2.92,0,9,12,18,1
3158,28510,-1.01,0,0,3,1,1
3159,28512,-0.52,0,1,4,2,1
3160,28513,-1.01,0,0,3,1,1
3161,28514,-1.01,0,0,3,1,1
3162,28525,2.79,0,8,11,11,1
3163,28534,1.26,0,5,8,9,1
3164,28543,1.81,0,6,9,9,1
3165,28551,1.32,0,5,8,8,1
3166,28577,2.99,0,10,13,26,1
3167,28582,0.95,0,4,7,5,1
3168,28590,1.87,0,6,9,8,1
3169,28607,4.08,0,11,14,17,1
3170,28611,0.46,0,3,6,4,1
3171,28613,-0.52,0,1,4,2,1
3172,28619,1.44,0,5,8,6,1
3173,28624,0.4,0,3,6,5,1
3174,28628,0.46,0,3,6,4,1
3175,28635,1.38,0,5,8,7,1
3176,28660,5.25,0,14,17,25,1
3177,28663,-0.03,0,2,5,3,1
3178,28678,3.1,0,9,12,15,1
3179,28700,5.43,0,14,17,22,1
3180,28704,0.46,0,3,6,4,1
3181,28729,6.9,0,17,20,25,1
3182,28732,-0.03,0,2,5,3,1
3183,28752,5.0,0,13,16,20,1
3184,28762,1.2,0,5,8,10,1
3185,28772,3.4,0,9,12,10,1
3186,28774,-0.52,0,1,4,2,1
3187,28777,-0.03,0,2,5,3,1
3188,28779,-0.52,0,1,4,2,1
3189,28780,-1.01,0,0,3,1,1
3190,28789,1.81,0,6,9,9,1
3191,28806,5.73,0,14,17,17,1
3192,28809,-0.03,0,2,5,3,1
3193,28810,-1.01,0,0,3,1,1
3194,28828,3.47,0,10,13,18,1
3195,28833,0.4,0,3,6,5,1
3196,28834,-1.01,0,0,3,1,1
3197,28844,2.3,0,7,10,10,1
3198,28845,-1.01,0,0,3,1,1
3199,28862,2.98,0,9,12,17,1
3200,28863,-1.01,0,0,3,1,1
3201,28864,-1.01,0,0,3,1,1
3202,28885,5.49,0,14,17,21,1
3203,28890,0.95,0,4,7,5,1
3204,28891,-1.01,0,0,3,1,1
3205,28893,-0.52,0,1,4,2,1
3206,28895,-0.52,0,1,4,2,1
3207,28909,3.71,0,10,13,14,1
3208,28926,4.63,0,12,15,17,1
3209,28932,1.44,0,5,8,6,1
3210,28934,-0.52,0,1,4,2,1
3211,28941,1.93,0,6,9,7,1
3212,28950,1.81,0,6,9,9,1
3213,28957,1.38,0,5,8,7,1
3214,28962,0.4,0,3,6,5,1
3215,28964,-0.52,0,1,4,2,1
3216,28969,0.95,0,4,7,5,1
3217,28985,5.24,0,13,16,16,1
3218,28995,2.3,0,7,10,10,1
3219,29000,0.95,0,4,7,5,1
3220,29033,5.32,0,15,18,33,1
3221,29037,0.46,0,3,6,4,1
3222,29041,0.46,0,3,6,4,1
3223,29053,2.73,0,8,11,12,1
3224,29056,-0.03,0,2,5,3,1
3225,29062,0.89,0,4,7,6,1
3226,29067,0.95,0,4,7,5,1
3227,29074,1.38,0,5,8,7,1
3228,29078,0.46,0,3,6,4,1
3229,29090,2.73,0,8,11,12,1
3230,29095,0.95,0,4,7,5,1
3231,29098,-0.03,0,2,5,3,1
3232,29101,-0.03,0,2,5,3,1
3233,29112,2.24,0,7,10,11,1
3234,29115,-0.03,0,2,5,3,1
3235,29118,-0.03,0,2,5,3,1
3236,29120,-0.52,0,1,4,2,1
3237,29128,1.32,0,5,8,8,1
3238,29130,-0.52,0,1,4,2,1
3239,29131,-1.01,0,0,3,1,1
3240,29145,3.16,0,9,12,14,1
3241,29152,1.38,0,5,8,7,1
3242,29153,-1.01,0,0,3,1,1
3243,29154,-1.01,0,0,3,1,1
3244,29158,0.46,0,3,6,4,1
3245,29162,0.46,0,3,6,4,1
3246,29165,-0.03,0,2,5,3,1
3247,29169,0.46,0,3,6,4,1
3248,29170,-1.01,0,0,3,1,1
3249,29173,-0.03,0,2,5,3,1
3250,29175,-0.52,0,1,4,2,1
3251,29190,3.1,0,9,12,15,1
3252,29195,0.95,0,4,7,5,1
3253,29230,6.3,0,17,20,35,1
3254,29231,-1.01,0,0,3,1,1
3255,29232,-1.01,0,0,3,1,1
3256,29234,-0.52,0,1,4,2,1
3257,29245,2.24,0,7,10,11,1
3258,29248,-0.03,0,2,5,3,1
3259,29254,1.44,0,5,8,6,1
3260,29264,1.75,0,6,9,10,1
3261,29310,7.29,0,20,23,46,1
3262,29323,4.32,0,11,14,13,1
3263,29330,1.38,0,5,8,7,1
3264,29333,-0.03,0,2,5,3,1
3265,29346,3.77,0,10,13,13,1
3266,29365,4.51,0,12,15,19,1
3267,29368,-0.03,0,2,5,3,1
3268,29376,0.77,0,4,7,8,1
3269,29409,6.42,0,17,20,33,1
3270,29410,-1.01,0,0,3,1,1
3271,29411,-1.01,0,0,3,1,1
3272,29416,0.95,0,4,7,5,1
3273,29445,5.01,0,14,17,29,1
3274,29449,0.46,0,3,6,4,1
3275,29455,1.44,0,5,8,6,1
3276,29458,-0.03,0,2,5,3,1
3277,29460,-0.52,0,1,4,2,1
3278,29463,-0.03,0,2,5,3,1
3279,29466,-0.03,0,2,5,3,1
3280,29492,4.64,0,13,16,26,1
3281,29511,5.06,0,13,16,19,1
3282,29523,3.28,0,9,12,12,1
3283,29531,1.87,0,6,9,8,1
3284,29533,-0.52,0,1,4,2,1
3285,29535,-0.52,0,1,4,2,1
3286,29536,-1.01,0,0,3,1,1
3287,29539,-0.03,0,2,5,3,1
3288,29543,0.46,0,3,6,4,1
3289,29552,2.36,0,7,10,9,1
3290,29555,-0.03,0,2,5,3,1
3291,29566,2.24,0,7,10,11,1
3292,29569,-0.03,0,2,5,3,1
3293,29578,1.26,0,5,8,9,1
3294,29581,-0.03,0,2,5,3,1
3295,29582,-1.01,0,0,3,1,1
3296,29590,1.32,0,5,8,8,1
3297,29595,0.95,0,4,7,5,1
3298,29597,-0.52,0,1,4,2,1
3299,29616,4.51,0,12,15,19,1
3300,29634,2.37,0,8,11,18,1
3301,29641,1.93,0,6,9,7,1
3302,29644,-0.03,0,2,5,3,1
3303,29658,4.81,0,12,15,14,1
3304,29659,-1.01,0,0,3,1,1
3305,29669,2.85,0,8,11,10,1
3306,29674,0.95,0,4,7,5,1
3307,29676,-0.52,0,1,4,2,1
3308,29699,3.17,0,10,13,23,1
3309,29729,6.6,0,17,20,30,1
3310,29730,-1.01,0,0,3,1,1
3311,29753,4.27,0,12,15,23,1
3312,29757,0.46,0,3,6,4,1
3313,29758,-1.01,0,0,3,1,1
3314,29763,0.95,0,4,7,5,1
3315,29764,-1.01,0,0,3,1,1
3316,29769,0.95,0,4,7,5,1
3317,29776,1.93,0,6,9,7,1
3318,29778,-0.52,0,1,4,2,1
3319,29784,1.44,0,5,8,6,1
3320,29798,2.61,0,8,11,14,1
3321,29810,3.28,0,9,12,12,1
3322,29816,1.44,0,5,8,6,1
3323,29820,0.46,0,3,6,4,1
3324,29829,1.81,0,6,9,9,1
3325,29842,2.67,0,8,11,13,1
3326,29867,5.25,0,14,17,25,1
3327,29878,3.34,0,9,12,11,1
3328,29882,0.46,0,3,6,4,1
3329,29890,2.42,0,7,10,8,1
3330,29901,1.69,0,6,9,11,1
3331,29905,0.46,0,3,6,4,1
3332,29925,3.35,0,10,13,20,1
3333,29937,3.28,0,9,12,12,1
3334,29945,1.87,0,6,9,8,1
3335,29950,0.95,0,4,7,5,1
3336,29951,-1.01,0,0,3,1,1
3337,29961,3.4,0,9,12,10,1
3338,30002,7.04,0,19,22,41,1
3339,30005,-0.03,0,2,5,3,1
3340,30007,-0.52,0,1,4,2,1
3341,30008,-1.01,0,0,3,1,1
3342,30010,-0.52,0,1,4,2,1
3343,30040,6.6,0,17,20,30,1
3344,30051,2.79,0,8,11,11,1
3345,30053,-0.52,0,1,4,2,1
3346,30064,2.79,0,8,11,11,1
3347,30069,0.95,0,4,7,5,1
3348,30089,5.55,0,14,17,20,1
3349,30097,1.32,0,5,8,8,1
3350,30098,-1.01,0,0,3,1,1
3351,30108,2.3,0,7,10,10,1
3352,30116,1.87,0,6,9,8,1
3353,30119,-0.03,0,2,5,3,1
3354,30121,-0.52,0,1,4,2,1
3355,30124,-0.03,0,2,5,3,1
3356,30131,1.93,0,6,9,7,1
3357,30138,1.38,0,5,8,7,1
3358,30141,-0.03,0,2,5,3,1
3359,30160,5.06,0,13,16,19,1
3360,30167,1.93,0,6,9,7,1
3361,30183,4.14,0,11,14,16,1
3362,30187,-0.09,0,2,5,4,1
3363,30200,3.22,0,9,12,13,1
3364,30201,-1.01,0,0,3,1,1
3365,30223,3.78,0,11,14,22,1
3366,30224,-1.01,0,0,3,1,1
3367,30230,0.89,0,4,7,6,1
3368,30236,1.44,0,5,8,6,1
3369,30244,2.42,0,7,10,8,1
3370,30245,-1.01,0,0,3,1,1
3371,30251,1.44,0,5,8,6,1
3372,30267,5.24,0,13,16,16,1
3373,30281,2.06,0,7,10,14,1
3374,30288,0.83,0,4,7,7,1
3375,30304,3.59,0,10,13,16,1
3376,30306,-0.52,0,1,4,2,1
3377,30308,-0.52,0,1,4,2,1
3378,30312,0.46,0,3,6,4,1
3379,30318,1.44,0,5,8,6,1
3380,30321,-0.03,0,2,5,3,1
3381,30325,0.46,0,3,6,4,1
3382,30331,0.34,0,3,6,6,1
3383,30333,-0.52,0,1,4,2,1
3384,30349,3.59,0,10,13,16,1
3385,30351,-0.52,0,1,4,2,1
3386,30359,2.42,0,7,10,8,1
3387,30370,2.24,0,7,10,11,1
3388,30380,1.75,0,6,9,10,1
3389,30385,0.4,0,3,6,5,1
3390,30388,-0.03,0,2,5,3,1
3391,30389,-1.01,0,0,3,1,1
3392,30403,2.06,0,7,10,14,1
3393,30411,2.42,0,7,10,8,1
3394,30412,-1.01,0,0,3,1,1
3395,30415,-0.03,0,2,5,3,1
3396,30422,1.38,0,5,8,7,1
3397,30424,-0.52,0,1,4,2,1
3398,30447,4.27,0,12,15,23,1
3399,30457,2.85,0,8,11,10,1
3400,30461,0.46,0,3,6,4,1
3401,30466,0.95,0,4,7,5,1
3402,30486,3.9,0,11,14,20,1
3403,30531,7.35,0,20,23,45,1
3404,30538,1.38,0,5,8,7,1
3405,30560,4.33,0,12,15,22,1
3406,30567,1.38,0,5,8,7,1
3407,30574,1.93,0,6,9,7,1
3408,30595,3.29,0,10,13,21,1
3409,30596,-1.01,0,0,3,1,1
3410,30602,1.44,0,5,8,6,1
3411,30604,-0.52,0,1,4,2,1
3412,30608,0.46,0,3,6,4,1
3413,30613,0.95,0,4,7,5,1
3414,30614,-1.01,0,0,3,1,1
3415,30622,1.87,0,6,9,8,1
3416,30629,1.93,0,6,9,7,1
3417,30632,-0.03,0,2,5,3,1
3418,30633,-1.01,0,0,3,1,1
3419,30635,-0.52,0,1,4,2,1
3420,30649,3.16,0,9,12,14,1
3421,30654,0.4,0,3,6,5,1
3422,30673,5.06,0,13,16,19,1
3423,30677,0.46,0,3,6,4,1
3424,30680,-0.03,0,2,5,3,1
3425,30688,1.32,0,5,8,8,1
3426,30694,0.89,0,4,7,6,1
3427,30720,6.84,0,17,20,26,1
3428,30733,3.22,0,9,12,13,1
3429,30738,0.4,0,3,6,5,1
3430,30757,3.96,0,11,14,19,1
3431,30761,0.46,0,3,6,4,1
3432,30764,-0.03,0,2,5,3,1
3433,30782,4.02,0,11,14,18,1
3434,30793,1.14,0,5,8,11,1
3435,30797,0.46,0,3,6,4,1
3436,30816,3.41,0,10,13,19,1
3437,30824,1.87,0,6,9,8,1
3438,30856,5.38,0,15,18,32,1
3439,30863,1.38,0,5,8,7,1
3440,30882,3.96,0,11,14,19,1
3441,30884,-0.52,0,1,4,2,1
3442,30887,-0.03,0,2,5,3,1
3443,30894,0.28,0,3,6,7,1
3444,30899,0.95,0,4,7,5,1
3445,30920,6.04,0,15,18,21,1
3446,30928,1.87,0,6,9,8,1
3447,30935,1.93,0,6,9,7,1
3448,30938,-0.58,0,1,4,3,1
3449,30951,3.77,0,10,13,13,1
3450,30984,6.42,0,17,20,33,1
3451,30985,-1.01,0,0,3,1,1
3452,30987,-0.52,0,1,4,2,1
3453,30996,2.91,0,8,11,9,1
3454,30997,-1.01,0,0,3,1,1
3455,31003,0.89,0,4,7,6,1
3456,31006,-0.03,0,2,5,3,1
3457,31008,-0.52,0,1,4,2,1
3458,31010,-0.52,0,1,4,2,1
3459,31013,-0.03,0,2,5,3,1
3460,31027,4.26,0,11,14,14,1
3461,31031,0.46,0,3,6,4,1
3462,31035,0.46,0,3,6,4,1
3463,31040,0.4,0,3,6,5,1
3464,31061,3.84,0,11,14,21,1
3465,31067,1.44,0,5,8,6,1
3466,31080,2.67,0,8,11,13,1
3467,31109,5.01,0,14,17,29,1
3468,31114,0.95,0,4,7,5,1
3469,31124,2.3,0,7,10,10,1
3470,31128,0.46,0,3,6,4,1
3471,31131,-0.03,0,2,5,3,1
3472,31136,0.4,0,3,6,5,1
3473,31139,-0.03,0,2,5,3,1
3474,31151,2.18,0,7,10,12,1
3475,31154,-0.03,0,2,5,3,1
3476,31164,2.3,0,7,10,10,1
3477,31183,3.41,0,10,13,19,1
3478,31185,-0.52,0,1,4,2,1
3479,31195,2.85,0,8,11,10,1
3480,31204,1.26,0,5,8,9,1
3481,31209,0.95,0,4,7,5,1
3482,31213,0.46,0,3,6,4,1
3483,31216,-0.03,0,2,5,3,1
3484,31225,2.36,0,7,10,9,1
3485,31226,-1.01,0,0,3,1,1
3486,31234,1.87,0,6,9,8,1
3487,31253,5.06,0,13,16,19,1
3488,31255,-0.52,0,1,4,2,1
3489,31259,0.46,0,3,6,4,1
3490,31278,3.96,0,11,14,19,1
3491,31284,1.44,0,5,8,6,1
3492,31344,6.45,0,20,23,60,1
3493,31377,3.67,0,12,15,33,1
3494,31380,-0.03,0,2,5,3,1
3495,31387,0.83,0,4,7,7,1
3496,31397,1.75,0,6,9,10,1
3497,31402,0.95,0,4,7,5,1
3498,31409,1.38,0,5,8,7,1
3499,31410,-1.01,0,0,3,1,1
3500,31423,2.67,0,8,11,13,1
3501,31435,2.73,0,8,11,12,1
3502,31436,-1.01,0,0,3,1,1
3503,31444,1.87,0,6,9,8,1
3504,31447,-0.03,0,2,5,3,1
3505,31454,1.93,0,6,9,7,1
3506,31470,3.59,0,10,13,16,1
3507,31487,4.63,0,12,15,17,1
3508,31493,0.89,0,4,7,6,1
3509,31514,6.04,0,15,18,21,1
3510,31521,1.38,0,5,8,7,1
3511,31566,6.25,0,18,21,45,1
3512,31576,2.3,0,7,10,10,1
3513,31588,3.83,0,10,13,12,1
3514,31594,0.89,0,4,7,6,1
3515,31599,0.4,0,3,6,5,1
3516,31604,0.95,0,4,7,5,1
3517,31605,-1.01,0,0,3,1,1
3518,31611,0.89,0,4,7,6,1
3519,31612,-1.01,0,0,3,1,1
3520,31625,2.67,0,8,11,13,1
3521,31642,4.63,0,12,15,17,1
3522,31650,2.42,0,7,10,8,1
3523,31652,-0.52,0,1,4,2,1
3524,31658,1.44,0,5,8,6,1
3525,31660,-0.52,0,1,4,2,1
3526,31661,-1.01,0,0,3,1,1
3527,31662,-1.01,0,0,3,1,1
3528,31679,3.53,0,10,13,17,1
3529,31681,-0.52,0,1,4,2,1
3530,31684,-0.03,0,2,5,3,1
3531,31699,3.1,0,9,12,15,1
3532,31706,1.93,0,6,9,7,1
3533,31709,-0.03,0,2,5,3,1
3534,31724,5.85,0,14,17,15,1
3535,31728,-0.09,0,2,5,4,1
3536,31750,3.23,0,10,13,22,1
3537,31754,0.46,0,3,6,4,1
3538,31771,4.63,0,12,15,17,1
3539,31774,-0.03,0,2,5,3,1
3540,31793,4.51,0,12,15,19,1
3541,31803,1.75,0,6,9,10,1
3542,31814,3.34,0,9,12,11,1
3543,31818,0.46,0,3,6,4,1
3544,31819,-1.01,0,0,3,1,1
3545,31821,-0.52,0,1,4,2,1
3546,31828,1.38,0,5,8,7,1
3547,31832,0.46,0,3,6,4,1
3548,31883,6.99,0,20,23,51,1
3549,31894,2.79,0,8,11,11,1
3550,31901,1.93,0,6,9,7,1
3551,31918,4.63,0,12,15,17,1
3552,31948,5.5,0,15,18,30,1
3553,31949,-1.01,0,0,3,1,1
3554,31958,1.81,0,6,9,9,1
3555,31968,2.85,0,8,11,10,1
3556,31990,5.98,0,15,18,22,1
3557,31992,-0.52,0,1,4,2,1
3558,32007,3.1,0,9,12,15,1
3559,32016,1.81,0,6,9,9,1
3560,32026,2.3,0,7,10,10,1
3561,32041,3.65,0,10,13,15,1
3562,32047,1.44,0,5,8,6,1
3563,32056,1.81,0,6,9,9,1
3564,32073,3.53,0,10,13,17,1
3565,32080,1.38,0,5,8,7,1
3566,32083,-0.03,0,2,5,3,1
3567,32085,-0.52,0,1,4,2,1
3568,32102,4.08,0,11,14,17,1
3569,32104,-0.52,0,1,4,2,1
3570,32117,2.67,0,8,11,13,1
3571,32121,-0.09,0,2,5,4,1
3572,32124,-0.03,0,2,5,3,1
3573,32132,1.87,0,6,9,8,1
3574,32141,2.36,0,7,10,9,1
3575,32144,-0.03,0,2,5,3,1
3576,32148,0.46,0,3,6,4,1
3577,32155,1.38,0,5,8,7,1
3578,32157,-0.52,0,1,4,2,1
3579,32174,4.08,0,11,14,17,1
3580,32187,3.77,0,10,13,13,1
3581,32190,-0.03,0,2,5,3,1
3582,32201,2.24,0,7,10,11,1
3583,32202,-1.01,0,0,3,1,1
3584,32207,0.95,0,4,7,5,1
3585,32213,1.44,0,5,8,6,1
3586,32216,-0.03,0,2,5,3,1
3587,32222,1.44,0,5,8,6,1
3588,32233,2.24,0,7,10,11,1
3589,32235,-0.52,0,1,4,2,1
3590,32239,-0.64,0,1,4,4,1
3591,32275,5.14,0,15,18,36,1
3592,32277,-0.52,0,1,4,2,1
3593,32291,3.71,0,10,13,14,1
3594,32292,-1.01,0,0,3,1,1
3595,32308,4.69,0,12,15,16,1
3596,32309,-1.01,0,0,3,1,1
3597,32310,-1.01,0,0,3,1,1
3598,32318,2.42,0,7,10,8,1
3599,32327,1.81,0,6,9,9,1
3600,32337,2.3,0,7,10,10,1
3601,32339,-0.52,0,1,4,2,1
3602,32351,2.73,0,8,11,12,1
3603,32358,0.28,0,3,6,7,1
3604,32361,-0.03,0,2,5,3,1
3605,32367,0.89,0,4,7,6,1
3606,32377,1.75,0,6,9,10,1
3607,32382,0.95,0,4,7,5,1
3608,32387,0.4,0,3,6,5,1
3609,32394,1.38,0,5,8,7,1
3610,32395,-1.01,0,0,3,1,1
3611,32407,2.73,0,8,11,12,1
3612,32409,-0.52,0,1,4,2,1
3613,32416,1.93,0,6,9,7,1
3614,32421,0.95,0,4,7,5,1
3615,32429,1.87,0,6,9,8,1
3616,32431,-0.52,0,1,4,2,1
3617,32432,-1.01,0,0,3,1,1
3618,32446,3.16,0,9,12,14,1
3619,32451,0.4,0,3,6,5,1
3620,32455,0.46,0,3,6,4,1
3621,32458,-0.03,0,2,5,3,1
3622,32462,0.46,0,3,6,4,1
3623,32466,0.46,0,3,6,4,1
3624,32473,1.93,0,6,9,7,1
3625,32478,-0.15,0,2,5,5,1
3626,32480,-0.52,0,1,4,2,1
3627,32485,0.95,0,4,7,5,1
3628,32508,6.47,0,16,19,23,1
3629,32516,1.32,0,5,8,8,1
3630,32528,2.73,0,8,11,12,1
3631,32536,1.32,0,5,8,8,1
3632,32544,1.32,0,5,8,8,1
3633,32573,5.01,0,14,17,29,1
3634,32576,-0.03,0,2,5,3,1
3635,32577,-1.01,0,0,3,1,1
3636,32584,1.93,0,6,9,7,1
3637,32587,-0.03,0,2,5,3,1
3638,32597,3.4,0,9,12,10,1
3639,32603,1.44,0,5,8,6,1
3640,32608,0.95,0,4,7,5,1
3641,32634,5.74,0,15,18,26,1
3642,32644,2.85,0,8,11,10,1
3643,32647,-0.03,0,2,5,3,1
3644,32664,2.43,0,8,11,17,1
3645,32665,-1.01,0,0,3,1,1
3646,32682,2.98,0,9,12,17,1
3647,32689,1.93,0,6,9,7,1
3648,32696,1.93,0,6,9,7,1
3649,32707,3.89,0,10,13,11,1
3650,32724,1.88,0,7,10,17,1
3651,32763,6.06,0,17,20,39,1
3652,32798,5.75,0,16,19,35,1
3653,32805,1.38,0,5,8,7,1
3654,32812,1.93,0,6,9,7,1
3655,32815,-0.03,0,2,5,3,1
3656,32829,2.61,0,8,11,14,1
3657,32854,5.8,0,15,18,25,1
3658,32858,0.46,0,3,6,4,1
3659,32864,1.44,0,5,8,6,1
3660,32879,3.65,0,10,13,15,1
3661,32884,0.95,0,4,7,5,1
3662,32895,3.34,0,9,12,11,1
3663,32903,2.42,0,7,10,8,1
3664,32907,0.46,0,3,6,4,1
3665,32912,0.95,0,4,7,5,1
3666,32926,4.26,0,11,14,14,1
3667,32942,4.14,0,11,14,16,1
3668,32949,0.83,0,4,7,7,1
3669,32951,-0.52,0,1,4,2,1
3670,32966,3.1,0,9,12,15,1
3671,32969,-0.03,0,2,5,3,1
3672,32974,0.95,0,4,7,5,1
3673,32985,1.69,0,6,9,11,1
3674,33009,4.76,0,13,16,24,1
3675,33010,-1.01,0,0,3,1,1
3676,33023,3.22,0,9,12,13,1
3677,33032,1.81,0,6,9,9,1
3678,33044,3.28,0,9,12,12,1
3679,33048,0.46,0,3,6,4,1
3680,33049,-1.01,0,0,3,1,1
3681,33064,3.65,0,10,13,15,1
3682,33065,-1.01,0,0,3,1,1
3683,33073,1.87,0,6,9,8,1
3684,33087,3.71,0,10,13,14,1
3685,33099,2.73,0,8,11,12,1
3686,33103,0.46,0,3,6,4,1
3687,33112,2.36,0,7,10,9,1
3688,33124,2.73,0,8,11,12,1
3689,33129,0.95,0,4,7,5,1
3690,33143,3.16,0,9,12,14,1
3691,33145,-0.52,0,1,4,2,1
3692,33148,-0.03,0,2,5,3,1
3693,33150,-0.52,0,1,4,2,1
3694,33184,5.26,0,15,18,34,1
3695,33187,-0.03,0,2,5,3,1
3696,33205,4.02,0,11,14,18,1
3697,33250,6.25,0,18,21,45,1
3698,33261,1.69,0,6,9,11,1
3699,33264,-0.03,0,2,5,3,1
3700,33276,2.73,0,8,11,12,1
3701,33290,4.26,0,11,14,14,1
3702,33298,1.87,0,6,9,8,1
3703,33299,-1.01,0,0,3,1,1
3704,33303,0.46,0,3,6,4,1
3705,33308,0.95,0,4,7,5,1
3706,33309,-1.01,0,0,3,1,1
3707,33315,0.89,0,4,7,6,1
3708,33322,1.38,0,5,8,7,1
3709,33335,3.77,0,10,13,13,1
3710,33354,2.31,0,8,11,19,1
3711,33356,-0.52,0,1,4,2,1
3712,33359,-0.03,0,2,5,3,1
3713,33360,-1.01,0,0,3,1,1
3714,33361,-1.01,0,0,3,1,1
3715,33388,5.13,0,14,17,27,1
3716,33410,4.88,0,13,16,22,1
3717,33414,0.46,0,3,6,4,1
3718,33431,5.18,0,13,16,17,1
3719,33434,-0.58,0,1,4,3,1
3720,33447,2.67,0,8,11,13,1
3721,33465,4.57,0,12,15,18,1
3722,33473,1.87,0,6,9,8,1
3723,33484,2.24,0,7,10,11,1
3724,33498,2.61,0,8,11,14,1
3725,33501,-0.03,0,2,5,3,1
3726,33502,-1.01,0,0,3,1,1
3727,33532,6.6,0,17,20,30,1
3728,33536,0.46,0,3,6,4,1
3729,33555,4.51,0,12,15,19,1
3730,33590,5.75,0,16,19,35,1
3731,33591,-1.01,0,0,3,1,1
3732,33606,4.75,0,12,15,15,1
3733,33623,2.98,0,9,12,17,1
3734,33640,4.63,0,12,15,17,1
3735,33646,1.44,0,5,8,6,1
3736,33660,2.06,0,7,10,14,1
3737,33661,-1.01,0,0,3,1,1
3738,33666,0.95,0,4,7,5,1
3739,33672,1.44,0,5,8,6,1
3740,33674,-0.52,0,1,4,2,1
3741,33691,2.98,0,9,12,17,1
3742,33694,-0.03,0,2,5,3,1
3743,33711,4.08,0,11,14,17,1
3744,33723,2.73,0,8,11,12,1
3745,33732,1.81,0,6,9,9,1
3746,33733,-1.01,0,0,3,1,1
3747,33735,-0.52,0,1,4,2,1
3748,33737,-0.52,0,1,4,2,1
3749,33739,-0.52,0,1,4,2,1
3750,33770,4.89,0,14,17,31,1
3751,33788,3.47,0,10,13,18,1
3752,33789,-1.01,0,0,3,1,1
3753,33793,0.46,0,3,6,4,1
3754,33809,4.14,0,11,14,16,1
3755,33818,2.36,0,7,10,9,1
3756,33825,1.38,0,5,8,7,1
3757,33828,-0.58,0,1,4,3,1
3758,33846,4.02,0,11,14,18,1
3759,33848,-0.52,0,1,4,2,1
3760,33855,1.38,0,5,8,7,1
3761,33863,1.87,0,6,9,8,1
3762,33868,0.95,0,4,7,5,1
3763,33879,2.24,0,7,10,11,1
3764,33897,3.47,0,10,13,18,1
3765,33898,-1.01,0,0,3,1,1
3766,33912,3.71,0,10,13,14,1
3767,33917,0.95,0,4,7,5,1
3768,33929,3.28,0,9,12,12,1
3769,33934,0.4,0,3,6,5,1
3770,33954,6.1,0,15,18,20,1
3771,33956,-0.52,0,1,4,2,1
3772,33965,2.91,0,8,11,9,1
3773,33972,1.93,0,6,9,7,1
3774,33986,3.16,0,9,12,14,1
3775,33989,-0.03,0,2,5,3,1
3776,33993,-0.09,0,2,5,4,1
3777,33999,1.44,0,5,8,6,1
3778,34006,1.93,0,6,9,7,1
3779,34014,2.42,0,7,10,8,1
3780,34015,-1.01,0,0,3,1,1
3781,34025,1.75,0,6,9,10,1
3782,34026,-1.01,0,0,3,1,1
3783,34033,1.38,0,5,8,7,1
3784,34038,0.95,0,4,7,5,1
3785,34043,0.4,0,3,6,5,1
3786,34051,1.87,0,6,9,8,1
3787,34060,1.81,0,6,9,9,1
3788,34076,4.14,0,11,14,16,1
3789,34080,-0.09,0,2,5,4,1
3790,34106,4.64,0,13,16,26,1
3791,34108,-0.52,0,1,4,2,1
3792,34112,0.46,0,3,6,4,1
3793,34115,-0.03,0,2,5,3,1
3794,34124,2.36,0,7,10,9,1
3795,34131,1.93,0,6,9,7,1
3796,34132,-1.01,0,0,3,1,1
3797,34146,2.61,0,8,11,14,1
3798,34150,0.46,0,3,6,4,1
3799,34155,0.4,0,3,6,5,1
3800,34162,1.38,0,5,8,7,1
3801,34165,-0.03,0,2,5,3,1
3802,34180,3.65,0,10,13,15,1
3803,34181,-1.01,0,0,3,1,1
3804,34198,4.63,0,12,15,17,1
3805,34214,5.24,0,13,16,16,1
3806,34220,0.34,0,3,6,6,1
3807,34235,4.75,0,12,15,15,1
3808,34250,3.65,0,10,13,15,1
3809,34252,-0.52,0,1,4,2,1
3810,34255,-0.03,0,2,5,3,1
3811,34256,-1.01,0,0,3,1,1
3812,34257,-1.01,0,0,3,1,1
3813,34258,-1.01,0,0,3,1,1
3814,34264,0.89,0,4,7,6,1
3815,34283,4.51,0,12,15,19,1
3816,34289,1.44,0,5,8,6,1
3817,34290,-1.01,0,0,3,1,1
3818,34292,-0.52,0,1,4,2,1
3819,34295,-0.03,0,2,5,3,1
3820,34296,-1.01,0,0,3,1,1
3821,34305,2.36,0,7,10,9,1
3822,34314,2.36,0,7,10,9,1
3823,34318,0.46,0,3,6,4,1
3824,34320,-0.52,0,1,4,2,1
3825,34325,0.95,0,4,7,5,1
3826,34358,5.32,0,15,18,33,1
3827,34364,1.44,0,5,8,6,1
3828,34366,-0.52,0,1,4,2,1
3829,34371,0.95,0,4,7,5,1
3830,34373,-0.52,0,1,4,2,1
3831,34384,1.69,0,6,9,11,1
3832,34401,5.18,0,13,16,17,1
3833,34403,-0.52,0,1,4,2,1
3834,34409,1.44,0,5,8,6,1
3835,34411,-0.52,0,1,4,2,1
3836,34419,1.87,0,6,9,8,1
3837,34421,-0.52,0,1,4,2,1
3838,34433,1.63,0,6,9,12,1
3839,34439,0.89,0,4,7,6,1
3840,34453,3.71,0,10,13,14,1
3841,34458,0.95,0,4,7,5,1
3842,34463,0.95,0,4,7,5,1
3843,34468,0.95,0,4,7,5,1
3844,34483,4.2,0,11,14,15,1
3845,34484,-1.01,0,0,3,1,1
3846,34485,-1.01,0,0,3,1,1
3847,34496,3.34,0,9,12,11,1
3848,34498,-0.52,0,1,4,2,1
3849,34503,0.95,0,4,7,5,1
3850,34505,-0.52,0,1,4,2,1
3851,34513,1.87,0,6,9,8,1
3852,34517,0.46,0,3,6,4,1
3853,34525,1.87,0,6,9,8,1
3854,34536,2.79,0,8,11,11,1
3855,34538,-0.52,0,1,4,2,1
3856,34539,-1.01,0,0,3,1,1
3857,34560,4.39,0,12,15,21,1
3858,34562,-0.52,0,1,4,2,1
3859,34573,3.34,0,9,12,11,1
3860,34576,-0.03,0,2,5,3,1
3861,34577,-1.01,0,0,3,1,1
3862,34578,-1.01,0,0,3,1,1
3863,34582,0.46,0,3,6,4,1
3864,34592,2.85,0,8,11,10,1
3865,34593,-1.01,0,0,3,1,1
3866,34595,-0.52,0,1,4,2,1
3867,34609,3.71,0,10,13,14,1
3868,34610,-1.01,0,0,3,1,1
3869,34622,2.18,0,7,10,12,1
3870,34643,4.94,0,13,16,21,1
3871,34644,-1.01,0,0,3,1,1
3872,34645,-1.01,0,0,3,1,1
3873,34646,-1.01,0,0,3,1,1
3874,34652,1.44,0,5,8,6,1
3875,34669,5.18,0,13,16,17,1
3876,34671,-0.52,0,1,4,2,1
3877,34687,4.14,0,11,14,16,1
3878,34699,4.38,0,11,14,12,1
3879,34704,0.95,0,4,7,5,1
3880,34706,-0.52,0,1,4,2,1
3881,34710,0.46,0,3,6,4,1
3882,34736,4.09,0,12,15,26,1
3883,34753,5.18,0,13,16,17,1
3884,34759,1.44,0,5,8,6,1
3885,34772,3.22,0,9,12,13,1
3886,34792,4.45,0,12,15,20,1
3887,34806,2.61,0,8,11,14,1
3888,34829,4.82,0,13,16,23,1
3889,34847,4.57,0,12,15,18,1
3890,34857,2.3,0,7,10,10,1
3891,34861,0.46,0,3,6,4,1
3892,34862,-1.01,0,0,3,1,1
3893,34873,3.89,0,10,13,11,1
3894,34877,-0.09,0,2,5,4,1
3895,34879,-0.52,0,1,4,2,1
3896,34882,-0.03,0,2,5,3,1
3897,34885,-0.03,0,2,5,3,1
3898,34905,3.9,0,11,14,20,1
3899,34906,-1.01,0,0,3,1,1
3900,34908,-0.52,0,1,4,2,1
3901,34909,-1.01,0,0,3,1,1
3902,34923,3.16,0,9,12,14,1
3903,34930,1.38,0,5,8,7,1
3904,34932,-0.52,0,1,4,2,1
3905,34949,4.08,0,11,14,17,1
3906,34975,4.64,0,13,16,26,1
3907,34977,-0.52,0,1,4,2,1
3908,34989,2.73,0,8,11,12,1
3909,34990,-1.01,0,0,3,1,1
3910,34992,-0.52,0,1,4,2,1
3911,35005,3.22,0,9,12,13,1
3912,35013,1.32,0,5,8,8,1
3913,35027,2.61,0,8,11,14,1
3914,35035,1.32,0,5,8,8,1
3915,35065,6.05,0,16,19,30,1
3916,35068,-0.03,0,2,5,3,1
3917,35070,-0.52,0,1,4,2,1
3918,35071,-1.01,0,0,3,1,1
3919,35088,4.08,0,11,14,17,1
3920,35098,2.85,0,8,11,10,1
3921,35100,-0.52,0,1,4,2,1
3922,35116,3.59,0,10,13,16,1
3923,35119,-0.03,0,2,5,3,1
3924,35144,6.35,0,16,19,25,1
3925,35147,-0.03,0,2,5,3,1
3926,35148,-1.01,0,0,3,1,1
3927,35159,2.24,0,7,10,11,1
3928,35162,-0.03,0,2,5,3,1
3929,35167,0.95,0,4,7,5,1
3930,35172,0.95,0,4,7,5,1
3931,35177,0.95,0,4,7,5,1
3932,35179,-0.52,0,1,4,2,1
3933,35184,0.95,0,4,7,5,1
3934,35185,-1.01,0,0,3,1,1
3935,35186,-1.01,0,0,3,1,1
3936,35189,-0.03,0,2,5,3,1
3937,35195,1.44,0,5,8,6,1
3938,35210,3.1,0,9,12,15,1
3939,35218,1.87,0,6,9,8,1
3940,35233,4.75,0,12,15,15,1
3941,35244,1.69,0,6,9,11,1
3942,35248,0.46,0,3,6,4,1
3943,35278,5.5,0,15,18,30,1
3944,35281,-0.03,0,2,5,3,1
3945,35286,0.4,0,3,6,5,1
3946,35292,1.44,0,5,8,6,1
3947,35293,-1.01,0,0,3,1,1
3948,35297,-0.09,0,2,5,4,1
3949,35303,1.44,0,5,8,6,1
3950,35309,1.44,0,5,8,6,1
3951,35311,-0.52,0,1,4,2,1
3952,35323,2.73,0,8,11,12,1
3953,35324,-1.01,0,0,3,1,1
3954,35326,-0.52,0,1,4,2,1
3955,35334,0.77,0,4,7,8,1
3956,35346,3.28,0,9,12,12,1
3957,35349,-0.03,0,2,5,3,1
3958,35366,4.08,0,11,14,17,1
3959,35374,1.32,0,5,8,8,1
3960,35378,0.46,0,3,6,4,1
3961,35390,2.73,0,8,11,12,1
3962,35416,4.09,0,12,15,26,1
3963,35419,-0.03,0,2,5,3,1
3964,35426,1.38,0,5,8,7,1
3965,35437,3.34,0,9,12,11,1
3966,35466,6.11,0,16,19,29,1
3967,35469,-0.03,0,2,5,3,1
3968,35472,-0.03,0,2,5,3,1
3969,35528,5.59,0,18,21,56,1
3970,35535,1.38,0,5,8,7,1
3971,35544,2.91,0,8,11,9,1
3972,35553,0.71,0,4,7,9,1
3973,35559,1.44,0,5,8,6,1
3974,35570,1.69,0,6,9,11,1
3975,35573,-0.03,0,2,5,3,1
3976,35575,-0.52,0,1,4,2,1
3977,35586,2.79,0,8,11,11,1
3978,35591,0.95,0,4,7,5,1
3979,35596,0.95,0,4,7,5,1
3980,35598,-0.52,0,1,4,2,1
3981,35600,-0.52,0,1,4,2,1
3982,35614,2.61,0,8,11,14,1
3983,35621,0.83,0,4,7,7,1
3984,35646,5.25,0,14,17,25,1
3985,35649,-0.03,0,2,5,3,1
3986,35652,-0.03,0,2,5,3,1
3987,35656,0.46,0,3,6,4,1
3988,35671,3.65,0,10,13,15,1
3989,35679,1.32,0,5,8,8,1
3990,35683,0.46,0,3,6,4,1
3991,35694,2.24,0,7,10,11,1
3992,35699,0.95,0,4,7,5,1
3993,35723,4.21,0,12,15,24,1
3994,35726,-0.03,0,2,5,3,1
3995,35735,2.36,0,7,10,9,1
3996,35742,1.38,0,5,8,7,1
3997,35757,4.2,0,11,14,15,1
3998,35762,0.4,0,3,6,5,1
3999,35764,-0.52,0,1,4,2,1
4000,35777,2.67,0,8,11,13,1
4001,35784,0.83,0,4,7,7,1
4002,35788,0.46,0,3,6,4,1
4003,35806,4.57,0,12,15,18,1
4004,35827,5.49,0,14,17,21,1
4005,35835,1.87,0,6,9,8,1
4006,35836,-1.01,0,0,3,1,1
4007,35847,1.69,0,6,9,11,1
4008,35849,-0.52,0,1,4,2,1
4009,35852,-0.03,0,2,5,3,1
4010,35857,0.95,0,4,7,5,1
4011,35861,0.46,0,3,6,4,1
4012,35887,5.19,0,14,17,26,1
4013,35890,-0.03,0,2,5,3,1
4014,35893,-0.03,0,2,5,3,1
4015,35925,5.93,0,16,19,32,1
4016,35942,3.53,0,10,13,17,1
4017,35948,1.44,0,5,8,6,1
4018,35960,3.28,0,9,12,12,1
4019,35967,1.93,0,6,9,7,1
4020,35968,-1.01,0,0,3,1,1
4021,35977,2.91,0,8,11,9,1
4022,35980,-0.03,0,2,5,3,1
4023,35985,0.95,0,4,7,5,1
4024,36035,7.05,0,20,23,50,1
4025,36040,0.95,0,4,7,5,1
4026,36042,-0.52,0,1,4,2,1
4027,36063,6.59,0,16,19,21,1
4028,36065,-0.52,0,1,4,2,1
4029,36068,-0.03,0,2,5,3,1
4030,36070,-0.52,0,1,4,2,1
4031,36077,1.38,0,5,8,7,1
4032,36085,1.87,0,6,9,8,1
4033,36086,-1.01,0,0,3,1,1
4034,36091,0.4,0,3,6,5,1
4035,36096,0.95,0,4,7,5,1
4036,36120,4.21,0,12,15,24,1
4037,36126,1.44,0,5,8,6,1
4038,36138,3.28,0,9,12,12,1
4039,36166,7.27,0,18,21,28,1
4040,36183,2.98,0,9,12,17,1
4041,36187,-0.09,0,2,5,4,1
4042,36198,3.34,0,9,12,11,1
4043,36203,0.95,0,4,7,5,1
4044,36218,4.2,0,11,14,15,1
4045,36233,4.2,0,11,14,15,1
4046,36236,-0.03,0,2,5,3,1
4047,36238,-0.52,0,1,4,2,1
4048,36246,1.87,0,6,9,8,1
4049,36263,4.08,0,11,14,17,1
4050,36279,3.59,0,10,13,16,1
4051,36288,1.81,0,6,9,9,1
4052,36290,-0.52,0,1,4,2,1
4053,36310,3.9,0,11,14,20,1
4054,36315,0.95,0,4,7,5,1
4055,36320,0.95,0,4,7,5,1
4056,36331,2.79,0,8,11,11,1
4057,36343,2.18,0,7,10,12,1
4058,36345,-0.52,0,1,4,2,1
4059,36351,0.89,0,4,7,6,1
4060,36353,-0.52,0,1,4,2,1
4061,36357,0.46,0,3,6,4,1
4062,36358,-1.01,0,0,3,1,1
4063,36375,4.63,0,12,15,17,1
4064,36379,0.46,0,3,6,4,1
4065,36388,1.81,0,6,9,9,1
4066,36391,-0.03,0,2,5,3,1
4067,36401,2.3,0,7,10,10,1
4068,36404,-0.58,0,1,4,3,1
4069,36410,1.44,0,5,8,6,1
4070,36414,0.46,0,3,6,4,1
4071,36417,-0.03,0,2,5,3,1
4072,36423,0.89,0,4,7,6,1
4073,36426,-0.03,0,2,5,3,1
4074,36434,1.87,0,6,9,8,1
4075,36471,5.63,0,16,19,37,1
4076,36477,0.34,0,3,6,6,1
4077,36484,1.38,0,5,8,7,1
4078,36488,0.46,0,3,6,4,1
4079,36514,5.19,0,14,17,26,1
4080,36516,-0.52,0,1,4,2,1
4081,36519,-0.03,0,2,5,3,1
4082,36523,0.46,0,3,6,4,1
4083,36531,1.87,0,6,9,8,1
4084,36536,0.95,0,4,7,5,1
4085,36541,0.95,0,4,7,5,1
4086,36543,-0.52,0,1,4,2,1
4087,36549,0.89,0,4,7,6,1
4088,36551,-0.52,0,1,4,2,1
4089,36572,3.29,0,10,13,21,1
4090,36582,2.3,0,7,10,10,1
4091,36584,-0.52,0,1,4,2,1
4092,36590,0.89,0,4,7,6,1
4093,36595,0.95,0,4,7,5,1
4094,36603,1.87,0,6,9,8,1
4095,36606,-0.03,0,2,5,3,1
4096,36608,-0.52,0,1,4,2,1
4097,36612,0.46,0,3,6,4,1
4098,36615,-0.03,0,2,5,3,1
4099,36622,1.38,0,5,8,7,1
4100,36631,2.36,0,7,10,9,1
4101,36665,5.81,0,16,19,34,1
4102,36669,0.46,0,3,6,4,1
4103,36686,5.18,0,13,16,17,1
4104,36697,2.24,0,7,10,11,1
4105,36700,-0.03,0,2,5,3,1
4106,36705,0.95,0,4,7,5,1
4107,36707,-0.52,0,1,4,2,1
4108,36710,-0.03,0,2,5,3,1
4109,36712,-0.52,0,1,4,2,1
4110,36718,0.89,0,4,7,6,1
4111,36727,1.81,0,6,9,9,1
4112,36732,0.95,0,4,7,5,1
4113,36734,-0.52,0,1,4,2,1
4114,36752,4.57,0,12,15,18,1
4115,36757,0.95,0,4,7,5,1
4116,36763,0.34,0,3,6,6,1
4117,36765,-0.52,0,1,4,2,1
4118,36770,0.95,0,4,7,5,1
4119,36772,-0.52,0,1,4,2,1
4120,36788,3.59,0,10,13,16,1
4121,36809,4.39,0,12,15,21,1
4122,36813,0.46,0,3,6,4,1
4123,36844,5.44,0,15,18,31,1
4124,36850,1.44,0,5,8,6,1
4125,36858,2.42,0,7,10,8,1
4126,36871,4.32,0,11,14,13,1
4127,36884,2.12,0,7,10,13,1
4128,36889,0.95,0,4,7,5,1
4129,36900,2.79,0,8,11,11,1
4130,36910,2.3,0,7,10,10,1
4131,36927,4.63,0,12,15,17,1
4132,36931,0.46,0,3,6,4,1
4133,36966,6.3,0,17,20,35,1
4134,36967,-1.01,0,0,3,1,1
4135,36986,5.06,0,13,16,19,1
4136,36995,2.36,0,7,10,9,1
4137,37000,0.95,0,4,7,5,1
4138,37028,5.62,0,15,18,28,1
4139,37043,4.75,0,12,15,15,1
4140,37045,-0.52,0,1,4,2,1
4141,37050,0.95,0,4,7,5,1
4142,37066,4.14,0,11,14,16,1
4143,37067,-1.01,0,0,3,1,1
4144,37071,0.46,0,3,6,4,1
4145,37077,1.44,0,5,8,6,1
4146,37078,-1.01,0,0,3,1,1
4147,37079,-1.01,0,0,3,1,1
4148,37087,1.32,0,5,8,8,1
4149,37090,-0.03,0,2,5,3,1
4150,37091,-1.01,0,0,3,1,1
4151,37113,5.43,0,14,17,22,1
4152,37123,2.85,0,8,11,10,1
4153,37136,4.32,0,11,14,13,1
4154,37146,2.85,0,8,11,10,1
4155,37148,-0.52,0,1,4,2,1
4156,37157,2.36,0,7,10,9,1
4157,37169,2.73,0,8,11,12,1
4158,37172,-0.03,0,2,5,3,1
4159,37184,3.28,0,9,12,12,1
4160,37186,-0.52,0,1,4,2,1
4161,37193,1.93,0,6,9,7,1
4162,37194,-1.01,0,0,3,1,1
4163,37195,-1.01,0,0,3,1,1
4164,37204,1.81,0,6,9,9,1
4165,37219,3.1,0,9,12,15,1
4166,37229,3.4,0,9,12,10,1
4167,37232,-0.03,0,2,5,3,1
4168,37242,2.3,0,7,10,10,1
4169,37250,1.87,0,6,9,8,1
4170,37252,-0.52,0,1,4,2,1
4171,37253,-1.01,0,0,3,1,1
4172,37279,6.29,0,16,19,26,1
4173,37281,-0.52,0,1,4,2,1
4174,37284,-0.03,0,2,5,3,1
4175,37288,-0.09,0,2,5,4,1
4176,37294,0.89,0,4,7,6,1
4177,37296,-0.52,0,1,4,2,1
4178,37299,-0.03,0,2,5,3,1
4179,37367,5.97,0,20,23,68,1
4180,37377,2.3,0,7,10,10,1
4181,37408,5.44,0,15,18,31,1
4182,37410,-0.52,0,1,4,2,1
4183,37411,-1.01,0,0,3,1,1
4184,37414,-0.03,0,2,5,3,1
4185,37417,-0.03,0,2,5,3,1
4186,37425,1.32,0,5,8,8,1
4187,37439,3.71,0,10,13,14,1
4188,37460,3.29,0,10,13,21,1
4189,37487,6.23,0,16,19,27,1
4190,37528,4.84,0,15,18,41,1
4191,37532,0.46,0,3,6,4,1
4192,37535,-0.03,0,2,5,3,1
4193,37536,-1.01,0,0,3,1,1
4194,37555,6.16,0,15,18,19,1
4195,37567,2.73,0,8,11,12,1
4196,37572,0.95,0,4,7,5,1
4197,37586,3.16,0,9,12,14,1
4198,37588,-0.52,0,1,4,2,1
4199,37597,2.36,0,7,10,9,1
4200,37624,5.68,0,15,18,27,1
4201,37632,1.32,0,5,8,8,1
4202,37648,3.59,0,10,13,16,1
4203,37657,1.26,0,5,8,9,1
4204,37666,2.91,0,8,11,9,1
4205,37668,-0.52,0,1,4,2,1
4206,37675,1.38,0,5,8,7,1
4207,37684,1.81,0,6,9,9,1
4208,37693,2.36,0,7,10,9,1
4209,37695,-0.52,0,1,4,2,1
4210,37715,5.0,0,13,16,20,1
4211,37717,-0.52,0,1,4,2,1
4212,37719,-0.52,0,1,4,2,1
4213,37750,5.44,0,15,18,31,1
4214,37751,-1.01,0,0,3,1,1
4215,37773,4.33,0,12,15,22,1
4216,37791,6.22,0,15,18,18,1
4217,37795,0.46,0,3,6,4,1
4218,37797,-0.52,0,1,4,2,1
4219,37799,-0.52,0,1,4,2,1
4220,37801,-0.52,0,1,4,2,1
4221,37807,0.34,0,3,6,6,1
4222,37808,-1.01,0,0,3,1,1
4223,37813,0.95,0,4,7,5,1
4224,37821,1.32,0,5,8,8,1
4225,37823,-0.52,0,1,4,2,1
4226,37830,1.93,0,6,9,7,1
4227,37831,-1.01,0,0,3,1,1
4228,37843,3.28,0,9,12,12,1
4229,37845,-0.52,0,1,4,2,1
4230,37856,2.24,0,7,10,11,1
4231,37875,5.06,0,13,16,19,1
4232,37880,0.95,0,4,7,5,1
4233,37890,1.2,0,5,8,10,1
4234,37922,5.38,0,15,18,32,1
4235,37923,-1.01,0,0,3,1,1
4236,37934,2.79,0,8,11,11,1
4237,37937,-0.03,0,2,5,3,1
4238,37939,-0.52,0,1,4,2,1
4239,37951,3.83,0,10,13,12,1
4240,37967,3.59,0,10,13,16,1
4241,37971,0.46,0,3,6,4,1
4242,37991,3.9,0,11,14,20,1
4243,37997,0.89,0,4,7,6,1
4244,38004,1.38,0,5,8,7,1
4245,38018,2.06,0,7,10,14,1
4246,38020,-0.52,0,1,4,2,1
4247,38037,4.63,0,12,15,17,1
4248,38044,1.38,0,5,8,7,1
4249,38050,1.44,0,5,8,6,1
4250,38058,2.42,0,7,10,8,1
4251,38060,-0.52,0,1,4,2,1
4252,38066,1.44,0,5,8,6,1
4253,38070,0.46,0,3,6,4,1
4254,38089,5.06,0,13,16,19,1
4255,38105,4.14,0,11,14,16,1
4256,38113,1.87,0,6,9,8,1
4257,38115,-0.52,0,1,4,2,1
4258,38117,-0.52,0,1,4,2,1
4259,38142,4.7,0,13,16,25,1
4260,38182,7.65,0,20,23,40,1
4261,38184,-0.52,0,1,4,2,1
4262,38189,0.4,0,3,6,5,1
4263,38210,6.04,0,15,18,21,1
4264,38211,-1.01,0,0,3,1,1
4265,38224,3.22,0,9,12,13,1
4266,38229,0.95,0,4,7,5,1
4267,38248,3.96,0,11,14,19,1
4268,38250,-0.52,0,1,4,2,1
4269,38268,4.02,0,11,14,18,1
4270,38271,-0.03,0,2,5,3,1
4271,38274,-0.03,0,2,5,3,1
4272,38294,4.45,0,12,15,20,1
4273,38295,-1.01,0,0,3,1,1
4274,38299,-0.09,0,2,5,4,1
4275,38301,-0.52,0,1,4,2,1
4276,38312,2.24,0,7,10,11,1
4277,38344,5.93,0,16,19,32,1
4278,38352,1.32,0,5,8,8,1
4279,38362,2.3,0,7,10,10,1
4280,38365,-0.03,0,2,5,3,1
4281,38368,-0.03,0,2,5,3,1
4282,38371,-0.03,0,2,5,3,1
4283,38391,3.9,0,11,14,20,1
4284,38407,3.59,0,10,13,16,1
4285,38414,1.93,0,6,9,7,1
4286,38423,2.91,0,8,11,9,1
4287,38425,-0.52,0,1,4,2,1
4288,38472,7.23,0,20,23,47,1
4289,38473,-1.01,0,0,3,1,1
4290,38483,3.4,0,9,12,10,1
4291,38507,5.86,0,15,18,24,1
4292,38512,0.95,0,4,7,5,1
4293,38518,0.34,0,3,6,6,1
4294,38523,0.4,0,3,6,5,1
4295,38548,6.35,0,16,19,25,1
4296,38549,-1.01,0,0,3,1,1
4297,38571,4.33,0,12,15,22,1
4298,38576,0.4,0,3,6,5,1
4299,38624,5.52,0,17,20,48,1
4300,38638,4.81,0,12,15,14,1
4301,38654,4.14,0,11,14,16,1
4302,38659,0.95,0,4,7,5,1
4303,38665,0.89,0,4,7,6,1
4304,38668,-0.03,0,2,5,3,1
4305,38669,-1.01,0,0,3,1,1
4306,38674,0.95,0,4,7,5,1
4307,38680,1.44,0,5,8,6,1
4308,38684,0.46,0,3,6,4,1
4309,38698,3.16,0,9,12,14,1
4310,38702,0.46,0,3,6,4,1
4311,38714,3.28,0,9,12,12,1
4312,38728,3.71,0,10,13,14,1
4313,38735,1.38,0,5,8,7,1
4314,38741,0.89,0,4,7,6,1
4315,38755,2.06,0,7,10,14,1
4316,38758,-0.03,0,2,5,3,1
4317,38760,-0.52,0,1,4,2,1
4318,38770,2.85,0,8,11,10,1
4319,38777,1.93,0,6,9,7,1
4320,38815,6.12,0,17,20,38,1
4321,38821,1.44,0,5,8,6,1
4322,38822,-1.01,0,0,3,1,1
4323,38823,-1.01,0,0,3,1,1
4324,38830,1.38,0,5,8,7,1
4325,38844,3.16,0,9,12,14,1
4326,38848,0.46,0,3,6,4,1
4327,38856,2.42,0,7,10,8,1
4328,38862,0.89,0,4,7,6,1
4329,38866,0.46,0,3,6,4,1
4330,38897,4.34,0,13,16,31,1
4331,38914,2.98,0,9,12,17,1
4332,38920,0.89,0,4,7,6,1
4333,38924,0.46,0,3,6,4,1
4334,38932,1.87,0,6,9,8,1
4335,38942,2.85,0,8,11,10,1
4336,38945,-0.03,0,2,5,3,1
4337,38960,3.65,0,10,13,15,1
4338,38961,-1.01,0,0,3,1,1
4339,38971,2.85,0,8,11,10,1
4340,39014,6.92,0,19,22,43,1
4341,39022,0.77,0,4,7,8,1
4342,39039,3.53,0,10,13,17,1
4343,39042,-0.03,0,2,5,3,1
4344,39045,-0.03,0,2,5,3,1
4345,39062,3.53,0,10,13,17,1
4346,39063,-1.01,0,0,3,1,1
4347,39067,0.46,0,3,6,4,1
4348,39094,6.78,0,17,20,27,1
4349,39096,-0.52,0,1,4,2,1
4350,39100,0.46,0,3,6,4,1
4351,39101,-1.01,0,0,3,1,1
4352,39105,0.46,0,3,6,4,1
4353,39108,-0.03,0,2,5,3,1
4354,39119,3.34,0,9,12,11,1
4355,39133,4.26,0,11,14,14,1
4356,39135,-0.52,0,1,4,2,1
4357,39136,-1.01,0,0,3,1,1
4358,39140,0.46,0,3,6,4,1
4359,39142,-0.52,0,1,4,2,1
4360,39177,6.85,0,18,21,35,1
4361,39186,1.81,0,6,9,9,1
4362,39204,5.67,0,14,17,18,1
4363,39227,4.82,0,13,16,23,1
4364,39235,2.42,0,7,10,8,1
4365,39240,0.95,0,4,7,5,1
4366,39242,-0.52,0,1,4,2,1
4367,39257,3.1,0,9,12,15,1
4368,39258,-1.01,0,0,3,1,1
4369,39280,5.43,0,14,17,22,1
4370,39289,1.81,0,6,9,9,1
4371,39291,-0.52,0,1,4,2,1
4372,39293,-0.52,0,1,4,2,1
4373,39294,-1.01,0,0,3,1,1
4374,39295,-1.01,0,0,3,1,1
4375,39299,-0.09,0,2,5,4,1
4376,39309,2.85,0,8,11,10,1
4377,39316,1.93,0,6,9,7,1
4378,39318,-0.52,0,1,4,2,1
4379,39324,0.89,0,4,7,6,1
4380,39325,-1.01,0,0,3,1,1
4381,39326,-1.01,0,0,3,1,1
4382,39345,4.51,0,12,15,19,1
4383,39359,3.16,0,9,12,14,1
4384,39360,-1.01,0,0,3,1,1
4385,39365,0.95,0,4,7,5,1
4386,39374,2.36,0,7,10,9,1
4387,39375,-1.01,0,0,3,1,1
4388,39413,6.12,0,17,20,38,1
4389,39420,1.93,0,6,9,7,1
4390,39423,-0.03,0,2,5,3,1
4391,39427,0.46,0,3,6,4,1
4392,39429,-0.52,0,1,4,2,1
4393,39431,-0.52,0,1,4,2,1
4394,39433,-0.52,0,1,4,2,1
4395,39437,0.46,0,3,6,4,1
4396,39441,0.46,0,3,6,4,1
4397,39472,5.44,0,15,18,31,1
4398,39479,1.38,0,5,8,7,1
4399,39493,4.81,0,12,15,14,1
4400,39497,0.46,0,3,6,4,1
4401,39499,-0.52,0,1,4,2,1
4402,39503,0.46,0,3,6,4,1
4403,39510,1.38,0,5,8,7,1
4404,39521,2.79,0,8,11,11,1
4405,39523,-0.52,0,1,4,2,1
4406,39524,-1.01,0,0,3,1,1
4407,39526,-0.52,0,1,4,2,1
4408,39529,-0.03,0,2,5,3,1
4409,39532,-0.03,0,2,5,3,1
4410,39536,0.46,0,3,6,4,1
4411,39540,0.46,0,3,6,4,1
4412,39547,1.38,0,5,8,7,1
4413,39549,-0.52,0,1,4,2,1
4414,39552,-0.03,0,2,5,3,1
4415,39555,-0.03,0,2,5,3,1
4416,39565,2.85,0,8,11,10,1
4417,39575,2.3,0,7,10,10,1
4418,39586,2.79,0,8,11,11,1
4419,39591,0.95,0,4,7,5,1
4420,39595,-0.09,0,2,5,4,1
4421,39597,-0.52,0,1,4,2,1
4422,39599,-0.52,0,1,4,2,1
4423,39611,3.28,0,9,12,12,1
4424,39612,-1.01,0,0,3,1,1
4425,39617,0.4,0,3,6,5,1
4426,39621,0.46,0,3,6,4,1
4427,39623,-0.52,0,1,4,2,1
4428,39631,2.42,0,7,10,8,1
4429,39635,0.46,0,3,6,4,1
4430,39638,-0.03,0,2,5,3,1
4431,39653,3.65,0,10,13,15,1
4432,39654,-1.01,0,0,3,1,1
4433,39660,1.44,0,5,8,6,1
4434,39679,5.61,0,14,17,19,1
4435,39683,-0.09,0,2,5,4,1
4436,39688,0.95,0,4,7,5,1
4437,39692,0.46,0,3,6,4,1
4438,39702,3.4,0,9,12,10,1
4439,39704,-0.52,0,1,4,2,1
4440,39709,0.4,0,3,6,5,1
4441,39712,-0.03,0,2,5,3,1
4442,39717,0.95,0,4,7,5,1
4443,39724,1.93,0,6,9,7,1
4444,39735,3.34,0,9,12,11,1
4445,39751,3.59,0,10,13,16,1
4446,39758,0.83,0,4,7,7,1
4447,39762,0.46,0,3,6,4,1
4448,39763,-1.01,0,0,3,1,1
4449,39767,-0.09,0,2,5,4,1
4450,39771,-0.09,0,2,5,4,1
4451,39772,-1.01,0,0,3,1,1
4452,39775,-0.03,0,2,5,3,1
4453,39795,3.9,0,11,14,20,1
4454,39800,0.95,0,4,7,5,1
4455,39817,2.98,0,9,12,17,1
4456,39827,2.3,0,7,10,10,1
4457,39832,0.4,0,3,6,5,1
4458,39839,1.93,0,6,9,7,1
4459,39842,-0.03,0,2,5,3,1
4460,39851,2.91,0,8,11,9,1
4461,39865,2.61,0,8,11,14,1
4462,39870,0.4,0,3,6,5,1
4463,39878,2.42,0,7,10,8,1
4464,39885,1.38,0,5,8,7,1
4465,39896,2.24,0,7,10,11,1
4466,39901,0.95,0,4,7,5,1
4467,39906,0.95,0,4,7,5,1
4468,39914,2.42,0,7,10,8,1
4469,39935,4.39,0,12,15,21,1
4470,39946,2.24,0,7,10,11,1
4471,39951,0.95,0,4,7,5,1
4472,39960,2.36,0,7,10,9,1
4473,39963,-0.03,0,2,5,3,1
4474,39964,-1.01,0,0,3,1,1
4475,39986,4.88,0,13,16,22,1
4476,40004,4.02,0,11,14,18,1
4477,40009,0.4,0,3,6,5,1
4478,40012,-0.03,0,2,5,3,1
4479,40028,5.24,0,13,16,16,1
4480,40068,5.45,0,16,19,40,1
4481,40070,-0.52,0,1,4,2,1
4482,40073,-0.58,0,1,4,3,1
4483,40096,4.82,0,13,16,23,1
4484,40099,-0.03,0,2,5,3,1
4485,40102,-0.03,0,2,5,3,1
4486,40109,1.93,0,6,9,7,1
4487,40134,6.9,0,17,20,25,1
4488,40143,1.81,0,6,9,9,1
4489,40144,-1.01,0,0,3,1,1
4490,40176,5.38,0,15,18,32,1
4491,40177,-1.01,0,0,3,1,1
4492,40187,2.85,0,8,11,10,1
4493,40198,3.34,0,9,12,11,1
4494,40214,4.14,0,11,14,16,1
4495,40218,0.46,0,3,6,4,1
4496,40219,-1.01,0,0,3,1,1
4497,40224,0.4,0,3,6,5,1
4498,40244,5.55,0,14,17,20,1
4499,40268,5.31,0,14,17,24,1
4500,40269,-1.01,0,0,3,1,1
4501,40270,-1.01,0,0,3,1,1
4502,40284,4.26,0,11,14,14,1
4503,40286,-0.52,0,1,4,2,1
4504,40291,0.4,0,3,6,5,1
4505,40302,3.34,0,9,12,11,1
4506,40309,0.83,0,4,7,7,1
4507,40311,-0.52,0,1,4,2,1
4508,40322,3.34,0,9,12,11,1
4509,40324,-0.52,0,1,4,2,1
4510,40328,-0.09,0,2,5,4,1
4511,40338,1.75,0,6,9,10,1
4512,40376,5.57,0,16,19,38,1
4513,40388,1.08,0,5,8,12,1
4514,40390,-0.52,0,1,4,2,1
4515,40411,5.49,0,14,17,21,1
4516,40414,-0.03,0,2,5,3,1
4517,40419,0.95,0,4,7,5,1
4518,40431,3.28,0,9,12,12,1
4519,40435,-0.09,0,2,5,4,1
4520,40437,-0.52,0,1,4,2,1
4521,40515,5.92,0,21,24,78,1
4522,40521,1.44,0,5,8,6,1
4523,40526,0.4,0,3,6,5,1
4524,40546,5.55,0,14,17,20,1
4525,40568,4.88,0,13,16,22,1
4526,40569,-1.01,0,0,3,1,1
4527,40570,-1.01,0,0,3,1,1
4528,40571,-1.01,0,0,3,1,1
4529,40573,-0.52,0,1,4,2,1
4530,40607,5.81,0,16,19,34,1
4531,40611,0.46,0,3,6,4,1
4532,40615,0.46,0,3,6,4,1
4533,40621,1.44,0,5,8,6,1
4534,40632,2.79,0,8,11,11,1
4535,40635,-0.03,0,2,5,3,1
4536,40644,1.81,0,6,9,9,1
4537,40650,1.44,0,5,8,6,1
4538,40665,4.75,0,12,15,15,1
4539,40667,-0.52,0,1,4,2,1
4540,40670,-0.03,0,2,5,3,1
4541,40673,-0.03,0,2,5,3,1
4542,40676,-0.03,0,2,5,3,1
4543,40685,1.26,0,5,8,9,1
4544,40700,3.65,0,10,13,15,1
4545,40733,5.32,0,15,18,33,1
4546,40735,-0.52,0,1,4,2,1
4547,40755,4.45,0,12,15,20,1
4548,40766,2.24,0,7,10,11,1
4549,40774,2.42,0,7,10,8,1
4550,40782,1.32,0,5,8,8,1
4551,40784,-0.52,0,1,4,2,1
4552,40793,1.81,0,6,9,9,1
4553,40801,1.87,0,6,9,8,1
4554,40806,0.95,0,4,7,5,1
4555,40808,-0.52,0,1,4,2,1
4556,40810,-0.52,0,1,4,2,1
4557,40820,1.75,0,6,9,10,1
4558,40823,-0.03,0,2,5,3,1
4559,40830,1.38,0,5,8,7,1
4560,40837,1.38,0,5,8,7,1
4561,40839,-0.52,0,1,4,2,1
4562,40849,1.75,0,6,9,10,1
4563,40851,-0.52,0,1,4,2,1
4564,40859,1.87,0,6,9,8,1
4565,40868,1.81,0,6,9,9,1
4566,40884,4.14,0,11,14,16,1
4567,40887,-0.03,0,2,5,3,1
4568,40889,-0.52,0,1,4,2,1
4569,40896,1.93,0,6,9,7,1
4570,40903,1.38,0,5,8,7,1
4571,40911,1.32,0,5,8,8,1
4572,40917,1.44,0,5,8,6,1
4573,40937,4.45,0,12,15,20,1
4574,40945,2.42,0,7,10,8,1
4575,40949,0.46,0,3,6,4,1
4576,40950,-1.01,0,0,3,1,1
4577,40966,3.59,0,10,13,16,1
4578,40974,2.42,0,7,10,8,1
4579,41005,5.99,0,16,19,31,1
4580,41051,6.74,0,19,22,46,1
4581,41059,1.32,0,5,8,8,1
4582,41060,-1.01,0,0,3,1,1
4583,41064,0.46,0,3,6,4,1
4584,41075,3.34,0,9,12,11,1
4585,41076,-1.01,0,0,3,1,1
4586,41082,0.89,0,4,7,6,1
4587,41094,3.83,0,10,13,12,1
4588,41103,2.36,0,7,10,9,1
4589,41113,3.4,0,9,12,10,1
4590,41118,0.95,0,4,7,5,1
4591,41129,1.69,0,6,9,11,1
4592,41131,-0.52,0,1,4,2,1
4593,41135,0.46,0,3,6,4,1
4594,41155,3.9,0,11,14,20,1
4595,41157,-0.52,0,1,4,2,1
4596,41158,-1.01,0,0,3,1,1
4597,41172,4.26,0,11,14,14,1
4598,41175,-0.03,0,2,5,3,1
4599,41190,3.65,0,10,13,15,1
4600,41194,0.46,0,3,6,4,1
4601,41198,0.46,0,3,6,4,1
4602,41200,-0.52,0,1,4,2,1
4603,41216,3.59,0,10,13,16,1
4604,41221,-0.15,0,2,5,5,1
4605,41227,1.44,0,5,8,6,1
4606,41236,1.81,0,6,9,9,1
4607,41245,1.81,0,6,9,9,1
4608,41248,-0.03,0,2,5,3,1
4609,41250,-0.52,0,1,4,2,1
4610,41252,-0.52,0,1,4,2,1
4611,41268,3.04,0,9,12,16,1
4612,41280,2.73,0,8,11,12,1
4613,41281,-1.01,0,0,3,1,1
4614,41293,2.18,0,7,10,12,1
4615,41298,0.95,0,4,7,5,1
4616,41299,-1.01,0,0,3,1,1
4617,41300,-1.01,0,0,3,1,1
4618,41306,1.44,0,5,8,6,1
4619,41340,6.91,0,18,21,34,1
4620,41348,1.87,0,6,9,8,1
4621,41349,-1.01,0,0,3,1,1
4622,41357,1.87,0,6,9,8,1
4623,41365,1.87,0,6,9,8,1
4624,41366,-1.01,0,0,3,1,1
4625,41382,4.14,0,11,14,16,1
4626,41386,-0.09,0,2,5,4,1
4627,41410,5.31,0,14,17,24,1
4628,41417,1.38,0,5,8,7,1
4629,41434,3.53,0,10,13,17,1
4630,41444,1.75,0,6,9,10,1
4631,41456,3.28,0,9,12,12,1
4632,41457,-1.01,0,0,3,1,1
4633,41458,-1.01,0,0,3,1,1
4634,41472,4.26,0,11,14,14,1
4635,41482,1.75,0,6,9,10,1
4636,41500,4.57,0,12,15,18,1
4637,41504,0.46,0,3,6,4,1
4638,41509,0.4,0,3,6,5,1
4639,41523,2.61,0,8,11,14,1
4640,41536,3.22,0,9,12,13,1
4641,41541,-0.15,0,2,5,5,1
4642,41547,0.89,0,4,7,6,1
4643,41557,2.3,0,7,10,10,1
4644,41567,2.85,0,8,11,10,1
4645,41573,1.44,0,5,8,6,1
4646,41578,0.4,0,3,6,5,1
4647,41581,-0.03,0,2,5,3,1
4648,41586,0.4,0,3,6,5,1
4649,41593,1.38,0,5,8,7,1
4650,41599,0.89,0,4,7,6,1
4651,41619,3.9,0,11,14,20,1
4652,41657,5.57,0,16,19,38,1
4653,41672,4.75,0,12,15,15,1
4654,41675,-0.03,0,2,5,3,1
4655,41677,-0.52,0,1,4,2,1
4656,41692,3.1,0,9,12,15,1
4657,41695,-0.03,0,2,5,3,1
4658,41725,7.15,0,18,21,30,1
4659,41730,0.95,0,4,7,5,1
4660,41747,4.08,0,11,14,17,1
4661,41753,1.44,0,5,8,6,1
4662,41763,2.3,0,7,10,10,1
4663,41768,0.95,0,4,7,5,1
4664,41778,2.85,0,8,11,10,1
4665,41780,-0.52,0,1,4,2,1
4666,41788,1.87,0,6,9,8,1
4667,41794,0.89,0,4,7,6,1
4668,41818,5.86,0,15,18,24,1
4669,41820,-0.52,0,1,4,2,1
4670,41830,2.3,0,7,10,10,1
4671,41833,-0.03,0,2,5,3,1
4672,41835,-0.52,0,1,4,2,1
4673,41844,2.36,0,7,10,9,1
4674,41861,4.63,0,12,15,17,1
4675,41862,-1.01,0,0,3,1,1
4676,41864,-0.52,0,1,4,2,1
4677,41878,4.26,0,11,14,14,1
4678,41886,1.32,0,5,8,8,1
4679,41896,2.3,0,7,10,10,1
4680,41906,2.3,0,7,10,10,1
4681,41933,5.68,0,15,18,27,1
4682,41934,-1.01,0,0,3,1,1
4683,41947,2.12,0,7,10,13,1
4684,41950,-0.03,0,2,5,3,1
4685,41961,3.34,0,9,12,11,1
4686,41965,0.46,0,3,6,4,1
4687,41966,-1.01,0,0,3,1,1
4688,41974,2.42,0,7,10,8,1
4689,41990,3.04,0,9,12,16,1
4690,41997,0.83,0,4,7,7,1
4691,42009,2.73,0,8,11,12,1
4692,42017,1.32,0,5,8,8,1
4693,42021,0.46,0,3,6,4,1
4694,42034,3.22,0,9,12,13,1
4695,42037,-0.58,0,1,4,3,1
4696,42041,0.46,0,3,6,4,1
4697,42045,0.46,0,3,6,4,1
4698,42055,1.75,0,6,9,10,1
4699,42076,4.94,0,13,16,21,1
4700,42077,-1.01,0,0,3,1,1
4701,42092,4.2,0,11,14,15,1
4702,42129,6.18,0,17,20,37,1
4703,42132,-0.58,0,1,4,3,1
4704,42137,0.4,0,3,6,5,1
4705,42145,2.42,0,7,10,8,1
4706,42157,3.28,0,9,12,12,1
4707,42159,-0.52,0,1,4,2,1
4708,42162,-0.58,0,1,4,3,1
4709,42179,4.08,0,11,14,17,1
4710,42184,0.95,0,4,7,5,1
4711,42186,-0.52,0,1,4,2,1
4712,42198,3.83,0,10,13,12,1
4713,42200,-0.52,0,1,4,2,1
4714,42202,-0.52,0,1,4,2,1
4715,42203,-1.01,0,0,3,1,1
4716,42209,0.89,0,4,7,6,1
4717,42218,2.91,0,8,11,9,1
4718,42231,3.22,0,9,12,13,1
4719,42241,1.75,0,6,9,10,1
4720,42242,-1.01,0,0,3,1,1
4721,42259,3.53,0,10,13,17,1
4722,42262,-0.03,0,2,5,3,1
4723,42266,0.46,0,3,6,4,1
4724,42271,0.95,0,4,7,5,1
4725,42298,5.68,0,15,18,27,1
4726,42300,-0.52,0,1,4,2,1
4727,42301,-1.01,0,0,3,1,1
4728,42313,2.73,0,8,11,12,1
4729,42320,1.93,0,6,9,7,1
4730,42326,0.89,0,4,7,6,1
4731,42330,0.46,0,3,6,4,1
4732,42337,1.93,0,6,9,7,1
4733,42357,4.45,0,12,15,20,1
4734,42377,4.45,0,12,15,20,1
4735,42389,3.83,0,10,13,12,1
4736,42403,3.16,0,9,12,14,1
4737,42411,1.87,0,6,9,8,1
4738,42420,1.81,0,6,9,9,1
4739,42422,-0.52,0,1,4,2,1
4740,42424,-0.52,0,1,4,2,1
4741,42428,-0.09,0,2,5,4,1
4742,42445,4.08,0,11,14,17,1
4743,42488,6.37,0,18,21,43,1
4744,42501,3.77,0,10,13,13,1
4745,42513,2.73,0,8,11,12,1
4746,42521,2.42,0,7,10,8,1
4747,42523,-0.52,0,1,4,2,1
4748,42525,-0.52,0,1,4,2,1
4749,42526,-1.01,0,0,3,1,1
4750,42527,-1.01,0,0,3,1,1
4751,42530,-0.03,0,2,5,3,1
4752,42534,0.46,0,3,6,4,1
4753,42555,4.94,0,13,16,21,1
4754,42564,2.91,0,8,11,9,1
4755,42565,-1.01,0,0,3,1,1
4756,42575,2.3,0,7,10,10,1
4757,42581,0.89,0,4,7,6,1
4758,42582,-1.01,0,0,3,1,1
4759,42595,3.22,0,9,12,13,1
4760,42600,0.95,0,4,7,5,1
4761,42607,1.38,0,5,8,7,1
4762,42610,-0.03,0,2,5,3,1
4763,42613,-0.03,0,2,5,3,1
4764,42617,-0.09,0,2,5,4,1
4765,42622,0.4,0,3,6,5,1
4766,42623,-1.01,0,0,3,1,1
4767,42646,5.37,0,14,17,23,1
4768,42652,0.89,0,4,7,6,1
4769,42667,3.65,0,10,13,15,1
4770,42669,-0.52,0,1,4,2,1
4771,42672,-0.03,0,2,5,3,1
4772,42680,1.87,0,6,9,8,1
4773,42684,-0.09,0,2,5,4,1
4774,42706,3.78,0,11,14,22,1
4775,42709,-0.03,0,2,5,3,1
4776,42722,3.77,0,10,13,13,1
4777,42743,4.94,0,13,16,21,1
4778,42745,-0.52,0,1,4,2,1
4779,42748,-0.03,0,2,5,3,1
4780,42752,0.46,0,3,6,4,1
4781,42766,2.61,0,8,11,14,1
4782,42782,3.59,0,10,13,16,1
4783,42789,1.38,0,5,8,7,1
4784,42799,3.4,0,9,12,10,1
4785,42811,2.73,0,8,11,12,1
4786,42815,0.46,0,3,6,4,1
4787,42817,-0.52,0,1,4,2,1
4788,42818,-1.01,0,0,3,1,1
4789,42823,0.95,0,4,7,5,1
4790,42825,-0.52,0,1,4,2,1
4791,42830,0.4,0,3,6,5,1
4792,42845,3.65,0,10,13,15,1
4793,42857,3.83,0,10,13,12,1
4794,42863,-0.21,0,2,5,6,1
4795,42864,-1.01,0,0,3,1,1
4796,42870,0.89,0,4,7,6,1
4797,42874,0.46,0,3,6,4,1
4798,42919,6.8,0,19,22,45,1
4799,42923,0.46,0,3,6,4,1
4800,42928,0.95,0,4,7,5,1
4801,42940,3.28,0,9,12,12,1
4802,42943,-0.03,0,2,5,3,1
4803,42946,-0.03,0,2,5,3,1
4804,42961,3.1,0,9,12,15,1
4805,42970,2.91,0,8,11,9,1
4806,42977,1.93,0,6,9,7,1
4807,42980,-0.03,0,2,5,3,1
4808,43009,5.56,0,15,18,29,1
4809,43028,3.41,0,10,13,19,1
4810,43030,-0.52,0,1,4,2,1
4811,43038,2.42,0,7,10,8,1
4812,43039,-1.01,0,0,3,1,1
4813,43043,-0.09,0,2,5,4,1
4814,43056,2.67,0,8,11,13,1
4815,43073,4.08,0,11,14,17,1
4816,43080,1.93,0,6,9,7,1
4817,43084,0.46,0,3,6,4,1
4818,43093,1.81,0,6,9,9,1
4819,43101,1.87,0,6,9,8,1
4820,43116,4.2,0,11,14,15,1
4821,43120,-0.09,0,2,5,4,1
4822,43130,2.3,0,7,10,10,1
4823,43134,0.46,0,3,6,4,1
4824,43151,4.08,0,11,14,17,1
4825,43155,-0.09,0,2,5,4,1
4826,43164,1.81,0,6,9,9,1
4827,43176,3.28,0,9,12,12,1
4828,43177,-1.01,0,0,3,1,1
4829,43181,-0.09,0,2,5,4,1
4830,43189,1.32,0,5,8,8,1
4831,43190,-1.01,0,0,3,1,1
4832,43197,1.93,0,6,9,7,1
4833,43219,5.98,0,15,18,22,1
4834,43225,1.44,0,5,8,6,1
4835,43248,4.27,0,12,15,23,1
4836,43251,-0.03,0,2,5,3,1
4837,43253,-0.52,0,1,4,2,1
4838,43254,-1.01,0,0,3,1,1
4839,43264,1.75,0,6,9,10,1
4840,43269,0.95,0,4,7,5,1
4841,43272,-0.03,0,2,5,3,1
4842,43274,-0.52,0,1,4,2,1
4843,43278,-0.09,0,2,5,4,1
4844,43285,1.38,0,5,8,7,1
4845,43288,-0.03,0,2,5,3,1
4846,43290,-0.52,0,1,4,2,1
4847,43292,-0.52,0,1,4,2,1
4848,43310,4.57,0,12,15,18,1
4849,43315,0.95,0,4,7,5,1
4850,43322,1.38,0,5,8,7,1
4851,43335,4.32,0,11,14,13,1
4852,43337,-0.52,0,1,4,2,1
4853,43341,0.46,0,3,6,4,1
4854,43346,0.95,0,4,7,5,1
4855,43354,2.42,0,7,10,8,1
4856,43381,5.68,0,15,18,27,1
4857,43402,4.94,0,13,16,21,1
4858,43407,0.95,0,4,7,5,1
4859,43426,5.61,0,14,17,19,1
4860,43432,1.44,0,5,8,6,1
4861,43433,-1.01,0,0,3,1,1
4862,43443,2.85,0,8,11,10,1
4863,43453,2.3,0,7,10,10,1
4864,43459,1.44,0,5,8,6,1
4865,43460,-1.01,0,0,3,1,1
4866,43471,3.34,0,9,12,11,1
4867,43481,2.85,0,8,11,10,1
4868,43482,-1.01,0,0,3,1,1
4869,43484,-0.52,0,1,4,2,1
4870,43492,1.87,0,6,9,8,1
4871,43498,1.44,0,5,8,6,1
4872,43521,5.92,0,15,18,23,1
4873,43524,-0.03,0,2,5,3,1
4874,43527,-0.58,0,1,4,3,1
4875,43528,-1.01,0,0,3,1,1
4876,43533,0.4,0,3,6,5,1
4877,43546,3.77,0,10,13,13,1
4878,43561,3.1,0,9,12,15,1
4879,43573,3.83,0,10,13,12,1
4880,43578,0.4,0,3,6,5,1
4881,43584,1.44,0,5,8,6,1
4882,43596,1.63,0,6,9,12,1
4883,43604,2.42,0,7,10,8,1
4884,43615,2.79,0,8,11,11,1
4885,43625,2.85,0,8,11,10,1
4886,43629,0.46,0,3,6,4,1
4887,43636,1.38,0,5,8,7,1
4888,43640,0.46,0,3,6,4,1
4889,43645,0.95,0,4,7,5,1
4890,43668,4.82,0,13,16,23,1
4891,43672,0.46,0,3,6,4,1
4892,43692,5.0,0,13,16,20,1
4893,43697,0.95,0,4,7,5,1
4894,43714,4.08,0,11,14,17,1
4895,43725,3.34,0,9,12,11,1
4896,43729,-0.09,0,2,5,4,1
4897,43737,2.42,0,7,10,8,1
4898,43750,3.77,0,10,13,13,1
4899,43756,1.44,0,5,8,6,1
4900,43762,1.44,0,5,8,6,1
4901,43767,0.95,0,4,7,5,1
4902,43780,3.77,0,10,13,13,1
4903,43783,-0.03,0,2,5,3,1
4904,43812,6.11,0,16,19,29,1
4905,43813,-1.01,0,0,3,1,1
4906,43815,-0.52,0,1,4,2,1
4907,43818,-0.03,0,2,5,3,1
4908,43822,0.46,0,3,6,4,1
4909,43848,4.64,0,13,16,26,1
4910,43855,1.38,0,5,8,7,1
4911,43863,2.42,0,7,10,8,1
4912,43902,7.16,0,19,22,39,1
4913,43905,-0.03,0,2,5,3,1
4914,43917,2.18,0,7,10,12,1
4915,43920,-0.03,0,2,5,3,1
4916,43929,1.81,0,6,9,9,1
4917,43931,-0.52,0,1,4,2,1
4918,43933,-0.52,0,1,4,2,1
4919,43934,-1.01,0,0,3,1,1
4920,43936,-0.52,0,1,4,2,1
4921,43943,1.38,0,5,8,7,1
4922,43944,-1.01,0,0,3,1,1
4923,43947,-0.03,0,2,5,3,1
4924,43958,3.34,0,9,12,11,1
4925,43979,3.84,0,11,14,21,1
4926,43980,-1.01,0,0,3,1,1
4927,43981,-1.01,0,0,3,1,1
4928,44002,3.29,0,10,13,21,1
4929,44007,0.4,0,3,6,5,1
4930,44010,-0.03,0,2,5,3,1
4931,44017,1.93,0,6,9,7,1
4932,44027,2.3,0,7,10,10,1
4933,44046,3.41,0,10,13,19,1
4934,44053,1.38,0,5,8,7,1
4935,44060,1.38,0,5,8,7,1
4936,44065,0.95,0,4,7,5,1
4937,44067,-0.52,0,1,4,2,1
4938,44085,4.02,0,11,14,18,1
4939,44094,2.91,0,8,11,9,1
4940,44098,0.46,0,3,6,4,1
4941,44102,0.46,0,3,6,4,1
4942,44109,1.38,0,5,8,7,1
4943,44116,1.38,0,5,8,7,1
4944,44138,4.88,0,13,16,22,1
4945,44140,-0.52,0,1,4,2,1
4946,44144,-0.09,0,2,5,4,1
4947,44145,-1.01,0,0,3,1,1
4948,44160,4.2,0,11,14,15,1
4949,44179,5.06,0,13,16,19,1
4950,44207,5.62,0,15,18,28,1
4951,44213,1.44,0,5,8,6,1
4952,44216,-0.03,0,2,5,3,1
4953,44217,-1.01,0,0,3,1,1
4954,44220,-0.03,0,2,5,3,1
4955,44221,-1.01,0,0,3,1,1
4956,44234,3.22,0,9,12,13,1
4957,44238,0.46,0,3,6,4,1
4958,44242,0.46,0,3,6,4,1
4959,44252,2.3,0,7,10,10,1
4960,44254,-0.52,0,1,4,2,1
4961,44265,2.79,0,8,11,11,1
4962,44266,-1.01,0,0,3,1,1
4963,44289,4.82,0,13,16,23,1
4964,44310,3.84,0,11,14,21,1
4965,44311,-1.01,0,0,3,1,1
4966,44316,-0.15,0,2,5,5,1
4967,44317,-1.01,0,0,3,1,1
4968,44325,1.32,0,5,8,8,1
4969,44330,0.95,0,4,7,5,1
4970,44336,1.44,0,5,8,6,1
4971,44340,0.46,0,3,6,4,1
4972,44350,2.85,0,8,11,10,1
4973,44355,0.95,0,4,7,5,1
4974,44378,1.52,0,7,10,23,1
4975,44381,-0.03,0,2,5,3,1
4976,44395,3.71,0,10,13,14,1
4977,44411,5.24,0,13,16,16,1
4978,44424,3.22,0,9,12,13,1
4979,44429,0.95,0,4,7,5,1
4980,44450,3.84,0,11,14,21,1
4981,44454,0.46,0,3,6,4,1
4982,44458,0.46,0,3,6,4,1
4983,44472,4.26,0,11,14,14,1
4984,44490,4.57,0,12,15,18,1
4985,44504,3.71,0,10,13,14,1
4986,44510,1.44,0,5,8,6,1
4987,44519,2.36,0,7,10,9,1
4988,44569,5.95,0,18,21,50,1
4989,44577,2.42,0,7,10,8,1
4990,44578,-1.01,0,0,3,1,1
4991,44586,2.42,0,7,10,8,1
4992,44589,-0.03,0,2,5,3,1
4993,44596,1.93,0,6,9,7,1
4994,44602,0.89,0,4,7,6,1
4995,44603,-1.01,0,0,3,1,1
4996,44631,5.62,0,15,18,28,1
4997,44662,4.89,0,14,17,31,1
4998,44665,-0.03,0,2,5,3,1
4999,44687,4.88,0,13,16,22,1
5000,44704,3.53,0,10,13,17,1
5001,44705,-1.01,0,0,3,1,1
5002,44735,6.05,0,16,19,30,1
5003,44752,4.63,0,12,15,17,1
5004,44756,0.46,0,3,6,4,1
5005,44768,3.28,0,9,12,12,1
5006,44802,6.91,0,18,21,34,1
5007,44809,1.93,0,6,9,7,1
5008,44817,1.32,0,5,8,8,1
5009,44823,1.44,0,5,8,6,1
5010,44842,5.06,0,13,16,19,1
5011,44843,-1.01,0,0,3,1,1
5012,44844,-1.01,0,0,3,1,1
5013,44845,-1.01,0,0,3,1,1
5014,44846,-1.01,0,0,3,1,1
5015,44853,1.38,0,5,8,7,1
5016,44855,-0.52,0,1,4,2,1
5017,44862,1.38,0,5,8,7,1
5018,44877,3.1,0,9,12,15,1
5019,44881,0.46,0,3,6,4,1
5020,44882,-1.01,0,0,3,1,1
5021,44893,2.79,0,8,11,11,1
5022,44914,5.49,0,14,17,21,1
5023,44947,5.32,0,15,18,33,1
5024,44950,-0.03,0,2,5,3,1
5025,44952,-0.52,0,1,4,2,1
5026,44958,1.44,0,5,8,6,1
5027,44960,-0.52,0,1,4,2,1
5028,44971,3.34,0,9,12,11,1
5029,44975,0.46,0,3,6,4,1
5030,44984,0.71,0,4,7,9,1
5031,45001,6.28,0,15,18,17,1
5032,45005,-0.09,0,2,5,4,1
5033,45007,-0.52,0,1,4,2,1
5034,45023,3.59,0,10,13,16,1
5035,45029,1.44,0,5,8,6,1
5036,45040,2.79,0,8,11,11,1
5037,45045,0.4,0,3,6,5,1
5038,45049,0.46,0,3,6,4,1
5039,45050,-1.01,0,0,3,1,1
5040,45071,4.39,0,12,15,21,1
5041,45091,5.55,0,14,17,20,1
5042,45092,-1.01,0,0,3,1,1
5043,45098,0.89,0,4,7,6,1
5044,45108,2.85,0,8,11,10,1
5045,45119,2.79,0,8,11,11,1
5046,45127,1.87,0,6,9,8,1
5047,45134,1.38,0,5,8,7,1
5048,45146,4.38,0,11,14,12,1
5049,45149,-0.03,0,2,5,3,1
5050,45180,6.54,0,17,20,31,1
5051,45192,2.73,0,8,11,12,1
5052,45209,2.98,0,9,12,17,1
5053,45214,0.95,0,4,7,5,1
5054,45225,3.34,0,9,12,11,1
5055,45226,-1.01,0,0,3,1,1
5056,45231,0.95,0,4,7,5,1
5057,45248,3.53,0,10,13,17,1
5058,45251,-0.03,0,2,5,3,1
5059,45284,5.32,0,15,18,33,1
5060,45289,0.4,0,3,6,5,1
5061,45296,1.38,0,5,8,7,1
5062,45325,3.91,0,12,15,29,1
5063,45334,1.81,0,6,9,9,1
5064,45357,5.37,0,14,17,23,1
5065,45361,0.46,0,3,6,4,1
5066,45363,-0.52,0,1,4,2,1
5067,45387,3.66,0,11,14,24,1
5068,45388,-1.01,0,0,3,1,1
5069,45392,-0.09,0,2,5,4,1
5070,45405,3.77,0,10,13,13,1
5071,45408,-0.03,0,2,5,3,1
5072,45410,-0.52,0,1,4,2,1
5073,45413,-0.03,0,2,5,3,1
5074,45417,-0.09,0,2,5,4,1
5075,45440,6.47,0,16,19,23,1
5076,45454,3.71,0,10,13,14,1
5077,45462,1.32,0,5,8,8,1
5078,45479,4.08,0,11,14,17,1
5079,45480,-1.01,0,0,3,1,1
5080,45486,0.89,0,4,7,6,1
5081,45491,0.4,0,3,6,5,1
5082,45492,-1.01,0,0,3,1,1
5083,45508,3.59,0,10,13,16,1
5084,45510,-0.52,0,1,4,2,1
5085,45512,-0.52,0,1,4,2,1
5086,45531,4.51,0,12,15,19,1
5087,45545,2.61,0,8,11,14,1
5088,45552,0.83,0,4,7,7,1
5089,45616,6.21,0,20,23,64,1
5090,45625,1.26,0,5,8,9,1
5091,45632,1.93,0,6,9,7,1
5092,45637,0.95,0,4,7,5,1
5093,45644,1.93,0,6,9,7,1
5094,45647,-0.03,0,2,5,3,1
5095,45660,2.67,0,8,11,13,1
5096,45663,-0.03,0,2,5,3,1
5097,45672,1.81,0,6,9,9,1
5098,45677,0.95,0,4,7,5,1
5099,45683,1.44,0,5,8,6,1
5100,45685,-0.52,0,1,4,2,1
5101,45687,-0.52,0,1,4,2,1
5102,45696,2.91,0,8,11,9,1
5103,45697,-1.01,0,0,3,1,1
5104,45707,2.85,0,8,11,10,1
5105,45716,2.91,0,8,11,9,1
5106,45723,1.38,0,5,8,7,1
5107,45750,5.13,0,14,17,27,1
5108,45757,0.83,0,4,7,7,1
5109,45759,-0.52,0,1,4,2,1
5110,45773,2.61,0,8,11,14,1
5111,45774,-1.01,0,0,3,1,1
5112,45776,-0.52,0,1,4,2,1
5113,45786,2.3,0,7,10,10,1
5114,45789,-0.03,0,2,5,3,1
5115,45790,-1.01,0,0,3,1,1
5116,45800,2.85,0,8,11,10,1
5117,45810,2.85,0,8,11,10,1
5118,45816,0.89,0,4,7,6,1
5119,45829,2.67,0,8,11,13,1
5120,45833,0.46,0,3,6,4,1
5121,45839,0.89,0,4,7,6,1
5122,45842,-0.03,0,2,5,3,1
5123,45847,0.4,0,3,6,5,1
5124,45869,3.78,0,11,14,22,1
5125,45886,4.63,0,12,15,17,1
5126,45888,-0.52,0,1,4,2,1
5127,45891,-0.03,0,2,5,3,1
5128,45892,-1.01,0,0,3,1,1
5129,45910,4.02,0,11,14,18,1
5130,45924,3.71,0,10,13,14,1
5131,45928,0.46,0,3,6,4,1
5132,45931,-0.03,0,2,5,3,1
5133,45932,-1.01,0,0,3,1,1
5134,45950,4.02,0,11,14,18,1
5135,45969,4.51,0,12,15,19,1
5136,45970,-1.01,0,0,3,1,1
5137,45979,2.36,0,7,10,9,1
5138,45985,1.44,0,5,8,6,1
5139,45994,1.81,0,6,9,9,1
5140,45997,-0.03,0,2,5,3,1
5141,46010,2.12,0,7,10,13,1
5142,46015,0.95,0,4,7,5,1
5143,46038,5.37,0,14,17,23,1
5144,46050,3.83,0,10,13,12,1
5145,46061,2.24,0,7,10,11,1
5146,46063,-0.52,0,1,4,2,1
5147,46074,2.79,0,8,11,11,1
5148,46075,-1.01,0,0,3,1,1
5149,46076,-1.01,0,0,3,1,1
5150,46085,2.36,0,7,10,9,1
5151,46096,3.34,0,9,12,11,1
5152,46106,2.3,0,7,10,10,1
5153,46109,-0.03,0,2,5,3,1
5154,46111,-0.52,0,1,4,2,1
5155,46114,-0.03,0,2,5,3,1
5156,46115,-1.01,0,0,3,1,1
5157,46116,-1.01,0,0,3,1,1
5158,46120,0.46,0,3,6,4,1
5159,46123,-0.03,0,2,5,3,1
5160,46132,1.81,0,6,9,9,1
5161,46137,0.95,0,4,7,5,1
5162,46161,5.31,0,14,17,24,1
5163,46167,0.89,0,4,7,6,1
5164,46182,4.2,0,11,14,15,1
5165,46185,-0.03,0,2,5,3,1
5166,46193,1.87,0,6,9,8,1
5167,46206,3.22,0,9,12,13,1
5168,46241,5.2,0,15,18,35,1
5169,46244,-0.03,0,2,5,3,1
5170,46249,0.4,0,3,6,5,1
5171,46271,3.78,0,11,14,22,1
5172,46273,-0.52,0,1,4,2,1
5173,46289,5.24,0,13,16,16,1
5174,46294,0.95,0,4,7,5,1
5175,46295,-1.01,0,0,3,1,1
5176,46298,-0.03,0,2,5,3,1
5177,46302,0.46,0,3,6,4,1
5178,46304,-0.52,0,1,4,2,1
5179,46325,4.94,0,13,16,21,1
5180,46343,4.57,0,12,15,18,1
5181,46363,5.55,0,14,17,20,1
5182,46367,0.46,0,3,6,4,1
5183,46377,2.85,0,8,11,10,1
5184,46378,-1.01,0,0,3,1,1
5185,46379,-1.01,0,0,3,1,1
5186,46388,1.81,0,6,9,9,1
5187,46393,0.95,0,4,7,5,1
5188,46398,0.95,0,4,7,5,1
5189,46412,4.26,0,11,14,14,1
5190,46418,1.44,0,5,8,6,1
5191,46419,-1.01,0,0,3,1,1
5192,46434,4.75,0,12,15,15,1
5193,46439,0.4,0,3,6,5,1
5194,46440,-1.01,0,0,3,1,1
5195,46445,0.95,0,4,7,5,1
5196,46455,2.85,0,8,11,10,1
5197,46459,-0.09,0,2,5,4,1
5198,46472,2.67,0,8,11,13,1
5199,46483,2.24,0,7,10,11,1
5200,46485,-0.52,0,1,4,2,1
5201,46499,3.71,0,10,13,14,1
5202,46500,-1.01,0,0,3,1,1
5203,46546,6.19,0,18,21,46,1
5204,46548,-0.52,0,1,4,2,1
5205,46559,2.24,0,7,10,11,1
5206,46560,-1.01,0,0,3,1,1
5207,46561,-1.01,0,0,3,1,1
5208,46567,1.44,0,5,8,6,1
5209,46573,1.44,0,5,8,6,1
5210,46580,0.83,0,4,7,7,1
5211,46582,-0.52,0,1,4,2,1
5212,46584,-0.52,0,1,4,2,1
5213,46598,3.71,0,10,13,14,1
5214,46601,-0.03,0,2,5,3,1
5215,46604,-0.03,0,2,5,3,1
5216,46611,1.38,0,5,8,7,1
5217,46629,3.47,0,10,13,18,1
5218,46661,7.03,0,18,21,32,1
5219,46665,0.46,0,3,6,4,1
5220,46668,-0.03,0,2,5,3,1
5221,46671,-0.03,0,2,5,3,1
5222,46672,-1.01,0,0,3,1,1
5223,46681,1.81,0,6,9,9,1
5224,46685,0.46,0,3,6,4,1
5225,46688,-0.03,0,2,5,3,1
5226,46695,1.38,0,5,8,7,1
5227,46697,-0.52,0,1,4,2,1
5228,46704,0.83,0,4,7,7,1
5229,46709,0.95,0,4,7,5,1
5230,46724,3.65,0,10,13,15,1
5231,46744,5.55,0,14,17,20,1
5232,46758,3.16,0,9,12,14,1
5233,46774,3.04,0,9,12,16,1
5234,46777,-0.03,0,2,5,3,1
5235,46780,-0.03,0,2,5,3,1
5236,46785,0.95,0,4,7,5,1
5237,46793,0.77,0,4,7,8,1
5238,46794,-1.01,0,0,3,1,1
5239,46806,2.73,0,8,11,12,1
5240,46821,2.0,0,7,10,15,1
5241,46823,-0.52,0,1,4,2,1
5242,46826,-0.03,0,2,5,3,1
5243,46827,-1.01,0,0,3,1,1
5244,46837,3.4,0,9,12,10,1
5245,46850,3.22,0,9,12,13,1
5246,46851,-1.01,0,0,3,1,1
5247,46853,-0.52,0,1,4,2,1
5248,46854,-1.01,0,0,3,1,1
5249,46863,2.36,0,7,10,9,1
5250,46874,2.24,0,7,10,11,1
5251,46880,1.44,0,5,8,6,1
5252,46889,2.91,0,8,11,9,1
5253,46895,1.44,0,5,8,6,1
5254,46904,1.81,0,6,9,9,1
5255,46909,0.95,0,4,7,5,1
5256,46936,6.23,0,16,19,27,1
5257,46942,1.44,0,5,8,6,1
5258,46953,2.79,0,8,11,11,1
5259,46954,-1.01,0,0,3,1,1
5260,46958,0.46,0,3,6,4,1
5261,46959,-1.01,0,0,3,1,1
5262,46961,-0.52,0,1,4,2,1
5263,46963,-0.52,0,1,4,2,1
5264,46970,1.38,0,5,8,7,1
5265,46974,0.46,0,3,6,4,1
5266,46977,-0.03,0,2,5,3,1
5267,46978,-1.01,0,0,3,1,1
5268,46992,3.16,0,9,12,14,1
5269,46997,0.4,0,3,6,5,1
5270,47012,3.65,0,10,13,15,1
5271,47017,0.95,0,4,7,5,1
5272,47021,0.46,0,3,6,4,1
5273,47039,5.12,0,13,16,18,1
5274,47052,3.77,0,10,13,13,1
5275,47059,1.38,0,5,8,7,1
5276,47076,3.53,0,10,13,17,1
5277,47087,2.24,0,7,10,11,1
5278,47089,-0.52,0,1,4,2,1
5279,47100,3.34,0,9,12,11,1
5280,47111,2.24,0,7,10,11,1
5281,47120,1.81,0,6,9,9,1
5282,47122,-0.52,0,1,4,2,1
5283,47124,-0.52,0,1,4,2,1
5284,47128,0.46,0,3,6,4,1
5285,47137,2.36,0,7,10,9,1
5286,47146,1.81,0,6,9,9,1
5287,47148,-0.52,0,1,4,2,1
5288,47149,-1.01,0,0,3,1,1
5289,47166,3.53,0,10,13,17,1
5290,47188,5.98,0,15,18,22,1
5291,47205,5.18,0,13,16,17,1
5292,47208,-0.58,0,1,4,3,1
5293,47248,3.8,0,13,16,40,1
5294,47277,5.01,0,14,17,29,1
5295,47298,4.39,0,12,15,21,1
5296,47300,-0.52,0,1,4,2,1
5297,47314,3.71,0,10,13,14,1
5298,47315,-1.01,0,0,3,1,1
5299,47332,3.53,0,10,13,17,1
5300,47347,3.1,0,9,12,15,1
5301,47351,0.46,0,3,6,4,1
5302,47354,-0.03,0,2,5,3,1
5303,47368,3.16,0,9,12,14,1
5304,47378,2.85,0,8,11,10,1
5305,47389,1.69,0,6,9,11,1
5306,47393,0.46,0,3,6,4,1
5307,47395,-0.52,0,1,4,2,1
5308,47413,5.12,0,13,16,18,1
5309,47416,-0.03,0,2,5,3,1
5310,47425,1.26,0,5,8,9,1
5311,47432,1.38,0,5,8,7,1
5312,47433,-1.01,0,0,3,1,1
5313,47448,3.65,0,10,13,15,1
5314,47454,0.89,0,4,7,6,1
5315,47456,-0.52,0,1,4,2,1
5316,47458,-0.52,0,1,4,2,1
5317,47462,-0.09,0,2,5,4,1
5318,47465,-0.03,0,2,5,3,1
5319,47467,-0.52,0,1,4,2,1
5320,47480,2.67,0,8,11,13,1
5321,47482,-0.52,0,1,4,2,1
5322,47493,2.79,0,8,11,11,1
5323,47502,2.91,0,8,11,9,1
5324,47511,2.36,0,7,10,9,1
5325,47535,4.76,0,13,16,24,1
5326,47543,1.32,0,5,8,8,1
5327,47548,0.4,0,3,6,5,1
5328,47553,0.95,0,4,7,5,1
5329,47555,-0.52,0,1,4,2,1
5330,47557,-0.52,0,1,4,2,1
5331,47558,-1.01,0,0,3,1,1
5332,47566,2.42,0,7,10,8,1
5333,47605,5.51,0,16,19,39,1
5334,47628,4.27,0,12,15,23,1
5335,47634,1.44,0,5,8,6,1
5336,47635,-1.01,0,0,3,1,1
5337,47637,-0.52,0,1,4,2,1
5338,47650,2.67,0,8,11,13,1
5339,47653,-0.03,0,2,5,3,1
5340,47673,3.9,0,11,14,20,1
5341,47675,-0.52,0,1,4,2,1
5342,47677,-0.52,0,1,4,2,1
5343,47687,2.85,0,8,11,10,1
5344,47712,4.7,0,13,16,25,1
5345,47720,1.87,0,6,9,8,1
5346,47725,0.95,0,4,7,5,1
5347,47728,-0.03,0,2,5,3,1
5348,47738,3.4,0,9,12,10,1
5349,47748,1.75,0,6,9,10,1
5350,47759,3.89,0,10,13,11,1
5351,47762,-0.03,0,2,5,3,1
5352,47784,5.43,0,14,17,22,1
5353,47790,1.44,0,5,8,6,1
5354,47793,-0.03,0,2,5,3,1
5355,47794,-1.01,0,0,3,1,1
5356,47808,4.26,0,11,14,14,1
5357,47814,1.44,0,5,8,6,1
5358,47842,5.62,0,15,18,28,1
5359,47843,-1.01,0,0,3,1,1
5360,47844,-1.01,0,0,3,1,1
5361,47845,-1.01,0,0,3,1,1
5362,47848,-0.03,0,2,5,3,1
5363,47866,4.57,0,12,15,18,1
5364,47870,0.46,0,3,6,4,1
5365,47872,-0.52,0,1,4,2,1
5366,47874,-0.52,0,1,4,2,1
5367,47875,-1.01,0,0,3,1,1
5368,47891,4.14,0,11,14,16,1
5369,47913,3.78,0,11,14,22,1
5370,47915,-0.52,0,1,4,2,1
5371,47920,0.95,0,4,7,5,1
5372,47923,-0.03,0,2,5,3,1
5373,47942,4.51,0,12,15,19,1
5374,47945,-0.03,0,2,5,3,1
5375,47946,-1.01,0,0,3,1,1
5376,47960,3.16,0,9,12,14,1
5377,47969,1.26,0,5,8,9,1
5378,47970,-1.01,0,0,3,1,1
5379,47988,4.57,0,12,15,18,1
5380,47990,-0.52,0,1,4,2,1
5381,48014,4.76,0,13,16,24,1
5382,48017,-0.03,0,2,5,3,1
5383,48031,2.61,0,8,11,14,1
5384,48034,-0.03,0,2,5,3,1
5385,48042,1.87,0,6,9,8,1
5386,48045,-0.03,0,2,5,3,1
5387,48051,1.44,0,5,8,6,1
5388,48067,3.04,0,9,12,16,1
5389,48101,5.26,0,15,18,34,1
5390,48125,3.66,0,11,14,24,1
5391,48127,-0.52,0,1,4,2,1
5392,48132,0.95,0,4,7,5,1
5393,48135,-0.03,0,2,5,3,1
5394,48164,5.56,0,15,18,29,1
5395,48167,-0.03,0,2,5,3,1
5396,48169,-0.52,0,1,4,2,1
5397,48170,-1.01,0,0,3,1,1
5398,48188,4.57,0,12,15,18,1
5399,48203,3.1,0,9,12,15,1
5400,48217,3.16,0,9,12,14,1
5401,48231,2.61,0,8,11,14,1
5402,48236,0.95,0,4,7,5,1
5403,48238,-0.52,0,1,4,2,1
5404,48244,1.44,0,5,8,6,1
5405,48255,2.24,0,7,10,11,1
5406,48276,4.39,0,12,15,21,1
5407,48280,-0.09,0,2,5,4,1
5408,48288,1.32,0,5,8,8,1
5409,48289,-1.01,0,0,3,1,1
5410,48299,1.75,0,6,9,10,1
5411,48306,1.38,0,5,8,7,1
5412,48318,2.73,0,8,11,12,1
5413,48319,-1.01,0,0,3,1,1
5414,48320,-1.01,0,0,3,1,1
5415,48324,-0.09,0,2,5,4,1
5416,48328,-0.09,0,2,5,4,1
5417,48339,2.24,0,7,10,11,1
5418,48343,-0.09,0,2,5,4,1
5419,48344,-1.01,0,0,3,1,1
5420,48360,4.14,0,11,14,16,1
5421,48362,-0.52,0,1,4,2,1
5422,48371,2.36,0,7,10,9,1
5423,48373,-0.52,0,1,4,2,1
5424,48374,-1.01,0,0,3,1,1
5425,48385,2.24,0,7,10,11,1
5426,48387,-0.52,0,1,4,2,1
5427,48409,4.33,0,12,15,22,1
5428,48410,-1.01,0,0,3,1,1
5429,48417,0.83,0,4,7,7,1
5430,48435,5.12,0,13,16,18,1
5431,48441,1.44,0,5,8,6,1
5432,48450,1.26,0,5,8,9,1
5433,48454,0.46,0,3,6,4,1
5434,48458,0.46,0,3,6,4,1
5435,48463,0.95,0,4,7,5,1
5436,48471,2.42,0,7,10,8,1
5437,48490,3.96,0,11,14,19,1
5438,48509,3.96,0,11,14,19,1
5439,48511,-0.52,0,1,4,2,1
5440,48512,-1.01,0,0,3,1,1
5441,48529,4.63,0,12,15,17,1
5442,48536,1.93,0,6,9,7,1
5443,48540,-0.09,0,2,5,4,1
5444,48556,4.14,0,11,14,16,1
5445,48558,-0.52,0,1,4,2,1
5446,48566,1.87,0,6,9,8,1
5447,48567,-1.01,0,0,3,1,1
5448,48572,0.95,0,4,7,5,1
5449,48574,-0.52,0,1,4,2,1
5450,48576,-0.52,0,1,4,2,1
5451,48587,2.79,0,8,11,11,1
5452,48588,-1.01,0,0,3,1,1
5453,48600,2.73,0,8,11,12,1
5454,48609,1.81,0,6,9,9,1
5455,48611,-0.52,0,1,4,2,1
5456,48612,-1.01,0,0,3,1,1
5457,48615,-0.03,0,2,5,3,1
5458,48628,3.77,0,10,13,13,1
5459,48648,6.1,0,15,18,20,1
5460,48673,5.8,0,15,18,25,1
5461,48682,1.81,0,6,9,9,1
5462,48692,1.75,0,6,9,10,1
5463,48697,0.95,0,4,7,5,1
5464,48707,1.75,0,6,9,10,1
5465,48746,4.41,0,14,17,39,1
5466,48751,0.95,0,4,7,5,1
5467,48755,-0.09,0,2,5,4,1
5468,48766,2.24,0,7,10,11,1
5469,48771,0.95,0,4,7,5,1
5470,48778,1.38,0,5,8,7,1
5471,48781,-0.03,0,2,5,3,1
5472,48801,4.45,0,12,15,20,1
5473,48802,-1.01,0,0,3,1,1
5474,48816,3.16,0,9,12,14,1
5475,48817,-1.01,0,0,3,1,1
5476,48822,0.95,0,4,7,5,1
5477,48831,1.81,0,6,9,9,1
5478,48844,4.32,0,11,14,13,1
5479,48847,-0.03,0,2,5,3,1
5480,48849,-0.52,0,1,4,2,1
5481,48859,3.4,0,9,12,10,1
5482,48861,-0.52,0,1,4,2,1
5483,48880,5.06,0,13,16,19,1
5484,48882,-0.52,0,1,4,2,1
5485,48883,-1.01,0,0,3,1,1
5486,48884,-1.01,0,0,3,1,1
5487,48908,5.86,0,15,18,24,1
5488,48909,-1.01,0,0,3,1,1
5489,48913,0.46,0,3,6,4,1
5490,48923,1.75,0,6,9,10,1
5491,48928,0.95,0,4,7,5,1
5492,48939,3.34,0,9,12,11,1
5493,48946,1.38,0,5,8,7,1
5494,48949,-0.03,0,2,5,3,1
5495,48967,3.47,0,10,13,18,1
5496,48976,2.91,0,8,11,9,1
5497,48984,1.87,0,6,9,8,1
5498,49011,5.68,0,15,18,27,1
5499,49012,-1.01,0,0,3,1,1
5500,49015,-0.03,0,2,5,3,1
5501,49019,0.46,0,3,6,4,1
5502,49039,4.45,0,12,15,20,1
5503,49059,4.45,0,12,15,20,1
5504,49061,-0.52,0,1,4,2,1
5505,49077,4.14,0,11,14,16,1
5506,49094,4.63,0,12,15,17,1
5507,49099,0.95,0,4,7,5,1
5508,49122,7.02,0,17,20,23,1
5509,49133,2.24,0,7,10,11,1
5510,49135,-0.52,0,1,4,2,1
5511,49137,-0.52,0,1,4,2,1
5512,49154,2.43,0,8,11,17,1
5513,49168,3.16,0,9,12,14,1
5514,49178,2.85,0,8,11,10,1
5515,49186,0.77,0,4,7,8,1
5516,49187,-1.01,0,0,3,1,1
5517,49188,-1.01,0,0,3,1,1
5518,49193,0.4,0,3,6,5,1
5519,49216,5.37,0,14,17,23,1
5520,49229,2.67,0,8,11,13,1
5521,49232,-0.03,0,2,5,3,1
5522,49236,0.46,0,3,6,4,1
5523,49238,-0.52,0,1,4,2,1
5524,49246,1.32,0,5,8,8,1
5525,49271,4.7,0,13,16,25,1
5526,49274,-0.03,0,2,5,3,1
5527,49275,-1.01,0,0,3,1,1
5528,49307,6.48,0,17,20,32,1
5529,49309,-0.52,0,1,4,2,1
5530,49310,-1.01,0,0,3,1,1
5531,49314,0.46,0,3,6,4,1
5532,49317,-0.03,0,2,5,3,1
5533,49327,2.85,0,8,11,10,1
5534,49329,-0.52,0,1,4,2,1
5535,49332,-0.03,0,2,5,3,1
5536,49342,2.85,0,8,11,10,1
5537,49344,-0.52,0,1,4,2,1
5538,49347,-0.03,0,2,5,3,1
5539,49375,4.52,0,13,16,28,1
5540,49376,-1.01,0,0,3,1,1
5541,49381,0.95,0,4,7,5,1
5542,49397,2.49,0,8,11,16,1
5543,49400,-0.03,0,2,5,3,1
5544,49405,0.4,0,3,6,5,1
5545,49414,2.36,0,7,10,9,1
5546,49418,0.46,0,3,6,4,1
5547,49431,2.67,0,8,11,13,1
5548,49439,2.42,0,7,10,8,1
5549,49449,2.85,0,8,11,10,1
5550,49466,1.33,0,6,9,17,1
5551,49470,0.46,0,3,6,4,1
5552,49471,-1.01,0,0,3,1,1
5553,49474,-0.03,0,2,5,3,1
5554,49480,0.89,0,4,7,6,1
5555,49487,1.38,0,5,8,7,1
5556,49488,-1.01,0,0,3,1,1
5557,49495,1.38,0,5,8,7,1
5558,49500,0.95,0,4,7,5,1
5559,49502,-0.52,0,1,4,2,1
5560,49513,3.34,0,9,12,11,1
5561,49515,-0.52,0,1,4,2,1
5562,49531,2.49,0,8,11,16,1
5563,49543,2.73,0,8,11,12,1
5564,49553,2.85,0,8,11,10,1
5565,49562,2.91,0,8,11,9,1
5566,49564,-0.52,0,1,4,2,1
5567,49567,-0.58,0,1,4,3,1
5568,49568,-1.01,0,0,3,1,1
5569,49572,0.46,0,3,6,4,1
5570,49574,-0.52,0,1,4,2,1
5571,49586,2.18,0,7,10,12,1
5572,49630,6.31,0,18,21,44,1
5573,49668,6.67,0,18,21,38,1
5574,49688,5.0,0,13,16,20,1
5575,49707,3.41,0,10,13,19,1
5576,49712,0.95,0,4,7,5,1
5577,49734,5.98,0,15,18,22,1
5578,49745,2.79,0,8,11,11,1
5579,49762,4.08,0,11,14,17,1
5580,49771,1.26,0,5,8,9,1
5581,49773,-0.52,0,1,4,2,1
5582,49777,0.46,0,3,6,4,1
5583,49795,4.57,0,12,15,18,1
5584,49796,-1.01,0,0,3,1,1
5585,49797,-1.01,0,0,3,1,1
5586,49799,-0.52,0,1,4,2,1
5587,49809,2.85,0,8,11,10,1
5588,49810,-1.01,0,0,3,1,1
5589,49816,0.89,0,4,7,6,1
5590,49820,0.46,0,3,6,4,1
5591,49829,1.81,0,6,9,9,1
5592,49840,2.24,0,7,10,11,1
5593,49841,-1.01,0,0,3,1,1
5594,49845,0.46,0,3,6,4,1
5595,49857,3.28,0,9,12,12,1
5596,49866,1.81,0,6,9,9,1
5597,49870,0.46,0,3,6,4,1
5598,49876,1.44,0,5,8,6,1
5599,49892,4.14,0,11,14,16,1
5600,49894,-0.52,0,1,4,2,1
5601,49898,-0.09,0,2,5,4,1
5602,49905,1.93,0,6,9,7,1
5603,49909,0.46,0,3,6,4,1
5604,49917,1.87,0,6,9,8,1
5605,49925,2.42,0,7,10,8,1
5606,49946,3.29,0,10,13,21,1
5607,49951,0.95,0,4,7,5,1
5608,49956,0.4,0,3,6,5,1
5609,49970,2.61,0,8,11,14,1
5610,49974,0.46,0,3,6,4,1
5611,49975,-1.01,0,0,3,1,1
5612,49993,4.02,0,11,14,18,1
5613,49996,-0.03,0,2,5,3,1
5614,50001,0.95,0,4,7,5,1
5615,50006,0.95,0,4,7,5,1
5616,50008,-0.52,0,1,4,2,1
5617,50011,-0.03,0,2,5,3,1
5618,50014,-0.03,0,2,5,3,1
5619,50024,3.4,0,9,12,10,1
5620,50035,2.24,0,7,10,11,1
5621,50039,0.46,0,3,6,4,1
5622,50049,2.85,0,8,11,10,1
5623,50050,-1.01,0,0,3,1,1
5624,50065,4.2,0,11,14,15,1
5625,50076,2.24,0,7,10,11,1
5626,50090,3.71,0,10,13,14,1
5627,50116,5.19,0,14,17,26,1
5628,50162,6.74,0,19,22,46,1
5629,50167,0.4,0,3,6,5,1
5630,50173,0.89,0,4,7,6,1
5631,50178,0.95,0,4,7,5,1
5632,50188,2.3,0,7,10,10,1
5633,50189,-1.01,0,0,3,1,1
5634,50199,2.3,0,7,10,10,1
5635,50208,2.36,0,7,10,9,1
5636,50217,2.91,0,8,11,9,1
5637,50234,2.98,0,9,12,17,1
5638,50242,1.87,0,6,9,8,1
5639,50251,1.81,0,6,9,9,1
5640,50252,-1.01,0,0,3,1,1
5641,50253,-1.01,0,0,3,1,1
5642,50276,5.37,0,14,17,23,1
5643,50280,0.46,0,3,6,4,1
5644,50288,1.32,0,5,8,8,1
5645,50297,1.26,0,5,8,9,1
5646,50299,-0.52,0,1,4,2,1
5647,50306,1.93,0,6,9,7,1
5648,50340,4.71,0,14,17,34,1
5649,50349,1.81,0,6,9,9,1
5650,50350,-1.01,0,0,3,1,1
5651,50351,-1.01,0,0,3,1,1
5652,50365,4.26,0,11,14,14,1
5653,50369,-0.09,0,2,5,4,1
5654,50373,0.46,0,3,6,4,1
5655,50392,5.06,0,13,16,19,1
5656,50405,3.22,0,9,12,13,1
5657,50406,-1.01,0,0,3,1,1
5658,50427,5.49,0,14,17,21,1
5659,50434,1.38,0,5,8,7,1
5660,50448,4.26,0,11,14,14,1
5661,50488,6.0,0,17,20,40,1
5662,50501,4.32,0,11,14,13,1
5663,50503,-0.52,0,1,4,2,1
5664,50516,3.22,0,9,12,13,1
5665,50520,0.46,0,3,6,4,1
5666,50524,0.46,0,3,6,4,1
5667,50566,5.33,0,16,19,42,1
5668,50570,0.46,0,3,6,4,1
5669,50575,0.4,0,3,6,5,1
5670,50612,6.73,0,18,21,37,1
5671,50619,0.83,0,4,7,7,1
5672,50621,-0.52,0,1,4,2,1
5673,50625,0.46,0,3,6,4,1
5674,50628,-0.03,0,2,5,3,1
5675,50631,-0.03,0,2,5,3,1
5676,50632,-1.01,0,0,3,1,1
5677,50633,-1.01,0,0,3,1,1
5678,50637,0.46,0,3,6,4,1
5679,50686,6.56,0,19,22,49,1
5680,50688,-0.52,0,1,4,2,1
5681,50693,0.95,0,4,7,5,1
5682,50698,0.95,0,4,7,5,1
5683,50700,-0.52,0,1,4,2,1
5684,50719,5.61,0,14,17,19,1
5685,50721,-0.52,0,1,4,2,1
5686,50728,0.83,0,4,7,7,1
5687,50744,4.69,0,12,15,16,1
5688,50748,0.46,0,3,6,4,1
5689,50764,4.14,0,11,14,16,1
5690,50767,-0.03,0,2,5,3,1
5691,50778,1.69,0,6,9,11,1
5692,50783,0.95,0,4,7,5,1
5693,50797,3.16,0,9,12,14,1
5694,50833,5.14,0,15,18,36,1
5695,50838,0.95,0,4,7,5,1
5696,50846,1.87,0,6,9,8,1
5697,50856,3.4,0,9,12,10,1
5698,50859,-0.03,0,2,5,3,1
5699,50867,2.42,0,7,10,8,1
5700,50868,-1.01,0,0,3,1,1
5701,50872,0.46,0,3,6,4,1
5702,50881,1.81,0,6,9,9,1
5703,50897,6.34,0,15,18,16,1
5704,50898,-1.01,0,0,3,1,1
5705,50904,0.34,0,3,6,6,1
5706,50910,1.44,0,5,8,6,1
5707,50912,-0.52,0,1,4,2,1
5708,50916,0.46,0,3,6,4,1
5709,50930,3.71,0,10,13,14,1
5710,50934,0.46,0,3,6,4,1
5711,50937,-0.03,0,2,5,3,1
5712,50945,1.32,0,5,8,8,1
5713,50949,0.46,0,3,6,4,1
5714,50952,-0.03,0,2,5,3,1
5715,50958,1.44,0,5,8,6,1
5716,50959,-1.01,0,0,3,1,1
5717,50962,-0.03,0,2,5,3,1
5718,50977,4.2,0,11,14,15,1
5719,50979,-0.52,0,1,4,2,1
5720,50982,-0.03,0,2,5,3,1
5721,50991,2.36,0,7,10,9,1
5722,51006,3.1,0,9,12,15,1
5723,51010,0.46,0,3,6,4,1
5724,51014,0.46,0,3,6,4,1
5725,51038,5.31,0,14,17,24,1
5726,51043,0.95,0,4,7,5,1
5727,51046,-0.03,0,2,5,3,1
5728,51060,2.61,0,8,11,14,1
5729,51064,0.46,0,3,6,4,1
5730,51083,3.41,0,10,13,19,1
5731,51097,0.41,0,4,7,14,1
5732,51098,-1.01,0,0,3,1,1
5733,51101,-0.03,0,2,5,3,1
5734,51118,2.98,0,9,12,17,1
5735,51124,0.34,0,3,6,6,1
5736,51138,2.06,0,7,10,14,1
5737,51142,0.46,0,3,6,4,1
5738,51156,5.36,0,13,16,14,1
5739,51158,-0.52,0,1,4,2,1
5740,51159,-1.01,0,0,3,1,1
5741,51205,7.29,0,20,23,46,1
5742,51223,4.57,0,12,15,18,1
5743,51231,2.42,0,7,10,8,1
5744,51236,0.95,0,4,7,5,1
5745,51238,-0.52,0,1,4,2,1
5746,51240,-0.52,0,1,4,2,1
5747,51245,0.95,0,4,7,5,1
5748,51254,1.81,0,6,9,9,1
5749,51270,3.04,0,9,12,16,1
5750,51286,3.59,0,10,13,16,1
5751,51298,3.28,0,9,12,12,1
5752,51299,-1.01,0,0,3,1,1
5753,51303,0.46,0,3,6,4,1
5754,51313,2.3,0,7,10,10,1
5755,51352,6.61,0,18,21,39,1
5756,51363,3.89,0,10,13,11,1
5757,51369,0.89,0,4,7,6,1
5758,51380,2.24,0,7,10,11,1
5759,51396,3.59,0,10,13,16,1
5760,51409,3.22,0,9,12,13,1
5761,51410,-1.01,0,0,3,1,1
5762,51412,-0.52,0,1,4,2,1
5763,51415,-0.03,0,2,5,3,1
5764,51454,7.71,0,20,23,39,1
5765,51460,1.44,0,5,8,6,1
5766,51462,-0.52,0,1,4,2,1
5767,51463,-1.01,0,0,3,1,1
5768,51467,0.46,0,3,6,4,1
5769,51475,1.87,0,6,9,8,1
5770,51481,1.44,0,5,8,6,1
5771,51487,0.89,0,4,7,6,1
5772,51497,2.85,0,8,11,10,1
5773,51498,-1.01,0,0,3,1,1
5774,51507,2.36,0,7,10,9,1
5775,51508,-1.01,0,0,3,1,1
5776,51515,1.93,0,6,9,7,1
5777,51527,2.18,0,7,10,12,1
5778,51541,3.16,0,9,12,14,1
5779,51544,-0.03,0,2,5,3,1
5780,51551,1.93,0,6,9,7,1
5781,51577,5.19,0,14,17,26,1
5782,51596,3.96,0,11,14,19,1
5783,51599,-0.03,0,2,5,3,1
5784,51605,1.44,0,5,8,6,1
5785,51607,-0.52,0,1,4,2,1
5786,51609,-0.52,0,1,4,2,1
5787,51612,-0.03,0,2,5,3,1
5788,51614,-0.52,0,1,4,2,1
5789,51615,-1.01,0,0,3,1,1
5790,51624,2.36,0,7,10,9,1
5791,51625,-1.01,0,0,3,1,1
5792,51628,-0.03,0,2,5,3,1
5793,51637,2.91,0,8,11,9,1
5794,51644,1.93,0,6,9,7,1
5795,51649,0.95,0,4,7,5,1
5796,51671,4.88,0,13,16,22,1
5797,51680,2.91,0,8,11,9,1
5798,51681,-1.01,0,0,3,1,1
5799,51684,-0.03,0,2,5,3,1
5800,51695,2.79,0,8,11,11,1
5801,51697,-0.52,0,1,4,2,1
5802,51703,1.44,0,5,8,6,1
5803,51714,2.79,0,8,11,11,1
5804,51722,1.87,0,6,9,8,1
5805,51750,5.07,0,14,17,28,1
5806,51759,1.26,0,5,8,9,1
5807,51765,0.89,0,4,7,6,1
5808,51770,0.4,0,3,6,5,1
5809,51773,-0.03,0,2,5,3,1
5810,51775,-0.52,0,1,4,2,1
5811,51803,5.62,0,15,18,28,1
5812,51807,-0.64,0,1,4,4,1
5813,51822,3.65,0,10,13,15,1
5814,51825,-0.03,0,2,5,3,1
5815,51828,-0.03,0,2,5,3,1
5816,51832,-0.09,0,2,5,4,1
5817,51839,1.93,0,6,9,7,1
5818,51849,1.75,0,6,9,10,1
5819,51870,3.84,0,11,14,21,1
5820,51873,-0.03,0,2,5,3,1
5821,51875,-0.52,0,1,4,2,1
5822,51902,6.23,0,16,19,27,1
5823,51933,5.99,0,16,19,31,1
5824,51946,2.67,0,8,11,13,1
5825,51966,5.0,0,13,16,20,1
5826,51978,2.73,0,8,11,12,1
5827,51989,2.24,0,7,10,11,1
5828,51999,2.85,0,8,11,10,1
5829,52005,1.44,0,5,8,6,1
5830,52009,-0.09,0,2,5,4,1
5831,52038,5.56,0,15,18,29,1
5832,52050,2.18,0,7,10,12,1
5833,52056,0.89,0,4,7,6,1
5834,52061,0.95,0,4,7,5,1
5835,52069,1.32,0,5,8,8,1
5836,52074,0.95,0,4,7,5,1
5837,52087,3.22,0,9,12,13,1
5838,52104,3.53,0,10,13,17,1
5839,52113,1.81,0,6,9,9,1
5840,52116,-0.03,0,2,5,3,1
5841,52126,1.75,0,6,9,10,1
5842,52137,1.69,0,6,9,11,1
5843,52151,2.06,0,7,10,14,1
5844,52173,4.88,0,13,16,22,1
5845,52174,-1.01,0,0,3,1,1
5846,52182,1.32,0,5,8,8,1
5847,52197,3.65,0,10,13,15,1
5848,52199,-0.52,0,1,4,2,1
5849,52222,4.82,0,13,16,23,1
5850,52227,0.95,0,4,7,5,1
5851,52234,0.83,0,4,7,7,1
5852,52271,3.98,0,13,16,37,1
5853,52277,0.89,0,4,7,6,1
5854,52292,4.2,0,11,14,15,1
5855,52302,1.75,0,6,9,10,1
5856,52304,-0.52,0,1,4,2,1
5857,52306,-0.52,0,1,4,2,1
5858,52322,3.04,0,9,12,16,1
5859,52344,5.98,0,15,18,22,1
5860,52349,0.4,0,3,6,5,1
5861,52357,1.32,0,5,8,8,1
5862,52363,0.34,0,3,6,6,1
5863,52378,1.45,0,6,9,15,1
5864,52383,0.95,0,4,7,5,1
5865,52385,-0.52,0,1,4,2,1
5866,52423,6.12,0,17,20,38,1
5867,52424,-1.01,0,0,3,1,1
5868,52430,1.44,0,5,8,6,1
5869,52441,2.79,0,8,11,11,1
5870,52506,5.05,0,18,21,65,1
5871,52515,1.81,0,6,9,9,1
5872,52518,-0.03,0,2,5,3,1
5873,52527,2.36,0,7,10,9,1
5874,52561,5.26,0,15,18,34,1
5875,52568,1.38,0,5,8,7,1
5876,52572,0.46,0,3,6,4,1
5877,52588,4.14,0,11,14,16,1
5878,52622,6.36,0,17,20,34,1
5879,52639,1.33,0,6,9,17,1
5880,52643,0.46,0,3,6,4,1
5881,52644,-1.01,0,0,3,1,1
5882,52656,3.28,0,9,12,12,1
5883,52669,3.22,0,9,12,13,1
5884,52705,6.24,0,17,20,36,1
5885,52726,3.84,0,11,14,21,1
5886,52730,0.46,0,3,6,4,1
5887,52733,-0.03,0,2,5,3,1
5888,52743,1.2,0,5,8,10,1
5889,52751,1.32,0,5,8,8,1
5890,52754,-0.03,0,2,5,3,1
5891,52769,3.65,0,10,13,15,1
5892,52770,-1.01,0,0,3,1,1
5893,52771,-1.01,0,0,3,1,1
5894,52774,-0.03,0,2,5,3,1
5895,52777,-0.03,0,2,5,3,1
5896,52788,2.79,0,8,11,11,1
5897,52795,1.38,0,5,8,7,1
5898,52797,-0.52,0,1,4,2,1
5899,52807,1.75,0,6,9,10,1
5900,52809,-0.52,0,1,4,2,1
5901,52811,-0.52,0,1,4,2,1
5902,52841,3.3,0,11,14,30,1
5903,52848,1.93,0,6,9,7,1
5904,52872,5.31,0,14,17,24,1
5905,52874,-0.52,0,1,4,2,1
5906,52886,1.63,0,6,9,12,1
5907,52914,7.27,0,18,21,28,1
5908,52933,3.96,0,11,14,19,1
5909,52963,6.05,0,16,19,30,1
5910,52965,-0.52,0,1,4,2,1
5911,52968,-0.58,0,1,4,3,1
5912,52970,-0.52,0,1,4,2,1
5913,52983,2.67,0,8,11,13,1
5914,52989,0.89,0,4,7,6,1
5915,52992,-0.03,0,2,5,3,1
5916,52999,1.38,0,5,8,7,1
5917,53004,0.95,0,4,7,5,1
5918,53009,0.95,0,4,7,5,1
5919,53010,-1.01,0,0,3,1,1
5920,53026,3.59,0,10,13,16,1
5921,53028,-0.52,0,1,4,2,1
5922,53035,0.83,0,4,7,7,1
5923,53038,-0.03,0,2,5,3,1
5924,53051,3.22,0,9,12,13,1
5925,53053,-0.52,0,1,4,2,1
5926,53066,3.22,0,9,12,13,1
5927,53068,-0.52,0,1,4,2,1
5928,53073,0.4,0,3,6,5,1
5929,53074,-1.01,0,0,3,1,1
5930,53082,2.42,0,7,10,8,1
5931,53097,3.65,0,10,13,15,1
5932,53113,3.59,0,10,13,16,1
5933,53125,2.73,0,8,11,12,1
5934,53133,1.87,0,6,9,8,1
5935,53139,0.34,0,3,6,6,1
5936,53144,0.95,0,4,7,5,1
5937,53145,-1.01,0,0,3,1,1
5938,53154,1.26,0,5,8,9,1
5939,53159,0.95,0,4,7,5,1
5940,53177,5.67,0,14,17,18,1
5941,53178,-1.01,0,0,3,1,1
5942,53186,1.32,0,5,8,8,1
5943,53191,0.95,0,4,7,5,1
5944,53199,1.32,0,5,8,8,1
5945,53202,-0.03,0,2,5,3,1
5946,53213,2.79,0,8,11,11,1
5947,53214,-1.01,0,0,3,1,1
5948,53226,3.28,0,9,12,12,1
5949,53237,2.24,0,7,10,11,1
5950,53241,0.46,0,3,6,4,1
5951,53258,3.53,0,10,13,17,1
5952,53259,-1.01,0,0,3,1,1
5953,53261,-0.52,0,1,4,2,1
5954,53263,-0.52,0,1,4,2,1
5955,53274,2.24,0,7,10,11,1
5956,53288,2.06,0,7,10,14,1
5957,53290,-0.52,0,1,4,2,1
5958,53301,2.79,0,8,11,11,1
5959,53305,0.46,0,3,6,4,1
5960,53308,-0.03,0,2,5,3,1
5961,53309,-1.01,0,0,3,1,1
5962,53316,1.38,0,5,8,7,1
5963,53318,-0.52,0,1,4,2,1
5964,53334,4.14,0,11,14,16,1
5965,53336,-0.52,0,1,4,2,1
5966,53349,4.87,0,12,15,13,1
5967,53359,1.75,0,6,9,10,1
5968,53367,2.42,0,7,10,8,1
5969,53368,-1.01,0,0,3,1,1
5970,53373,0.4,0,3,6,5,1
5971,53387,3.71,0,10,13,14,1
5972,53389,-0.52,0,1,4,2,1
5973,53390,-1.01,0,0,3,1,1
5974,53391,-1.01,0,0,3,1,1
5975,53409,2.92,0,9,12,18,1
5976,53413,0.46,0,3,6,4,1
5977,53418,0.95,0,4,7,5,1
5978,53424,1.44,0,5,8,6,1
5979,53427,-0.03,0,2,5,3,1
5980,53431,0.46,0,3,6,4,1
5981,53439,1.87,0,6,9,8,1
5982,53450,2.79,0,8,11,11,1
5983,53463,3.77,0,10,13,13,1
5984,53467,0.46,0,3,6,4,1
5985,53496,5.56,0,15,18,29,1
5986,53497,-1.01,0,0,3,1,1
5987,53519,3.78,0,11,14,22,1
5988,53522,-0.03,0,2,5,3,1
5989,53524,-0.52,0,1,4,2,1
5990,53528,0.46,0,3,6,4,1
5991,53535,1.93,0,6,9,7,1
5992,53539,0.46,0,3,6,4,1
5993,53548,1.81,0,6,9,9,1
5994,53553,0.95,0,4,7,5,1
5995,53558,0.95,0,4,7,5,1
5996,53562,-0.09,0,2,5,4,1
5997,53564,-0.52,0,1,4,2,1
5998,53565,-1.01,0,0,3,1,1
5999,53569,0.46,0,3,6,4,1
6000,53582,3.22,0,9,12,13,1
6001,53598,1.94,0,7,10,16,1
6002,53608,3.4,0,9,12,10,1
6003,53612,0.46,0,3,6,4,1
6004,53613,-1.01,0,0,3,1,1
6005,53622,2.36,0,7,10,9,1
6006,53637,3.1,0,9,12,15,1
6007,53638,-1.01,0,0,3,1,1
6008,53640,-0.52,0,1,4,2,1
6009,53645,0.4,0,3,6,5,1
6010,53646,-1.01,0,0,3,1,1
6011,53663,2.43,0,8,11,17,1
6012,53666,-0.03,0,2,5,3,1
6013,53701,6.85,0,18,21,35,1
6014,53710,1.26,0,5,8,9,1
6015,53749,4.41,0,14,17,39,1
6016,53757,2.42,0,7,10,8,1
6017,53764,1.93,0,6,9,7,1
6018,53771,1.38,0,5,8,7,1
6019,53777,1.44,0,5,8,6,1
6020,53786,1.81,0,6,9,9,1
6021,53806,1.7,0,7,10,20,1
6022,53807,-1.01,0,0,3,1,1
6023,53814,1.38,0,5,8,7,1
6024,53819,0.95,0,4,7,5,1
6025,53824,0.95,0,4,7,5,1
6026,53840,4.14,0,11,14,16,1
6027,53843,-0.03,0,2,5,3,1
6028,53850,1.93,0,6,9,7,1
6029,53875,4.7,0,13,16,25,1
6030,53880,0.95,0,4,7,5,1
6031,53881,-1.01,0,0,3,1,1
6032,53887,0.89,0,4,7,6,1
6033,53888,-1.01,0,0,3,1,1
6034,53900,3.28,0,9,12,12,1
6035,53905,0.95,0,4,7,5,1
6036,53911,1.44,0,5,8,6,1
6037,53925,3.16,0,9,12,14,1
6038,53929,0.46,0,3,6,4,1
6039,53933,-0.09,0,2,5,4,1
6040,53948,2.0,0,7,10,15,1
6041,53949,-1.01,0,0,3,1,1
6042,53950,-1.01,0,0,3,1,1
6043,53967,3.53,0,10,13,17,1
6044,53971,0.46,0,3,6,4,1
6045,53976,0.4,0,3,6,5,1
6046,53977,-1.01,0,0,3,1,1
6047,53979,-0.52,0,1,4,2,1
6048,53987,1.87,0,6,9,8,1
6049,53999,2.73,0,8,11,12,1
6050,54001,-0.52,0,1,4,2,1
6051,54007,0.89,0,4,7,6,1
6052,54036,6.66,0,17,20,29,1
6053,54043,1.93,0,6,9,7,1
6054,54045,-0.52,0,1,4,2,1
6055,54050,0.95,0,4,7,5,1
6056,54051,-1.01,0,0,3,1,1
6057,54057,1.44,0,5,8,6,1
6058,54066,2.36,0,7,10,9,1
6059,54076,2.3,0,7,10,10,1
6060,54080,-0.09,0,2,5,4,1
6061,54081,-1.01,0,0,3,1,1
6062,54091,1.2,0,5,8,10,1
6063,54111,5.55,0,14,17,20,1
6064,54135,2.01,0,8,11,24,1
6065,54140,0.95,0,4,7,5,1
6066,54153,3.22,0,9,12,13,1
6067,54155,-0.52,0,1,4,2,1
6068,54167,2.73,0,8,11,12,1
6069,54174,1.38,0,5,8,7,1
6070,54198,5.31,0,14,17,24,1
6071,54200,-0.52,0,1,4,2,1
6072,54206,0.89,0,4,7,6,1
6073,54226,6.1,0,15,18,20,1
6074,54232,1.44,0,5,8,6,1
6075,54239,0.83,0,4,7,7,1
6076,54253,2.06,0,7,10,14,1
6077,54264,2.79,0,8,11,11,1
6078,54275,3.34,0,9,12,11,1
6079,54276,-1.01,0,0,3,1,1
6080,54300,6.96,0,17,20,24,1
6081,54308,1.87,0,6,9,8,1
6082,54311,-0.03,0,2,5,3,1
6083,54323,3.28,0,9,12,12,1
6084,54333,2.85,0,8,11,10,1
6085,54350,3.53,0,10,13,17,1
6086,54364,3.16,0,9,12,14,1
6087,54365,-1.01,0,0,3,1,1
6088,54368,-0.03,0,2,5,3,1
6089,54376,2.42,0,7,10,8,1
6090,54377,-1.01,0,0,3,1,1
6091,54401,5.86,0,15,18,24,1
6092,54403,-0.52,0,1,4,2,1
6093,54413,2.3,0,7,10,10,1
6094,54422,2.91,0,8,11,9,1
6095,54435,3.22,0,9,12,13,1
6096,54464,7.21,0,18,21,29,1
6097,54478,2.61,0,8,11,14,1
6098,54479,-1.01,0,0,3,1,1
6099,54482,-0.03,0,2,5,3,1
6100,54487,0.95,0,4,7,5,1
6101,54490,-0.03,0,2,5,3,1
6102,54498,1.32,0,5,8,8,1
6103,54499,-1.01,0,0,3,1,1
6104,54511,2.73,0,8,11,12,1
6105,54513,-0.52,0,1,4,2,1
6106,54521,1.87,0,6,9,8,1
6107,54538,4.08,0,11,14,17,1
6108,54544,1.44,0,5,8,6,1
6109,54545,-1.01,0,0,3,1,1
6110,54559,2.06,0,7,10,14,1
6111,54562,-0.03,0,2,5,3,1
6112,54570,2.42,0,7,10,8,1
6113,54583,3.22,0,9,12,13,1
6114,54586,-0.03,0,2,5,3,1
6115,54587,-1.01,0,0,3,1,1
6116,54616,4.46,0,13,16,29,1
6117,54632,5.24,0,13,16,16,1
6118,54633,-1.01,0,0,3,1,1
6119,54652,4.51,0,12,15,19,1
6120,54653,-1.01,0,0,3,1,1
6121,54661,1.87,0,6,9,8,1
6122,54677,3.59,0,10,13,16,1
6123,54680,-0.03,0,2,5,3,1
6124,54686,1.44,0,5,8,6,1
6125,54740,6.26,0,19,22,54,1
6126,54749,2.91,0,8,11,9,1
6127,54761,2.18,0,7,10,12,1
6128,54767,1.44,0,5,8,6,1
6129,54768,-1.01,0,0,3,1,1
6130,54789,6.59,0,16,19,21,1
6131,54804,4.2,0,11,14,15,1
6132,54829,5.8,0,15,18,25,1
6133,54830,-1.01,0,0,3,1,1
6134,54845,4.2,0,11,14,15,1
6135,54849,0.46,0,3,6,4,1
6136,54850,-1.01,0,0,3,1,1
6137,54856,1.44,0,5,8,6,1
6138,54858,-0.52,0,1,4,2,1
6139,54859,-1.01,0,0,3,1,1
6140,54866,1.38,0,5,8,7,1
6141,54877,2.24,0,7,10,11,1
6142,54879,-0.52,0,1,4,2,1
6143,54880,-1.01,0,0,3,1,1
6144,54883,-0.03,0,2,5,3,1
6145,54886,-0.03,0,2,5,3,1
6146,54889,-0.58,0,1,4,3,1
6147,54897,1.32,0,5,8,8,1
6148,54898,-1.01,0,0,3,1,1
6149,54912,4.26,0,11,14,14,1
6150,54913,-1.01,0,0,3,1,1
6151,54928,3.1,0,9,12,15,1
6152,54932,0.46,0,3,6,4,1
6153,54935,-0.03,0,2,5,3,1
6154,54937,-0.52,0,1,4,2,1
6155,54950,3.22,0,9,12,13,1
6156,55002,6.38,0,19,22,52,1
6157,55034,7.03,0,18,21,32,1
6158,55042,2.42,0,7,10,8,1
6159,55048,1.44,0,5,8,6,1
6160,55051,-0.03,0,2,5,3,1
6161,55072,2.19,0,8,11,21,1
6162,55078,0.34,0,3,6,6,1
6163,55084,0.89,0,4,7,6,1
6164,55088,0.46,0,3,6,4,1
6165,55089,-1.01,0,0,3,1,1
6166,55091,-0.52,0,1,4,2,1
6167,55101,1.75,0,6,9,10,1
6168,55102,-1.01,0,0,3,1,1
6169,55105,-0.03,0,2,5,3,1
6170,55107,-0.52,0,1,4,2,1
6171,55123,4.14,0,11,14,16,1
6172,55143,2.8,0,9,12,20,1
6173,55146,-0.03,0,2,5,3,1
6174,55154,1.32,0,5,8,8,1
6175,55157,-0.03,0,2,5,3,1
6176,55172,2.55,0,8,11,15,1
6177,55180,1.87,0,6,9,8,1
6178,55204,4.76,0,13,16,24,1
6179,55219,4.2,0,11,14,15,1
6180,55228,2.91,0,8,11,9,1
6181,55251,4.27,0,12,15,23,1
6182,55254,-0.03,0,2,5,3,1
6183,55259,0.4,0,3,6,5,1
6184,55262,-0.58,0,1,4,3,1
6185,55290,4.52,0,13,16,28,1
6186,55306,4.14,0,11,14,16,1
6187,55340,6.91,0,18,21,34,1
6188,55355,3.65,0,10,13,15,1
6189,55365,0.65,0,4,7,10,1
6190,55384,5.06,0,13,16,19,1
6191,55386,-0.52,0,1,4,2,1
6192,55387,-1.01,0,0,3,1,1
6193,55391,0.46,0,3,6,4,1
6194,55395,-0.09,0,2,5,4,1
6195,55412,4.08,0,11,14,17,1
6196,55429,3.53,0,10,13,17,1
6197,55431,-0.52,0,1,4,2,1
6198,55432,-1.01,0,0,3,1,1
6199,55440,1.87,0,6,9,8,1
6200,55445,0.95,0,4,7,5,1
6201,55475,6.05,0,16,19,30,1
6202,55489,2.61,0,8,11,14,1
6203,55495,1.44,0,5,8,6,1
6204,55498,-0.03,0,2,5,3,1
6205,55510,2.18,0,7,10,12,1
6206,55513,-0.03,0,2,5,3,1
6207,55515,-0.52,0,1,4,2,1
6208,55518,-0.03,0,2,5,3,1
6209,55520,-0.52,0,1,4,2,1
6210,55539,5.06,0,13,16,19,1
6211,55552,3.77,0,10,13,13,1
6212,55560,2.42,0,7,10,8,1
6213,55564,0.46,0,3,6,4,1
6214,55567,-0.03,0,2,5,3,1
6215,55585,4.57,0,12,15,18,1
6216,55599,2.61,0,8,11,14,1
6217,55603,0.46,0,3,6,4,1
6218,55605,-0.52,0,1,4,2,1
6219,55616,3.34,0,9,12,11,1
6220,55619,-0.03,0,2,5,3,1
6221,55625,1.44,0,5,8,6,1
6222,55630,-0.15,0,2,5,5,1
6223,55632,-0.52,0,1,4,2,1
6224,55633,-1.01,0,0,3,1,1
6225,55635,-0.52,0,1,4,2,1
6226,55636,-1.01,0,0,3,1,1
6227,55643,1.38,0,5,8,7,1
6228,55648,0.4,0,3,6,5,1
6229,55650,-0.52,0,1,4,2,1
6230,55673,5.92,0,15,18,23,1
6231,55684,2.79,0,8,11,11,1
6232,55691,0.83,0,4,7,7,1
6233,55696,0.95,0,4,7,5,1
6234,55701,0.95,0,4,7,5,1
6235,55718,3.53,0,10,13,17,1
6236,55722,0.46,0,3,6,4,1
6237,55738,4.69,0,12,15,16,1
6238,55748,1.75,0,6,9,10,1
6239,55753,0.4,0,3,6,5,1
6240,55793,7.1,0,19,22,40,1
6241,55799,1.44,0,5,8,6,1
6242,55807,1.87,0,6,9,8,1
6243,55816,1.81,0,6,9,9,1
6244,55819,-0.03,0,2,5,3,1
6245,55827,1.32,0,5,8,8,1
6246,55836,2.36,0,7,10,9,1
6247,55837,-1.01,0,0,3,1,1
6248,55871,5.81,0,16,19,34,1
6249,55872,-1.01,0,0,3,1,1
6250,55899,5.13,0,14,17,27,1
6251,55933,6.36,0,17,20,34,1
6252,55935,-0.52,0,1,4,2,1
6253,55941,1.44,0,5,8,6,1
6254,55943,-0.52,0,1,4,2,1
6255,55986,6.92,0,19,22,43,1
6256,55993,1.38,0,5,8,7,1
6257,56008,4.2,0,11,14,15,1
6258,56010,-0.52,0,1,4,2,1
6259,56029,4.51,0,12,15,19,1
6260,56035,1.44,0,5,8,6,1
6261,56048,3.22,0,9,12,13,1
6262,56056,1.87,0,6,9,8,1
6263,56059,-0.03,0,2,5,3,1
6264,56083,5.31,0,14,17,24,1
6265,56086,-0.03,0,2,5,3,1
6266,56094,1.87,0,6,9,8,1
6267,56095,-1.01,0,0,3,1,1
6268,56098,-0.03,0,2,5,3,1
6269,56108,1.75,0,6,9,10,1
6270,56113,0.95,0,4,7,5,1
6271,56118,0.4,0,3,6,5,1
6272,56121,-0.03,0,2,5,3,1
6273,56125,0.46,0,3,6,4,1
6274,56127,-0.52,0,1,4,2,1
6275,56131,-0.09,0,2,5,4,1
6276,56133,-0.52,0,1,4,2,1
6277,56135,-0.52,0,1,4,2,1
6278,56137,-0.52,0,1,4,2,1
6279,56145,1.87,0,6,9,8,1
6280,56146,-1.01,0,0,3,1,1
6281,56155,2.36,0,7,10,9,1
6282,56161,1.44,0,5,8,6,1
6283,56164,-0.03,0,2,5,3,1
6284,56186,5.43,0,14,17,22,1
6285,56193,1.93,0,6,9,7,1
6286,56196,-0.03,0,2,5,3,1
6287,56213,4.63,0,12,15,17,1
6288,56217,0.46,0,3,6,4,1
6289,56218,-1.01,0,0,3,1,1
6290,56227,2.36,0,7,10,9,1
6291,56234,1.38,0,5,8,7,1
6292,56247,2.67,0,8,11,13,1
6293,56260,3.22,0,9,12,13,1
6294,56266,1.44,0,5,8,6,1
6295,56267,-1.01,0,0,3,1,1
6296,56270,-0.58,0,1,4,3,1
6297,56284,2.06,0,7,10,14,1
6298,56304,3.9,0,11,14,20,1
6299,56306,-0.52,0,1,4,2,1
6300,56316,3.4,0,9,12,10,1
6301,56320,0.46,0,3,6,4,1
6302,56349,5.56,0,15,18,29,1
6303,56354,0.95,0,4,7,5,1
6304,56362,1.32,0,5,8,8,1
6305,56379,5.18,0,13,16,17,1
6306,56394,4.2,0,11,14,15,1
6307,56400,1.44,0,5,8,6,1
6308,56401,-1.01,0,0,3,1,1
6309,56404,-0.03,0,2,5,3,1
6310,56412,1.32,0,5,8,8,1
6311,56414,-0.52,0,1,4,2,1
6312,56421,1.38,0,5,8,7,1
6313,56424,-0.03,0,2,5,3,1
6314,56455,5.99,0,16,19,31,1
6315,56456,-1.01,0,0,3,1,1
6316,56458,-0.52,0,1,4,2,1
6317,56466,1.32,0,5,8,8,1
6318,56474,2.42,0,7,10,8,1
6319,56498,4.76,0,13,16,24,1
6320,56512,3.71,0,10,13,14,1
6321,56513,-1.01,0,0,3,1,1
6322,56536,4.82,0,13,16,23,1
6323,56540,0.46,0,3,6,4,1
6324,56542,-0.52,0,1,4,2,1
6325,56547,0.95,0,4,7,5,1
6326,56548,-1.01,0,0,3,1,1
6327,56550,-0.52,0,1,4,2,1
6328,56551,-1.01,0,0,3,1,1
6329,56564,3.77,0,10,13,13,1
6330,56565,-1.01,0,0,3,1,1
6331,56576,2.79,0,8,11,11,1
6332,56579,-0.03,0,2,5,3,1
6333,56617,6.67,0,18,21,38,1
6334,56627,2.85,0,8,11,10,1
6335,56636,2.36,0,7,10,9,1
6336,56637,-1.01,0,0,3,1,1
6337,56641,0.46,0,3,6,4,1
6338,56648,1.38,0,5,8,7,1
6339,56665,5.18,0,13,16,17,1
6340,56673,1.87,0,6,9,8,1
6341,56681,1.87,0,6,9,8,1
6342,56685,0.46,0,3,6,4,1
6343,56689,0.46,0,3,6,4,1
6344,56719,5.5,0,15,18,30,1
6345,56720,-1.01,0,0,3,1,1
6346,56737,2.98,0,9,12,17,1
6347,56742,0.4,0,3,6,5,1
6348,56747,0.95,0,4,7,5,1
6349,56750,-0.03,0,2,5,3,1
6350,56760,2.3,0,7,10,10,1
6351,56767,1.38,0,5,8,7,1
6352,56769,-0.52,0,1,4,2,1
6353,56791,5.43,0,14,17,22,1
6354,56802,3.89,0,10,13,11,1
6355,56807,0.95,0,4,7,5,1
6356,56808,-1.01,0,0,3,1,1
6357,56824,4.14,0,11,14,16,1
6358,56840,3.59,0,10,13,16,1
6359,56841,-1.01,0,0,3,1,1
6360,56847,0.89,0,4,7,6,1
6361,56857,2.85,0,8,11,10,1
6362,56859,-0.52,0,1,4,2,1
6363,56868,1.81,0,6,9,9,1
6364,56870,-0.52,0,1,4,2,1
6365,56876,0.34,0,3,6,6,1
6366,56879,-0.03,0,2,5,3,1
6367,56884,0.95,0,4,7,5,1
6368,56889,0.95,0,4,7,5,1
6369,56893,0.46,0,3,6,4,1
6370,56897,0.46,0,3,6,4,1
6371,56911,3.71,0,10,13,14,1
6372,56914,-0.03,0,2,5,3,1
6373,56919,0.95,0,4,7,5,1
6374,56926,1.93,0,6,9,7,1
6375,56928,-0.52,0,1,4,2,1
6376,56945,4.08,0,11,14,17,1
6377,56973,6.72,0,17,20,28,1
6378,56982,1.81,0,6,9,9,1
6379,56988,1.44,0,5,8,6,1
6380,56990,-0.52,0,1,4,2,1
6381,56995,0.4,0,3,6,5,1
6382,57009,2.61,0,8,11,14,1
6383,57017,1.87,0,6,9,8,1
6384,57026,1.81,0,6,9,9,1
6385,57040,2.61,0,8,11,14,1
6386,57044,0.46,0,3,6,4,1
6387,57084,7.65,0,20,23,40,1
6388,57086,-0.52,0,1,4,2,1
6389,57091,0.95,0,4,7,5,1
6390,57106,3.1,0,9,12,15,1
6391,57108,-0.52,0,1,4,2,1
6392,57129,4.94,0,13,16,21,1
6393,57135,0.89,0,4,7,6,1
6394,57140,0.95,0,4,7,5,1
6395,57143,-0.03,0,2,5,3,1
6396,57149,1.44,0,5,8,6,1
6397,57155,1.44,0,5,8,6,1
6398,57173,5.67,0,14,17,18,1
6399,57178,0.4,0,3,6,5,1
6400,57180,-0.52,0,1,4,2,1
6401,57181,-1.01,0,0,3,1,1
6402,57184,-0.03,0,2,5,3,1
6403,57201,3.53,0,10,13,17,1
6404,57204,-0.03,0,2,5,3,1
6405,57224,3.9,0,11,14,20,1
6406,57226,-0.52,0,1,4,2,1
6407,57228,-0.52,0,1,4,2,1
6408,57229,-1.01,0,0,3,1,1
6409,57232,-0.03,0,2,5,3,1
6410,57236,0.46,0,3,6,4,1
6411,57237,-1.01,0,0,3,1,1
6412,57253,4.69,0,12,15,16,1
6413,57256,-0.03,0,2,5,3,1
6414,57259,-0.03,0,2,5,3,1
6415,57267,1.87,0,6,9,8,1
6416,57283,4.14,0,11,14,16,1
6417,57287,0.46,0,3,6,4,1
6418,57323,6.24,0,17,20,36,1
6419,57326,-0.03,0,2,5,3,1
6420,57327,-1.01,0,0,3,1,1
6421,57348,4.94,0,13,16,21,1
6422,57357,2.36,0,7,10,9,1
6423,57367,2.3,0,7,10,10,1
6424,57368,-1.01,0,0,3,1,1
6425,57370,-0.52,0,1,4,2,1
6426,57394,6.41,0,16,19,24,1
6427,57413,3.96,0,11,14,19,1
6428,57426,3.22,0,9,12,13,1
6429,57429,-0.03,0,2,5,3,1
6430,57431,-0.52,0,1,4,2,1
6431,57434,-0.03,0,2,5,3,1
6432,57444,2.3,0,7,10,10,1
6433,57459,3.65,0,10,13,15,1
6434,57460,-1.01,0,0,3,1,1
6435,57469,2.91,0,8,11,9,1
6436,57483,3.71,0,10,13,14,1
6437,57484,-1.01,0,0,3,1,1
6438,57488,0.46,0,3,6,4,1
6439,57496,2.42,0,7,10,8,1
6440,57509,2.67,0,8,11,13,1
6441,57513,0.46,0,3,6,4,1
6442,57515,-0.52,0,1,4,2,1
6443,57519,0.46,0,3,6,4,1
6444,57560,4.84,0,15,18,41,1
6445,57567,1.93,0,6,9,7,1
6446,57572,0.95,0,4,7,5,1
6447,57573,-1.01,0,0,3,1,1
6448,57585,3.28,0,9,12,12,1
6449,57603,4.57,0,12,15,18,1
6450,57609,0.89,0,4,7,6,1
6451,57620,2.79,0,8,11,11,1
6452,57626,1.44,0,5,8,6,1
6453,57628,-0.52,0,1,4,2,1
6454,57629,-1.01,0,0,3,1,1
6455,57632,-0.03,0,2,5,3,1
6456,57633,-1.01,0,0,3,1,1
6457,57639,0.89,0,4,7,6,1
6458,57642,-0.03,0,2,5,3,1
6459,57643,-1.01,0,0,3,1,1
6460,57644,-1.01,0,0,3,1,1
6461,57659,3.65,0,10,13,15,1
6462,57670,2.79,0,8,11,11,1
6463,57680,2.85,0,8,11,10,1
6464,57683,-0.03,0,2,5,3,1
6465,57688,0.95,0,4,7,5,1
6466,57694,1.44,0,5,8,6,1
6467,57704,2.85,0,8,11,10,1
6468,57714,1.75,0,6,9,10,1
6469,57736,5.98,0,15,18,22,1
6470,57740,0.46,0,3,6,4,1
6471,57743,-0.03,0,2,5,3,1
6472,57752,2.36,0,7,10,9,1
6473,57753,-1.01,0,0,3,1,1
6474,57761,1.32,0,5,8,8,1
6475,57768,1.93,0,6,9,7,1
6476,57771,-0.03,0,2,5,3,1
6477,57781,2.85,0,8,11,10,1
6478,57785,0.46,0,3,6,4,1
6479,57790,0.95,0,4,7,5,1
6480,57810,5.0,0,13,16,20,1
6481,57811,-1.01,0,0,3,1,1
6482,57864,6.87,0,20,23,53,1
6483,57865,-1.01,0,0,3,1,1
6484,57912,5.58,0,17,20,47,1
6485,57914,-0.52,0,1,4,2,1
6486,57919,0.95,0,4,7,5,1
6487,57926,1.38,0,5,8,7,1
6488,57930,0.46,0,3,6,4,1
6489,57943,3.22,0,9,12,13,1
6490,57969,6.84,0,17,20,26,1
6491,57979,1.75,0,6,9,10,1
6492,57992,2.67,0,8,11,13,1
6493,58018,5.19,0,14,17,26,1
6494,58027,1.81,0,6,9,9,1
6495,58029,-0.52,0,1,4,2,1
6496,58034,-0.15,0,2,5,5,1
6497,58041,1.38,0,5,8,7,1
6498,58049,1.32,0,5,8,8,1
6499,58052,-0.03,0,2,5,3,1
6500,58065,3.22,0,9,12,13,1
6501,58066,-1.01,0,0,3,1,1
6502,58076,2.3,0,7,10,10,1
6503,58077,-1.01,0,0,3,1,1
6504,58092,3.65,0,10,13,15,1
6505,58095,-0.03,0,2,5,3,1
6506,58116,5.49,0,14,17,21,1
6507,58126,2.85,0,8,11,10,1
6508,58142,5.24,0,13,16,16,1
6509,58160,2.92,0,9,12,18,1
6510,58164,-0.09,0,2,5,4,1
6511,58176,3.28,0,9,12,12,1
6512,58177,-1.01,0,0,3,1,1
6513,58184,1.38,0,5,8,7,1
6514,58189,0.95,0,4,7,5,1
6515,58191,-0.52,0,1,4,2,1
6516,58201,3.4,0,9,12,10,1
6517,58202,-1.01,0,0,3,1,1
6518,58224,5.43,0,14,17,22,1
6519,58227,-0.03,0,2,5,3,1
6520,58228,-1.01,0,0,3,1,1
6521,58233,0.95,0,4,7,5,1
6522,58248,3.1,0,9,12,15,1
6523,58268,3.35,0,10,13,20,1
6524,58287,5.61,0,14,17,19,1
6525,58306,3.41,0,10,13,19,1
6526,58336,4.4,0,13,16,30,1
6527,58340,0.46,0,3,6,4,1
6528,58350,2.3,0,7,10,10,1
6529,58352,-0.52,0,1,4,2,1
6530,58366,3.16,0,9,12,14,1
6531,58373,1.93,0,6,9,7,1
6532,58377,0.46,0,3,6,4,1
6533,58384,1.38,0,5,8,7,1
6534,58386,-0.52,0,1,4,2,1
6535,58395,1.81,0,6,9,9,1
6536,58401,0.89,0,4,7,6,1
6537,58417,4.69,0,12,15,16,1
6538,58423,1.44,0,5,8,6,1
6539,58429,0.34,0,3,6,6,1
6540,58434,0.4,0,3,6,5,1
6541,58440,1.44,0,5,8,6,1
6542,58441,-1.01,0,0,3,1,1
6543,58451,2.85,0,8,11,10,1
6544,58454,-0.03,0,2,5,3,1
6545,58463,1.81,0,6,9,9,1
6546,58467,-0.64,0,1,4,4,1
6547,58472,0.95,0,4,7,5,1
6548,58473,-1.01,0,0,3,1,1
6549,58479,0.34,0,3,6,6,1
6550,58482,-0.03,0,2,5,3,1
6551,58508,5.74,0,15,18,26,1
6552,58511,-0.03,0,2,5,3,1
6553,58514,-0.03,0,2,5,3,1
6554,58519,0.95,0,4,7,5,1
6555,58528,2.91,0,8,11,9,1
6556,58591,6.27,0,20,23,63,1
6557,58599,0.77,0,4,7,8,1
6558,58619,5.0,0,13,16,20,1
6559,58648,3.91,0,12,15,29,1
6560,58654,0.89,0,4,7,6,1
6561,58658,-0.64,0,1,4,4,1
6562,58661,-0.03,0,2,5,3,1
6563,58677,3.59,0,10,13,16,1
6564,58680,-0.03,0,2,5,3,1
6565,58692,2.73,0,8,11,12,1
6566,58698,1.44,0,5,8,6,1
6567,58702,0.46,0,3,6,4,1
6568,58715,2.67,0,8,11,13,1
6569,58746,7.09,0,18,21,31,1
6570,58766,5.0,0,13,16,20,1
6571,58767,-1.01,0,0,3,1,1
6572,58775,2.42,0,7,10,8,1
6573,58777,-0.52,0,1,4,2,1
6574,58780,-0.03,0,2,5,3,1
6575,58781,-1.01,0,0,3,1,1
6576,58798,4.08,0,11,14,17,1
6577,58843,7.35,0,20,23,45,1
6578,58867,5.86,0,15,18,24,1
6579,58868,-1.01,0,0,3,1,1
6580,58869,-1.01,0,0,3,1,1
6581,58872,-0.03,0,2,5,3,1
6582,58874,-0.52,0,1,4,2,1
6583,58965,4.59,0,20,23,91,1
6584,58966,-1.01,0,0,3,1,1
6585,58972,1.44,0,5,8,6,1
6586,58981,2.36,0,7,10,9,1
6587,58986,0.95,0,4,7,5,1
6588,59003,4.08,0,11,14,17,1
6589,59010,1.93,0,6,9,7,1
6590,59012,-0.52,0,1,4,2,1
6591,59016,0.46,0,3,6,4,1
6592,59017,-1.01,0,0,3,1,1
6593,59021,0.46,0,3,6,4,1
6594,59049,5.07,0,14,17,28,1
6595,59051,-0.52,0,1,4,2,1
6596,59058,1.93,0,6,9,7,1
6597,59083,6.35,0,16,19,25,1
6598,59085,-0.52,0,1,4,2,1
6599,59086,-1.01,0,0,3,1,1
6600,59102,3.04,0,9,12,16,1
6601,59114,3.28,0,9,12,12,1
6602,59135,4.94,0,13,16,21,1
6603,59142,1.38,0,5,8,7,1
6604,59151,1.26,0,5,8,9,1
6605,59164,3.22,0,9,12,13,1
6606,59174,2.3,0,7,10,10,1
6607,59177,-0.03,0,2,5,3,1
6608,59178,-1.01,0,0,3,1,1
6609,59216,6.67,0,18,21,38,1
6610,59220,0.46,0,3,6,4,1
6611,59240,4.45,0,12,15,20,1
6612,59243,-0.03,0,2,5,3,1
6613,59270,6.23,0,16,19,27,1
6614,59271,-1.01,0,0,3,1,1
6615,59272,-1.01,0,0,3,1,1
6616,59304,6.48,0,17,20,32,1
6617,59316,3.83,0,10,13,12,1
6618,59334,4.02,0,11,14,18,1
6619,59344,3.4,0,9,12,10,1
6620,59346,-0.52,0,1,4,2,1
6621,59348,-0.52,0,1,4,2,1
6622,59351,-0.03,0,2,5,3,1
6623,59356,0.95,0,4,7,5,1
6624,59360,0.46,0,3,6,4,1
6625,59361,-1.01,0,0,3,1,1
6626,59362,-1.01,0,0,3,1,1
6627,59367,0.95,0,4,7,5,1
6628,59374,1.38,0,5,8,7,1
6629,59378,0.46,0,3,6,4,1
6630,59393,3.1,0,9,12,15,1
6631,59419,5.19,0,14,17,26,1
6632,59421,-0.52,0,1,4,2,1
6633,59424,-0.03,0,2,5,3,1
6634,59465,6.49,0,18,21,41,1
6635,59471,1.44,0,5,8,6,1
6636,59478,1.38,0,5,8,7,1
6637,59480,-0.52,0,1,4,2,1
6638,59497,3.53,0,10,13,17,1
6639,59501,0.46,0,3,6,4,1
6640,59517,4.69,0,12,15,16,1
6641,59550,8.07,0,20,23,33,1
6642,59556,1.44,0,5,8,6,1
6643,59560,0.46,0,3,6,4,1
6644,59565,0.4,0,3,6,5,1
6645,59584,4.51,0,12,15,19,1
6646,59589,0.95,0,4,7,5,1
6647,59595,1.44,0,5,8,6,1
6648,59602,1.38,0,5,8,7,1
6649,59617,4.75,0,12,15,15,1
6650,59628,2.79,0,8,11,11,1
6651,59642,3.71,0,10,13,14,1
6652,59644,-0.52,0,1,4,2,1
6653,59659,4.75,0,12,15,15,1
6654,59665,1.44,0,5,8,6,1
6655,59667,-0.52,0,1,4,2,1
6656,59670,-0.03,0,2,5,3,1
6657,59681,2.79,0,8,11,11,1
6658,59682,-1.01,0,0,3,1,1
6659,59698,4.69,0,12,15,16,1
6660,59700,-0.52,0,1,4,2,1
6661,59702,-0.52,0,1,4,2,1
6662,59708,0.89,0,4,7,6,1
6663,59712,0.46,0,3,6,4,1
6664,59715,-0.03,0,2,5,3,1
6665,59719,0.46,0,3,6,4,1
6666,59737,5.12,0,13,16,18,1
6667,59758,4.39,0,12,15,21,1
6668,59762,0.46,0,3,6,4,1
6669,59775,3.77,0,10,13,13,1
6670,59792,2.98,0,9,12,17,1
6671,59811,3.41,0,10,13,19,1
6672,59814,-0.03,0,2,5,3,1
6673,59819,0.95,0,4,7,5,1
6674,59821,-0.52,0,1,4,2,1
6675,59824,-0.03,0,2,5,3,1
6676,59844,5.0,0,13,16,20,1
6677,59853,2.36,0,7,10,9,1
6678,59854,-1.01,0,0,3,1,1
6679,59912,5.47,0,18,21,58,1
6680,59915,-0.03,0,2,5,3,1
6681,59923,0.77,0,4,7,8,1
6682,59940,5.73,0,14,17,17,1
6683,59945,0.95,0,4,7,5,1
6684,59946,-1.01,0,0,3,1,1
6685,59947,-1.01,0,0,3,1,1
6686,59954,1.38,0,5,8,7,1
6687,59970,3.04,0,9,12,16,1
6688,59976,1.44,0,5,8,6,1
6689,59992,3.04,0,9,12,16,1
6690,59995,-0.03,0,2,5,3,1
6691,59998,-0.03,0,2,5,3,1
6692,60003,0.4,0,3,6,5,1
6693,60017,3.71,0,10,13,14,1
6694,60032,3.65,0,10,13,15,1
6695,60044,3.28,0,9,12,12,1
6696,60051,1.38,0,5,8,7,1
6697,60058,1.93,0,6,9,7,1
6698,60065,1.38,0,5,8,7,1
6699,60067,-0.52,0,1,4,2,1
6700,60099,6.48,0,17,20,32,1
6701,60113,3.71,0,10,13,14,1
6702,60133,6.1,0,15,18,20,1
6703,60141,1.87,0,6,9,8,1
6704,60149,2.42,0,7,10,8,1
6705,60154,0.4,0,3,6,5,1
6706,60160,1.44,0,5,8,6,1
6707,60185,4.7,0,13,16,25,1
6708,60203,6.77,0,16,19,18,1
6709,60207,0.46,0,3,6,4,1
6710,60218,2.79,0,8,11,11,1
6711,60222,0.46,0,3,6,4,1
6712,60225,-0.03,0,2,5,3,1
6713,60229,0.46,0,3,6,4,1
6714,60234,0.95,0,4,7,5,1
6715,60237,-0.03,0,2,5,3,1
6716,60241,0.46,0,3,6,4,1
6717,60262,3.84,0,11,14,21,1
6718,60266,0.46,0,3,6,4,1
6719,60285,4.51,0,12,15,19,1
6720,60294,1.81,0,6,9,9,1
6721,60295,-1.01,0,0,3,1,1
6722,60315,3.35,0,10,13,20,1
6723,60316,-1.01,0,0,3,1,1
6724,60360,6.86,0,19,22,44,1
6725,60370,1.75,0,6,9,10,1
6726,60378,1.32,0,5,8,8,1
6727,60383,0.95,0,4,7,5,1
6728,60390,0.83,0,4,7,7,1
6729,60413,4.82,0,13,16,23,1
6730,60447,4.71,0,14,17,34,1
6731,60454,1.38,0,5,8,7,1
6732,60460,1.44,0,5,8,6,1
6733,60465,0.95,0,4,7,5,1
6734,60470,0.95,0,4,7,5,1
6735,60476,0.34,0,3,6,6,1
6736,60482,0.34,0,3,6,6,1
6737,60484,-0.52,0,1,4,2,1
6738,60505,3.84,0,11,14,21,1
6739,60507,-0.52,0,1,4,2,1
6740,60510,-0.03,0,2,5,3,1
6741,60516,1.44,0,5,8,6,1
6742,60519,-0.03,0,2,5,3,1
6743,60520,-1.01,0,0,3,1,1
6744,60525,0.95,0,4,7,5,1
6745,60527,-0.52,0,1,4,2,1
6746,60534,0.83,0,4,7,7,1
6747,60540,0.89,0,4,7,6,1
6748,60556,3.59,0,10,13,16,1
6749,60574,2.92,0,9,12,18,1
6750,60601,5.68,0,15,18,27,1
6751,60608,1.38,0,5,8,7,1
6752,60615,1.93,0,6,9,7,1
6753,60616,-1.01,0,0,3,1,1
6754,60623,0.83,0,4,7,7,1
6755,60627,0.46,0,3,6,4,1
6756,60642,2.55,0,8,11,15,1
6757,60649,1.38,0,5,8,7,1
6758,60658,2.36,0,7,10,9,1
6759,60664,0.89,0,4,7,6,1
6760,60665,-1.01,0,0,3,1,1
6761,60669,0.46,0,3,6,4,1
6762,60683,4.26,0,11,14,14,1
6763,60711,5.07,0,14,17,28,1
6764,60712,-1.01,0,0,3,1,1
6765,60716,0.46,0,3,6,4,1
6766,60722,1.44,0,5,8,6,1
6767,60733,2.24,0,7,10,11,1
6768,60735,-0.52,0,1,4,2,1
6769,60738,-0.03,0,2,5,3,1
6770,60747,1.81,0,6,9,9,1
6771,60764,4.08,0,11,14,17,1
6772,60780,3.59,0,10,13,16,1
6773,60782,-0.52,0,1,4,2,1
6774,60785,-0.03,0,2,5,3,1
6775,60811,6.29,0,16,19,26,1
6776,60813,-0.52,0,1,4,2,1
6777,60818,-0.15,0,2,5,5,1
6778,60821,-0.03,0,2,5,3,1
6779,60824,-0.03,0,2,5,3,1
6780,60828,0.46,0,3,6,4,1
6781,60833,0.95,0,4,7,5,1
6782,60843,2.85,0,8,11,10,1
6783,60850,1.38,0,5,8,7,1
6784,60867,3.53,0,10,13,17,1
6785,60871,0.46,0,3,6,4,1
6786,60877,0.89,0,4,7,6,1
6787,60886,2.36,0,7,10,9,1
6788,60902,3.04,0,9,12,16,1
6789,60904,-0.52,0,1,4,2,1
6790,60906,-0.52,0,1,4,2,1
6791,60913,1.38,0,5,8,7,1
6792,60914,-1.01,0,0,3,1,1
6793,60922,1.32,0,5,8,8,1
6794,60949,6.78,0,17,20,27,1
6795,60952,-0.03,0,2,5,3,1
6796,60955,-0.03,0,2,5,3,1
6797,60983,5.07,0,14,17,28,1
6798,60989,0.34,0,3,6,6,1
6799,60991,-0.52,0,1,4,2,1
6800,60993,-0.52,0,1,4,2,1
6801,61002,2.91,0,8,11,9,1
6802,61009,0.83,0,4,7,7,1
6803,61021,3.83,0,10,13,12,1
6804,61023,-0.52,0,1,4,2,1
6805,61025,-0.52,0,1,4,2,1
6806,61030,0.95,0,4,7,5,1
6807,61033,-0.03,0,2,5,3,1
6808,61042,2.36,0,7,10,9,1
6809,61051,1.81,0,6,9,9,1
6810,61069,2.92,0,9,12,18,1
6811,61112,6.92,0,19,22,43,1
6812,61118,0.89,0,4,7,6,1
6813,61132,3.16,0,9,12,14,1
6814,61140,0.77,0,4,7,8,1
6815,61146,0.89,0,4,7,6,1
6816,61153,1.93,0,6,9,7,1
6817,61157,0.46,0,3,6,4,1
6818,61164,1.38,0,5,8,7,1
6819,61171,1.38,0,5,8,7,1
6820,61172,-1.01,0,0,3,1,1
6821,61177,0.95,0,4,7,5,1
6822,61178,-1.01,0,0,3,1,1
6823,61179,-1.01,0,0,3,1,1
6824,61204,4.7,0,13,16,25,1
6825,61233,7.21,0,18,21,29,1
6826,61235,-0.52,0,1,4,2,1
6827,61248,2.67,0,8,11,13,1
6828,61250,-0.52,0,1,4,2,1
6829,61252,-0.52,0,1,4,2,1
6830,61262,2.3,0,7,10,10,1
6831,61265,-0.03,0,2,5,3,1
6832,61267,-0.52,0,1,4,2,1
6833,61271,0.46,0,3,6,4,1
6834,61274,-0.03,0,2,5,3,1
6835,61283,2.36,0,7,10,9,1
6836,61306,4.27,0,12,15,23,1
6837,61311,0.95,0,4,7,5,1
6838,61325,3.16,0,9,12,14,1
6839,61329,0.46,0,3,6,4,1
6840,61334,0.95,0,4,7,5,1
6841,61343,1.81,0,6,9,9,1
6842,61345,-0.52,0,1,4,2,1
6843,61349,0.46,0,3,6,4,1
6844,61350,-1.01,0,0,3,1,1
6845,61360,2.85,0,8,11,10,1
6846,61364,0.46,0,3,6,4,1
6847,61368,0.46,0,3,6,4,1
6848,61375,1.93,0,6,9,7,1
6849,61378,-0.03,0,2,5,3,1
6850,61380,-0.52,0,1,4,2,1
6851,61399,3.96,0,11,14,19,1
6852,61409,2.85,0,8,11,10,1
6853,61440,5.99,0,16,19,31,1
6854,61446,0.89,0,4,7,6,1
6855,61453,1.93,0,6,9,7,1
6856,61462,2.36,0,7,10,9,1
6857,61466,-0.09,0,2,5,4,1
6858,61478,3.28,0,9,12,12,1
6859,61480,-0.52,0,1,4,2,1
6860,61485,0.4,0,3,6,5,1
6861,61488,-0.03,0,2,5,3,1
6862,61498,1.75,0,6,9,10,1
6863,61506,1.87,0,6,9,8,1
6864,61514,2.42,0,7,10,8,1
6865,61515,-1.01,0,0,3,1,1
6866,61523,1.87,0,6,9,8,1
6867,61533,2.85,0,8,11,10,1
6868,61545,2.18,0,7,10,12,1
6869,61552,1.93,0,6,9,7,1
6870,61563,2.79,0,8,11,11,1
6871,61576,3.22,0,9,12,13,1
6872,61597,4.94,0,13,16,21,1
6873,61637,6.0,0,17,20,40,1
6874,61650,3.77,0,10,13,13,1
6875,61652,-0.52,0,1,4,2,1
6876,61653,-1.01,0,0,3,1,1
6877,61661,2.42,0,7,10,8,1
6878,61663,-0.52,0,1,4,2,1
6879,61678,3.1,0,9,12,15,1
6880,61680,-0.52,0,1,4,2,1
6881,61684,0.46,0,3,6,4,1
6882,61690,0.34,0,3,6,6,1
6883,61702,3.28,0,9,12,12,1
6884,61704,-0.52,0,1,4,2,1
6885,61708,0.46,0,3,6,4,1
6886,61734,5.19,0,14,17,26,1
6887,61745,2.79,0,8,11,11,1
6888,61746,-1.01,0,0,3,1,1
6889,61760,4.26,0,11,14,14,1
6890,61761,-1.01,0,0,3,1,1
6891,61797,5.69,0,16,19,36,1
6892,61803,1.44,0,5,8,6,1
6893,61821,3.47,0,10,13,18,1
6894,61832,2.79,0,8,11,11,1
6895,61874,5.33,0,16,19,42,1
6896,61876,-0.52,0,1,4,2,1
6897,61879,-0.03,0,2,5,3,1
6898,61886,1.93,0,6,9,7,1
6899,61889,-0.03,0,2,5,3,1
6900,61892,-0.03,0,2,5,3,1
6901,61939,5.58,0,17,20,47,1
6902,61944,0.95,0,4,7,5,1
6903,61951,1.93,0,6,9,7,1
6904,61953,-0.52,0,1,4,2,1
6905,61957,-0.09,0,2,5,4,1
6906,61993,6.79,0,18,21,36,1
6907,61994,-1.01,0,0,3,1,1
6908,62007,3.77,0,10,13,13,1
6909,62022,3.1,0,9,12,15,1
6910,62029,1.93,0,6,9,7,1
6911,62055,6.29,0,16,19,26,1
6912,62058,-0.03,0,2,5,3,1
6913,62075,5.18,0,13,16,17,1
6914,62076,-1.01,0,0,3,1,1
6915,62081,0.4,0,3,6,5,1
6916,62088,1.38,0,5,8,7,1
6917,62097,1.81,0,6,9,9,1
6918,62100,-0.03,0,2,5,3,1
6919,62108,2.42,0,7,10,8,1
6920,62119,3.34,0,9,12,11,1
6921,62121,-0.52,0,1,4,2,1
6922,62124,-0.03,0,2,5,3,1
6923,62125,-1.01,0,0,3,1,1
6924,62130,0.95,0,4,7,5,1
6925,62132,-0.52,0,1,4,2,1
6926,62144,2.73,0,8,11,12,1
6927,62178,6.36,0,17,20,34,1
6928,62193,3.1,0,9,12,15,1
6929,62200,1.38,0,5,8,7,1
6930,62203,-0.03,0,2,5,3,1
6931,62204,-1.01,0,0,3,1,1
6932,62208,-0.09,0,2,5,4,1
6933,62211,-0.03,0,2,5,3,1
6934,62214,-0.03,0,2,5,3,1
6935,62216,-0.52,0,1,4,2,1
6936,62219,-0.03,0,2,5,3,1
6937,62230,3.34,0,9,12,11,1
6938,62236,0.89,0,4,7,6,1
6939,62238,-0.52,0,1,4,2,1
6940,62243,0.4,0,3,6,5,1
6941,62245,-0.52,0,1,4,2,1
6942,62256,2.79,0,8,11,11,1
6943,62258,-0.52,0,1,4,2,1
6944,62262,0.46,0,3,6,4,1
6945,62268,0.89,0,4,7,6,1
6946,62270,-0.52,0,1,4,2,1
6947,62281,1.69,0,6,9,11,1
6948,62300,5.06,0,13,16,19,1
6949,62305,0.95,0,4,7,5,1
6950,62306,-1.01,0,0,3,1,1
6951,62329,5.92,0,15,18,23,1
6952,62336,1.38,0,5,8,7,1
6953,62369,3.67,0,12,15,33,1
6954,62390,6.04,0,15,18,21,1
6955,62397,1.38,0,5,8,7,1
6956,62399,-0.52,0,1,4,2,1
6957,62400,-1.01,0,0,3,1,1
6958,62409,2.36,0,7,10,9,1
6959,62423,3.71,0,10,13,14,1
6960,62448,4.7,0,13,16,25,1
6961,62451,-0.03,0,2,5,3,1
6962,62452,-1.01,0,0,3,1,1
6963,62468,3.04,0,9,12,16,1
6964,62469,-1.01,0,0,3,1,1
6965,62474,0.4,0,3,6,5,1
6966,62486,2.18,0,7,10,12,1
6967,62488,-0.52,0,1,4,2,1
6968,62496,1.32,0,5,8,8,1
6969,62510,3.71,0,10,13,14,1
6970,62516,0.89,0,4,7,6,1
6971,62543,5.13,0,14,17,27,1
6972,62550,1.93,0,6,9,7,1
6973,62553,-0.58,0,1,4,3,1
6974,62554,-1.01,0,0,3,1,1
6975,62555,-1.01,0,0,3,1,1
6976,62566,2.24,0,7,10,11,1
6977,62570,0.46,0,3,6,4,1
6978,62579,2.36,0,7,10,9,1
6979,62586,0.83,0,4,7,7,1
6980,62589,-0.03,0,2,5,3,1
6981,62600,2.79,0,8,11,11,1
6982,62619,5.06,0,13,16,19,1
6983,62633,3.16,0,9,12,14,1
6984,62637,0.46,0,3,6,4,1
6985,62653,4.14,0,11,14,16,1
6986,62655,-0.52,0,1,4,2,1
6987,62661,0.89,0,4,7,6,1
6988,62666,0.95,0,4,7,5,1
6989,62689,5.92,0,15,18,23,1
6990,62692,-0.03,0,2,5,3,1
6991,62711,6.16,0,15,18,19,1
6992,62717,0.34,0,3,6,6,1
6993,62723,1.44,0,5,8,6,1
6994,62735,3.83,0,10,13,12,1
6995,62741,1.44,0,5,8,6,1
6996,62744,-0.03,0,2,5,3,1
6997,62770,6.29,0,16,19,26,1
6998,62792,4.88,0,13,16,22,1
6999,62794,-0.52,0,1,4,2,1
7000,62829,5.2,0,15,18,35,1
7001,62832,-0.03,0,2,5,3,1
7002,62867,6.3,0,17,20,35,1
7003,62870,-0.03,0,2,5,3,1
7004,62871,-1.01,0,0,3,1,1
7005,62876,0.95,0,4,7,5,1
7006,62887,2.79,0,8,11,11,1
7007,62896,1.81,0,6,9,9,1
7008,62899,-0.03,0,2,5,3,1
7009,62904,0.95,0,4,7,5,1
7010,62911,1.38,0,5,8,7,1
7011,62920,2.36,0,7,10,9,1
7012,62921,-1.01,0,0,3,1,1
7013,62928,1.38,0,5,8,7,1
7014,62933,0.95,0,4,7,5,1
7015,62934,-1.01,0,0,3,1,1
7016,62946,2.73,0,8,11,12,1
7017,62947,-1.01,0,0,3,1,1
7018,62949,-0.52,0,1,4,2,1
7019,62966,4.63,0,12,15,17,1
7020,62971,0.95,0,4,7,5,1
7021,62988,2.98,0,9,12,17,1
7022,62993,0.95,0,4,7,5,1
7023,63003,2.3,0,7,10,10,1
7024,63005,-0.52,0,1,4,2,1
7025,63008,-0.03,0,2,5,3,1
7026,63009,-1.01,0,0,3,1,1
7027,63023,3.16,0,9,12,14,1
7028,63032,2.91,0,8,11,9,1
7029,63057,3.6,0,11,14,25,1
7030,63070,3.22,0,9,12,13,1
7031,63072,-0.52,0,1,4,2,1
7032,63073,-1.01,0,0,3,1,1
7033,63096,4.27,0,12,15,23,1
7034,63097,-1.01,0,0,3,1,1
7035,63109,2.73,0,8,11,12,1
7036,63119,2.85,0,8,11,10,1
7037,63127,1.87,0,6,9,8,1
7038,63133,1.44,0,5,8,6,1
7039,63134,-1.01,0,0,3,1,1
7040,63141,1.38,0,5,8,7,1
7041,63142,-1.01,0,0,3,1,1
7042,63146,0.46,0,3,6,4,1
7043,63148,-0.52,0,1,4,2,1
7044,63153,0.95,0,4,7,5,1
7045,63154,-1.01,0,0,3,1,1
7046,63155,-1.01,0,0,3,1,1
7047,63180,6.35,0,16,19,25,1
7048,63182,-0.52,0,1,4,2,1
7049,63199,2.98,0,9,12,17,1
7050,63201,-0.52,0,1,4,2,1
7051,63211,2.3,0,7,10,10,1
7052,63216,0.95,0,4,7,5,1
7053,63222,1.44,0,5,8,6,1
7054,63227,0.4,0,3,6,5,1
7055,63230,-0.03,0,2,5,3,1
7056,63233,-0.03,0,2,5,3,1
7057,63241,1.87,0,6,9,8,1
7058,63244,-0.03,0,2,5,3,1
7059,63246,-0.52,0,1,4,2,1
7060,63247,-1.01,0,0,3,1,1
7061,63256,1.81,0,6,9,9,1
7062,63258,-0.52,0,1,4,2,1
7063,63261,-0.03,0,2,5,3,1
7064,63266,0.4,0,3,6,5,1
7065,63272,0.34,0,3,6,6,1
7066,63317,6.25,0,18,21,45,1
7067,63318,-1.01,0,0,3,1,1
7068,63337,3.41,0,10,13,19,1
7069,63341,-0.09,0,2,5,4,1
7070,63342,-1.01,0,0,3,1,1
7071,63351,2.91,0,8,11,9,1
7072,63353,-0.52,0,1,4,2,1
7073,63358,0.95,0,4,7,5,1
7074,63361,-0.03,0,2,5,3,1
7075,63367,1.44,0,5,8,6,1
7076,63373,0.89,0,4,7,6,1
7077,63384,2.79,0,8,11,11,1
7078,63402,4.57,0,12,15,18,1
7079,63403,-1.01,0,0,3,1,1
7080,63407,0.46,0,3,6,4,1
7081,63412,0.95,0,4,7,5,1
7082,63420,1.87,0,6,9,8,1
7083,63425,0.95,0,4,7,5,1
7084,63441,4.69,0,12,15,16,1
7085,63444,-0.03,0,2,5,3,1
7086,63467,4.27,0,12,15,23,1
7087,63475,1.87,0,6,9,8,1
7088,63478,-0.58,0,1,4,3,1
7089,63496,4.02,0,11,14,18,1
7090,63519,3.17,0,10,13,23,1
7091,63523,0.46,0,3,6,4,1
7092,63535,2.73,0,8,11,12,1
7093,63538,-0.03,0,2,5,3,1
7094,63556,3.47,0,10,13,18,1
7095,63574,5.12,0,13,16,18,1
7096,63576,-0.52,0,1,4,2,1
7097,63578,-0.52,0,1,4,2,1
7098,63579,-1.01,0,0,3,1,1
7099,63594,4.2,0,11,14,15,1
7100,63609,2.55,0,8,11,15,1
7101,63617,1.32,0,5,8,8,1
7102,63621,0.46,0,3,6,4,1
7103,63626,0.95,0,4,7,5,1
7104,63629,-0.03,0,2,5,3,1
7105,63630,-1.01,0,0,3,1,1
7106,63634,0.46,0,3,6,4,1
7107,63637,-0.58,0,1,4,3,1
7108,63641,0.46,0,3,6,4,1
7109,63652,3.34,0,9,12,11,1
7110,63670,3.47,0,10,13,18,1
7111,63699,4.46,0,13,16,29,1
7112,63722,5.37,0,14,17,23,1
7113,63728,1.44,0,5,8,6,1
7114,63759,5.44,0,15,18,31,1
7115,63774,3.65,0,10,13,15,1
7116,63778,0.46,0,3,6,4,1
7117,63785,1.38,0,5,8,7,1
7118,63794,2.36,0,7,10,9,1
7119,63802,2.42,0,7,10,8,1
7120,63809,1.93,0,6,9,7,1
7121,63835,6.29,0,16,19,26,1
7122,63844,2.36,0,7,10,9,1
7123,63847,-0.58,0,1,4,3,1
7124,63887,5.45,0,16,19,40,1
7125,63891,0.46,0,3,6,4,1
7126,63894,-0.03,0,2,5,3,1
7127,63906,3.28,0,9,12,12,1
7128,63907,-1.01,0,0,3,1,1
7129,63908,-1.01,0,0,3,1,1
7130,63910,-0.52,0,1,4,2,1
7131,63913,-0.03,0,2,5,3,1
7132,63918,0.4,0,3,6,5,1
7133,63919,-1.01,0,0,3,1,1
7134,63920,-1.01,0,0,3,1,1
7135,63923,-0.03,0,2,5,3,1
7136,63926,-0.03,0,2,5,3,1
7137,63929,-0.03,0,2,5,3,1
7138,63951,4.33,0,12,15,22,1
7139,63956,0.95,0,4,7,5,1
7140,63966,1.75,0,6,9,10,1
7141,63983,4.08,0,11,14,17,1
7142,63986,-0.03,0,2,5,3,1
7143,63993,1.93,0,6,9,7,1
7144,64001,1.32,0,5,8,8,1
7145,64018,2.98,0,9,12,17,1
7146,64021,-0.03,0,2,5,3,1
7147,64023,-0.52,0,1,4,2,1
7148,64045,4.88,0,13,16,22,1
7149,64083,5.57,0,16,19,38,1
7150,64090,1.38,0,5,8,7,1
7151,64091,-1.01,0,0,3,1,1
7152,64126,6.85,0,18,21,35,1
7153,64132,1.44,0,5,8,6,1
7154,64145,2.67,0,8,11,13,1
7155,64162,4.08,0,11,14,17,1
7156,64181,3.96,0,11,14,19,1
7157,64260,4.76,0,19,22,79,1
7158,64267,1.38,0,5,8,7,1
7159,64268,-1.01,0,0,3,1,1
7160,64278,2.85,0,8,11,10,1
7161,64282,0.46,0,3,6,4,1
7162,64285,-0.03,0,2,5,3,1
7163,64314,5.01,0,14,17,29,1
7164,64327,3.77,0,10,13,13,1
7165,64341,3.16,0,9,12,14,1
7166,64342,-1.01,0,0,3,1,1
7167,64344,-0.52,0,1,4,2,1
7168,64362,4.57,0,12,15,18,1
7169,64364,-0.52,0,1,4,2,1
7170,64388,4.21,0,12,15,24,1
7171,64389,-1.01,0,0,3,1,1
7172,64393,0.46,0,3,6,4,1
7173,64394,-1.01,0,0,3,1,1
7174,64395,-1.01,0,0,3,1,1
7175,64416,4.39,0,12,15,21,1
7176,64419,-0.03,0,2,5,3,1
7177,64425,0.89,0,4,7,6,1
7178,64427,-0.52,0,1,4,2,1
7179,64434,1.38,0,5,8,7,1
7180,64447,4.32,0,11,14,13,1
7181,64458,3.34,0,9,12,11,1
7182,64459,-1.01,0,0,3,1,1
7183,64495,6.24,0,17,20,36,1
7184,64508,2.67,0,8,11,13,1
7185,64518,2.3,0,7,10,10,1
7186,64539,4.39,0,12,15,21,1
7187,64540,-1.01,0,0,3,1,1
7188,64544,0.46,0,3,6,4,1
7189,64550,0.89,0,4,7,6,1
7190,64559,2.36,0,7,10,9,1
7191,64573,4.26,0,11,14,14,1
7192,64609,5.14,0,15,18,36,1
7193,64610,-1.01,0,0,3,1,1
7194,64616,1.44,0,5,8,6,1
7195,64632,3.04,0,9,12,16,1
7196,64633,-1.01,0,0,3,1,1
7197,64634,-1.01,0,0,3,1,1
7198,64663,5.01,0,14,17,29,1
7199,64669,1.44,0,5,8,6,1
7200,64673,-0.09,0,2,5,4,1
7201,64689,3.59,0,10,13,16,1
7202,64691,-0.52,0,1,4,2,1
7203,64694,-0.03,0,2,5,3,1
7204,64703,2.36,0,7,10,9,1
7205,64709,0.89,0,4,7,6,1
7206,64736,4.03,0,12,15,27,1
7207,64738,-0.52,0,1,4,2,1
7208,64744,0.89,0,4,7,6,1
7209,64750,1.44,0,5,8,6,1
7210,64767,3.53,0,10,13,17,1
7211,64769,-0.52,0,1,4,2,1
7212,64773,0.46,0,3,6,4,1
7213,64788,3.1,0,9,12,15,1
7214,64820,5.93,0,16,19,32,1
7215,64858,5.57,0,16,19,38,1
7216,64875,2.98,0,9,12,17,1
7217,64888,1.57,0,6,9,13,1
7218,64893,0.95,0,4,7,5,1
7219,64902,1.81,0,6,9,9,1
7220,64903,-1.01,0,0,3,1,1
7221,64930,4.58,0,13,16,27,1
7222,64952,4.88,0,13,16,22,1
7223,64985,4.77,0,14,17,33,1
7224,64990,0.95,0,4,7,5,1
7225,65006,3.59,0,10,13,16,1
7226,65016,1.75,0,6,9,10,1
7227,65043,5.68,0,15,18,27,1
7228,65053,2.85,0,8,11,10,1
7229,65055,-0.52,0,1,4,2,1
7230,65073,3.47,0,10,13,18,1
7231,65083,1.75,0,6,9,10,1
7232,65095,3.83,0,10,13,12,1
7233,65107,2.18,0,7,10,12,1
7234,65112,0.4,0,3,6,5,1
7235,65118,0.89,0,4,7,6,1
7236,65135,3.53,0,10,13,17,1
7237,65136,-1.01,0,0,3,1,1
7238,65139,-0.03,0,2,5,3,1
7239,65146,1.38,0,5,8,7,1
7240,65166,3.9,0,11,14,20,1
7241,65169,-0.03,0,2,5,3,1
7242,65172,-0.03,0,2,5,3,1
7243,65178,0.89,0,4,7,6,1
7244,65179,-1.01,0,0,3,1,1
7245,65192,2.67,0,8,11,13,1
7246,65195,-0.03,0,2,5,3,1
7247,65202,1.38,0,5,8,7,1
7248,65214,2.73,0,8,11,12,1
7249,65239,4.7,0,13,16,25,1
7250,65248,1.81,0,6,9,9,1
7251,65250,-0.52,0,1,4,2,1
7252,65268,4.57,0,12,15,18,1
7253,65270,-0.52,0,1,4,2,1
7254,65272,-0.52,0,1,4,2,1
7255,65278,1.44,0,5,8,6,1
7256,65298,4.45,0,12,15,20,1
7257,65306,1.32,0,5,8,8,1
7258,65318,4.38,0,11,14,12,1
7259,65319,-1.01,0,0,3,1,1
7260,65322,-0.03,0,2,5,3,1
7261,65323,-1.01,0,0,3,1,1
7262,65328,0.95,0,4,7,5,1
7263,65332,0.46,0,3,6,4,1
7264,65333,-1.01,0,0,3,1,1
7265,65334,-1.01,0,0,3,1,1
7266,65349,4.2,0,11,14,15,1
7267,65357,1.87,0,6,9,8,1
7268,65362,0.95,0,4,7,5,1
7269,65401,4.96,0,15,18,39,1
7270,65419,4.02,0,11,14,18,1
7271,65429,1.75,0,6,9,10,1
7272,65430,-1.01,0,0,3,1,1
7273,65442,2.73,0,8,11,12,1
7274,65445,-0.03,0,2,5,3,1
7275,65462,2.98,0,9,12,17,1
7276,65464,-0.52,0,1,4,2,1
7277,65479,3.65,0,10,13,15,1
7278,65487,1.32,0,5,8,8,1
7279,65495,1.87,0,6,9,8,1
7280,65507,1.63,0,6,9,12,1
7281,65510,-0.03,0,2,5,3,1
7282,65519,1.81,0,6,9,9,1
7283,65522,-0.58,0,1,4,3,1
7284,65527,0.4,0,3,6,5,1
7285,65530,-0.03,0,2,5,3,1
7286,65533,-0.03,0,2,5,3,1
7287,65538,0.4,0,3,6,5,1
7288,65544,0.34,0,3,6,6,1
7289,65545,-1.01,0,0,3,1,1
7290,65591,6.74,0,19,22,46,1
7291,65600,2.36,0,7,10,9,1
7292,65608,1.32,0,5,8,8,1
7293,65613,0.95,0,4,7,5,1
7294,65617,-0.09,0,2,5,4,1
7295,65625,1.87,0,6,9,8,1
7296,65626,-1.01,0,0,3,1,1
7297,65628,-0.52,0,1,4,2,1
7298,65636,1.32,0,5,8,8,1
7299,65647,3.34,0,9,12,11,1
7300,65652,0.95,0,4,7,5,1
7301,65656,-0.09,0,2,5,4,1
7302,65672,3.59,0,10,13,16,1
7303,65673,-1.01,0,0,3,1,1
7304,65678,0.95,0,4,7,5,1
7305,65696,4.02,0,11,14,18,1
7306,65700,-0.09,0,2,5,4,1
7307,65715,3.65,0,10,13,15,1
7308,65720,0.4,0,3,6,5,1
7309,65739,2.86,0,9,12,19,1
7310,65770,3.79,0,12,15,31,1
7311,65772,-0.52,0,1,4,2,1
7312,65796,5.31,0,14,17,24,1
7313,65801,0.95,0,4,7,5,1
7314,65824,4.27,0,12,15,23,1
7315,65836,1.63,0,6,9,12,1
7316,65847,1.69,0,6,9,11,1
7317,65849,-0.52,0,1,4,2,1
7318,65854,0.95,0,4,7,5,1
7319,65856,-0.52,0,1,4,2,1
7320,65858,-0.52,0,1,4,2,1
7321,65863,0.95,0,4,7,5,1
7322,65868,0.95,0,4,7,5,1
7323,65898,4.95,0,14,17,30,1
7324,65901,-0.03,0,2,5,3,1
7325,65903,-0.52,0,1,4,2,1
7326,65906,-0.03,0,2,5,3,1
7327,65913,1.38,0,5,8,7,1
7328,65920,1.38,0,5,8,7,1
7329,65922,-0.52,0,1,4,2,1
7330,65926,0.46,0,3,6,4,1
7331,65935,1.81,0,6,9,9,1
7332,65949,3.71,0,10,13,14,1
7333,65950,-1.01,0,0,3,1,1
7334,65956,0.89,0,4,7,6,1
7335,65964,1.32,0,5,8,8,1
7336,65974,3.4,0,9,12,10,1
7337,65981,1.93,0,6,9,7,1
7338,65989,1.87,0,6,9,8,1
7339,65993,0.46,0,3,6,4,1
7340,65994,-1.01,0,0,3,1,1
7341,66008,3.16,0,9,12,14,1
7342,66016,1.87,0,6,9,8,1
7343,66017,-1.01,0,0,3,1,1
7344,66018,-1.01,0,0,3,1,1
7345,66029,3.34,0,9,12,11,1
7346,66085,5.04,0,17,20,56,1
7347,66086,-1.01,0,0,3,1,1
7348,66089,-0.03,0,2,5,3,1
7349,66097,2.42,0,7,10,8,1
7350,66115,3.47,0,10,13,18,1
7351,66116,-1.01,0,0,3,1,1
7352,66117,-1.01,0,0,3,1,1
7353,66122,0.4,0,3,6,5,1
7354,66128,1.44,0,5,8,6,1
7355,66146,3.47,0,10,13,18,1
7356,66159,2.67,0,8,11,13,1
7357,66165,1.44,0,5,8,6,1
7358,66168,-0.03,0,2,5,3,1
7359,66173,0.4,0,3,6,5,1
7360,66177,0.46,0,3,6,4,1
7361,66181,-0.09,0,2,5,4,1
7362,66194,3.22,0,9,12,13,1
7363,66212,4.57,0,12,15,18,1
7364,66248,4.59,0,14,17,36,1
7365,66257,1.81,0,6,9,9,1
7366,66261,0.46,0,3,6,4,1
7367,66274,3.77,0,10,13,13,1
7368,66277,-0.03,0,2,5,3,1
7369,66280,-0.03,0,2,5,3,1
7370,66289,1.26,0,5,8,9,1
7371,66295,0.89,0,4,7,6,1
7372,66304,2.91,0,8,11,9,1
7373,66306,-0.52,0,1,4,2,1
7374,66307,-1.01,0,0,3,1,1
7375,66310,-0.03,0,2,5,3,1
7376,66312,-0.52,0,1,4,2,1
7377,66313,-1.01,0,0,3,1,1
7378,66317,-0.09,0,2,5,4,1
7379,66330,2.67,0,8,11,13,1
7380,66332,-0.52,0,1,4,2,1
7381,66376,6.86,0,19,22,44,1
7382,66377,-1.01,0,0,3,1,1
7383,66378,-1.01,0,0,3,1,1
7384,66382,0.46,0,3,6,4,1
7385,66383,-1.01,0,0,3,1,1
7386,66387,0.46,0,3,6,4,1
7387,66391,0.46,0,3,6,4,1
7388,66403,2.18,0,7,10,12,1
7389,66413,2.85,0,8,11,10,1
7390,66415,-0.52,0,1,4,2,1
7391,66421,-0.21,0,2,5,6,1
7392,66441,2.25,0,8,11,20,1
7393,66462,3.29,0,10,13,21,1
7394,66469,1.93,0,6,9,7,1
7395,66471,-0.52,0,1,4,2,1
7396,66500,5.56,0,15,18,29,1
7397,66517,4.08,0,11,14,17,1
7398,66524,1.38,0,5,8,7,1
7399,66525,-1.01,0,0,3,1,1
7400,66526,-1.01,0,0,3,1,1
7401,66530,0.46,0,3,6,4,1
7402,66532,-0.52,0,1,4,2,1
7403,66534,-0.52,0,1,4,2,1
7404,66543,2.91,0,8,11,9,1
7405,66546,-0.03,0,2,5,3,1
7406,66564,4.57,0,12,15,18,1
7407,66571,1.38,0,5,8,7,1
7408,66572,-1.01,0,0,3,1,1
7409,66575,-0.03,0,2,5,3,1
7410,66576,-1.01,0,0,3,1,1
7411,66580,0.46,0,3,6,4,1
7412,66599,5.06,0,13,16,19,1
7413,66600,-1.01,0,0,3,1,1
7414,66612,2.73,0,8,11,12,1
7415,66618,0.89,0,4,7,6,1
7416,66643,5.25,0,14,17,25,1
7417,66646,-0.58,0,1,4,3,1
7418,66659,2.67,0,8,11,13,1
7419,66665,1.44,0,5,8,6,1
7420,66677,2.18,0,7,10,12,1
7421,66679,-0.52,0,1,4,2,1
7422,66690,3.34,0,9,12,11,1
7423,66707,5.18,0,13,16,17,1
7424,66718,3.34,0,9,12,11,1
7425,66727,1.81,0,6,9,9,1
7426,66758,4.89,0,14,17,31,1
7427,66767,2.36,0,7,10,9,1
7428,66770,-0.03,0,2,5,3,1
7429,66776,1.44,0,5,8,6,1
7430,66789,3.22,0,9,12,13,1
7431,66798,1.26,0,5,8,9,1
7432,66822,4.76,0,13,16,24,1
7433,66832,2.3,0,7,10,10,1
7434,66833,-1.01,0,0,3,1,1
7435,66836,-0.03,0,2,5,3,1
7436,66845,1.81,0,6,9,9,1
7437,66854,2.36,0,7,10,9,1
7438,66858,0.46,0,3,6,4,1
7439,66868,2.3,0,7,10,10,1
7440,66875,1.38,0,5,8,7,1
7441,66887,3.28,0,9,12,12,1
7442,66896,1.26,0,5,8,9,1
7443,66929,4.22,0,13,16,33,1
7444,66935,0.89,0,4,7,6,1
7445,66991,10.74,1,22,25,56,0
7446,67015,4.21,0,12,15,24,1
7447,67032,4.63,0,12,15,17,1
7448,67033,-1.01,0,0,3,1,1
7449,67034,-1.01,0,0,3,1,1
7450,67040,0.89,0,4,7,6,1
7451,67044,0.46,0,3,6,4,1
7452,67072,5.07,0,14,17,28,1
7453,67074,-0.52,0,1,4,2,1
7454,67080,1.44,0,5,8,6,1
7455,67081,-1.01,0,0,3,1,1
7456,67094,3.22,0,9,12,13,1
7457,67098,0.46,0,3,6,4,1
7458,67100,-0.52,0,1,4,2,1
7459,67105,0.95,0,4,7,5,1
7460,67109,-0.09,0,2,5,4,1
7461,67111,-0.52,0,1,4,2,1
7462,67115,0.46,0,3,6,4,1
7463,67116,-1.01,0,0,3,1,1
7464,67123,0.83,0,4,7,7,1
7465,67132,2.36,0,7,10,9,1
7466,67139,1.38,0,5,8,7,1
7467,67140,-1.01,0,0,3,1,1
7468,67142,-0.52,0,1,4,2,1
7469,67151,2.36,0,7,10,9,1
7470,67157,1.44,0,5,8,6,1
7471,67158,-1.01,0,0,3,1,1
7472,67167,2.36,0,7,10,9,1
7473,67169,-0.52,0,1,4,2,1
7474,67195,4.09,0,12,15,26,1
7475,67196,-1.01,0,0,3,1,1
7476,67212,4.14,0,11,14,16,1
7477,67228,3.59,0,10,13,16,1
7478,67234,1.44,0,5,8,6,1
7479,67237,-0.03,0,2,5,3,1
7480,67251,1.51,0,6,9,14,1
7481,67257,1.44,0,5,8,6,1
7482,67285,7.27,0,18,21,28,1
7483,67299,3.16,0,9,12,14,1
7484,67311,2.73,0,8,11,12,1
7485,67312,-1.01,0,0,3,1,1
7486,67313,-1.01,0,0,3,1,1
7487,67316,-0.03,0,2,5,3,1
7488,67320,0.46,0,3,6,4,1
7489,67323,-0.58,0,1,4,3,1
7490,67328,0.95,0,4,7,5,1
7491,67339,2.24,0,7,10,11,1
7492,67348,2.91,0,8,11,9,1
7493,67354,0.89,0,4,7,6,1
7494,67358,0.46,0,3,6,4,1
7495,67379,2.74,0,9,12,21,1
7496,67381,-0.52,0,1,4,2,1
7497,67397,4.69,0,12,15,16,1
7498,67404,1.93,0,6,9,7,1
7499,67414,2.3,0,7,10,10,1
7500,67417,-0.03,0,2,5,3,1
7501,67425,1.32,0,5,8,8,1
7502,67437,1.63,0,6,9,12,1
7503,67438,-1.01,0,0,3,1,1
7504,67445,1.38,0,5,8,7,1
7505,67449,0.46,0,3,6,4,1
7506,67450,-1.01,0,0,3,1,1
7507,67451,-1.01,0,0,3,1,1
7508,67458,1.93,0,6,9,7,1
7509,67467,1.26,0,5,8,9,1
7510,67472,0.95,0,4,7,5,1
7511,67480,2.42,0,7,10,8,1
7512,67508,6.72,0,17,20,28,1
7513,67514,1.44,0,5,8,6,1
7514,67515,-1.01,0,0,3,1,1
7515,67549,6.36,0,17,20,34,1
7516,67550,-1.01,0,0,3,1,1
7517,67558,2.42,0,7,10,8,1
7518,67559,-1.01,0,0,3,1,1
7519,67573,3.71,0,10,13,14,1
7520,67577,-0.09,0,2,5,4,1
7521,67583,0.89,0,4,7,6,1
7522,67603,3.9,0,11,14,20,1
7523,67609,0.89,0,4,7,6,1
7524,67611,-0.52,0,1,4,2,1
7525,67619,1.87,0,6,9,8,1
7526,67624,0.95,0,4,7,5,1
7527,67628,0.46,0,3,6,4,1
7528,67630,-0.52,0,1,4,2,1
7529,67631,-1.01,0,0,3,1,1
7530,67637,1.44,0,5,8,6,1
7531,67663,4.64,0,13,16,26,1
7532,67672,2.36,0,7,10,9,1
7533,67675,-0.03,0,2,5,3,1
7534,67676,-1.01,0,0,3,1,1
7535,67679,-0.03,0,2,5,3,1
7536,67688,1.81,0,6,9,9,1
7537,67691,-0.03,0,2,5,3,1
7538,67693,-0.52,0,1,4,2,1
7539,67710,4.08,0,11,14,17,1
7540,67757,5.58,0,17,20,47,1
7541,67760,-0.03,0,2,5,3,1
7542,67762,-0.52,0,1,4,2,1
7543,67764,-0.52,0,1,4,2,1
7544,67792,4.52,0,13,16,28,1
7545,67808,3.59,0,10,13,16,1
7546,67829,3.29,0,10,13,21,1
7547,67855,5.74,0,15,18,26,1
7548,67878,3.72,0,11,14,23,1
7549,67882,0.46,0,3,6,4,1
7550,67893,2.24,0,7,10,11,1
7551,67894,-1.01,0,0,3,1,1
7552,67904,2.3,0,7,10,10,1
7553,67905,-1.01,0,0,3,1,1
7554,67910,0.95,0,4,7,5,1
7555,67936,5.19,0,14,17,26,1
7556,67942,0.89,0,4,7,6,1
7557,67951,2.36,0,7,10,9,1
7558,67958,1.93,0,6,9,7,1
7559,67967,1.26,0,5,8,9,1
7560,67975,2.42,0,7,10,8,1
7561,67978,-0.03,0,2,5,3,1
7562,67985,1.38,0,5,8,7,1
7563,67986,-1.01,0,0,3,1,1
7564,67987,-1.01,0,0,3,1,1
7565,67989,-0.52,0,1,4,2,1
7566,68004,3.65,0,10,13,15,1
7567,68009,0.95,0,4,7,5,1
7568,68011,-0.52,0,1,4,2,1
7569,68014,-0.03,0,2,5,3,1
7570,68035,4.94,0,13,16,21,1
7571,68042,1.38,0,5,8,7,1
7572,68043,-1.01,0,0,3,1,1
7573,68052,1.81,0,6,9,9,1
7574,68053,-1.01,0,0,3,1,1
7575,68075,4.88,0,13,16,22,1
7576,68082,1.38,0,5,8,7,1
7577,68086,0.46,0,3,6,4,1
7578,68089,-0.03,0,2,5,3,1
7579,68106,4.63,0,12,15,17,1
7580,68110,0.46,0,3,6,4,1
7581,68111,-1.01,0,0,3,1,1
7582,68114,-0.03,0,2,5,3,1
7583,68133,4.51,0,12,15,19,1
7584,68135,-0.52,0,1,4,2,1
7585,68136,-1.01,0,0,3,1,1
7586,68148,2.73,0,8,11,12,1
7587,68152,0.46,0,3,6,4,1
7588,68170,4.57,0,12,15,18,1
7589,68171,-1.01,0,0,3,1,1
7590,68174,-0.03,0,2,5,3,1
7591,68218,5.76,0,17,20,44,1
7592,68246,5.62,0,15,18,28,1
7593,68285,4.41,0,14,17,39,1
7594,68291,0.89,0,4,7,6,1
7595,68299,1.32,0,5,8,8,1
7596,68305,1.44,0,5,8,6,1
7597,68307,-0.52,0,1,4,2,1
7598,68327,4.45,0,12,15,20,1
7599,68355,4.52,0,13,16,28,1
7600,68371,3.04,0,9,12,16,1
7601,68373,-0.52,0,1,4,2,1
7602,68389,3.59,0,10,13,16,1
7603,68399,1.75,0,6,9,10,1
7604,68407,2.42,0,7,10,8,1
7605,68409,-0.52,0,1,4,2,1
7606,68428,4.51,0,12,15,19,1
7607,68435,1.38,0,5,8,7,1
7608,68442,1.38,0,5,8,7,1
7609,68443,-1.01,0,0,3,1,1
7610,68450,1.38,0,5,8,7,1
7611,68453,-0.03,0,2,5,3,1
7612,68462,1.81,0,6,9,9,1
7613,68468,0.89,0,4,7,6,1
7614,68471,-0.03,0,2,5,3,1
7615,68473,-0.52,0,1,4,2,1
7616,68475,-0.52,0,1,4,2,1
7617,68479,0.46,0,3,6,4,1
7618,68503,5.31,0,14,17,24,1
7619,68516,3.22,0,9,12,13,1
7620,68524,1.87,0,6,9,8,1
7621,68563,4.96,0,15,18,39,1
7622,68564,-1.01,0,0,3,1,1
7623,68580,3.59,0,10,13,16,1
7624,68595,4.75,0,12,15,15,1
7625,68619,4.21,0,12,15,24,1
7626,68621,-0.52,0,1,4,2,1
7627,68627,1.44,0,5,8,6,1
7628,68632,0.4,0,3,6,5,1
7629,68634,-0.52,0,1,4,2,1
7630,68643,1.81,0,6,9,9,1
7631,68656,2.12,0,7,10,13,1
7632,68657,-1.01,0,0,3,1,1
7633,68674,4.63,0,12,15,17,1
7634,68675,-1.01,0,0,3,1,1
7635,68681,1.44,0,5,8,6,1
7636,68684,-0.03,0,2,5,3,1
7637,68688,0.46,0,3,6,4,1
7638,68717,5.01,0,14,17,29,1
7639,68725,1.32,0,5,8,8,1
7640,68742,3.53,0,10,13,17,1
7641,68750,0.77,0,4,7,8,1
7642,68756,1.44,0,5,8,6,1
7643,68757,-1.01,0,0,3,1,1
7644,68760,-0.58,0,1,4,3,1
7645,68763,-0.03,0,2,5,3,1
7646,68765,-0.52,0,1,4,2,1
7647,68767,-0.52,0,1,4,2,1
7648,68795,5.07,0,14,17,28,1
7649,68797,-0.52,0,1,4,2,1
7650,68838,4.84,0,15,18,41,1
7651,68865,4.03,0,12,15,27,1
7652,68874,1.81,0,6,9,9,1
7653,68882,2.42,0,7,10,8,1
7654,68890,1.87,0,6,9,8,1
7655,68896,1.44,0,5,8,6,1
7656,68897,-1.01,0,0,3,1,1
7657,68899,-0.52,0,1,4,2,1
7658,68942,5.82,0,17,20,43,1
7659,68967,4.15,0,12,15,25,1
7660,68968,-1.01,0,0,3,1,1
7661,68974,1.44,0,5,8,6,1
7662,68976,-0.52,0,1,4,2,1
7663,69028,6.38,0,19,22,52,1
7664,69037,1.81,0,6,9,9,1
7665,69056,3.96,0,11,14,19,1
7666,69068,2.73,0,8,11,12,1
7667,69073,0.95,0,4,7,5,1
7668,69075,-0.52,0,1,4,2,1
7669,69079,0.46,0,3,6,4,1
7670,69085,1.44,0,5,8,6,1
7671,69088,-0.03,0,2,5,3,1
7672,69093,0.95,0,4,7,5,1
7673,69105,2.73,0,8,11,12,1
7674,69107,-0.52,0,1,4,2,1
7675,69125,2.37,0,8,11,18,1
7676,69128,-0.03,0,2,5,3,1
7677,69134,0.89,0,4,7,6,1
7678,69143,1.81,0,6,9,9,1
7679,69145,-0.52,0,1,4,2,1
7680,69147,-0.52,0,1,4,2,1
7681,69148,-1.01,0,0,3,1,1
7682,69149,-1.01,0,0,3,1,1
7683,69153,0.46,0,3,6,4,1
7684,69183,4.95,0,14,17,30,1
7685,69188,0.95,0,4,7,5,1
7686,69216,3.97,0,12,15,28,1
7687,69227,2.79,0,8,11,11,1
7688,69231,0.46,0,3,6,4,1
7689,69263,4.83,0,14,17,32,1
7690,69269,0.89,0,4,7,6,1
7691,69304,6.3,0,17,20,35,1
7692,69312,1.87,0,6,9,8,1
7693,69313,-1.01,0,0,3,1,1
7694,69316,-0.03,0,2,5,3,1
7695,69318,-0.52,0,1,4,2,1
7696,69337,3.96,0,11,14,19,1
7697,69373,4.59,0,14,17,36,1
7698,69375,-0.52,0,1,4,2,1
7699,69397,3.23,0,10,13,22,1
7700,69399,-0.52,0,1,4,2,1
7701,69400,-1.01,0,0,3,1,1
7702,69401,-1.01,0,0,3,1,1
7703,69405,0.46,0,3,6,4,1
7704,69410,0.95,0,4,7,5,1
7705,69452,5.33,0,16,19,42,1
7706,69453,-1.01,0,0,3,1,1
7707,69454,-1.01,0,0,3,1,1
7708,69462,1.32,0,5,8,8,1
7709,69468,0.89,0,4,7,6,1
7710,69473,0.95,0,4,7,5,1
7711,69474,-1.01,0,0,3,1,1
7712,69519,5.7,0,17,20,45,1
7713,69522,-0.03,0,2,5,3,1
7714,69571,4.36,0,15,18,49,1
7715,69573,-0.52,0,1,4,2,1
7716,69581,1.32,0,5,8,8,1
7717,69583,-0.52,0,1,4,2,1
7718,69593,1.75,0,6,9,10,1
7719,69594,-1.01,0,0,3,1,1
7720,69607,3.22,0,9,12,13,1
7721,69608,-1.01,0,0,3,1,1
7722,69610,-0.52,0,1,4,2,1
7723,69611,-1.01,0,0,3,1,1
7724,69630,3.41,0,10,13,19,1
7725,69633,-0.03,0,2,5,3,1
7726,69634,-1.01,0,0,3,1,1
7727,69649,3.1,0,9,12,15,1
7728,69658,1.81,0,6,9,9,1
7729,69660,-0.52,0,1,4,2,1
7730,69662,-0.52,0,1,4,2,1
7731,69671,2.36,0,7,10,9,1
7732,69687,4.14,0,11,14,16,1
7733,69691,0.46,0,3,6,4,1
7734,69695,0.46,0,3,6,4,1
7735,69712,2.98,0,9,12,17,1
7736,69713,-1.01,0,0,3,1,1
7737,69716,-0.58,0,1,4,3,1
7738,69734,1.82,0,7,10,18,1
7739,69775,4.84,0,15,18,41,1
7740,69786,2.79,0,8,11,11,1
7741,69789,-0.03,0,2,5,3,1
7742,69794,0.4,0,3,6,5,1
7743,69798,-0.09,0,2,5,4,1
7744,69799,-1.01,0,0,3,1,1
7745,69809,2.85,0,8,11,10,1
7746,69824,2.55,0,8,11,15,1
7747,69828,-0.09,0,2,5,4,1
7748,69839,1.69,0,6,9,11,1
7749,69842,-0.03,0,2,5,3,1
7750,69844,-0.52,0,1,4,2,1
7751,69852,1.87,0,6,9,8,1
7752,69854,-0.52,0,1,4,2,1
7753,69860,0.34,0,3,6,6,1
7754,69863,-0.03,0,2,5,3,1
7755,69872,1.81,0,6,9,9,1
7756,69877,0.95,0,4,7,5,1
7757,69885,2.42,0,7,10,8,1
7758,69907,2.68,0,9,12,22,1
7759,69912,0.4,0,3,6,5,1
7760,69916,0.46,0,3,6,4,1
7761,69937,2.74,0,9,12,21,1
7762,69957,3.35,0,10,13,20,1
7763,69960,-0.03,0,2,5,3,1
7764,69977,2.98,0,9,12,17,1
7765,69987,2.85,0,8,11,10,1
7766,69995,1.32,0,5,8,8,1
7767,69996,-1.01,0,0,3,1,1
7768,69998,-0.52,0,1,4,2,1
7769,70002,0.46,0,3,6,4,1
7770,70007,0.95,0,4,7,5,1
7771,70011,0.46,0,3,6,4,1
7772,70028,2.98,0,9,12,17,1
7773,70034,1.44,0,5,8,6,1
7774,70037,-0.03,0,2,5,3,1
7775,70056,4.51,0,12,15,19,1
7776,70064,1.32,0,5,8,8,1
7777,70095,5.44,0,15,18,31,1
7778,70113,4.57,0,12,15,18,1
7779,70123,2.3,0,7,10,10,1
7780,70124,-1.01,0,0,3,1,1
7781,70144,3.9,0,11,14,20,1
7782,70147,-0.03,0,2,5,3,1
7783,70188,3.74,0,13,16,41,1
7784,70196,1.87,0,6,9,8,1
7785,70198,-0.52,0,1,4,2,1
7786,70201,-0.03,0,2,5,3,1
7787,70217,3.04,0,9,12,16,1
7788,70243,4.09,0,12,15,26,1
7789,70250,1.93,0,6,9,7,1
7790,70254,0.46,0,3,6,4,1
7791,70255,-1.01,0,0,3,1,1
7792,70260,0.95,0,4,7,5,1
7793,70262,-0.52,0,1,4,2,1
7794,70264,-0.52,0,1,4,2,1
7795,70266,-0.52,0,1,4,2,1
7796,70268,-0.52,0,1,4,2,1
7797,70274,1.44,0,5,8,6,1
7798,70298,3.11,0,10,13,24,1
7799,70299,-1.01,0,0,3,1,1
7800,70301,-0.52,0,1,4,2,1
7801,70319,3.47,0,10,13,18,1
7802,70331,2.73,0,8,11,12,1
7803,70347,3.04,0,9,12,16,1
7804,70351,0.46,0,3,6,4,1
7805,70355,0.46,0,3,6,4,1
7806,70356,-1.01,0,0,3,1,1
7807,70362,1.44,0,5,8,6,1
7808,70369,1.38,0,5,8,7,1
7809,70386,3.53,0,10,13,17,1
7810,70388,-0.52,0,1,4,2,1
7811,70392,-0.09,0,2,5,4,1
7812,70398,0.34,0,3,6,6,1
7813,70400,-0.52,0,1,4,2,1
7814,70413,2.67,0,8,11,13,1
7815,70427,3.71,0,10,13,14,1
7816,70437,1.75,0,6,9,10,1
7817,70449,2.18,0,7,10,12,1
7818,70453,0.46,0,3,6,4,1
7819,70454,-1.01,0,0,3,1,1
7820,70455,-1.01,0,0,3,1,1
7821,70560,4.3,0,21,24,105,1
7822,70561,-1.01,0,0,3,1,1
7823,70563,-0.52,0,1,4,2,1
7824,70570,1.93,0,6,9,7,1
7825,70572,-0.52,0,1,4,2,1
7826,70577,0.95,0,4,7,5,1
7827,70583,0.34,0,3,6,6,1
7828,70598,1.45,0,6,9,15,1
7829,70614,3.59,0,10,13,16,1
7830,70617,-0.03,0,2,5,3,1
7831,70628,2.24,0,7,10,11,1
7832,70636,1.32,0,5,8,8,1
7833,70673,6.18,0,17,20,37,1
7834,70674,-1.01,0,0,3,1,1
7835,70675,-1.01,0,0,3,1,1
7836,70707,6.48,0,17,20,32,1
7837,70719,2.18,0,7,10,12,1
7838,70727,1.87,0,6,9,8,1
7839,70731,-0.09,0,2,5,4,1
7840,70732,-1.01,0,0,3,1,1
7841,70756,6.41,0,16,19,24,1
7842,70758,-0.52,0,1,4,2,1
7843,70759,-1.01,0,0,3,1,1
7844,70761,-0.52,0,1,4,2,1
7845,70786,4.15,0,12,15,25,1
7846,70794,0.77,0,4,7,8,1
7847,70800,1.44,0,5,8,6,1
7848,70822,4.33,0,12,15,22,1
7849,70835,2.67,0,8,11,13,1
7850,70840,0.95,0,4,7,5,1
7851,70841,-1.01,0,0,3,1,1
7852,70863,4.88,0,13,16,22,1
7853,70868,0.95,0,4,7,5,1
7854,70870,-0.52,0,1,4,2,1
7855,70884,2.61,0,8,11,14,1
7856,70885,-1.01,0,0,3,1,1
7857,70888,-0.03,0,2,5,3,1
7858,70890,-0.52,0,1,4,2,1
7859,70891,-1.01,0,0,3,1,1
7860,70894,-0.03,0,2,5,3,1
7861,70895,-1.01,0,0,3,1,1
7862,70901,0.89,0,4,7,6,1
7863,70904,-0.03,0,2,5,3,1
7864,70931,2.93,0,10,13,27,1
7865,70941,2.3,0,7,10,10,1
7866,70945,0.46,0,3,6,4,1
7867,70948,-0.03,0,2,5,3,1
7868,70952,0.46,0,3,6,4,1
7869,70956,0.46,0,3,6,4,1
7870,70962,0.89,0,4,7,6,1
7871,70969,1.38,0,5,8,7,1
7872,70975,1.44,0,5,8,6,1
7873,70977,-0.52,0,1,4,2,1
7874,70983,0.89,0,4,7,6,1
7875,70990,0.83,0,4,7,7,1
7876,71002,2.73,0,8,11,12,1
7877,71017,3.1,0,9,12,15,1
7878,71020,-0.03,0,2,5,3,1
7879,71021,-1.01,0,0,3,1,1
7880,71023,-0.52,0,1,4,2,1
7881,71041,5.12,0,13,16,18,1
7882,71047,1.44,0,5,8,6,1
7883,71054,0.83,0,4,7,7,1
7884,71075,3.29,0,10,13,21,1
7885,71080,0.95,0,4,7,5,1
7886,71083,-0.03,0,2,5,3,1
7887,71088,0.95,0,4,7,5,1
7888,71089,-1.01,0,0,3,1,1
7889,71093,0.46,0,3,6,4,1
7890,71098,0.95,0,4,7,5,1
7891,71117,3.41,0,10,13,19,1
7892,71124,1.38,0,5,8,7,1
7893,71128,0.46,0,3,6,4,1
7894,71131,-0.03,0,2,5,3,1
7895,71136,0.4,0,3,6,5,1
7896,71147,2.24,0,7,10,11,1
7897,71148,-1.01,0,0,3,1,1
7898,71203,6.75,0,20,23,55,1
7899,71215,2.73,0,8,11,12,1
7900,71216,-1.01,0,0,3,1,1
7901,71237,3.84,0,11,14,21,1
7902,71250,3.22,0,9,12,13,1
7903,71251,-1.01,0,0,3,1,1
7904,71255,0.46,0,3,6,4,1
7905,71256,-1.01,0,0,3,1,1
7906,71258,-0.52,0,1,4,2,1
7907,71260,-0.52,0,1,4,2,1
7908,71265,0.4,0,3,6,5,1
7909,71291,5.19,0,14,17,26,1
7910,71292,-1.01,0,0,3,1,1
7911,71302,2.85,0,8,11,10,1
7912,71314,3.83,0,10,13,12,1
7913,71331,3.53,0,10,13,17,1
7914,71342,1.69,0,6,9,11,1
7915,71348,1.44,0,5,8,6,1
7916,71351,-0.03,0,2,5,3,1
7917,71353,-0.52,0,1,4,2,1
7918,71367,2.61,0,8,11,14,1
7919,71374,1.38,0,5,8,7,1
7920,71376,-0.52,0,1,4,2,1
7921,71395,3.96,0,11,14,19,1
7922,71405,3.4,0,9,12,10,1
7923,71430,6.35,0,16,19,25,1
7924,71437,1.93,0,6,9,7,1
7925,71441,0.46,0,3,6,4,1
7926,71451,2.3,0,7,10,10,1
7927,71455,0.46,0,3,6,4,1
7928,71474,3.96,0,11,14,19,1
7929,71475,-1.01,0,0,3,1,1
7930,71489,3.71,0,10,13,14,1
7931,71493,0.46,0,3,6,4,1
7932,71496,-0.03,0,2,5,3,1
7933,71502,1.44,0,5,8,6,1
7934,71505,-0.03,0,2,5,3,1
7935,71507,-0.52,0,1,4,2,1
7936,71509,-0.52,0,1,4,2,1
7937,71518,2.36,0,7,10,9,1
7938,71535,2.43,0,8,11,17,1
7939,71538,-0.03,0,2,5,3,1
7940,71547,1.81,0,6,9,9,1
7941,71555,2.42,0,7,10,8,1
7942,71559,-0.64,0,1,4,4,1
7943,71561,-0.52,0,1,4,2,1
7944,71563,-0.52,0,1,4,2,1
7945,71575,2.73,0,8,11,12,1
7946,71577,-0.52,0,1,4,2,1
7947,71580,-0.03,0,2,5,3,1
7948,71586,1.44,0,5,8,6,1
7949,71592,0.89,0,4,7,6,1
7950,71622,6.05,0,16,19,30,1
7951,71638,4.69,0,12,15,16,1
7952,71639,-1.01,0,0,3,1,1
7953,71645,0.89,0,4,7,6,1
7954,71650,0.4,0,3,6,5,1
7955,71667,4.08,0,11,14,17,1
7956,71668,-1.01,0,0,3,1,1
7957,71672,0.46,0,3,6,4,1
7958,71675,-0.03,0,2,5,3,1
7959,71676,-1.01,0,0,3,1,1
7960,71677,-1.01,0,0,3,1,1
7961,71684,0.83,0,4,7,7,1
7962,71686,-0.52,0,1,4,2,1
7963,71688,-0.52,0,1,4,2,1
7964,71697,2.36,0,7,10,9,1
7965,71729,6.48,0,17,20,32,1
7966,71741,2.73,0,8,11,12,1
7967,71745,0.46,0,3,6,4,1
7968,71753,1.87,0,6,9,8,1
7969,71759,0.89,0,4,7,6,1
7970,71769,2.3,0,7,10,10,1
7971,71783,2.61,0,8,11,14,1
7972,71793,2.85,0,8,11,10,1
7973,71809,3.59,0,10,13,16,1
7974,71813,0.46,0,3,6,4,1
7975,71814,-1.01,0,0,3,1,1
7976,71830,3.59,0,10,13,16,1
7977,71832,-0.52,0,1,4,2,1
7978,71834,-0.52,0,1,4,2,1
7979,71840,0.89,0,4,7,6,1
7980,71844,0.46,0,3,6,4,1
7981,71849,0.95,0,4,7,5,1
7982,71857,1.87,0,6,9,8,1
7983,71861,-0.09,0,2,5,4,1
7984,71873,2.73,0,8,11,12,1
7985,71887,2.61,0,8,11,14,1
7986,71888,-1.01,0,0,3,1,1
7987,71891,-0.03,0,2,5,3,1
7988,71898,1.93,0,6,9,7,1
7989,71912,3.71,0,10,13,14,1
7990,71927,3.1,0,9,12,15,1
7991,71928,-1.01,0,0,3,1,1
7992,71931,-0.03,0,2,5,3,1
7993,71933,-0.52,0,1,4,2,1
7994,71937,0.46,0,3,6,4,1
7995,71959,5.98,0,15,18,22,1
7996,71961,-0.52,0,1,4,2,1
7997,71996,5.75,0,16,19,35,1
7998,71998,-0.52,0,1,4,2,1
7999,72004,0.89,0,4,7,6,1
8000,72005,-1.01,0,0,3,1,1
8001,72007,-0.52,0,1,4,2,1
8002,72057,5.95,0,18,21,50,1
8003,72066,1.81,0,6,9,9,1
8004,72091,3.6,0,11,14,25,1
8005,72099,1.87,0,6,9,8,1
8006,72121,4.33,0,12,15,22,1
8007,72122,-1.01,0,0,3,1,1
8008,72125,-0.03,0,2,5,3,1
8009,72126,-1.01,0,0,3,1,1
8010,72132,1.44,0,5,8,6,1
8011,72141,1.81,0,6,9,9,1
8012,72143,-0.52,0,1,4,2,1
8013,72152,2.36,0,7,10,9,1
8014,72163,3.89,0,10,13,11,1
8015,72168,0.95,0,4,7,5,1
8016,72174,1.44,0,5,8,6,1
8017,72178,0.46,0,3,6,4,1
8018,72181,-0.03,0,2,5,3,1
8019,72187,1.44,0,5,8,6,1
8020,72196,2.36,0,7,10,9,1
8021,72214,3.47,0,10,13,18,1
8022,72221,1.38,0,5,8,7,1
8023,72255,4.71,0,14,17,34,1
8024,72268,2.67,0,8,11,13,1
8025,72269,-1.01,0,0,3,1,1
8026,72274,0.95,0,4,7,5,1
8027,72276,-0.52,0,1,4,2,1
8028,72277,-1.01,0,0,3,1,1
8029,72278,-1.01,0,0,3,1,1
8030,72283,0.4,0,3,6,5,1
8031,72291,1.87,0,6,9,8,1
8032,72308,3.53,0,10,13,17,1
8033,72330,3.78,0,11,14,22,1
8034,72342,3.28,0,9,12,12,1
8035,72344,-0.52,0,1,4,2,1
8036,72353,2.36,0,7,10,9,1
8037,72376,2.62,0,9,12,23,1
8038,72381,0.95,0,4,7,5,1
8039,72382,-1.01,0,0,3,1,1
8040,72392,2.85,0,8,11,10,1
8041,72409,4.63,0,12,15,17,1
8042,72419,0.65,0,4,7,10,1
8043,72422,-0.03,0,2,5,3,1
8044,72429,1.93,0,6,9,7,1
8045,72438,2.91,0,8,11,9,1
8046,72451,2.67,0,8,11,13,1
8047,72467,3.59,0,10,13,16,1
8048,72468,-1.01,0,0,3,1,1
8049,72469,-1.01,0,0,3,1,1
8050,72476,1.38,0,5,8,7,1
8051,72493,3.53,0,10,13,17,1
8052,72517,4.76,0,13,16,24,1
8053,72531,2.61,0,8,11,14,1
8054,72535,-0.09,0,2,5,4,1
8055,72541,0.89,0,4,7,6,1
8056,72543,-0.52,0,1,4,2,1
8057,72546,-0.03,0,2,5,3,1
8058,72561,2.0,0,7,10,15,1
8059,72569,2.42,0,7,10,8,1
8060,72570,-1.01,0,0,3,1,1
8061,72602,6.48,0,17,20,32,1
8062,72604,-0.52,0,1,4,2,1
8063,72617,2.67,0,8,11,13,1
8064,72624,1.93,0,6,9,7,1
8065,72635,2.24,0,7,10,11,1
8066,72636,-1.01,0,0,3,1,1
8067,72677,5.39,0,16,19,41,1
8068,72678,-1.01,0,0,3,1,1
8069,72679,-1.01,0,0,3,1,1
8070,72686,1.93,0,6,9,7,1
8071,72688,-0.52,0,1,4,2,1
8072,72692,0.46,0,3,6,4,1
8073,72705,2.67,0,8,11,13,1
8074,72739,5.81,0,16,19,34,1
8075,72757,3.47,0,10,13,18,1
8076,72764,1.38,0,5,8,7,1
8077,72765,-1.01,0,0,3,1,1
8078,72769,0.46,0,3,6,4,1
8079,72781,2.73,0,8,11,12,1
8080,72790,1.81,0,6,9,9,1
8081,72794,0.46,0,3,6,4,1
8082,72798,0.46,0,3,6,4,1
8083,72811,2.67,0,8,11,13,1
8084,72838,4.58,0,13,16,27,1
8085,72840,-0.52,0,1,4,2,1
8086,72847,0.83,0,4,7,7,1
8087,72850,-0.03,0,2,5,3,1
8088,72851,-1.01,0,0,3,1,1
8089,72855,0.46,0,3,6,4,1
8090,72856,-1.01,0,0,3,1,1
8091,72867,2.79,0,8,11,11,1
8092,72873,0.89,0,4,7,6,1
8093,72893,4.45,0,12,15,20,1
8094,72899,1.44,0,5,8,6,1
8095,72901,-0.52,0,1,4,2,1
8096,72909,0.22,0,3,6,8,1
8097,72917,2.42,0,7,10,8,1
8098,72929,2.18,0,7,10,12,1
8099,72934,0.95,0,4,7,5,1
8100,72935,-1.01,0,0,3,1,1
8101,72947,2.73,0,8,11,12,1
8102,72948,-1.01,0,0,3,1,1
8103,72949,-1.01,0,0,3,1,1
8104,72959,2.85,0,8,11,10,1
8105,72960,-1.01,0,0,3,1,1
8106,72961,-1.01,0,0,3,1,1
8107,72966,0.95,0,4,7,5,1
8108,73010,4.11,0,14,17,44,1
8109,73012,-0.52,0,1,4,2,1
8110,73013,-1.01,0,0,3,1,1
8111,73032,4.51,0,12,15,19,1
8112,73042,1.75,0,6,9,10,1
8113,73076,6.91,0,18,21,34,1
8114,73078,-0.52,0,1,4,2,1
8115,73082,-0.09,0,2,5,4,1
8116,73092,2.85,0,8,11,10,1
8117,73111,3.41,0,10,13,19,1
8118,73118,1.93,0,6,9,7,1
8119,73122,0.46,0,3,6,4,1
8120,73130,0.22,0,3,6,8,1
8121,73139,2.36,0,7,10,9,1
8122,73141,-0.52,0,1,4,2,1
8123,73161,5.55,0,14,17,20,1
8124,73164,-0.03,0,2,5,3,1
8125,73170,1.44,0,5,8,6,1
8126,73192,4.33,0,12,15,22,1
8127,73204,3.28,0,9,12,12,1
8128,73206,-0.52,0,1,4,2,1
8129,73208,-0.52,0,1,4,2,1
8130,73212,0.46,0,3,6,4,1
8131,73214,-0.52,0,1,4,2,1
8132,73222,1.87,0,6,9,8,1
8133,73239,5.73,0,14,17,17,1
8134,73240,-1.01,0,0,3,1,1
8135,73255,4.2,0,11,14,15,1
8136,73281,5.19,0,14,17,26,1
8137,73304,3.72,0,11,14,23,1
8138,73306,-0.52,0,1,4,2,1
8139,73310,0.46,0,3,6,4,1
8140,73329,3.96,0,11,14,19,1
8141,73342,3.22,0,9,12,13,1
8142,73346,-0.09,0,2,5,4,1
8143,73384,6.12,0,17,20,38,1
8144,73392,2.42,0,7,10,8,1
8145,73395,-0.03,0,2,5,3,1
8146,73405,2.3,0,7,10,10,1
8147,73421,3.59,0,10,13,16,1
8148,73428,0.28,0,3,6,7,1
8149,73430,-0.52,0,1,4,2,1
8150,73462,4.28,0,13,16,32,1
8151,73487,4.15,0,12,15,25,1
8152,73493,0.34,0,3,6,6,1
8153,73495,-0.52,0,1,4,2,1
8154,73509,3.16,0,9,12,14,1
8155,73520,2.24,0,7,10,11,1
8156,73521,-1.01,0,0,3,1,1
8157,73522,-1.01,0,0,3,1,1
8158,73526,0.46,0,3,6,4,1
8159,73543,2.98,0,9,12,17,1
8160,73545,-0.52,0,1,4,2,1
8161,73569,4.76,0,13,16,24,1
8162,73574,0.95,0,4,7,5,1
8163,73579,0.95,0,4,7,5,1
8164,73594,4.2,0,11,14,15,1
8165,73596,-0.52,0,1,4,2,1
8166,73604,1.32,0,5,8,8,1
8167,73606,-0.52,0,1,4,2,1
8168,73629,7.02,0,17,20,23,1
8169,73641,3.28,0,9,12,12,1
8170,73647,0.89,0,4,7,6,1
8171,73654,1.93,0,6,9,7,1
8172,73669,3.65,0,10,13,15,1
8173,73672,-0.03,0,2,5,3,1
8174,73685,1.57,0,6,9,13,1
8175,73701,3.59,0,10,13,16,1
8176,73717,4.69,0,12,15,16,1
8177,73723,0.34,0,3,6,6,1
8178,73724,-1.01,0,0,3,1,1
8179,73726,-0.52,0,1,4,2,1
8180,73732,1.44,0,5,8,6,1
8181,73743,3.34,0,9,12,11,1
8182,73761,3.47,0,10,13,18,1
8183,73774,4.32,0,11,14,13,1
8184,73775,-1.01,0,0,3,1,1
8185,73781,0.89,0,4,7,6,1
8186,73784,-0.03,0,2,5,3,1
8187,73785,-1.01,0,0,3,1,1
8188,73788,-0.03,0,2,5,3,1
8189,73797,1.26,0,5,8,9,1
8190,73798,-1.01,0,0,3,1,1
8191,73800,-0.52,0,1,4,2,1
8192,73801,-1.01,0,0,3,1,1
8193,73802,-1.01,0,0,3,1,1
8194,73808,1.44,0,5,8,6,1
8195,73812,-0.09,0,2,5,4,1
8196,73841,5.56,0,15,18,29,1
8197,73860,3.41,0,10,13,19,1
8198,73861,-1.01,0,0,3,1,1
8199,73865,0.46,0,3,6,4,1
8200,73866,-1.01,0,0,3,1,1
8201,73873,0.83,0,4,7,7,1
8202,73876,-0.03,0,2,5,3,1
8203,73878,-0.52,0,1,4,2,1
8204,73895,3.53,0,10,13,17,1
8205,73914,4.51,0,12,15,19,1
8206,73936,4.33,0,12,15,22,1
8207,73947,2.24,0,7,10,11,1
8208,73960,3.22,0,9,12,13,1
8209,73969,1.81,0,6,9,9,1
8210,73971,-0.52,0,1,4,2,1
8211,73994,5.37,0,14,17,23,1
8212,74008,3.16,0,9,12,14,1
8213,74011,-0.58,0,1,4,3,1
8214,74016,0.4,0,3,6,5,1
8215,74020,0.46,0,3,6,4,1
8216,74021,-1.01,0,0,3,1,1
8217,74023,-0.52,0,1,4,2,1
8218,74025,-0.52,0,1,4,2,1
8219,74030,0.95,0,4,7,5,1
8220,74034,0.46,0,3,6,4,1
8221,74035,-1.01,0,0,3,1,1
8222,74050,3.65,0,10,13,15,1
8223,74075,5.25,0,14,17,25,1
8224,74076,-1.01,0,0,3,1,1
8225,74090,3.71,0,10,13,14,1
8226,74091,-1.01,0,0,3,1,1
8227,74095,0.46,0,3,6,4,1
8228,74099,0.46,0,3,6,4,1
8229,74103,0.46,0,3,6,4,1
8230,74106,-0.03,0,2,5,3,1
8231,74110,0.46,0,3,6,4,1
8232,74114,0.46,0,3,6,4,1
8233,74118,-0.09,0,2,5,4,1
8234,74122,-0.09,0,2,5,4,1
8235,74136,3.16,0,9,12,14,1
8236,74155,3.96,0,11,14,19,1
8237,74157,-0.52,0,1,4,2,1
8238,74158,-1.01,0,0,3,1,1
8239,74163,0.4,0,3,6,5,1
8240,74181,4.02,0,11,14,18,1
8241,74186,0.4,0,3,6,5,1
8242,74190,0.46,0,3,6,4,1
8243,74193,-0.03,0,2,5,3,1
8244,74200,1.38,0,5,8,7,1
8245,74209,1.81,0,6,9,9,1
8246,74216,1.93,0,6,9,7,1
8247,74227,1.69,0,6,9,11,1
8248,74248,3.84,0,11,14,21,1
8249,74257,2.36,0,7,10,9,1
8250,74279,3.78,0,11,14,22,1
8251,74282,-0.03,0,2,5,3,1
8252,74284,-0.52,0,1,4,2,1
8253,74305,4.39,0,12,15,21,1
8254,74308,-0.03,0,2,5,3,1
8255,74314,1.44,0,5,8,6,1
8256,74315,-1.01,0,0,3,1,1
8257,74318,-0.03,0,2,5,3,1
8258,74323,0.95,0,4,7,5,1
8259,74325,-0.52,0,1,4,2,1
8260,74327,-0.52,0,1,4,2,1
8261,74329,-0.52,0,1,4,2,1
8262,74363,5.26,0,15,18,34,1
8263,74374,2.24,0,7,10,11,1
8264,74376,-0.52,0,1,4,2,1
8265,74379,-0.03,0,2,5,3,1
8266,74386,1.93,0,6,9,7,1
8267,74390,0.46,0,3,6,4,1
8268,74425,5.75,0,16,19,35,1
8269,74426,-1.01,0,0,3,1,1
8270,74452,5.74,0,15,18,26,1
8271,74482,4.4,0,13,16,30,1
8272,74489,0.83,0,4,7,7,1
8273,74499,2.85,0,8,11,10,1
8274,74500,-1.01,0,0,3,1,1
8275,74523,5.37,0,14,17,23,1
8276,74526,-0.03,0,2,5,3,1
8277,74543,2.98,0,9,12,17,1
8278,74554,2.79,0,8,11,11,1
8279,74556,-0.52,0,1,4,2,1
8280,74557,-1.01,0,0,3,1,1
8281,74569,2.73,0,8,11,12,1
8282,74584,3.65,0,10,13,15,1
8283,74585,-1.01,0,0,3,1,1
8284,74587,-0.52,0,1,4,2,1
8285,74589,-0.52,0,1,4,2,1
8286,74597,2.42,0,7,10,8,1
8287,74603,0.89,0,4,7,6,1
8288,74625,2.13,0,8,11,22,1
8289,74627,-0.52,0,1,4,2,1
8290,74640,3.77,0,10,13,13,1
8291,74649,2.36,0,7,10,9,1
8292,74653,0.46,0,3,6,4,1
8293,74654,-1.01,0,0,3,1,1
8294,74666,2.18,0,7,10,12,1
8295,74668,-0.52,0,1,4,2,1
8296,74683,4.2,0,11,14,15,1
8297,74690,0.28,0,3,6,7,1
8298,74694,0.46,0,3,6,4,1
8299,74719,4.7,0,13,16,25,1
8300,74723,0.46,0,3,6,4,1
8301,74727,0.46,0,3,6,4,1
8302,74738,2.79,0,8,11,11,1
8303,74744,0.89,0,4,7,6,1
8304,74776,5.93,0,16,19,32,1
8305,74778,-0.52,0,1,4,2,1
8306,74780,-0.52,0,1,4,2,1
8307,74782,-0.52,0,1,4,2,1
8308,74786,0.46,0,3,6,4,1
8309,74792,0.89,0,4,7,6,1
8310,74817,3.05,0,10,13,25,1
8311,74821,0.46,0,3,6,4,1
8312,74832,1.69,0,6,9,11,1
8313,74837,0.95,0,4,7,5,1
8314,74841,0.46,0,3,6,4,1
8315,74869,5.62,0,15,18,28,1
8316,74907,5.02,0,15,18,38,1
8317,74921,3.71,0,10,13,14,1
8318,74925,0.46,0,3,6,4,1
8319,74933,1.32,0,5,8,8,1
8320,74958,5.8,0,15,18,25,1
8321,74988,4.4,0,13,16,30,1
8322,75000,2.73,0,8,11,12,1
8323,75005,0.95,0,4,7,5,1
8324,75006,-1.01,0,0,3,1,1
8325,75011,0.95,0,4,7,5,1
8326,75019,1.87,0,6,9,8,1
8327,75024,0.95,0,4,7,5,1
8328,75026,-0.52,0,1,4,2,1
8329,75030,-0.09,0,2,5,4,1
8330,75035,0.95,0,4,7,5,1
8331,75040,0.95,0,4,7,5,1
8332,75042,-0.52,0,1,4,2,1
8333,75044,-0.52,0,1,4,2,1
8334,75045,-1.01,0,0,3,1,1
8335,75047,-0.52,0,1,4,2,1
8336,75055,1.87,0,6,9,8,1
8337,75077,6.53,0,16,19,22,1
8338,75083,0.89,0,4,7,6,1
8339,75100,5.18,0,13,16,17,1
8340,75103,-0.03,0,2,5,3,1
8341,75104,-1.01,0,0,3,1,1
8342,75105,-1.01,0,0,3,1,1
8343,75119,3.16,0,9,12,14,1
8344,75127,1.87,0,6,9,8,1
8345,75161,5.81,0,16,19,34,1
8346,75171,2.3,0,7,10,10,1
8347,75172,-1.01,0,0,3,1,1
8348,75193,4.39,0,12,15,21,1
8349,75207,2.06,0,7,10,14,1
8350,75217,1.75,0,6,9,10,1
8351,75234,5.18,0,13,16,17,1
8352,75256,4.33,0,12,15,22,1
8353,75258,-0.52,0,1,4,2,1
8354,75259,-1.01,0,0,3,1,1
8355,75272,2.67,0,8,11,13,1
8356,75278,1.44,0,5,8,6,1
8357,75282,0.46,0,3,6,4,1
8358,75308,4.64,0,13,16,26,1
8359,75313,0.95,0,4,7,5,1
8360,75317,0.46,0,3,6,4,1
8361,75345,5.07,0,14,17,28,1
8362,75354,1.81,0,6,9,9,1
8363,75360,0.89,0,4,7,6,1
8364,75377,2.98,0,9,12,17,1
8365,75378,-1.01,0,0,3,1,1
8366,75384,1.44,0,5,8,6,1
8367,75388,0.46,0,3,6,4,1
8368,75394,1.44,0,5,8,6,1
8369,75395,-1.01,0,0,3,1,1
8370,75410,4.2,0,11,14,15,1
8371,75416,0.89,0,4,7,6,1
8372,75421,0.4,0,3,6,5,1
8373,75470,6.56,0,19,22,49,1
8374,75471,-1.01,0,0,3,1,1
8375,75481,1.75,0,6,9,10,1
8376,75502,3.29,0,10,13,21,1
8377,75506,0.46,0,3,6,4,1
8378,75514,2.42,0,7,10,8,1
8379,75520,0.89,0,4,7,6,1
8380,75524,0.46,0,3,6,4,1
8381,75531,1.93,0,6,9,7,1
8382,75535,0.46,0,3,6,4,1
8383,75558,4.27,0,12,15,23,1
8384,75582,5.86,0,15,18,24,1
8385,75585,-0.03,0,2,5,3,1
8386,75604,4.51,0,12,15,19,1
8387,75616,2.73,0,8,11,12,1
8388,75627,2.24,0,7,10,11,1
8389,75631,-0.09,0,2,5,4,1
8390,75671,6.0,0,17,20,40,1
8391,75684,3.77,0,10,13,13,1
8392,75693,1.81,0,6,9,9,1
8393,75695,-0.52,0,1,4,2,1
8394,75696,-1.01,0,0,3,1,1
8395,75701,0.4,0,3,6,5,1
8396,75707,0.34,0,3,6,6,1
8397,75727,2.8,0,9,12,20,1
8398,75734,0.83,0,4,7,7,1
8399,75743,2.91,0,8,11,9,1
8400,75745,-0.52,0,1,4,2,1
8401,75751,1.44,0,5,8,6,1
8402,75761,2.3,0,7,10,10,1
8403,75765,0.46,0,3,6,4,1
8404,75767,-0.52,0,1,4,2,1
8405,75781,3.16,0,9,12,14,1
8406,75802,3.29,0,10,13,21,1
8407,75813,2.24,0,7,10,11,1
8408,75815,-0.52,0,1,4,2,1
8409,75818,-0.03,0,2,5,3,1
8410,75829,2.24,0,7,10,11,1
8411,75830,-1.01,0,0,3,1,1
8412,75832,-0.52,0,1,4,2,1
8413,75837,0.95,0,4,7,5,1
8414,75855,5.12,0,13,16,18,1
8415,75856,-1.01,0,0,3,1,1
8416,75858,-0.52,0,1,4,2,1
8417,75869,2.24,0,7,10,11,1
8418,75881,1.63,0,6,9,12,1
8419,75902,4.94,0,13,16,21,1
8420,75904,-0.52,0,1,4,2,1
8421,75907,-0.03,0,2,5,3,1
8422,75921,4.26,0,11,14,14,1
8423,75937,4.69,0,12,15,16,1
8424,75945,1.32,0,5,8,8,1
8425,75952,1.38,0,5,8,7,1
8426,75955,-0.03,0,2,5,3,1
8427,75962,1.38,0,5,8,7,1
8428,75995,6.97,0,18,21,33,1
8429,76001,0.89,0,4,7,6,1
8430,76006,0.95,0,4,7,5,1
8431,76008,-0.52,0,1,4,2,1
8432,76029,3.84,0,11,14,21,1
8433,76030,-1.01,0,0,3,1,1
8434,76032,-0.52,0,1,4,2,1
8435,76033,-1.01,0,0,3,1,1
8436,76034,-1.01,0,0,3,1,1
8437,76052,4.57,0,12,15,18,1
8438,76057,0.95,0,4,7,5,1
8439,76063,0.34,0,3,6,6,1
8440,76087,3.66,0,11,14,24,1
8441,76101,3.71,0,10,13,14,1
8442,76105,0.46,0,3,6,4,1
8443,76114,2.36,0,7,10,9,1
8444,76119,-0.15,0,2,5,5,1
8445,76125,1.44,0,5,8,6,1
8446,76130,0.95,0,4,7,5,1
8447,76131,-1.01,0,0,3,1,1
8448,76136,0.4,0,3,6,5,1
8449,76143,1.38,0,5,8,7,1
8450,76155,2.73,0,8,11,12,1
8451,76156,-1.01,0,0,3,1,1
8452,76167,1.69,0,6,9,11,1
8453,76171,0.46,0,3,6,4,1
8454,76178,1.93,0,6,9,7,1
8455,76182,0.46,0,3,6,4,1
8456,76210,6.17,0,16,19,28,1
8457,76236,6.29,0,16,19,26,1
8458,76246,1.75,0,6,9,10,1
8459,76254,2.42,0,7,10,8,1
8460,76255,-1.01,0,0,3,1,1
8461,76264,1.81,0,6,9,9,1
8462,76267,-0.03,0,2,5,3,1
8463,76268,-1.01,0,0,3,1,1
8464,76296,5.62,0,15,18,28,1
8465,76305,2.91,0,8,11,9,1
8466,76309,0.46,0,3,6,4,1
8467,76323,2.06,0,7,10,14,1
8468,76348,4.7,0,13,16,25,1
8469,76389,4.84,0,15,18,41,1
8470,76401,3.28,0,9,12,12,1
8471,76411,2.3,0,7,10,10,1
8472,76414,-0.03,0,2,5,3,1
8473,76433,5.06,0,13,16,19,1
8474,76439,1.44,0,5,8,6,1
8475,76441,-0.52,0,1,4,2,1
8476,76447,1.44,0,5,8,6,1
8477,76488,5.94,0,17,20,41,1
8478,76492,0.46,0,3,6,4,1
8479,76500,2.42,0,7,10,8,1
8480,76503,-0.03,0,2,5,3,1
8481,76504,-1.01,0,0,3,1,1
8482,76521,4.08,0,11,14,17,1
8483,76535,3.16,0,9,12,14,1
8484,76543,1.87,0,6,9,8,1
8485,76546,-0.03,0,2,5,3,1
8486,76551,0.4,0,3,6,5,1
8487,76565,3.16,0,9,12,14,1
8488,76570,0.95,0,4,7,5,1
8489,76576,0.89,0,4,7,6,1
8490,76598,5.98,0,15,18,22,1
8491,76614,2.49,0,8,11,16,1
8492,76660,7.29,0,20,23,46,1
8493,76669,1.81,0,6,9,9,1
8494,76671,-0.52,0,1,4,2,1
8495,76680,2.36,0,7,10,9,1
8496,76682,-0.52,0,1,4,2,1
8497,76686,-0.64,0,1,4,4,1
8498,76692,0.34,0,3,6,6,1
8499,76694,-0.52,0,1,4,2,1
8500,76721,5.68,0,15,18,27,1
8501,76726,0.4,0,3,6,5,1
8502,76729,-0.03,0,2,5,3,1
8503,76732,-0.03,0,2,5,3,1
8504,76744,3.83,0,10,13,12,1
8505,76748,0.46,0,3,6,4,1
8506,76750,-0.52,0,1,4,2,1
8507,76753,-0.03,0,2,5,3,1
8508,76760,0.83,0,4,7,7,1
8509,76766,0.89,0,4,7,6,1
8510,76768,-0.52,0,1,4,2,1
8511,76774,1.44,0,5,8,6,1
8512,76782,1.87,0,6,9,8,1
8513,76786,0.46,0,3,6,4,1
8514,76787,-1.01,0,0,3,1,1
8515,76795,1.87,0,6,9,8,1
8516,76803,1.87,0,6,9,8,1
8517,76808,0.95,0,4,7,5,1
8518,76813,0.95,0,4,7,5,1
8519,76836,4.82,0,13,16,23,1
8520,76844,2.42,0,7,10,8,1
8521,76845,-1.01,0,0,3,1,1
8522,76867,3.78,0,11,14,22,1
8523,76870,-0.03,0,2,5,3,1
8524,76880,2.3,0,7,10,10,1
8525,76881,-1.01,0,0,3,1,1
8526,76888,1.93,0,6,9,7,1
8527,76889,-1.01,0,0,3,1,1
8528,76893,0.46,0,3,6,4,1
8529,76903,2.85,0,8,11,10,1
8530,76907,0.46,0,3,6,4,1
8531,76909,-0.52,0,1,4,2,1
8532,76922,3.22,0,9,12,13,1
8533,76923,-1.01,0,0,3,1,1
8534,76928,0.95,0,4,7,5,1
8535,76966,3.92,0,13,16,38,1
8536,76970,0.46,0,3,6,4,1
8537,76980,1.75,0,6,9,10,1
8538,76990,2.85,0,8,11,10,1
8539,76993,-0.03,0,2,5,3,1
8540,76995,-0.52,0,1,4,2,1
8541,76996,-1.01,0,0,3,1,1
8542,77000,-0.09,0,2,5,4,1
8543,77006,0.89,0,4,7,6,1
8544,77008,-0.52,0,1,4,2,1
8545,77015,1.93,0,6,9,7,1
8546,77018,-0.58,0,1,4,3,1
8547,77030,3.28,0,9,12,12,1
8548,77031,-1.01,0,0,3,1,1
8549,77034,-0.03,0,2,5,3,1
8550,77037,-0.03,0,2,5,3,1
8551,77039,-0.52,0,1,4,2,1
8552,77042,-0.03,0,2,5,3,1
8553,77043,-1.01,0,0,3,1,1
8554,77048,0.95,0,4,7,5,1
8555,77049,-1.01,0,0,3,1,1
8556,77055,1.44,0,5,8,6,1
8557,77063,2.42,0,7,10,8,1
8558,77069,1.44,0,5,8,6,1
8559,77077,2.42,0,7,10,8,1
8560,77091,4.26,0,11,14,14,1
8561,77099,2.42,0,7,10,8,1
8562,77107,1.32,0,5,8,8,1
8563,77110,-0.03,0,2,5,3,1
8564,77115,0.4,0,3,6,5,1
8565,77119,0.46,0,3,6,4,1
8566,77148,4.46,0,13,16,29,1
8567,77149,-1.01,0,0,3,1,1
8568,77156,1.38,0,5,8,7,1
8569,77160,0.46,0,3,6,4,1
8570,77168,1.32,0,5,8,8,1
8571,77176,2.42,0,7,10,8,1
8572,77179,-0.03,0,2,5,3,1
8573,77180,-1.01,0,0,3,1,1
8574,77195,4.2,0,11,14,15,1
8575,77198,-0.03,0,2,5,3,1
8576,77201,-0.58,0,1,4,3,1
8577,77202,-1.01,0,0,3,1,1
8578,77204,-0.52,0,1,4,2,1
8579,77206,-0.52,0,1,4,2,1
8580,77227,3.84,0,11,14,21,1
8581,77260,6.42,0,17,20,33,1
8582,77261,-1.01,0,0,3,1,1
8583,77262,-1.01,0,0,3,1,1
8584,77272,1.2,0,5,8,10,1
8585,77274,-0.52,0,1,4,2,1
8586,77302,3.42,0,11,14,28,1
8587,77312,2.85,0,8,11,10,1
8588,77313,-1.01,0,0,3,1,1
8589,77318,0.95,0,4,7,5,1
8590,77329,2.79,0,8,11,11,1
8591,77331,-0.52,0,1,4,2,1
8592,77349,3.47,0,10,13,18,1
8593,77414,6.15,0,20,23,65,1
8594,77415,-1.01,0,0,3,1,1
8595,77432,2.98,0,9,12,17,1
8596,77434,-0.52,0,1,4,2,1
8597,77438,0.46,0,3,6,4,1
8598,77439,-1.01,0,0,3,1,1
8599,77441,-0.52,0,1,4,2,1
8600,77447,1.44,0,5,8,6,1
8601,77462,3.65,0,10,13,15,1
8602,77470,1.32,0,5,8,8,1
8603,77487,4.08,0,11,14,17,1
8604,77491,0.46,0,3,6,4,1
8605,77492,-1.01,0,0,3,1,1
8606,77504,3.28,0,9,12,12,1
8607,77510,1.44,0,5,8,6,1
8608,77514,0.46,0,3,6,4,1
8609,77525,2.79,0,8,11,11,1
8610,77545,5.0,0,13,16,20,1
8611,77561,2.49,0,8,11,16,1
8612,77567,0.89,0,4,7,6,1
8613,77582,3.65,0,10,13,15,1
8614,77586,0.46,0,3,6,4,1
8615,77597,3.34,0,9,12,11,1
8616,77601,0.46,0,3,6,4,1
8617,77608,1.38,0,5,8,7,1
8618,77617,1.26,0,5,8,9,1
8619,77626,2.36,0,7,10,9,1
8620,77635,2.91,0,8,11,9,1
8621,77648,3.22,0,9,12,13,1
8622,77650,-0.52,0,1,4,2,1
8623,77651,-1.01,0,0,3,1,1
8624,77652,-1.01,0,0,3,1,1
8625,77654,-0.52,0,1,4,2,1
8626,77661,1.38,0,5,8,7,1
8627,77665,0.46,0,3,6,4,1
8628,77667,-0.52,0,1,4,2,1
8629,77668,-1.01,0,0,3,1,1
8630,77673,0.95,0,4,7,5,1
8631,77681,2.42,0,7,10,8,1
8632,77685,0.46,0,3,6,4,1
8633,77694,2.91,0,8,11,9,1
8634,77698,0.46,0,3,6,4,1
8635,77705,1.38,0,5,8,7,1
8636,77713,2.42,0,7,10,8,1
8637,77715,-0.52,0,1,4,2,1
8638,77717,-0.52,0,1,4,2,1
8639,77736,4.51,0,12,15,19,1
8640,77741,0.95,0,4,7,5,1
8641,77749,1.87,0,6,9,8,1
8642,77754,0.95,0,4,7,5,1
8643,77755,-1.01,0,0,3,1,1
8644,77758,-0.03,0,2,5,3,1
8645,77759,-1.01,0,0,3,1,1
8646,77765,1.44,0,5,8,6,1
8647,77782,4.63,0,12,15,17,1
8648,77790,1.32,0,5,8,8,1
8649,77795,0.95,0,4,7,5,1
8650,77797,-0.52,0,1,4,2,1
8651,77804,1.38,0,5,8,7,1
8652,77807,-0.03,0,2,5,3,1
8653,77857,4.85,0,16,19,50,1
8654,77864,1.93,0,6,9,7,1
8655,77865,-1.01,0,0,3,1,1
8656,77875,3.4,0,9,12,10,1
8657,77896,4.39,0,12,15,21,1
8658,77903,1.93,0,6,9,7,1
8659,77936,5.32,0,15,18,33,1
8660,77937,-1.01,0,0,3,1,1
8661,77951,2.61,0,8,11,14,1
8662,77952,-1.01,0,0,3,1,1
8663,77957,0.4,0,3,6,5,1
8664,77981,3.66,0,11,14,24,1
8665,77986,0.95,0,4,7,5,1
8666,77994,1.87,0,6,9,8,1
8667,77995,-1.01,0,0,3,1,1
8668,78017,3.23,0,10,13,22,1
8669,78019,-0.52,0,1,4,2,1
8670,78033,3.16,0,9,12,14,1
8671,78038,0.4,0,3,6,5,1
8672,78040,-0.52,0,1,4,2,1
8673,78052,2.73,0,8,11,12,1
8674,78062,2.3,0,7,10,10,1
8675,78093,3.24,0,11,14,31,1
8676,78110,2.98,0,9,12,17,1
8677,78113,-0.03,0,2,5,3,1
8678,78121,0.77,0,4,7,8,1
8679,78123,-0.52,0,1,4,2,1
8680,78124,-1.01,0,0,3,1,1
8681,78140,4.69,0,12,15,16,1
8682,78153,3.77,0,10,13,13,1
8683,78166,3.22,0,9,12,13,1
8684,78174,1.87,0,6,9,8,1
8685,78180,0.89,0,4,7,6,1
8686,78200,4.45,0,12,15,20,1
8687,78201,-1.01,0,0,3,1,1
8688,78205,0.46,0,3,6,4,1
8689,78214,1.81,0,6,9,9,1
8690,78220,0.89,0,4,7,6,1
8691,78225,0.95,0,4,7,5,1
8692,78234,2.36,0,7,10,9,1
8693,78250,5.24,0,13,16,16,1
8694,78251,-1.01,0,0,3,1,1
8695,78259,1.87,0,6,9,8,1
8696,78280,3.29,0,10,13,21,1
8697,78281,-1.01,0,0,3,1,1
8698,78303,5.43,0,14,17,22,1
8699,78307,-0.09,0,2,5,4,1
8700,78308,-1.01,0,0,3,1,1
8701,78359,4.79,0,16,19,51,1
8702,78362,-0.03,0,2,5,3,1
8703,78369,1.38,0,5,8,7,1
8704,78371,-0.52,0,1,4,2,1
8705,78373,-0.52,0,1,4,2,1
8706,78382,1.81,0,6,9,9,1
8707,78387,0.4,0,3,6,5,1
8708,78405,4.02,0,11,14,18,1
8709,78419,2.61,0,8,11,14,1
8710,78432,2.67,0,8,11,13,1
8711,78433,-1.01,0,0,3,1,1
8712,78440,0.83,0,4,7,7,1
8713,78447,1.38,0,5,8,7,1
8714,78458,2.79,0,8,11,11,1
8715,78481,4.27,0,12,15,23,1
8716,78482,-1.01,0,0,3,1,1
8717,78490,0.77,0,4,7,8,1
8718,78491,-1.01,0,0,3,1,1
8719,78495,0.46,0,3,6,4,1
8720,78511,4.14,0,11,14,16,1
8721,78519,1.32,0,5,8,8,1
8722,78522,-0.03,0,2,5,3,1
8723,78524,-0.52,0,1,4,2,1
8724,78525,-1.01,0,0,3,1,1
8725,78533,1.32,0,5,8,8,1
8726,78544,1.69,0,6,9,11,1
8727,78545,-1.01,0,0,3,1,1
8728,78553,2.42,0,7,10,8,1
8729,78560,0.83,0,4,7,7,1
8730,78568,1.87,0,6,9,8,1
8731,78572,0.46,0,3,6,4,1
8732,78588,2.49,0,8,11,16,1
8733,78609,5.49,0,14,17,21,1
8734,78616,1.38,0,5,8,7,1
8735,78629,2.12,0,7,10,13,1
8736,78631,-0.52,0,1,4,2,1
8737,78633,-0.52,0,1,4,2,1
8738,78657,6.41,0,16,19,24,1
8739,78658,-1.01,0,0,3,1,1
8740,78667,2.36,0,7,10,9,1
8741,78670,-0.03,0,2,5,3,1
8742,78682,3.28,0,9,12,12,1
8743,78686,0.46,0,3,6,4,1
8744,78688,-0.52,0,1,4,2,1
8745,78689,-1.01,0,0,3,1,1
8746,78698,1.81,0,6,9,9,1
8747,78702,0.46,0,3,6,4,1
8748,78723,5.49,0,14,17,21,1
8749,78732,2.36,0,7,10,9,1
8750,78740,1.32,0,5,8,8,1
8751,78743,-0.03,0,2,5,3,1
8752,78755,2.73,0,8,11,12,1
8753,78756,-1.01,0,0,3,1,1
8754,78759,-0.03,0,2,5,3,1
8755,78761,-0.52,0,1,4,2,1
8756,78762,-1.01,0,0,3,1,1
8757,78771,1.81,0,6,9,9,1
8758,78785,2.06,0,7,10,14,1
8759,78788,-0.03,0,2,5,3,1
8760,78795,1.93,0,6,9,7,1
8761,78798,-0.03,0,2,5,3,1
8762,78807,2.36,0,7,10,9,1
8763,78810,-0.03,0,2,5,3,1
8764,78833,4.82,0,13,16,23,1
8765,78837,0.46,0,3,6,4,1
8766,78848,2.24,0,7,10,11,1
8767,78853,0.95,0,4,7,5,1
8768,78867,3.71,0,10,13,14,1
8769,78872,0.4,0,3,6,5,1
8770,78879,1.93,0,6,9,7,1
8771,78882,-0.03,0,2,5,3,1
8772,78889,1.93,0,6,9,7,1
8773,78892,-0.03,0,2,5,3,1
8774,78908,4.14,0,11,14,16,1
8775,78910,-0.52,0,1,4,2,1
8776,78924,3.16,0,9,12,14,1
8777,78945,4.39,0,12,15,21,1
8778,78957,3.28,0,9,12,12,1
8779,78960,-0.03,0,2,5,3,1
8780,78967,1.38,0,5,8,7,1
8781,78976,1.81,0,6,9,9,1
8782,79020,6.31,0,18,21,44,1
8783,79021,-1.01,0,0,3,1,1
8784,79023,-0.52,0,1,4,2,1
8785,79034,2.79,0,8,11,11,1
8786,79045,2.79,0,8,11,11,1
8787,79046,-1.01,0,0,3,1,1
8788,79059,1.02,0,5,8,13,1
8789,79070,2.79,0,8,11,11,1
8790,79087,4.63,0,12,15,17,1
8791,79105,2.92,0,9,12,18,1
8792,79112,1.93,0,6,9,7,1
8793,79127,3.65,0,10,13,15,1
8794,79131,0.46,0,3,6,4,1
8795,79150,6.16,0,15,18,19,1
8796,79153,-0.03,0,2,5,3,1
8797,79162,1.26,0,5,8,9,1
8798,79166,0.46,0,3,6,4,1
8799,79173,1.93,0,6,9,7,1
8800,79187,2.61,0,8,11,14,1
8801,79196,1.81,0,6,9,9,1
8802,79210,2.61,0,8,11,14,1
8803,79220,2.85,0,8,11,10,1
8804,79251,5.44,0,15,18,31,1
8805,79269,3.47,0,10,13,18,1
8806,79273,0.46,0,3,6,4,1
8807,79274,-1.01,0,0,3,1,1
8808,79291,2.98,0,9,12,17,1
8809,79300,2.36,0,7,10,9,1
8810,79310,1.75,0,6,9,10,1
8811,79321,2.79,0,8,11,11,1
8812,79353,7.03,0,18,21,32,1
8813,79356,-0.03,0,2,5,3,1
8814,79380,4.76,0,13,16,24,1
8815,79383,-0.03,0,2,5,3,1
8816,79392,1.81,0,6,9,9,1
8817,79397,0.4,0,3,6,5,1
8818,79402,0.4,0,3,6,5,1
8819,79412,2.85,0,8,11,10,1
8820,79432,5.0,0,13,16,20,1
8821,79433,-1.01,0,0,3,1,1
8822,79461,5.07,0,14,17,28,1
8823,79462,-1.01,0,0,3,1,1
8824,79463,-1.01,0,0,3,1,1
8825,79471,1.87,0,6,9,8,1
8826,79473,-0.52,0,1,4,2,1
8827,79475,-0.52,0,1,4,2,1
8828,79498,3.17,0,10,13,23,1
8829,79512,4.81,0,12,15,14,1
8830,79527,2.55,0,8,11,15,1
8831,79534,1.93,0,6,9,7,1
8832,79550,4.14,0,11,14,16,1
8833,79554,0.46,0,3,6,4,1
8834,79578,6.41,0,16,19,24,1
8835,79596,3.47,0,10,13,18,1
8836,79603,1.38,0,5,8,7,1
8837,79615,2.73,0,8,11,12,1
8838,79624,2.36,0,7,10,9,1
8839,79630,1.44,0,5,8,6,1
8840,79634,0.46,0,3,6,4,1
8841,79639,0.4,0,3,6,5,1
8842,79640,-1.01,0,0,3,1,1
8843,79644,0.46,0,3,6,4,1
8844,79650,0.89,0,4,7,6,1
8845,79659,1.81,0,6,9,9,1
8846,79686,3.48,0,11,14,27,1
8847,79688,-0.52,0,1,4,2,1
8848,79689,-1.01,0,0,3,1,1
8849,79692,-0.58,0,1,4,3,1
8850,79698,0.89,0,4,7,6,1
8851,79710,3.28,0,9,12,12,1
8852,79723,2.67,0,8,11,13,1
8853,79728,0.95,0,4,7,5,1
8854,79730,-0.52,0,1,4,2,1
8855,79750,3.9,0,11,14,20,1
8856,79751,-1.01,0,0,3,1,1
8857,79754,-0.03,0,2,5,3,1
8858,79787,4.77,0,14,17,33,1
8859,79822,5.75,0,16,19,35,1
8860,79825,-0.03,0,2,5,3,1
8861,79833,1.87,0,6,9,8,1
8862,79836,-0.58,0,1,4,3,1
8863,79858,5.98,0,15,18,22,1
8864,79869,2.24,0,7,10,11,1
8865,79876,1.38,0,5,8,7,1
8866,79886,1.2,0,5,8,10,1
8867,79898,3.28,0,9,12,12,1
8868,79910,2.18,0,7,10,12,1
8869,79919,1.81,0,6,9,9,1
8870,79920,-1.01,0,0,3,1,1
8871,79933,3.22,0,9,12,13,1
8872,79936,-0.03,0,2,5,3,1
8873,79939,-0.03,0,2,5,3,1
8874,79946,0.83,0,4,7,7,1
8875,79972,5.19,0,14,17,26,1
8876,79980,1.87,0,6,9,8,1
8877,80000,4.45,0,12,15,20,1
8878,80016,3.59,0,10,13,16,1
8879,80029,2.67,0,8,11,13,1
8880,80035,1.44,0,5,8,6,1
8881,80039,0.46,0,3,6,4,1
8882,80042,-0.58,0,1,4,3,1
8883,80046,0.46,0,3,6,4,1
8884,80064,4.57,0,12,15,18,1
8885,80070,0.89,0,4,7,6,1
8886,80071,-1.01,0,0,3,1,1
8887,80073,-0.52,0,1,4,2,1
8888,80077,-0.09,0,2,5,4,1
8889,80098,6.04,0,15,18,21,1
8890,80099,-1.01,0,0,3,1,1
8891,80112,3.22,0,9,12,13,1
8892,80113,-1.01,0,0,3,1,1
8893,80122,1.26,0,5,8,9,1
8894,80128,1.44,0,5,8,6,1
8895,80134,1.44,0,5,8,6,1
8896,80138,0.46,0,3,6,4,1
8897,80147,1.81,0,6,9,9,1
8898,80152,0.4,0,3,6,5,1
8899,80171,4.51,0,12,15,19,1
8900,80183,4.38,0,11,14,12,1
8901,80189,1.44,0,5,8,6,1
8902,80191,-0.52,0,1,4,2,1
8903,80193,-0.52,0,1,4,2,1
8904,80216,5.37,0,14,17,23,1
8905,80227,2.24,0,7,10,11,1
8906,80228,-1.01,0,0,3,1,1
8907,80230,-0.52,0,1,4,2,1
8908,80238,2.42,0,7,10,8,1
8909,80239,-1.01,0,0,3,1,1
8910,80243,0.46,0,3,6,4,1
8911,80279,6.24,0,17,20,36,1
8912,80302,7.02,0,17,20,23,1
8913,80321,5.06,0,13,16,19,1
8914,80330,2.91,0,8,11,9,1
8915,80334,-0.09,0,2,5,4,1
8916,80350,3.59,0,10,13,16,1
8917,80351,-1.01,0,0,3,1,1
8918,80372,4.39,0,12,15,21,1
8919,80381,2.91,0,8,11,9,1
8920,80386,0.95,0,4,7,5,1
8921,80388,-0.52,0,1,4,2,1
8922,80389,-1.01,0,0,3,1,1
8923,80396,0.83,0,4,7,7,1
8924,80402,0.89,0,4,7,6,1
8925,80403,-1.01,0,0,3,1,1
8926,80417,3.16,0,9,12,14,1
8927,80418,-1.01,0,0,3,1,1
8928,80421,-0.03,0,2,5,3,1
8929,80436,3.65,0,10,13,15,1
8930,80461,4.7,0,13,16,25,1
8931,80463,-0.52,0,1,4,2,1
8932,80469,1.44,0,5,8,6,1
8933,80477,2.42,0,7,10,8,1
8934,80481,0.46,0,3,6,4,1
8935,80488,1.38,0,5,8,7,1
8936,80491,-0.03,0,2,5,3,1
8937,80507,1.94,0,7,10,16,1
8938,80509,-0.52,0,1,4,2,1
8939,80512,-0.03,0,2,5,3,1
8940,80525,3.77,0,10,13,13,1
8941,80541,4.69,0,12,15,16,1
8942,80545,0.46,0,3,6,4,1
8943,80558,3.22,0,9,12,13,1
8944,80559,-1.01,0,0,3,1,1
8945,80560,-1.01,0,0,3,1,1
8946,80561,-1.01,0,0,3,1,1
8947,80565,0.46,0,3,6,4,1
8948,80579,3.16,0,9,12,14,1
8949,80581,-0.52,0,1,4,2,1
8950,80614,4.77,0,14,17,33,1
8951,80631,4.08,0,11,14,17,1
8952,80643,2.73,0,8,11,12,1
8953,80649,0.89,0,4,7,6,1
8954,80666,4.63,0,12,15,17,1
8955,80674,0.77,0,4,7,8,1
8956,80676,-0.52,0,1,4,2,1
8957,80678,-0.52,0,1,4,2,1
8958,80698,5.0,0,13,16,20,1
8959,80702,0.46,0,3,6,4,1
8960,80703,-1.01,0,0,3,1,1
8961,80707,-0.09,0,2,5,4,1
8962,80716,2.91,0,8,11,9,1
8963,80718,-0.52,0,1,4,2,1
8964,80736,3.47,0,10,13,18,1
8965,80738,-0.52,0,1,4,2,1
8966,80739,-1.01,0,0,3,1,1
8967,80743,-0.09,0,2,5,4,1
8968,80753,2.3,0,7,10,10,1
8969,80757,0.46,0,3,6,4,1
8970,80776,3.96,0,11,14,19,1
8971,80817,6.49,0,18,21,41,1
8972,80839,4.33,0,12,15,22,1
8973,80843,0.46,0,3,6,4,1
8974,80847,0.46,0,3,6,4,1
8975,80850,-0.58,0,1,4,3,1
8976,80856,0.89,0,4,7,6,1
8977,80860,-0.09,0,2,5,4,1
8978,80863,-0.03,0,2,5,3,1
8979,80865,-0.52,0,1,4,2,1
8980,80872,1.93,0,6,9,7,1
8981,80890,5.12,0,13,16,18,1
8982,80904,3.16,0,9,12,14,1
8983,80914,2.85,0,8,11,10,1
8984,80917,-0.03,0,2,5,3,1
8985,80930,2.67,0,8,11,13,1
8986,80941,3.89,0,10,13,11,1
8987,80955,2.61,0,8,11,14,1
8988,80961,1.44,0,5,8,6,1
8989,80963,-0.52,0,1,4,2,1
8990,80965,-0.52,0,1,4,2,1
8991,80967,-0.52,0,1,4,2,1
8992,80981,3.16,0,9,12,14,1
8993,80982,-1.01,0,0,3,1,1
8994,80983,-1.01,0,0,3,1,1
8995,80993,2.3,0,7,10,10,1
8996,80998,0.95,0,4,7,5,1
8997,81001,-0.03,0,2,5,3,1
8998,81015,3.71,0,10,13,14,1
8999,81019,0.46,0,3,6,4,1
9000,81020,-1.01,0,0,3,1,1
9001,81035,4.75,0,12,15,15,1
9002,81044,2.36,0,7,10,9,1
9003,81045,-1.01,0,0,3,1,1
9004,81055,2.85,0,8,11,10,1
9005,81058,-0.03,0,2,5,3,1
9006,81060,-0.52,0,1,4,2,1
9007,81062,-0.52,0,1,4,2,1
9008,81065,-0.03,0,2,5,3,1
9009,81070,0.95,0,4,7,5,1
9010,81072,-0.52,0,1,4,2,1
9011,81088,3.59,0,10,13,16,1
9012,81089,-1.01,0,0,3,1,1
9013,81124,5.2,0,15,18,35,1
9014,81133,1.26,0,5,8,9,1
9015,81135,-0.52,0,1,4,2,1
9016,81144,1.81,0,6,9,9,1
9017,81166,4.33,0,12,15,22,1
9018,81184,2.92,0,9,12,18,1
9019,81192,1.32,0,5,8,8,1
9020,81195,-0.03,0,2,5,3,1
9021,81199,-0.09,0,2,5,4,1
9022,81200,-1.01,0,0,3,1,1
9023,81207,1.38,0,5,8,7,1
9024,81217,2.3,0,7,10,10,1
9025,81225,1.87,0,6,9,8,1
9026,81229,0.46,0,3,6,4,1
9027,81245,5.24,0,13,16,16,1
9028,81256,2.24,0,7,10,11,1
9029,81260,0.46,0,3,6,4,1
9030,81262,-0.52,0,1,4,2,1
9031,81270,1.87,0,6,9,8,1
9032,81278,2.42,0,7,10,8,1
9033,81281,-0.03,0,2,5,3,1
9034,81291,3.4,0,9,12,10,1
9035,81294,-0.03,0,2,5,3,1
9036,81301,1.93,0,6,9,7,1
9037,81304,-0.03,0,2,5,3,1
9038,81308,0.46,0,3,6,4,1
9039,81316,1.87,0,6,9,8,1
9040,81322,0.89,0,4,7,6,1
9041,81326,0.46,0,3,6,4,1
9042,81348,4.33,0,12,15,22,1
9043,81353,0.4,0,3,6,5,1
9044,81365,3.28,0,9,12,12,1
9045,81391,5.19,0,14,17,26,1
9046,81410,5.06,0,13,16,19,1
9047,81414,0.46,0,3,6,4,1
9048,81419,0.4,0,3,6,5,1
9049,81431,3.28,0,9,12,12,1
9050,81433,-0.52,0,1,4,2,1
9051,81455,4.33,0,12,15,22,1
9052,81470,3.65,0,10,13,15,1
9053,81477,0.83,0,4,7,7,1
9054,81479,-0.52,0,1,4,2,1
9055,81484,0.4,0,3,6,5,1
9056,81494,1.75,0,6,9,10,1
9057,81522,5.07,0,14,17,28,1
9058,81529,1.93,0,6,9,7,1
9059,81530,-1.01,0,0,3,1,1
9060,81547,4.63,0,12,15,17,1
9061,81549,-0.52,0,1,4,2,1
9062,81566,4.08,0,11,14,17,1
9063,81578,1.63,0,6,9,12,1
9064,81591,3.77,0,10,13,13,1
9065,81625,5.26,0,15,18,34,1
9066,81637,2.18,0,7,10,12,1
9067,81642,0.4,0,3,6,5,1
9068,81643,-1.01,0,0,3,1,1
9069,81644,-1.01,0,0,3,1,1
9070,81651,1.38,0,5,8,7,1
9071,81660,1.81,0,6,9,9,1
9072,81665,0.95,0,4,7,5,1
9073,81667,-0.52,0,1,4,2,1
9074,81682,4.2,0,11,14,15,1
9075,81693,2.79,0,8,11,11,1
9076,81702,2.91,0,8,11,9,1
9077,81714,2.73,0,8,11,12,1
9078,81718,0.46,0,3,6,4,1
9079,81729,3.34,0,9,12,11,1
9080,81730,-1.01,0,0,3,1,1
9081,81732,-0.52,0,1,4,2,1
9082,81736,0.46,0,3,6,4,1
9083,81740,0.46,0,3,6,4,1
9084,81743,-0.58,0,1,4,3,1
9085,81773,7.15,0,18,21,30,1
9086,81775,-0.52,0,1,4,2,1
9087,81803,4.52,0,13,16,28,1
9088,81804,-1.01,0,0,3,1,1
9089,81831,4.58,0,13,16,27,1
9090,81845,3.16,0,9,12,14,1
9091,81864,3.96,0,11,14,19,1
9092,81865,-1.01,0,0,3,1,1
9093,81877,2.73,0,8,11,12,1
9094,81899,4.88,0,13,16,22,1
9095,81904,0.95,0,4,7,5,1
9096,81907,-0.03,0,2,5,3,1
9097,81908,-1.01,0,0,3,1,1
9098,81914,1.44,0,5,8,6,1
9099,81923,2.91,0,8,11,9,1
9100,81931,1.87,0,6,9,8,1
9101,81945,3.16,0,9,12,14,1
9102,81955,2.85,0,8,11,10,1
9103,81989,6.91,0,18,21,34,1
9104,82008,5.06,0,13,16,19,1
9105,82020,2.18,0,7,10,12,1
9106,82028,2.42,0,7,10,8,1
9107,82037,2.91,0,8,11,9,1
9108,82054,4.08,0,11,14,17,1
9109,82055,-1.01,0,0,3,1,1
9110,82093,5.57,0,16,19,38,1
9111,82134,5.39,0,16,19,41,1
9112,82135,-1.01,0,0,3,1,1
9113,82149,2.61,0,8,11,14,1
9114,82152,-0.03,0,2,5,3,1
9115,82154,-0.52,0,1,4,2,1
9116,82180,2.99,0,10,13,26,1
9117,82184,0.46,0,3,6,4,1
9118,82189,0.95,0,4,7,5,1
9119,82194,0.95,0,4,7,5,1
9120,82195,-1.01,0,0,3,1,1
9121,82228,5.87,0,16,19,33,1
9122,82229,-1.01,0,0,3,1,1
9123,82235,0.89,0,4,7,6,1
9124,82248,3.77,0,10,13,13,1
9125,82254,0.89,0,4,7,6,1
9126,82256,-0.52,0,1,4,2,1
9127,82271,4.2,0,11,14,15,1
9128,82279,1.87,0,6,9,8,1
9129,82290,3.89,0,10,13,11,1
9130,82291,-1.01,0,0,3,1,1
9131,82316,6.35,0,16,19,25,1
9132,82318,-0.52,0,1,4,2,1
9133,82319,-1.01,0,0,3,1,1
9134,82343,5.86,0,15,18,24,1
9135,82346,-0.03,0,2,5,3,1
9136,82356,2.85,0,8,11,10,1
9137,82392,5.14,0,15,18,36,1
9138,82407,4.75,0,12,15,15,1
9139,82420,3.22,0,9,12,13,1
9140,82436,3.04,0,9,12,16,1
9141,82452,4.14,0,11,14,16,1
9142,82495,6.37,0,18,21,43,1
9143,82496,-1.01,0,0,3,1,1
9144,82497,-1.01,0,0,3,1,1
9145,82523,4.09,0,12,15,26,1
9146,82526,-0.03,0,2,5,3,1
9147,82533,1.93,0,6,9,7,1
9148,82549,4.69,0,12,15,16,1
9149,82566,5.73,0,14,17,17,1
9150,82568,-0.52,0,1,4,2,1
9151,82571,-0.03,0,2,5,3,1
9152,82574,-0.03,0,2,5,3,1
9153,82585,3.34,0,9,12,11,1
9154,82599,4.26,0,11,14,14,1
9155,82607,1.87,0,6,9,8,1
9156,82608,-1.01,0,0,3,1,1
9157,82613,0.4,0,3,6,5,1
9158,82617,-0.09,0,2,5,4,1
9159,82618,-1.01,0,0,3,1,1
9160,82621,-0.03,0,2,5,3,1
9161,82638,4.63,0,12,15,17,1
9162,82669,7.09,0,18,21,31,1
9163,82670,-1.01,0,0,3,1,1
9164,82672,-0.52,0,1,4,2,1
9165,82689,4.63,0,12,15,17,1
9166,82690,-1.01,0,0,3,1,1
9167,82724,5.81,0,16,19,34,1
9168,82726,-0.52,0,1,4,2,1
9169,82734,2.42,0,7,10,8,1
9170,82741,1.93,0,6,9,7,1
9171,82753,2.18,0,7,10,12,1
9172,82755,-0.52,0,1,4,2,1
9173,82770,3.65,0,10,13,15,1
9174,82784,2.61,0,8,11,14,1
9175,82804,6.1,0,15,18,20,1
9176,82812,2.42,0,7,10,8,1
9177,82814,-0.52,0,1,4,2,1
9178,82815,-1.01,0,0,3,1,1
9179,82834,5.61,0,14,17,19,1
9180,82836,-0.52,0,1,4,2,1
9181,82837,-1.01,0,0,3,1,1
9182,82845,2.42,0,7,10,8,1
9183,82865,6.1,0,15,18,20,1
9184,82898,6.97,0,18,21,33,1
9185,82903,0.4,0,3,6,5,1
9186,82906,-0.03,0,2,5,3,1
9187,82915,2.91,0,8,11,9,1
9188,82917,-0.52,0,1,4,2,1
9189,82930,3.77,0,10,13,13,1
9190,82931,-1.01,0,0,3,1,1
9191,82935,0.46,0,3,6,4,1
9192,82946,2.79,0,8,11,11,1
9193,82947,-1.01,0,0,3,1,1
9194,82972,5.25,0,14,17,25,1
9195,82973,-1.01,0,0,3,1,1
9196,82980,1.93,0,6,9,7,1
9197,82986,1.44,0,5,8,6,1
9198,82987,-1.01,0,0,3,1,1
9199,82988,-1.01,0,0,3,1,1
9200,82989,-1.01,0,0,3,1,1
9201,83019,4.95,0,14,17,30,1
9202,83023,0.46,0,3,6,4,1
9203,83045,3.78,0,11,14,22,1
9204,83047,-0.52,0,1,4,2,1
9205,83060,2.67,0,8,11,13,1
9206,83064,0.46,0,3,6,4,1
9207,83085,5.49,0,14,17,21,1
9208,83086,-1.01,0,0,3,1,1
9209,83103,4.08,0,11,14,17,1
9210,83106,-0.03,0,2,5,3,1
9211,83118,3.28,0,9,12,12,1
9212,83122,0.46,0,3,6,4,1
9213,83126,0.46,0,3,6,4,1
9214,83131,0.95,0,4,7,5,1
9215,83136,0.95,0,4,7,5,1
9216,83153,4.08,0,11,14,17,1
9217,83165,3.28,0,9,12,12,1
9218,83166,-1.01,0,0,3,1,1
9219,83169,-0.03,0,2,5,3,1
9220,83182,3.77,0,10,13,13,1
9221,83197,3.1,0,9,12,15,1
9222,83199,-0.52,0,1,4,2,1
9223,83200,-1.01,0,0,3,1,1
9224,83204,0.46,0,3,6,4,1
9225,83207,-0.03,0,2,5,3,1
9226,83219,2.73,0,8,11,12,1
9227,83245,6.29,0,16,19,26,1
9228,83249,0.46,0,3,6,4,1
9229,83252,-0.03,0,2,5,3,1
9230,83253,-1.01,0,0,3,1,1
9231,83255,-0.52,0,1,4,2,1
9232,83268,2.12,0,7,10,13,1
9233,83285,4.63,0,12,15,17,1
9234,83310,5.8,0,15,18,25,1
9235,83317,1.38,0,5,8,7,1
9236,83319,-0.52,0,1,4,2,1
9237,83324,0.4,0,3,6,5,1
9238,83345,5.49,0,14,17,21,1
9239,83349,0.46,0,3,6,4,1
9240,83352,-0.03,0,2,5,3,1
9241,83360,2.42,0,7,10,8,1
9242,83378,4.57,0,12,15,18,1
9243,83393,3.1,0,9,12,15,1
9244,83394,-1.01,0,0,3,1,1
9245,83395,-1.01,0,0,3,1,1
9246,83397,-0.52,0,1,4,2,1
9247,83403,1.44,0,5,8,6,1
9248,83410,1.38,0,5,8,7,1
9249,83416,0.89,0,4,7,6,1
9250,83425,2.36,0,7,10,9,1
9251,83426,-1.01,0,0,3,1,1
9252,83451,4.7,0,13,16,25,1
9253,83458,1.38,0,5,8,7,1
9254,83459,-1.01,0,0,3,1,1
9255,83477,4.57,0,12,15,18,1
9256,83483,1.44,0,5,8,6,1
9257,83485,-0.52,0,1,4,2,1
9258,83492,1.93,0,6,9,7,1
9259,83501,1.81,0,6,9,9,1
9260,83518,5.73,0,14,17,17,1
9261,83523,0.95,0,4,7,5,1
9262,83524,-1.01,0,0,3,1,1
9263,83529,0.95,0,4,7,5,1
9264,83533,0.46,0,3,6,4,1
9265,83534,-1.01,0,0,3,1,1
9266,83539,0.95,0,4,7,5,1
9267,83553,3.71,0,10,13,14,1
9268,83567,3.71,0,10,13,14,1
9269,83569,-0.52,0,1,4,2,1
9270,83574,0.95,0,4,7,5,1
9271,83595,4.94,0,13,16,21,1
9272,83603,0.77,0,4,7,8,1
9273,83617,3.16,0,9,12,14,1
9274,83626,2.36,0,7,10,9,1
9275,83640,4.26,0,11,14,14,1
9276,83657,5.18,0,13,16,17,1
9277,83660,-0.03,0,2,5,3,1
9278,83661,-1.01,0,0,3,1,1
9279,83667,1.44,0,5,8,6,1
9280,83699,5.38,0,15,18,32,1
9281,83716,4.08,0,11,14,17,1
9282,83719,-0.03,0,2,5,3,1
9283,83722,-0.03,0,2,5,3,1
9284,83748,5.74,0,15,18,26,1
9285,83750,-0.52,0,1,4,2,1
9286,83766,2.49,0,8,11,16,1
9287,83770,-0.09,0,2,5,4,1
9288,83772,-0.52,0,1,4,2,1
9289,83787,3.65,0,10,13,15,1
9290,83803,4.14,0,11,14,16,1
9291,83813,2.85,0,8,11,10,1
9292,83819,1.44,0,5,8,6,1
9293,83822,-0.03,0,2,5,3,1
9294,83826,0.46,0,3,6,4,1
9295,83828,-0.52,0,1,4,2,1
9296,83834,1.44,0,5,8,6,1
9297,83838,0.46,0,3,6,4,1
9298,83844,1.44,0,5,8,6,1
9299,83852,1.32,0,5,8,8,1
9300,83854,-0.52,0,1,4,2,1
9301,83871,4.08,0,11,14,17,1
9302,83880,2.91,0,8,11,9,1
9303,83898,3.47,0,10,13,18,1
9304,83902,0.46,0,3,6,4,1
9305,83920,2.92,0,9,12,18,1
9306,83922,-0.52,0,1,4,2,1
9307,83924,-0.52,0,1,4,2,1
9308,83937,2.67,0,8,11,13,1
9309,83938,-1.01,0,0,3,1,1
9310,83947,2.36,0,7,10,9,1
9311,83949,-0.52,0,1,4,2,1
9312,83988,7.16,0,19,22,39,1
9313,83991,-0.03,0,2,5,3,1
9314,83995,0.46,0,3,6,4,1
9315,84000,0.4,0,3,6,5,1
9316,84012,2.73,0,8,11,12,1
9317,84013,-1.01,0,0,3,1,1
9318,84016,-0.03,0,2,5,3,1
9319,84018,-0.52,0,1,4,2,1
9320,84021,-0.03,0,2,5,3,1
9321,84037,1.94,0,7,10,16,1
9322,84039,-0.52,0,1,4,2,1
9323,84044,0.4,0,3,6,5,1
9324,84062,5.12,0,13,16,18,1
9325,84069,1.93,0,6,9,7,1
9326,84072,-0.03,0,2,5,3,1
9327,84074,-0.52,0,1,4,2,1
9328,84079,0.95,0,4,7,5,1
9329,84090,2.79,0,8,11,11,1
9330,84102,2.73,0,8,11,12,1
9331,84120,6.22,0,15,18,18,1
9332,84123,-0.03,0,2,5,3,1
9333,84127,-0.09,0,2,5,4,1
9334,84133,1.44,0,5,8,6,1
9335,84134,-1.01,0,0,3,1,1
9336,84138,0.46,0,3,6,4,1
9337,84140,-0.52,0,1,4,2,1
9338,84150,2.85,0,8,11,10,1
9339,84152,-0.52,0,1,4,2,1
9340,84153,-1.01,0,0,3,1,1
9341,84154,-1.01,0,0,3,1,1
9342,84155,-1.01,0,0,3,1,1
9343,84158,-0.03,0,2,5,3,1
9344,84186,5.07,0,14,17,28,1
9345,84187,-1.01,0,0,3,1,1
9346,84194,1.93,0,6,9,7,1
9347,84195,-1.01,0,0,3,1,1
9348,84199,0.46,0,3,6,4,1
9349,84207,0.77,0,4,7,8,1
9350,84218,3.34,0,9,12,11,1
9351,84244,6.29,0,16,19,26,1
9352,84246,-0.52,0,1,4,2,1
9353,84257,2.79,0,8,11,11,1
9354,84259,-0.52,0,1,4,2,1
9355,84262,-0.03,0,2,5,3,1
9356,84282,5.0,0,13,16,20,1
9357,84294,2.73,0,8,11,12,1
9358,84296,-0.52,0,1,4,2,1
9359,84299,-0.03,0,2,5,3,1
9360,84306,1.93,0,6,9,7,1
9361,84322,5.24,0,13,16,16,1
9362,84325,-0.03,0,2,5,3,1
9363,84334,2.91,0,8,11,9,1
9364,84335,-1.01,0,0,3,1,1
9365,84336,-1.01,0,0,3,1,1
9366,84340,0.46,0,3,6,4,1
9367,84360,5.55,0,14,17,20,1
9368,84361,-1.01,0,0,3,1,1
9369,84385,5.86,0,15,18,24,1
9370,84386,-1.01,0,0,3,1,1
9371,84390,0.46,0,3,6,4,1
9372,84397,0.83,0,4,7,7,1
9373,84424,5.13,0,14,17,27,1
9374,84427,-0.03,0,2,5,3,1
9375,84436,1.26,0,5,8,9,1
9376,84463,4.58,0,13,16,27,1
9377,84470,1.93,0,6,9,7,1
9378,84475,0.4,0,3,6,5,1
9379,84478,-0.03,0,2,5,3,1
9380,84492,3.71,0,10,13,14,1
9381,84494,-0.52,0,1,4,2,1
9382,84507,3.22,0,9,12,13,1
9383,84514,1.93,0,6,9,7,1
9384,84518,0.46,0,3,6,4,1
9385,84527,2.36,0,7,10,9,1
9386,84534,1.93,0,6,9,7,1
9387,84536,-0.52,0,1,4,2,1
9388,84540,0.46,0,3,6,4,1
9389,84544,0.46,0,3,6,4,1
9390,84552,2.42,0,7,10,8,1
9391,84553,-1.01,0,0,3,1,1
9392,84554,-1.01,0,0,3,1,1
9393,84557,-0.58,0,1,4,3,1
9394,84558,-1.01,0,0,3,1,1
9395,84560,-0.52,0,1,4,2,1
9396,84563,-0.03,0,2,5,3,1
9397,84567,-0.09,0,2,5,4,1
9398,84595,4.52,0,13,16,28,1
9399,84603,1.87,0,6,9,8,1
9400,84619,5.79,0,14,17,16,1
9401,84622,-0.03,0,2,5,3,1
9402,84631,1.81,0,6,9,9,1
9403,84649,5.67,0,14,17,18,1
9404,84655,0.89,0,4,7,6,1
9405,84662,1.38,0,5,8,7,1
9406,84663,-1.01,0,0,3,1,1
9407,84672,2.36,0,7,10,9,1
9408,84681,1.26,0,5,8,9,1
9409,84688,1.38,0,5,8,7,1
9410,84694,0.89,0,4,7,6,1
9411,84709,3.65,0,10,13,15,1
9412,84714,0.95,0,4,7,5,1
9413,84715,-1.01,0,0,3,1,1
9414,84716,-1.01,0,0,3,1,1
9415,84748,5.93,0,16,19,32,1
9416,84752,0.46,0,3,6,4,1
9417,84763,2.24,0,7,10,11,1
9418,84766,-0.03,0,2,5,3,1
9419,84782,5.79,0,14,17,16,1
9420,84784,-0.52,0,1,4,2,1
9421,84790,1.44,0,5,8,6,1
9422,84797,1.93,0,6,9,7,1
9423,84803,0.89,0,4,7,6,1
9424,84824,5.49,0,14,17,21,1
9425,84828,0.46,0,3,6,4,1
9426,84831,-0.03,0,2,5,3,1
9427,84839,1.87,0,6,9,8,1
9428,84851,3.83,0,10,13,12,1
9429,84852,-1.01,0,0,3,1,1
9430,84861,1.81,0,6,9,9,1
9431,84862,-1.01,0,0,3,1,1
9432,84863,-1.01,0,0,3,1,1
9433,84864,-1.01,0,0,3,1,1
9434,84867,-0.03,0,2,5,3,1
9435,84878,3.34,0,9,12,11,1
9436,84882,0.46,0,3,6,4,1
9437,84883,-1.01,0,0,3,1,1
9438,84890,0.83,0,4,7,7,1
9439,84893,-0.03,0,2,5,3,1
9440,84894,-1.01,0,0,3,1,1
9441,84907,2.12,0,7,10,13,1
9442,84924,4.08,0,11,14,17,1
9443,84925,-1.01,0,0,3,1,1
9444,84934,1.81,0,6,9,9,1
9445,84935,-1.01,0,0,3,1,1
9446,84941,1.44,0,5,8,6,1
9447,84942,-1.01,0,0,3,1,1
9448,84955,2.67,0,8,11,13,1
9449,84967,2.73,0,8,11,12,1
9450,84973,0.89,0,4,7,6,1
9451,84980,1.93,0,6,9,7,1
9452,85003,6.47,0,16,19,23,1
9453,85007,0.46,0,3,6,4,1
9454,85012,0.95,0,4,7,5,1
9455,85017,0.4,0,3,6,5,1
9456,85023,0.89,0,4,7,6,1
9457,85043,2.8,0,9,12,20,1
9458,85044,-1.01,0,0,3,1,1
9459,85048,0.46,0,3,6,4,1
9460,85068,6.1,0,15,18,20,1
9461,85069,-1.01,0,0,3,1,1
9462,85071,-0.52,0,1,4,2,1
9463,85073,-0.52,0,1,4,2,1
9464,85085,1.63,0,6,9,12,1
9465,85094,2.36,0,7,10,9,1
9466,85098,0.46,0,3,6,4,1
9467,85104,0.89,0,4,7,6,1
9468,85107,-0.58,0,1,4,3,1
9469,85108,-1.01,0,0,3,1,1
9470,85111,-0.03,0,2,5,3,1
9471,85119,1.87,0,6,9,8,1
9472,85147,5.62,0,15,18,28,1
9473,85152,0.95,0,4,7,5,1
9474,85154,-0.52,0,1,4,2,1
9475,85165,1.69,0,6,9,11,1
9476,85183,4.02,0,11,14,18,1
9477,85212,5.56,0,15,18,29,1
9478,85213,-1.01,0,0,3,1,1
9479,85221,1.32,0,5,8,8,1
9480,85226,0.95,0,4,7,5,1
9481,85231,0.4,0,3,6,5,1
9482,85233,-0.52,0,1,4,2,1
9483,85234,-1.01,0,0,3,1,1
9484,85245,2.79,0,8,11,11,1
9485,85250,0.95,0,4,7,5,1
9486,85256,1.44,0,5,8,6,1
9487,85265,2.91,0,8,11,9,1
9488,85269,0.46,0,3,6,4,1
9489,85288,3.41,0,10,13,19,1
9490,85289,-1.01,0,0,3,1,1
9491,85296,1.93,0,6,9,7,1
9492,85312,3.59,0,10,13,16,1
9493,85340,7.82,0,19,22,28,1
9494,85353,2.67,0,8,11,13,1
9495,85354,-1.01,0,0,3,1,1
9496,85359,0.95,0,4,7,5,1
9497,85379,3.9,0,11,14,20,1
9498,85391,2.73,0,8,11,12,1
9499,85418,5.68,0,15,18,27,1
9500,85435,4.08,0,11,14,17,1
9501,85440,0.95,0,4,7,5,1
9502,85468,5.62,0,15,18,28,1
9503,85471,-0.03,0,2,5,3,1
9504,85477,1.44,0,5,8,6,1
9505,85519,5.88,0,17,20,42,1
9506,85533,2.61,0,8,11,14,1
9507,85534,-1.01,0,0,3,1,1
9508,85541,1.93,0,6,9,7,1
9509,85544,-0.03,0,2,5,3,1
9510,85564,1.7,0,7,10,20,1
9511,85574,2.3,0,7,10,10,1
9512,85578,0.46,0,3,6,4,1
9513,85582,0.46,0,3,6,4,1
9514,85610,2.87,0,10,13,28,1
9515,85621,2.79,0,8,11,11,1
9516,85624,-0.03,0,2,5,3,1
9517,85629,0.4,0,3,6,5,1
9518,85639,1.75,0,6,9,10,1
9519,85641,-0.52,0,1,4,2,1
9520,85652,2.79,0,8,11,11,1
9521,85661,1.81,0,6,9,9,1
9522,85666,0.95,0,4,7,5,1
9523,85682,4.14,0,11,14,16,1
9524,85690,1.32,0,5,8,8,1
9525,85703,3.22,0,9,12,13,1
9526,85713,1.75,0,6,9,10,1
9527,85735,4.33,0,12,15,22,1
9528,85744,2.36,0,7,10,9,1
9529,85770,5.19,0,14,17,26,1
9530,85774,0.46,0,3,6,4,1
9531,85776,-0.52,0,1,4,2,1
9532,85782,1.44,0,5,8,6,1
9533,85793,1.69,0,6,9,11,1
9534,85794,-1.01,0,0,3,1,1
9535,85821,5.13,0,14,17,27,1
9536,85829,1.87,0,6,9,8,1
9537,85863,5.81,0,16,19,34,1
9538,85865,-0.52,0,1,4,2,1
9539,85871,0.89,0,4,7,6,1
9540,85887,3.59,0,10,13,16,1
9541,85889,-0.52,0,1,4,2,1
9542,85894,0.95,0,4,7,5,1
9543,85895,-1.01,0,0,3,1,1
9544,85906,2.79,0,8,11,11,1
9545,85908,-0.52,0,1,4,2,1
9546,85918,2.85,0,8,11,10,1
9547,85919,-1.01,0,0,3,1,1
9548,85930,2.79,0,8,11,11,1
9549,85938,2.42,0,7,10,8,1
9550,85940,-0.52,0,1,4,2,1
9551,85943,-0.03,0,2,5,3,1
9552,85953,2.3,0,7,10,10,1
9553,85968,3.1,0,9,12,15,1
9554,85970,-0.52,0,1,4,2,1
9555,85982,3.28,0,9,12,12,1
9556,85984,-0.52,0,1,4,2,1
9557,85985,-1.01,0,0,3,1,1
9558,85991,1.44,0,5,8,6,1
9559,85993,-0.52,0,1,4,2,1
9560,86012,3.96,0,11,14,19,1
9561,86025,3.22,0,9,12,13,1
9562,86036,1.14,0,5,8,11,1
9563,86037,-1.01,0,0,3,1,1
9564,86039,-0.52,0,1,4,2,1
9565,86062,5.92,0,15,18,23,1
9566,86064,-0.52,0,1,4,2,1
9567,86065,-1.01,0,0,3,1,1
9568,86074,1.26,0,5,8,9,1
9569,86089,4.75,0,12,15,15,1
9570,86105,4.14,0,11,14,16,1
9571,86108,-0.03,0,2,5,3,1
9572,86116,1.32,0,5,8,8,1
9573,86122,1.44,0,5,8,6,1
9574,86123,-1.01,0,0,3,1,1
9575,86125,-0.52,0,1,4,2,1
9576,86132,1.93,0,6,9,7,1
9577,86136,0.46,0,3,6,4,1
9578,86137,-1.01,0,0,3,1,1
9579,86146,1.81,0,6,9,9,1
9580,86149,-0.03,0,2,5,3,1
9581,86151,-0.52,0,1,4,2,1
9582,86167,3.59,0,10,13,16,1
9583,86171,0.46,0,3,6,4,1
9584,86176,0.95,0,4,7,5,1
9585,86180,0.46,0,3,6,4,1
9586,86182,-0.52,0,1,4,2,1
9587,86187,0.95,0,4,7,5,1
9588,86207,5.0,0,13,16,20,1
9589,86225,4.57,0,12,15,18,1
9590,86246,4.39,0,12,15,21,1
9591,86247,-1.01,0,0,3,1,1
9592,86253,0.89,0,4,7,6,1
9593,86257,0.46,0,3,6,4,1
9594,86274,4.63,0,12,15,17,1
9595,86287,4.32,0,11,14,13,1
9596,86291,0.46,0,3,6,4,1
9597,86318,5.68,0,15,18,27,1
9598,86322,0.46,0,3,6,4,1
9599,86339,3.53,0,10,13,17,1
9600,86348,1.81,0,6,9,9,1
9601,86377,5.56,0,15,18,29,1
9602,86385,1.87,0,6,9,8,1
9603,86387,-0.52,0,1,4,2,1
9604,86397,2.3,0,7,10,10,1
9605,86419,4.88,0,13,16,22,1
9606,86458,7.16,0,19,22,39,1
9607,86477,4.51,0,12,15,19,1
9608,86482,0.4,0,3,6,5,1
9609,86489,1.38,0,5,8,7,1
9610,86502,3.77,0,10,13,13,1
9611,86522,3.35,0,10,13,20,1
9612,86530,1.87,0,6,9,8,1
9613,86531,-1.01,0,0,3,1,1
9614,86533,-0.52,0,1,4,2,1
9615,86534,-1.01,0,0,3,1,1
9616,86535,-1.01,0,0,3,1,1
9617,86540,0.95,0,4,7,5,1
9618,86544,0.46,0,3,6,4,1
9619,86546,-0.52,0,1,4,2,1
9620,86568,3.78,0,11,14,22,1
9621,86581,4.32,0,11,14,13,1
9622,86601,5.55,0,14,17,20,1
9623,86604,-0.03,0,2,5,3,1
9624,86605,-1.01,0,0,3,1,1
9625,86606,-1.01,0,0,3,1,1
9626,86609,-0.03,0,2,5,3,1
9627,86611,-0.52,0,1,4,2,1
9628,86652,7.04,0,19,22,41,1
9629,86657,-0.15,0,2,5,5,1
9630,86667,2.3,0,7,10,10,1
9631,86688,4.39,0,12,15,21,1
9632,86690,-0.52,0,1,4,2,1
9633,86717,6.23,0,16,19,27,1
9634,86722,0.95,0,4,7,5,1
9635,86728,0.89,0,4,7,6,1
9636,86730,-0.52,0,1,4,2,1
9637,86733,-0.03,0,2,5,3,1
9638,86735,-0.52,0,1,4,2,1
9639,86740,0.95,0,4,7,5,1
9640,86745,0.95,0,4,7,5,1
9641,86748,-0.03,0,2,5,3,1
9642,86754,1.44,0,5,8,6,1
9643,86756,-0.52,0,1,4,2,1
9644,86791,5.75,0,16,19,35,1
9645,86798,1.38,0,5,8,7,1
9646,86805,1.93,0,6,9,7,1
9647,86809,0.46,0,3,6,4,1
9648,86818,2.36,0,7,10,9,1
9649,86827,1.81,0,6,9,9,1
9650,86832,0.95,0,4,7,5,1
9651,86847,3.65,0,10,13,15,1
9652,86858,2.79,0,8,11,11,1
9653,86859,-1.01,0,0,3,1,1
9654,86862,-0.03,0,2,5,3,1
9655,86865,-0.03,0,2,5,3,1
9656,86890,5.8,0,15,18,25,1
9657,86896,1.44,0,5,8,6,1
9658,86913,2.98,0,9,12,17,1
9659,86920,1.93,0,6,9,7,1
9660,86935,4.75,0,12,15,15,1
9661,86941,1.44,0,5,8,6,1
9662,86948,0.83,0,4,7,7,1
9663,86956,1.32,0,5,8,8,1
9664,86963,1.93,0,6,9,7,1
9665,86965,-0.52,0,1,4,2,1
9666,86970,0.4,0,3,6,5,1
9667,86975,0.95,0,4,7,5,1
9668,86993,3.47,0,10,13,18,1
9669,87005,3.83,0,10,13,12,1
9670,87025,3.9,0,11,14,20,1
9671,87027,-0.52,0,1,4,2,1
9672,87034,0.83,0,4,7,7,1
9673,87049,3.1,0,9,12,15,1
9674,87050,-1.01,0,0,3,1,1
9675,87066,3.04,0,9,12,16,1
9676,87091,5.25,0,14,17,25,1
9677,87096,0.95,0,4,7,5,1
9678,87117,4.94,0,13,16,21,1
9679,87127,2.85,0,8,11,10,1
9680,87165,5.57,0,16,19,38,1
9681,87171,0.89,0,4,7,6,1
9682,87185,3.71,0,10,13,14,1
9683,87205,5.55,0,14,17,20,1
9684,87214,2.36,0,7,10,9,1
9685,87219,0.95,0,4,7,5,1
9686,87221,-0.52,0,1,4,2,1
9687,87222,-1.01,0,0,3,1,1
9688,87228,0.34,0,3,6,6,1
9689,87243,3.65,0,10,13,15,1
9690,87244,-1.01,0,0,3,1,1
9691,87248,0.46,0,3,6,4,1
9692,87250,-0.52,0,1,4,2,1
9693,87257,1.93,0,6,9,7,1
9694,87258,-1.01,0,0,3,1,1
9695,87269,2.79,0,8,11,11,1
9696,87272,-0.03,0,2,5,3,1
9697,87286,4.26,0,11,14,14,1
9698,87299,4.32,0,11,14,13,1
9699,87305,1.44,0,5,8,6,1
9700,87309,0.46,0,3,6,4,1
9701,87310,-1.01,0,0,3,1,1
9702,87313,-0.03,0,2,5,3,1
9703,87331,4.57,0,12,15,18,1
9704,87348,3.53,0,10,13,17,1
9705,87352,0.46,0,3,6,4,1
9706,87353,-1.01,0,0,3,1,1
9707,87367,2.61,0,8,11,14,1
9708,87370,-0.03,0,2,5,3,1
9709,87375,0.95,0,4,7,5,1
9710,87390,3.65,0,10,13,15,1
9711,87408,5.12,0,13,16,18,1
9712,87410,-0.52,0,1,4,2,1
9713,87412,-0.52,0,1,4,2,1
9714,87415,-0.03,0,2,5,3,1
9715,87432,3.53,0,10,13,17,1
9716,87436,0.46,0,3,6,4,1
9717,87437,-1.01,0,0,3,1,1
9718,87442,0.4,0,3,6,5,1
9719,87450,1.87,0,6,9,8,1
9720,87453,-0.03,0,2,5,3,1
9721,87460,1.38,0,5,8,7,1
9722,87463,-0.03,0,2,5,3,1
9723,87464,-1.01,0,0,3,1,1
9724,87465,-1.01,0,0,3,1,1
9725,87485,5.0,0,13,16,20,1
9726,87492,1.38,0,5,8,7,1
9727,87504,2.18,0,7,10,12,1
9728,87509,-0.15,0,2,5,5,1
9729,87510,-1.01,0,0,3,1,1
9730,87514,-0.09,0,2,5,4,1
9731,87527,3.77,0,10,13,13,1
9732,87535,1.87,0,6,9,8,1
9733,87543,1.87,0,6,9,8,1
9734,87547,0.46,0,3,6,4,1
9735,87551,0.46,0,3,6,4,1
9736,87591,6.55,0,18,21,40,1
9737,87618,6.23,0,16,19,27,1
9738,87619,-1.01,0,0,3,1,1
9739,87620,-1.01,0,0,3,1,1
9740,87652,6.48,0,17,20,32,1
9741,87655,-0.03,0,2,5,3,1
9742,87656,-1.01,0,0,3,1,1
9743,87660,0.46,0,3,6,4,1
9744,87661,-1.01,0,0,3,1,1
9745,87670,2.91,0,8,11,9,1
9746,87681,3.34,0,9,12,11,1
9747,87690,2.36,0,7,10,9,1
9748,87699,0.16,0,3,6,9,1
9749,87709,2.3,0,7,10,10,1
9750,87725,3.59,0,10,13,16,1
9751,87743,4.57,0,12,15,18,1
9752,87754,2.24,0,7,10,11,1
9753,87755,-1.01,0,0,3,1,1
9754,87773,4.57,0,12,15,18,1
9755,87774,-1.01,0,0,3,1,1
9756,87790,4.14,0,11,14,16,1
9757,87812,4.33,0,12,15,22,1
9758,87814,-0.52,0,1,4,2,1
9759,87817,-0.03,0,2,5,3,1
9760,87823,1.44,0,5,8,6,1
9761,87840,3.53,0,10,13,17,1
9762,87842,-0.52,0,1,4,2,1
9763,87854,3.28,0,9,12,12,1
9764,87858,0.46,0,3,6,4,1
9765,87864,0.89,0,4,7,6,1
9766,87868,-0.09,0,2,5,4,1
9767,87869,-1.01,0,0,3,1,1
9768,87870,-1.01,0,0,3,1,1
9769,87871,-1.01,0,0,3,1,1
9770,87874,-0.03,0,2,5,3,1
9771,87876,-0.52,0,1,4,2,1
9772,87879,-0.03,0,2,5,3,1
9773,87899,5.55,0,14,17,20,1
9774,87900,-1.01,0,0,3,1,1
9775,87906,1.44,0,5,8,6,1
9776,87941,4.65,0,14,17,35,1
9777,87942,-1.01,0,0,3,1,1
9778,87949,1.38,0,5,8,7,1
9779,87951,-0.52,0,1,4,2,1
9780,87953,-0.52,0,1,4,2,1
9781,87966,2.12,0,7,10,13,1
9782,87976,2.3,0,7,10,10,1
9783,87979,-0.03,0,2,5,3,1
9784,87980,-1.01,0,0,3,1,1
9785,87986,1.44,0,5,8,6,1
9786,87990,0.46,0,3,6,4,1
9787,87991,-1.01,0,0,3,1,1
9788,88003,2.18,0,7,10,12,1
9789,88004,-1.01,0,0,3,1,1
9790,88007,-0.03,0,2,5,3,1
9791,88012,0.95,0,4,7,5,1
9792,88018,1.44,0,5,8,6,1
9793,88020,-0.52,0,1,4,2,1
9794,88027,1.38,0,5,8,7,1
9795,88030,-0.03,0,2,5,3,1
9796,88032,-0.52,0,1,4,2,1
9797,88033,-1.01,0,0,3,1,1
9798,88039,1.44,0,5,8,6,1
9799,88044,0.95,0,4,7,5,1
9800,88051,1.38,0,5,8,7,1
9801,88052,-1.01,0,0,3,1,1
9802,88075,5.37,0,14,17,23,1
9803,88079,0.46,0,3,6,4,1
9804,88092,1.57,0,6,9,13,1
9805,88099,1.93,0,6,9,7,1
9806,88113,3.16,0,9,12,14,1
9807,88115,-0.52,0,1,4,2,1
9808,88117,-0.52,0,1,4,2,1
9809,88129,2.73,0,8,11,12,1
9810,88163,7.46,0,19,22,34,1
9811,88182,3.41,0,10,13,19,1
9812,88189,1.38,0,5,8,7,1
9813,88194,0.95,0,4,7,5,1
9814,88200,1.44,0,5,8,6,1
9815,88201,-1.01,0,0,3,1,1
9816,88210,2.36,0,7,10,9,1
9817,88223,3.77,0,10,13,13,1
9818,88225,-0.52,0,1,4,2,1
9819,88232,1.38,0,5,8,7,1
9820,88244,2.73,0,8,11,12,1
9821,88269,5.8,0,15,18,25,1
9822,88278,2.36,0,7,10,9,1
9823,88294,4.14,0,11,14,16,1
9824,88296,-0.52,0,1,4,2,1
9825,88297,-1.01,0,0,3,1,1
9826,88323,6.84,0,17,20,26,1
9827,88325,-0.52,0,1,4,2,1
9828,88330,0.95,0,4,7,5,1
9829,88344,3.71,0,10,13,14,1
9830,88358,4.26,0,11,14,14,1
9831,88360,-0.52,0,1,4,2,1
9832,88383,3.72,0,11,14,23,1
9833,88386,-0.03,0,2,5,3,1
9834,88423,7.28,0,19,22,37,1
9835,88431,1.87,0,6,9,8,1
9836,88437,1.44,0,5,8,6,1
9837,88444,1.38,0,5,8,7,1
9838,88454,1.75,0,6,9,10,1
9839,88456,-0.52,0,1,4,2,1
9840,88506,5.95,0,18,21,50,1
9841,88508,-0.52,0,1,4,2,1
9842,88509,-1.01,0,0,3,1,1
9843,88513,0.46,0,3,6,4,1
9844,88522,1.26,0,5,8,9,1
9845,88527,0.95,0,4,7,5,1
9846,88542,4.2,0,11,14,15,1
9847,88545,-0.58,0,1,4,3,1
9848,88547,-0.52,0,1,4,2,1
9849,88549,-0.52,0,1,4,2,1
9850,88556,1.93,0,6,9,7,1
9851,88559,-0.03,0,2,5,3,1
9852,88562,-0.03,0,2,5,3,1
9853,88571,2.36,0,7,10,9,1
9854,88580,1.81,0,6,9,9,1
9855,88581,-1.01,0,0,3,1,1
9856,88595,4.26,0,11,14,14,1
9857,88603,1.87,0,6,9,8,1
9858,88608,0.4,0,3,6,5,1
9859,88610,-0.52,0,1,4,2,1
9860,88611,-1.01,0,0,3,1,1
9861,88631,4.45,0,12,15,20,1
9862,88640,2.91,0,8,11,9,1
9863,88641,-1.01,0,0,3,1,1
9864,88642,-1.01,0,0,3,1,1
9865,88653,2.79,0,8,11,11,1
9866,88664,2.79,0,8,11,11,1
9867,88666,-0.52,0,1,4,2,1
9868,88669,-0.03,0,2,5,3,1
9869,88684,4.75,0,12,15,15,1
9870,88686,-0.52,0,1,4,2,1
9871,88692,0.89,0,4,7,6,1
9872,88694,-0.52,0,1,4,2,1
9873,88702,2.42,0,7,10,8,1
9874,88726,6.41,0,16,19,24,1
9875,88751,5.25,0,14,17,25,1
9876,88764,4.87,0,12,15,13,1
9877,88772,1.87,0,6,9,8,1
9878,88778,1.44,0,5,8,6,1
9879,88807,5.56,0,15,18,29,1
9880,88812,0.95,0,4,7,5,1
9881,88822,2.85,0,8,11,10,1
9882,88825,-0.03,0,2,5,3,1
9883,88826,-1.01,0,0,3,1,1
9884,88827,-1.01,0,0,3,1,1
9885,88828,-1.01,0,0,3,1,1
9886,88834,1.44,0,5,8,6,1
9887,88841,1.38,0,5,8,7,1
9888,88842,-1.01,0,0,3,1,1
9889,88846,0.46,0,3,6,4,1
9890,88848,-0.52,0,1,4,2,1
9891,88859,1.69,0,6,9,11,1
9892,88865,0.89,0,4,7,6,1
9893,88868,-0.03,0,2,5,3,1
9894,88871,-0.03,0,2,5,3,1
9895,88894,5.37,0,14,17,23,1
9896,88896,-0.52,0,1,4,2,1
9897,88910,3.71,0,10,13,14,1
9898,88912,-0.52,0,1,4,2,1
9899,88915,-0.03,0,2,5,3,1
9900,88918,-0.03,0,2,5,3,1
9901,88919,-1.01,0,0,3,1,1
9902,88932,4.32,0,11,14,13,1
9903,88937,0.95,0,4,7,5,1
9904,88959,5.43,0,14,17,22,1
9905,88960,-1.01,0,0,3,1,1
9906,88975,3.1,0,9,12,15,1
9907,89011,5.14,0,15,18,36,1
9908,89021,2.3,0,7,10,10,1
9909,89086,10.2,1,22,25,65,0
9910,89087,-1.01,0,0,3,1,1
9911,89097,2.3,0,7,10,10,1
9912,89098,-1.01,0,0,3,1,1
9913,89114,4.69,0,12,15,16,1
9914,89122,1.32,0,5,8,8,1
9915,89153,5.44,0,15,18,31,1
9916,89166,3.77,0,10,13,13,1
9917,89169,-0.03,0,2,5,3,1
9918,89193,4.76,0,13,16,24,1
9919,89224,5.99,0,16,19,31,1
9920,89227,-0.03,0,2,5,3,1
9921,89253,6.29,0,16,19,26,1
9922,89258,0.4,0,3,6,5,1
9923,89270,3.28,0,9,12,12,1
9924,89283,3.22,0,9,12,13,1
9925,89289,0.89,0,4,7,6,1
9926,89295,1.44,0,5,8,6,1
9927,89301,1.44,0,5,8,6,1
9928,89306,0.95,0,4,7,5,1
9929,89309,-0.03,0,2,5,3,1
9930,89313,0.46,0,3,6,4,1
9931,89315,-0.52,0,1,4,2,1
9932,89317,-0.52,0,1,4,2,1
9933,89334,3.53,0,10,13,17,1
9934,89337,-0.58,0,1,4,3,1
9935,89378,5.94,0,17,20,41,1
9936,89392,4.26,0,11,14,14,1
9937,89396,0.46,0,3,6,4,1
9938,89399,-0.03,0,2,5,3,1
9939,89415,3.04,0,9,12,16,1
9940,89423,1.87,0,6,9,8,1
9941,89426,-0.03,0,2,5,3,1
9942,89431,0.95,0,4,7,5,1
9943,89445,3.16,0,9,12,14,1
9944,89482,7.83,0,20,23,37,1
9945,89490,1.87,0,6,9,8,1
9946,89491,-1.01,0,0,3,1,1
9947,89507,4.69,0,12,15,16,1
9948,89515,1.87,0,6,9,8,1
9949,89521,1.44,0,5,8,6,1
9950,89525,0.46,0,3,6,4,1
9951,89554,6.11,0,16,19,29,1
9952,89599,4.05,0,14,17,45,1
9953,89627,6.17,0,16,19,28,1
9954,89636,2.91,0,8,11,9,1
9955,89637,-1.01,0,0,3,1,1
9956,89638,-1.01,0,0,3,1,1
9957,89645,1.38,0,5,8,7,1
9958,89651,0.89,0,4,7,6,1
9959,89658,1.38,0,5,8,7,1
9960,89659,-1.01,0,0,3,1,1
9961,89661,-0.52,0,1,4,2,1
9962,89664,-0.03,0,2,5,3,1
9963,89666,-0.52,0,1,4,2,1
9964,89672,0.89,0,4,7,6,1
9965,89678,1.44,0,5,8,6,1
9966,89683,0.95,0,4,7,5,1
9967,89688,0.95,0,4,7,5,1
9968,89694,1.44,0,5,8,6,1
9969,89706,2.18,0,7,10,12,1
9970,89709,-0.03,0,2,5,3,1
9971,89714,0.4,0,3,6,5,1
9972,89715,-1.01,0,0,3,1,1
9973,89733,5.67,0,14,17,18,1
9974,89738,0.95,0,4,7,5,1
9975,89755,4.08,0,11,14,17,1
9976,89782,5.68,0,15,18,27,1
9977,89786,0.46,0,3,6,4,1
9978,89798,2.18,0,7,10,12,1
9979,89803,0.95,0,4,7,5,1
9980,89808,0.4,0,3,6,5,1
9981,89810,-0.52,0,1,4,2,1
9982,89811,-1.01,0,0,3,1,1
9983,89823,3.28,0,9,12,12,1
9984,89834,2.79,0,8,11,11,1
9985,89837,-0.03,0,2,5,3,1
9986,89848,2.24,0,7,10,11,1
9987,89849,-1.01,0,0,3,1,1
9988,89851,-0.52,0,1,4,2,1
9989,89866,3.1,0,9,12,15,1
9990,89875,2.36,0,7,10,9,1
9991,89879,0.46,0,3,6,4,1
9992,89895,3.59,0,10,13,16,1
9993,89906,3.34,0,9,12,11,1
9994,89910,0.46,0,3,6,4,1
9995,89916,1.44,0,5,8,6,1
9996,89930,3.16,0,9,12,14,1
9997,89933,-0.03,0,2,5,3,1
9998,89936,-0.03,0,2,5,3,1
9999,89945,2.36,0,7,10,9,1
10000,89947,-0.52,0,1,4,2,1
10001,89949,-0.52,0,1,4,2,1
10002,89952,-0.03,0,2,5,3,1
10003,89962,2.3,0,7,10,10,1
10004,89968,-0.21,0,2,5,6,1
10005,89969,-1.01,0,0,3,1,1
10006,89986,4.63,0,12,15,17,1
10007,90014,5.62,0,15,18,28,1
10008,90016,-0.52,0,1,4,2,1
10009,90026,3.4,0,9,12,10,1
10010,90029,-0.03,0,2,5,3,1
10011,90035,1.44,0,5,8,6,1
10012,90037,-0.52,0,1,4,2,1
10013,90041,0.46,0,3,6,4,1
10014,90054,3.77,0,10,13,13,1
10015,90059,0.95,0,4,7,5,1
10016,90060,-1.01,0,0,3,1,1
10017,90064,0.46,0,3,6,4,1
10018,90066,-0.52,0,1,4,2,1
10019,90073,1.93,0,6,9,7,1
10020,90088,4.75,0,12,15,15,1
10021,90100,4.38,0,11,14,12,1
10022,90106,1.44,0,5,8,6,1
10023,90109,-0.03,0,2,5,3,1
10024,90121,2.73,0,8,11,12,1
10025,90139,4.57,0,12,15,18,1
10026,90140,-1.01,0,0,3,1,1
10027,90150,2.85,0,8,11,10,1
10028,90162,3.83,0,10,13,12,1
10029,90163,-1.01,0,0,3,1,1
10030,90180,3.53,0,10,13,17,1
10031,90185,0.95,0,4,7,5,1
10032,90201,4.14,0,11,14,16,1
10033,90207,1.44,0,5,8,6,1
10034,90209,-0.52,0,1,4,2,1
10035,90213,0.46,0,3,6,4,1
10036,90225,3.28,0,9,12,12,1
10037,90227,-0.52,0,1,4,2,1
10038,90229,-0.52,0,1,4,2,1
10039,90245,4.69,0,12,15,16,1
10040,90248,-0.03,0,2,5,3,1
10041,90251,-0.03,0,2,5,3,1
10042,90265,3.16,0,9,12,14,1
10043,90273,2.42,0,7,10,8,1
10044,90274,-1.01,0,0,3,1,1
10045,90279,0.95,0,4,7,5,1
10046,90286,1.93,0,6,9,7,1
10047,90294,2.42,0,7,10,8,1
10048,90304,3.4,0,9,12,10,1
10049,90318,4.26,0,11,14,14,1
10050,90324,0.89,0,4,7,6,1
10051,90330,0.89,0,4,7,6,1
10052,90331,-1.01,0,0,3,1,1
10053,90333,-0.52,0,1,4,2,1
10054,90354,4.39,0,12,15,21,1
10055,90365,3.34,0,9,12,11,1
10056,90378,3.77,0,10,13,13,1
10057,90418,6.55,0,18,21,40,1
10058,90422,0.46,0,3,6,4,1
10059,90431,2.36,0,7,10,9,1
10060,90435,0.46,0,3,6,4,1
10061,90437,-0.52,0,1,4,2,1
10062,90441,0.46,0,3,6,4,1
10063,90442,-1.01,0,0,3,1,1
10064,90446,0.46,0,3,6,4,1
10065,90466,4.45,0,12,15,20,1
10066,90483,4.63,0,12,15,17,1
10067,90491,1.87,0,6,9,8,1
10068,90499,1.32,0,5,8,8,1
10069,90501,-0.52,0,1,4,2,1
10070,90504,-0.03,0,2,5,3,1
10071,90506,-0.52,0,1,4,2,1
10072,90507,-1.01,0,0,3,1,1
10073,90523,4.69,0,12,15,16,1
10074,90530,0.83,0,4,7,7,1
10075,90550,3.35,0,10,13,20,1
10076,90595,6.25,0,18,21,45,1
10077,90599,-0.09,0,2,5,4,1
10078,90639,6.0,0,17,20,40,1
10079,90648,2.36,0,7,10,9,1
10080,90657,1.81,0,6,9,9,1
10081,90666,2.36,0,7,10,9,1
10082,90670,0.46,0,3,6,4,1
10083,90676,1.44,0,5,8,6,1
10084,90684,2.42,0,7,10,8,1
10085,90689,0.95,0,4,7,5,1
10086,90704,4.75,0,12,15,15,1
10087,90705,-1.01,0,0,3,1,1
10088,90706,-1.01,0,0,3,1,1
10089,90727,4.94,0,13,16,21,1
10090,90749,4.88,0,13,16,22,1
10091,90754,0.95,0,4,7,5,1
10092,90761,1.93,0,6,9,7,1
10093,90767,1.44,0,5,8,6,1
10094,90769,-0.52,0,1,4,2,1
10095,90784,4.2,0,11,14,15,1
10096,90795,2.24,0,7,10,11,1
10097,90796,-1.01,0,0,3,1,1
10098,90798,-0.52,0,1,4,2,1
10099,90799,-1.01,0,0,3,1,1
10100,90800,-1.01,0,0,3,1,1
10101,90863,6.27,0,20,23,63,1
10102,90866,-0.03,0,2,5,3,1
10103,90884,4.02,0,11,14,18,1
10104,90886,-0.52,0,1,4,2,1
10105,90895,2.91,0,8,11,9,1
10106,90897,-0.52,0,1,4,2,1
10107,90903,1.44,0,5,8,6,1
10108,90912,2.36,0,7,10,9,1
10109,90924,3.83,0,10,13,12,1
10110,90926,-0.52,0,1,4,2,1
10111,90929,-0.03,0,2,5,3,1
10112,90931,-0.52,0,1,4,2,1
10113,90945,3.71,0,10,13,14,1
10114,90947,-0.52,0,1,4,2,1
10115,90949,-0.52,0,1,4,2,1
10116,90955,1.44,0,5,8,6,1
10117,90968,3.22,0,9,12,13,1
10118,90976,2.42,0,7,10,8,1
10119,90977,-1.01,0,0,3,1,1
10120,90983,0.89,0,4,7,6,1
10121,90987,0.46,0,3,6,4,1
10122,90999,2.73,0,8,11,12,1
10123,91006,1.93,0,6,9,7,1
10124,91013,1.93,0,6,9,7,1
10125,91014,-1.01,0,0,3,1,1
10126,91019,0.95,0,4,7,5,1
10127,91029,2.3,0,7,10,10,1
10128,91046,4.08,0,11,14,17,1
10129,91047,-1.01,0,0,3,1,1
10130,91056,2.91,0,8,11,9,1
10131,91059,-0.03,0,2,5,3,1
10132,91062,-0.03,0,2,5,3,1
10133,91083,4.39,0,12,15,21,1
10134,91085,-0.52,0,1,4,2,1
10135,91088,-0.58,0,1,4,3,1
10136,91106,4.02,0,11,14,18,1
10137,91107,-1.01,0,0,3,1,1
10138,91110,-0.03,0,2,5,3,1
10139,91124,3.16,0,9,12,14,1
10140,91136,2.73,0,8,11,12,1
10141,91152,3.59,0,10,13,16,1
10142,91157,0.95,0,4,7,5,1
10143,91170,4.32,0,11,14,13,1
10144,91171,-1.01,0,0,3,1,1
10145,91194,6.47,0,16,19,23,1
10146,91204,2.3,0,7,10,10,1
10147,91209,0.95,0,4,7,5,1
10148,91218,1.81,0,6,9,9,1
10149,91228,2.85,0,8,11,10,1
10150,91230,-0.52,0,1,4,2,1
10151,91234,0.46,0,3,6,4,1
10152,91240,1.44,0,5,8,6,1
10153,91246,1.44,0,5,8,6,1
10154,91248,-0.52,0,1,4,2,1
10155,91250,-0.52,0,1,4,2,1
10156,91254,0.46,0,3,6,4,1
10157,91255,-1.01,0,0,3,1,1
10158,91295,6.55,0,18,21,40,1
10159,91296,-1.01,0,0,3,1,1
10160,91306,1.75,0,6,9,10,1
10161,91319,2.67,0,8,11,13,1
10162,91324,0.4,0,3,6,5,1
10163,91327,-0.03,0,2,5,3,1
10164,91342,4.2,0,11,14,15,1
10165,91367,5.25,0,14,17,25,1
10166,91386,6.16,0,15,18,19,1
10167,91388,-0.52,0,1,4,2,1
10168,91391,-0.03,0,2,5,3,1
10169,91402,2.79,0,8,11,11,1
10170,91417,4.75,0,12,15,15,1
10171,91428,3.34,0,9,12,11,1
10172,91440,3.83,0,10,13,12,1
10173,91443,-0.03,0,2,5,3,1
10174,91444,-1.01,0,0,3,1,1
10175,91447,-0.03,0,2,5,3,1
10176,91448,-1.01,0,0,3,1,1
10177,91455,1.93,0,6,9,7,1
10178,91458,-0.03,0,2,5,3,1
10179,91462,0.46,0,3,6,4,1
10180,91468,0.34,0,3,6,6,1
10181,91475,1.93,0,6,9,7,1
10182,91476,-1.01,0,0,3,1,1
10183,91478,-0.52,0,1,4,2,1
10184,91482,0.46,0,3,6,4,1
10185,91485,-0.03,0,2,5,3,1
10186,91488,-0.03,0,2,5,3,1
10187,91531,7.47,0,20,23,43,1
10188,91534,-0.03,0,2,5,3,1
10189,91539,0.95,0,4,7,5,1
10190,91542,-0.03,0,2,5,3,1
10191,91544,-0.52,0,1,4,2,1
10192,91547,-0.03,0,2,5,3,1
10193,91558,2.24,0,7,10,11,1
10194,91578,5.55,0,14,17,20,1
10195,91583,0.95,0,4,7,5,1
10196,91588,0.95,0,4,7,5,1
10197,91589,-1.01,0,0,3,1,1
10198,91590,-1.01,0,0,3,1,1
10199,91599,2.91,0,8,11,9,1
10200,91601,-0.52,0,1,4,2,1
10201,91619,4.57,0,12,15,18,1
10202,91669,5.95,0,18,21,50,1
10203,91680,2.79,0,8,11,11,1
10204,91683,-0.03,0,2,5,3,1
10205,91714,5.99,0,16,19,31,1
10206,91727,3.22,0,9,12,13,1
10207,91732,0.95,0,4,7,5,1
10208,91736,0.46,0,3,6,4,1
10209,91750,4.26,0,11,14,14,1
10210,91751,-1.01,0,0,3,1,1
10211,91763,2.18,0,7,10,12,1
10212,91775,3.28,0,9,12,12,1
10213,91779,0.46,0,3,6,4,1
10214,91786,1.38,0,5,8,7,1
10215,91788,-0.52,0,1,4,2,1
10216,91789,-1.01,0,0,3,1,1
10217,91791,-0.52,0,1,4,2,1
10218,91817,5.19,0,14,17,26,1
10219,91826,1.81,0,6,9,9,1
10220,91831,0.95,0,4,7,5,1
10221,91832,-1.01,0,0,3,1,1
10222,91844,3.28,0,9,12,12,1
10223,91854,2.3,0,7,10,10,1
10224,91873,5.06,0,13,16,19,1
10225,91878,0.95,0,4,7,5,1
10226,91888,3.4,0,9,12,10,1
10227,91890,-0.52,0,1,4,2,1
10228,91899,2.91,0,8,11,9,1
10229,91916,4.63,0,12,15,17,1
10230,91930,3.16,0,9,12,14,1
10231,91956,6.84,0,17,20,26,1
10232,91962,1.44,0,5,8,6,1
10233,91996,6.91,0,18,21,34,1
10234,92004,2.42,0,7,10,8,1
10235,92006,-0.52,0,1,4,2,1
10236,92007,-1.01,0,0,3,1,1
10237,92008,-1.01,0,0,3,1,1
10238,92024,2.49,0,8,11,16,1
10239,92025,-1.01,0,0,3,1,1
10240,92032,1.93,0,6,9,7,1
10241,92037,0.95,0,4,7,5,1
10242,92038,-1.01,0,0,3,1,1
10243,92048,2.85,0,8,11,10,1
10244,92049,-1.01,0,0,3,1,1
10245,92062,2.67,0,8,11,13,1
10246,92063,-1.01,0,0,3,1,1
10247,92077,3.71,0,10,13,14,1
10248,92081,0.46,0,3,6,4,1
10249,92089,2.42,0,7,10,8,1
10250,92096,0.83,0,4,7,7,1
10251,92101,0.95,0,4,7,5,1
10252,92116,4.75,0,12,15,15,1
10253,92119,-0.03,0,2,5,3,1
10254,92162,6.92,0,19,22,43,1
10255,92164,-0.52,0,1,4,2,1
10256,92166,-0.52,0,1,4,2,1
10257,92175,2.91,0,8,11,9,1
10258,92178,-0.03,0,2,5,3,1
10259,92189,2.79,0,8,11,11,1
10260,92199,2.85,0,8,11,10,1
10261,92224,6.9,0,17,20,25,1
10262,92236,4.38,0,11,14,12,1
10263,92237,-1.01,0,0,3,1,1
10264,92240,-0.03,0,2,5,3,1
10265,92259,5.06,0,13,16,19,1
10266,92265,0.89,0,4,7,6,1
10267,92272,1.38,0,5,8,7,1
10268,92283,3.34,0,9,12,11,1
10269,92292,2.36,0,7,10,9,1
10270,92333,7.59,0,20,23,41,1
10271,92335,-0.52,0,1,4,2,1
10272,92337,-0.52,0,1,4,2,1
10273,92347,2.85,0,8,11,10,1
10274,92354,1.93,0,6,9,7,1
10275,92359,0.95,0,4,7,5,1
10276,92360,-1.01,0,0,3,1,1
10277,92383,5.37,0,14,17,23,1
10278,92388,0.95,0,4,7,5,1
10279,92390,-0.52,0,1,4,2,1
10280,92403,3.22,0,9,12,13,1
10281,92416,3.77,0,10,13,13,1
10282,92421,0.95,0,4,7,5,1
10283,92431,2.3,0,7,10,10,1
10284,92443,3.28,0,9,12,12,1
10285,92449,1.44,0,5,8,6,1
10286,92453,0.46,0,3,6,4,1
10287,92455,-0.52,0,1,4,2,1
10288,92458,-0.03,0,2,5,3,1
10289,92462,0.46,0,3,6,4,1
10290,92463,-1.01,0,0,3,1,1
10291,92464,-1.01,0,0,3,1,1
10292,92465,-1.01,0,0,3,1,1
10293,92471,1.44,0,5,8,6,1
10294,92474,-0.03,0,2,5,3,1
10295,92476,-0.52,0,1,4,2,1
10296,92491,3.1,0,9,12,15,1
10297,92504,2.67,0,8,11,13,1
10298,92516,3.83,0,10,13,12,1
10299,92520,0.46,0,3,6,4,1
10300,92526,1.44,0,5,8,6,1
10301,92535,2.36,0,7,10,9,1
10302,92544,2.91,0,8,11,9,1
10303,92548,-0.09,0,2,5,4,1
10304,92550,-0.52,0,1,4,2,1
10305,92582,4.83,0,14,17,32,1
10306,92595,3.77,0,10,13,13,1
10307,92599,0.46,0,3,6,4,1
10308,92602,-0.03,0,2,5,3,1
10309,92613,3.34,0,9,12,11,1
10310,92614,-1.01,0,0,3,1,1
10311,92616,-0.52,0,1,4,2,1
10312,92623,1.93,0,6,9,7,1
10313,92624,-1.01,0,0,3,1,1
10314,92633,1.26,0,5,8,9,1
10315,92650,5.18,0,13,16,17,1
10316,92652,-0.52,0,1,4,2,1
10317,92655,-0.03,0,2,5,3,1
10318,92662,1.93,0,6,9,7,1
10319,92665,-0.03,0,2,5,3,1
10320,92666,-1.01,0,0,3,1,1
10321,92686,5.0,0,13,16,20,1
10322,92714,6.72,0,17,20,28,1
10323,92731,2.98,0,9,12,17,1
10324,92742,2.24,0,7,10,11,1
10325,92758,3.59,0,10,13,16,1
10326,92765,1.93,0,6,9,7,1
10327,92778,3.77,0,10,13,13,1
10328,92783,0.95,0,4,7,5,1
10329,92798,4.2,0,11,14,15,1
10330,92802,0.46,0,3,6,4,1
10331,92803,-1.01,0,0,3,1,1
10332,92804,-1.01,0,0,3,1,1
10333,92818,1.51,0,6,9,14,1
10334,92835,2.98,0,9,12,17,1
10335,92838,-0.03,0,2,5,3,1
10336,92843,0.95,0,4,7,5,1
10337,92868,4.15,0,12,15,25,1
10338,92885,4.08,0,11,14,17,1
10339,92891,1.44,0,5,8,6,1
10340,92904,3.77,0,10,13,13,1
10341,92920,3.59,0,10,13,16,1
10342,92925,0.95,0,4,7,5,1
10343,92928,-0.03,0,2,5,3,1
10344,92929,-1.01,0,0,3,1,1
10345,92931,-0.52,0,1,4,2,1
10346,92941,2.3,0,7,10,10,1
10347,92943,-0.52,0,1,4,2,1
10348,92946,-0.03,0,2,5,3,1
10349,92966,6.1,0,15,18,20,1
10350,92974,1.87,0,6,9,8,1
10351,92977,-0.03,0,2,5,3,1
10352,92980,-0.03,0,2,5,3,1
10353,92992,3.28,0,9,12,12,1
10354,92995,-0.03,0,2,5,3,1
10355,93002,1.93,0,6,9,7,1
10356,93007,0.95,0,4,7,5,1
10357,93014,1.38,0,5,8,7,1
10358,93042,4.52,0,13,16,28,1
10359,93048,1.44,0,5,8,6,1
10360,93054,1.44,0,5,8,6,1
10361,93071,4.08,0,11,14,17,1
10362,93078,1.38,0,5,8,7,1
10363,93079,-1.01,0,0,3,1,1
10364,93100,4.94,0,13,16,21,1
10365,93101,-1.01,0,0,3,1,1
10366,93103,-0.52,0,1,4,2,1
10367,93109,1.44,0,5,8,6,1
10368,93119,1.2,0,5,8,10,1
10369,93134,3.1,0,9,12,15,1
10370,93144,2.3,0,7,10,10,1
10371,93158,3.16,0,9,12,14,1
10372,93162,0.46,0,3,6,4,1
10373,93164,-0.52,0,1,4,2,1
10374,93178,4.81,0,12,15,14,1
10375,93190,4.38,0,11,14,12,1
10376,93195,0.95,0,4,7,5,1
10377,93196,-1.01,0,0,3,1,1
10378,93200,0.46,0,3,6,4,1
10379,93214,3.16,0,9,12,14,1
10380,93219,0.95,0,4,7,5,1
10381,93220,-1.01,0,0,3,1,1
10382,93221,-1.01,0,0,3,1,1
10383,93229,2.42,0,7,10,8,1
10384,93234,0.4,0,3,6,5,1
10385,93235,-1.01,0,0,3,1,1
10386,93237,-0.52,0,1,4,2,1
10387,93247,2.3,0,7,10,10,1
10388,93253,1.44,0,5,8,6,1
10389,93259,1.44,0,5,8,6,1
10390,93281,5.43,0,14,17,22,1
10391,93285,0.46,0,3,6,4,1
10392,93297,3.28,0,9,12,12,1
10393,93300,-0.03,0,2,5,3,1
10394,93308,1.32,0,5,8,8,1
10395,93309,-1.01,0,0,3,1,1
10396,93312,-0.03,0,2,5,3,1
10397,93319,1.38,0,5,8,7,1
10398,93320,-1.01,0,0,3,1,1
10399,93327,1.38,0,5,8,7,1
10400,93337,2.3,0,7,10,10,1
10401,93338,-1.01,0,0,3,1,1
10402,93339,-1.01,0,0,3,1,1
10403,93353,4.26,0,11,14,14,1
10404,93356,-0.03,0,2,5,3,1
10405,93361,0.95,0,4,7,5,1
10406,93372,3.89,0,10,13,11,1
10407,93387,4.2,0,11,14,15,1
10408,93388,-1.01,0,0,3,1,1
10409,93398,2.85,0,8,11,10,1
10410,93426,5.07,0,14,17,28,1
10411,93435,1.81,0,6,9,9,1
10412,93440,0.95,0,4,7,5,1
10413,93443,-0.03,0,2,5,3,1
10414,93445,-0.52,0,1,4,2,1
10415,93460,3.65,0,10,13,15,1
10416,93464,-0.09,0,2,5,4,1
10417,93474,2.3,0,7,10,10,1
10418,93479,0.95,0,4,7,5,1
10419,93480,-1.01,0,0,3,1,1
10420,93483,-0.03,0,2,5,3,1
10421,93485,-0.52,0,1,4,2,1
10422,93487,-0.52,0,1,4,2,1
10423,93496,2.36,0,7,10,9,1
10424,93497,-1.01,0,0,3,1,1
10425,93504,0.83,0,4,7,7,1
10426,93507,-0.03,0,2,5,3,1
10427,93520,4.32,0,11,14,13,1
10428,93544,4.76,0,13,16,24,1
10429,93551,1.38,0,5,8,7,1
10430,93556,0.95,0,4,7,5,1
10431,93567,3.34,0,9,12,11,1
10432,93570,-0.03,0,2,5,3,1
10433,93571,-1.01,0,0,3,1,1
10434,93582,2.79,0,8,11,11,1
10435,93608,7.94,0,19,22,26,1
10436,93619,2.24,0,7,10,11,1
10437,93623,0.46,0,3,6,4,1
10438,93635,2.73,0,8,11,12,1
10439,93644,2.91,0,8,11,9,1
10440,93645,-1.01,0,0,3,1,1
10441,93646,-1.01,0,0,3,1,1
10442,93649,-0.03,0,2,5,3,1
10443,93650,-1.01,0,0,3,1,1
10444,93652,-0.52,0,1,4,2,1
10445,93661,2.36,0,7,10,9,1
10446,93664,-0.03,0,2,5,3,1
10447,93665,-1.01,0,0,3,1,1
10448,93667,-0.52,0,1,4,2,1
10449,93675,0.77,0,4,7,8,1
10450,93681,1.44,0,5,8,6,1
10451,93686,0.95,0,4,7,5,1
10452,93689,-0.03,0,2,5,3,1
10453,93698,1.81,0,6,9,9,1
10454,93708,2.85,0,8,11,10,1
10455,93709,-1.01,0,0,3,1,1
10456,93722,3.22,0,9,12,13,1
10457,93723,-1.01,0,0,3,1,1
10458,93730,1.38,0,5,8,7,1
10459,93737,1.38,0,5,8,7,1
10460,93744,1.38,0,5,8,7,1
10461,93745,-1.01,0,0,3,1,1
10462,93753,2.42,0,7,10,8,1
10463,93769,4.69,0,12,15,16,1
10464,93786,2.43,0,8,11,17,1
10465,93793,1.38,0,5,8,7,1
10466,93796,-0.03,0,2,5,3,1
10467,93797,-1.01,0,0,3,1,1
10468,93808,3.34,0,9,12,11,1
10469,93812,0.46,0,3,6,4,1
10470,93815,-0.03,0,2,5,3,1
10471,93817,-0.52,0,1,4,2,1
10472,93821,0.46,0,3,6,4,1
10473,93824,-0.03,0,2,5,3,1
10474,93830,0.89,0,4,7,6,1
10475,93838,1.87,0,6,9,8,1
10476,93849,1.69,0,6,9,11,1
10477,93862,3.22,0,9,12,13,1
10478,93864,-0.52,0,1,4,2,1
10479,93921,6.63,0,20,23,57,1
10480,93934,2.67,0,8,11,13,1
10481,93940,1.44,0,5,8,6,1
10482,93960,3.9,0,11,14,20,1
10483,93968,2.42,0,7,10,8,1
10484,93969,-1.01,0,0,3,1,1
10485,93979,2.85,0,8,11,10,1
10486,93981,-0.52,0,1,4,2,1
10487,93982,-1.01,0,0,3,1,1
10488,94022,4.9,0,15,18,40,1
10489,94041,2.86,0,9,12,19,1
10490,94053,2.73,0,8,11,12,1
10491,94057,0.46,0,3,6,4,1
10492,94061,0.46,0,3,6,4,1
10493,94077,5.24,0,13,16,16,1
10494,94078,-1.01,0,0,3,1,1
10495,94085,0.83,0,4,7,7,1
10496,94087,-0.52,0,1,4,2,1
10497,94088,-1.01,0,0,3,1,1
10498,94094,1.44,0,5,8,6,1
10499,94098,0.46,0,3,6,4,1
10500,94099,-1.01,0,0,3,1,1
10501,94106,1.93,0,6,9,7,1
10502,94109,-0.03,0,2,5,3,1
10503,94113,0.46,0,3,6,4,1
10504,94121,2.42,0,7,10,8,1
10505,94141,5.0,0,13,16,20,1
10506,94143,-0.52,0,1,4,2,1
10507,94144,-1.01,0,0,3,1,1
10508,94146,-0.52,0,1,4,2,1
10509,94151,0.4,0,3,6,5,1
10510,94158,1.93,0,6,9,7,1
10511,94160,-0.52,0,1,4,2,1
10512,94163,-0.03,0,2,5,3,1
10513,94174,3.34,0,9,12,11,1
10514,94182,1.87,0,6,9,8,1
10515,94205,5.37,0,14,17,23,1
10516,94206,-1.01,0,0,3,1,1
10517,94207,-1.01,0,0,3,1,1
10518,94241,6.36,0,17,20,34,1
10519,94250,1.81,0,6,9,9,1
10520,94257,1.38,0,5,8,7,1
10521,94259,-0.52,0,1,4,2,1
10522,94263,0.46,0,3,6,4,1
10523,94277,3.16,0,9,12,14,1
10524,94278,-1.01,0,0,3,1,1
10525,94295,4.63,0,12,15,17,1
10526,94320,4.7,0,13,16,25,1
10527,94321,-1.01,0,0,3,1,1
10528,94327,0.89,0,4,7,6,1
10529,94334,1.93,0,6,9,7,1
10530,94335,-1.01,0,0,3,1,1
10531,94346,1.69,0,6,9,11,1
10532,94358,3.28,0,9,12,12,1
10533,94359,-1.01,0,0,3,1,1
10534,94361,-0.52,0,1,4,2,1
10535,94371,2.3,0,7,10,10,1
10536,94374,-0.03,0,2,5,3,1
10537,94377,-0.03,0,2,5,3,1
10538,94386,1.81,0,6,9,9,1
10539,94390,0.46,0,3,6,4,1
10540,94406,4.69,0,12,15,16,1
10541,94421,3.65,0,10,13,15,1
10542,94422,-1.01,0,0,3,1,1
10543,94423,-1.01,0,0,3,1,1
10544,94426,-0.03,0,2,5,3,1
10545,94432,1.44,0,5,8,6,1
10546,94433,-1.01,0,0,3,1,1
10547,94434,-1.01,0,0,3,1,1
10548,94445,1.69,0,6,9,11,1
10549,94448,-0.03,0,2,5,3,1
10550,94454,0.89,0,4,7,6,1
10551,94463,2.91,0,8,11,9,1
10552,94467,0.46,0,3,6,4,1
10553,94490,4.27,0,12,15,23,1
10554,94496,1.44,0,5,8,6,1
10555,94498,-0.52,0,1,4,2,1
10556,94508,3.4,0,9,12,10,1
10557,94514,1.44,0,5,8,6,1
10558,94517,-0.03,0,2,5,3,1
10559,94540,5.92,0,15,18,23,1
10560,94542,-0.52,0,1,4,2,1
10561,94562,5.0,0,13,16,20,1
10562,94563,-1.01,0,0,3,1,1
10563,94584,5.49,0,14,17,21,1
10564,94595,3.34,0,9,12,11,1
10565,94603,2.42,0,7,10,8,1
10566,94609,1.44,0,5,8,6,1
10567,94636,5.13,0,14,17,27,1
10568,94645,2.36,0,7,10,9,1
10569,94649,0.46,0,3,6,4,1
10570,94673,4.76,0,13,16,24,1
10571,94677,0.46,0,3,6,4,1
10572,94688,2.79,0,8,11,11,1
10573,94696,1.87,0,6,9,8,1
10574,94700,-0.09,0,2,5,4,1
10575,94704,0.46,0,3,6,4,1
10576,94713,2.91,0,8,11,9,1
10577,94754,8.14,0,21,24,41,1
10578,94760,0.89,0,4,7,6,1
10579,94768,1.87,0,6,9,8,1
10580,94774,1.44,0,5,8,6,1
10581,94788,5.36,0,13,16,14,1
10582,94792,0.46,0,3,6,4,1
10583,94793,-1.01,0,0,3,1,1
10584,94795,-0.52,0,1,4,2,1
10585,94798,-0.03,0,2,5,3,1
10586,94802,0.46,0,3,6,4,1
10587,94805,-0.03,0,2,5,3,1
10588,94809,0.46,0,3,6,4,1
10589,94812,-0.03,0,2,5,3,1
10590,94813,-1.01,0,0,3,1,1
10591,94821,2.42,0,7,10,8,1
10592,94826,0.95,0,4,7,5,1
10593,94828,-0.52,0,1,4,2,1
10594,94832,0.46,0,3,6,4,1
10595,94839,1.93,0,6,9,7,1
10596,94843,0.46,0,3,6,4,1
10597,94848,0.95,0,4,7,5,1
10598,94854,0.89,0,4,7,6,1
10599,94858,0.46,0,3,6,4,1
10600,94870,2.73,0,8,11,12,1
10601,94892,4.33,0,12,15,22,1
10602,94895,-0.03,0,2,5,3,1
10603,94901,1.44,0,5,8,6,1
10604,94903,-0.52,0,1,4,2,1
10605,94914,2.79,0,8,11,11,1
10606,94915,-1.01,0,0,3,1,1
10607,94917,-0.52,0,1,4,2,1
10608,94920,-0.03,0,2,5,3,1
10609,94941,5.49,0,14,17,21,1
10610,94943,-0.52,0,1,4,2,1
10611,94945,-0.52,0,1,4,2,1
10612,94948,-0.03,0,2,5,3,1
10613,94949,-1.01,0,0,3,1,1
10614,95006,7.18,0,21,24,57,1
10615,95009,-0.03,0,2,5,3,1
10616,95031,3.23,0,10,13,22,1
10617,95044,2.67,0,8,11,13,1
10618,95045,-1.01,0,0,3,1,1
10619,95049,0.46,0,3,6,4,1
10620,95051,-0.52,0,1,4,2,1
10621,95065,3.16,0,9,12,14,1
10622,95072,1.38,0,5,8,7,1
10623,95085,2.12,0,7,10,13,1
10624,95137,10.98,1,22,25,52,0
10625,95144,1.93,0,6,9,7,1
10626,95159,4.75,0,12,15,15,1
10627,95172,3.77,0,10,13,13,1
10628,95191,2.31,0,8,11,19,1
10629,95201,3.4,0,9,12,10,1
10630,95202,-1.01,0,0,3,1,1
10631,95232,3.3,0,11,14,30,1
10632,95236,0.46,0,3,6,4,1
10633,95240,0.46,0,3,6,4,1
10634,95244,0.46,0,3,6,4,1
10635,95252,1.32,0,5,8,8,1
10636,95253,-1.01,0,0,3,1,1
10637,95254,-1.01,0,0,3,1,1
10638,95255,-1.01,0,0,3,1,1
10639,95262,1.93,0,6,9,7,1
10640,95264,-0.52,0,1,4,2,1
10641,95275,3.34,0,9,12,11,1
10642,95279,-0.09,0,2,5,4,1
10643,95280,-1.01,0,0,3,1,1
10644,95283,-0.03,0,2,5,3,1
10645,95284,-1.01,0,0,3,1,1
10646,95289,0.4,0,3,6,5,1
10647,95292,-0.03,0,2,5,3,1
10648,95298,0.89,0,4,7,6,1
10649,95300,-0.52,0,1,4,2,1
10650,95303,-0.03,0,2,5,3,1
10651,95306,-0.03,0,2,5,3,1
10652,95307,-1.01,0,0,3,1,1
10653,95320,4.32,0,11,14,13,1
10654,95334,3.16,0,9,12,14,1
10655,95339,0.95,0,4,7,5,1
10656,95343,0.46,0,3,6,4,1
10657,95358,3.65,0,10,13,15,1
10658,95363,0.95,0,4,7,5,1
10659,95365,-0.52,0,1,4,2,1
10660,95373,1.87,0,6,9,8,1
10661,95377,0.46,0,3,6,4,1
10662,95384,1.93,0,6,9,7,1
10663,95406,4.33,0,12,15,22,1
10664,95410,0.46,0,3,6,4,1
10665,95413,-0.03,0,2,5,3,1
10666,95415,-0.52,0,1,4,2,1
10667,95416,-1.01,0,0,3,1,1
10668,95424,1.87,0,6,9,8,1
10669,95426,-0.52,0,1,4,2,1
10670,95428,-0.52,0,1,4,2,1
10671,95447,5.61,0,14,17,19,1
10672,95463,4.14,0,11,14,16,1
10673,95464,-1.01,0,0,3,1,1
10674,95482,3.47,0,10,13,18,1
10675,95490,1.32,0,5,8,8,1
10676,95492,-0.52,0,1,4,2,1
10677,95493,-1.01,0,0,3,1,1
10678,95525,4.28,0,13,16,32,1
10679,95544,5.06,0,13,16,19,1
10680,95547,-0.03,0,2,5,3,1
10681,95552,0.95,0,4,7,5,1
10682,95566,2.06,0,7,10,14,1
10683,95572,0.89,0,4,7,6,1
10684,95605,5.32,0,15,18,33,1
10685,95619,4.81,0,12,15,14,1
10686,95628,1.81,0,6,9,9,1
10687,95666,6.67,0,18,21,38,1
10688,95674,1.87,0,6,9,8,1
10689,95691,5.18,0,13,16,17,1
10690,95726,5.75,0,16,19,35,1
10691,95731,0.95,0,4,7,5,1
10692,95732,-1.01,0,0,3,1,1
10693,95737,0.95,0,4,7,5,1
10694,95740,-0.03,0,2,5,3,1
10695,95741,-1.01,0,0,3,1,1
10696,95771,7.15,0,18,21,30,1
10697,95787,4.69,0,12,15,16,1
10698,95792,0.4,0,3,6,5,1
10699,95795,-0.03,0,2,5,3,1
10700,95803,2.42,0,7,10,8,1
10701,95804,-1.01,0,0,3,1,1
10702,95823,5.61,0,14,17,19,1
10703,95826,-0.03,0,2,5,3,1
10704,95831,0.95,0,4,7,5,1
10705,95843,3.28,0,9,12,12,1
10706,95844,-1.01,0,0,3,1,1
10707,95845,-1.01,0,0,3,1,1
10708,95846,-1.01,0,0,3,1,1
10709,95871,5.8,0,15,18,25,1
10710,95876,0.95,0,4,7,5,1
10711,95893,4.08,0,11,14,17,1
10712,95911,4.02,0,11,14,18,1
10713,95913,-0.52,0,1,4,2,1
10714,95924,2.79,0,8,11,11,1
10715,95938,3.16,0,9,12,14,1
10716,95942,0.46,0,3,6,4,1
10717,95974,5.38,0,15,18,32,1
10718,95975,-1.01,0,0,3,1,1
10719,95990,3.1,0,9,12,15,1
10720,95995,0.95,0,4,7,5,1
10721,96040,6.8,0,19,22,45,1
10722,96071,5.99,0,16,19,31,1
10723,96085,3.16,0,9,12,14,1
10724,96086,-1.01,0,0,3,1,1
10725,96088,-0.52,0,1,4,2,1
10726,96099,2.79,0,8,11,11,1
10727,96112,3.22,0,9,12,13,1
10728,96119,1.38,0,5,8,7,1
10729,96121,-0.52,0,1,4,2,1
10730,96130,1.81,0,6,9,9,1
10731,96149,4.51,0,12,15,19,1
10732,96154,0.95,0,4,7,5,1
10733,96158,0.46,0,3,6,4,1
10734,96164,0.89,0,4,7,6,1
10735,96165,-1.01,0,0,3,1,1
10736,96174,2.36,0,7,10,9,1
10737,96206,5.38,0,15,18,32,1
10738,96214,2.42,0,7,10,8,1
10739,96218,0.46,0,3,6,4,1
10740,96221,-0.58,0,1,4,3,1
10741,96230,1.81,0,6,9,9,1
10742,96238,1.87,0,6,9,8,1
10743,96253,4.2,0,11,14,15,1
10744,96261,1.32,0,5,8,8,1
10745,96262,-1.01,0,0,3,1,1
10746,96265,-0.03,0,2,5,3,1
10747,96279,4.26,0,11,14,14,1
10748,96286,1.38,0,5,8,7,1
10749,96293,1.38,0,5,8,7,1
10750,96350,6.63,0,20,23,57,1
10751,96366,2.49,0,8,11,16,1
10752,96376,2.3,0,7,10,10,1
10753,96380,0.46,0,3,6,4,1
10754,96390,3.4,0,9,12,10,1
10755,96391,-1.01,0,0,3,1,1
10756,96407,3.59,0,10,13,16,1
10757,96410,-0.03,0,2,5,3,1
10758,96411,-1.01,0,0,3,1,1
10759,96436,4.7,0,13,16,25,1
10760,96441,0.95,0,4,7,5,1
10761,96454,3.77,0,10,13,13,1
10762,96456,-0.52,0,1,4,2,1
10763,96459,-0.03,0,2,5,3,1
10764,96471,2.73,0,8,11,12,1
10765,96522,6.99,0,20,23,51,1
10766,96526,-0.09,0,2,5,4,1
10767,96533,1.38,0,5,8,7,1
10768,96542,2.36,0,7,10,9,1
10769,96556,4.81,0,12,15,14,1
10770,96574,5.12,0,13,16,18,1
10771,96580,0.34,0,3,6,6,1
10772,96589,1.81,0,6,9,9,1
10773,96590,-1.01,0,0,3,1,1
10774,96599,2.91,0,8,11,9,1
10775,96601,-0.52,0,1,4,2,1
10776,96615,3.16,0,9,12,14,1
10777,96618,-0.03,0,2,5,3,1
10778,96619,-1.01,0,0,3,1,1
10779,96637,6.22,0,15,18,18,1
10780,96647,2.3,0,7,10,10,1
10781,96660,3.77,0,10,13,13,1
10782,96663,-0.03,0,2,5,3,1
10783,96667,-0.09,0,2,5,4,1
10784,96692,5.8,0,15,18,25,1
10785,96696,0.46,0,3,6,4,1
10786,96700,0.46,0,3,6,4,1
10787,96712,3.28,0,9,12,12,1
10788,96733,3.84,0,11,14,21,1
10789,96744,2.79,0,8,11,11,1
10790,96755,3.34,0,9,12,11,1
10791,96759,0.46,0,3,6,4,1
10792,96772,2.67,0,8,11,13,1
10793,96777,0.95,0,4,7,5,1
10794,96782,0.95,0,4,7,5,1
10795,96791,2.36,0,7,10,9,1
10796,96792,-1.01,0,0,3,1,1
10797,96796,0.46,0,3,6,4,1
10798,96799,-0.03,0,2,5,3,1
10799,96815,4.14,0,11,14,16,1
10800,96823,1.32,0,5,8,8,1
10801,96825,-0.52,0,1,4,2,1
10802,96858,5.87,0,16,19,33,1
10803,96865,1.38,0,5,8,7,1
10804,96882,2.98,0,9,12,17,1
10805,96886,0.46,0,3,6,4,1
10806,96890,0.46,0,3,6,4,1
10807,96893,-0.03,0,2,5,3,1
10808,96895,-0.52,0,1,4,2,1
10809,96896,-1.01,0,0,3,1,1
10810,96899,-0.03,0,2,5,3,1
10811,96900,-1.01,0,0,3,1,1
10812,96903,-0.03,0,2,5,3,1
10813,96908,0.95,0,4,7,5,1
10814,96909,-1.01,0,0,3,1,1
10815,96912,-0.03,0,2,5,3,1
10816,96928,3.59,0,10,13,16,1
10817,96943,3.65,0,10,13,15,1
10818,96945,-0.52,0,1,4,2,1
10819,96954,1.81,0,6,9,9,1
10820,96965,2.24,0,7,10,11,1
10821,96967,-0.52,0,1,4,2,1
10822,96968,-1.01,0,0,3,1,1
10823,96984,4.14,0,11,14,16,1
10824,96994,1.75,0,6,9,10,1
10825,96995,-1.01,0,0,3,1,1
10826,96998,-0.03,0,2,5,3,1
10827,97001,-0.03,0,2,5,3,1
10828,97020,3.41,0,10,13,19,1
10829,97034,3.71,0,10,13,14,1
10830,97035,-1.01,0,0,3,1,1
10831,97039,0.46,0,3,6,4,1
10832,97044,0.95,0,4,7,5,1
10833,97048,-0.09,0,2,5,4,1
10834,97049,-1.01,0,0,3,1,1
10835,97062,2.67,0,8,11,13,1
10836,97082,5.0,0,13,16,20,1
10837,97088,0.89,0,4,7,6,1
10838,97094,0.89,0,4,7,6,1
10839,97095,-1.01,0,0,3,1,1
10840,97097,-0.52,0,1,4,2,1
10841,97103,1.44,0,5,8,6,1
10842,97108,0.95,0,4,7,5,1
10843,97111,-0.03,0,2,5,3,1
10844,97113,-0.52,0,1,4,2,1
10845,97124,3.34,0,9,12,11,1
10846,97136,1.63,0,6,9,12,1
10847,97145,1.26,0,5,8,9,1
10848,97154,2.36,0,7,10,9,1
10849,97157,-0.03,0,2,5,3,1
10850,97158,-1.01,0,0,3,1,1
10851,97168,1.75,0,6,9,10,1
10852,97169,-1.01,0,0,3,1,1
10853,97194,5.8,0,15,18,25,1
10854,97196,-0.52,0,1,4,2,1
10855,97224,5.62,0,15,18,28,1
10856,97230,0.89,0,4,7,6,1
10857,97232,-0.52,0,1,4,2,1
10858,97237,-0.15,0,2,5,5,1
10859,97251,3.16,0,9,12,14,1
10860,97261,2.85,0,8,11,10,1
10861,97262,-1.01,0,0,3,1,1
10862,97263,-1.01,0,0,3,1,1
10863,97273,2.3,0,7,10,10,1
10864,97274,-1.01,0,0,3,1,1
10865,97278,0.46,0,3,6,4,1
10866,97279,-1.01,0,0,3,1,1
10867,97281,-0.52,0,1,4,2,1
10868,97284,-0.03,0,2,5,3,1
10869,97291,1.38,0,5,8,7,1
10870,97306,4.2,0,11,14,15,1
10871,97324,5.12,0,13,16,18,1
10872,97328,-0.09,0,2,5,4,1
10873,97351,4.82,0,13,16,23,1
10874,97358,1.38,0,5,8,7,1
10875,97361,-0.03,0,2,5,3,1
10876,97364,-0.03,0,2,5,3,1
10877,97393,7.76,0,19,22,29,1
10878,97396,-0.03,0,2,5,3,1
10879,97405,2.91,0,8,11,9,1
10880,97420,4.2,0,11,14,15,1
10881,97433,2.67,0,8,11,13,1
10882,97439,0.89,0,4,7,6,1
10883,97440,-1.01,0,0,3,1,1
10884,97448,1.87,0,6,9,8,1
10885,97449,-1.01,0,0,3,1,1
10886,97452,-0.03,0,2,5,3,1
10887,97453,-1.01,0,0,3,1,1
10888,97454,-1.01,0,0,3,1,1
10889,97455,-1.01,0,0,3,1,1
10890,97463,2.42,0,7,10,8,1
10891,97467,0.46,0,3,6,4,1
10892,97489,4.88,0,13,16,22,1
10893,97493,0.46,0,3,6,4,1
10894,97502,2.91,0,8,11,9,1
10895,97536,6.91,0,18,21,34,1
10896,97553,2.98,0,9,12,17,1
10897,97571,5.12,0,13,16,18,1
10898,97584,2.67,0,8,11,13,1
10899,97600,2.49,0,8,11,16,1
10900,97627,4.58,0,13,16,27,1
10901,97628,-1.01,0,0,3,1,1
10902,97640,3.83,0,10,13,12,1
10903,97646,1.44,0,5,8,6,1
10904,97663,4.63,0,12,15,17,1
10905,97672,2.36,0,7,10,9,1
10906,97691,4.51,0,12,15,19,1
10907,97696,0.4,0,3,6,5,1
10908,97706,2.3,0,7,10,10,1
10909,97708,-0.52,0,1,4,2,1
10910,97714,0.89,0,4,7,6,1
10911,97718,-0.09,0,2,5,4,1
10912,97720,-0.52,0,1,4,2,1
10913,97748,7.27,0,18,21,28,1
10914,97755,1.38,0,5,8,7,1
10915,97758,-0.03,0,2,5,3,1
10916,97767,2.36,0,7,10,9,1
10917,97773,1.44,0,5,8,6,1
10918,97779,1.44,0,5,8,6,1
10919,97799,5.55,0,14,17,20,1
10920,97814,4.75,0,12,15,15,1
10921,97822,1.87,0,6,9,8,1
10922,97828,0.89,0,4,7,6,1
10923,97834,0.89,0,4,7,6,1
10924,97835,-1.01,0,0,3,1,1
10925,97840,0.95,0,4,7,5,1
10926,97870,6.6,0,17,20,30,1
10927,97882,3.28,0,9,12,12,1
10928,97883,-1.01,0,0,3,1,1
10929,97885,-0.52,0,1,4,2,1
10930,97887,-0.52,0,1,4,2,1
10931,97912,8.0,0,19,22,25,1
10932,97914,-0.52,0,1,4,2,1
10933,97919,0.95,0,4,7,5,1
10934,97920,-1.01,0,0,3,1,1
10935,97921,-1.01,0,0,3,1,1
10936,97928,1.38,0,5,8,7,1
10937,97935,1.93,0,6,9,7,1
10938,97944,2.36,0,7,10,9,1
10939,97945,-1.01,0,0,3,1,1
10940,97963,3.47,0,10,13,18,1
10941,97964,-1.01,0,0,3,1,1
10942,97974,2.3,0,7,10,10,1
10943,97984,2.3,0,7,10,10,1
10944,97992,0.22,0,3,6,8,1
10945,98005,2.67,0,8,11,13,1
10946,98013,1.87,0,6,9,8,1
10947,98015,-0.52,0,1,4,2,1
10948,98016,-1.01,0,0,3,1,1
10949,98018,-0.52,0,1,4,2,1
10950,98023,0.95,0,4,7,5,1
10951,98030,1.38,0,5,8,7,1
10952,98036,1.44,0,5,8,6,1
10953,98045,1.81,0,6,9,9,1
10954,98049,-0.09,0,2,5,4,1
10955,98058,1.26,0,5,8,9,1
10956,98064,1.44,0,5,8,6,1
10957,98078,4.81,0,12,15,14,1
10958,98089,3.34,0,9,12,11,1
10959,98090,-1.01,0,0,3,1,1
10960,98092,-0.52,0,1,4,2,1
10961,98102,0.65,0,4,7,10,1
10962,98103,-1.01,0,0,3,1,1
10963,98124,6.04,0,15,18,21,1
10964,98127,-0.03,0,2,5,3,1
10965,98134,1.93,0,6,9,7,1
10966,98145,2.24,0,7,10,11,1
10967,98146,-1.01,0,0,3,1,1
10968,98148,-0.52,0,1,4,2,1
10969,98161,2.12,0,7,10,13,1
10970,98167,1.44,0,5,8,6,1
10971,98172,0.95,0,4,7,5,1
10972,98174,-0.52,0,1,4,2,1
10973,98176,-0.52,0,1,4,2,1
10974,98202,4.09,0,12,15,26,1
10975,98208,1.44,0,5,8,6,1
10976,98212,0.46,0,3,6,4,1
10977,98226,2.61,0,8,11,14,1
10978,98231,0.95,0,4,7,5,1
10979,98235,0.46,0,3,6,4,1
10980,98236,-1.01,0,0,3,1,1
10981,98237,-1.01,0,0,3,1,1
10982,98248,2.24,0,7,10,11,1
10983,98251,-0.03,0,2,5,3,1
10984,98254,-0.03,0,2,5,3,1
10985,98263,2.91,0,8,11,9,1
10986,98267,0.46,0,3,6,4,1
10987,98273,1.44,0,5,8,6,1
10988,98292,3.41,0,10,13,19,1
10989,98295,-0.03,0,2,5,3,1
10990,98323,5.62,0,15,18,28,1
10991,98328,0.95,0,4,7,5,1
10992,98331,-0.03,0,2,5,3,1
10993,98342,3.34,0,9,12,11,1
10994,98353,3.34,0,9,12,11,1
10995,98354,-1.01,0,0,3,1,1
10996,98357,-0.03,0,2,5,3,1
10997,98378,4.94,0,13,16,21,1
10998,98382,0.46,0,3,6,4,1
10999,98385,-0.03,0,2,5,3,1
11000,98386,-1.01,0,0,3,1,1
11001,98392,0.89,0,4,7,6,1
11002,98401,2.91,0,8,11,9,1
11003,98408,1.93,0,6,9,7,1
11004,98410,-0.52,0,1,4,2,1
11005,98445,5.2,0,15,18,35,1
11006,98449,-0.64,0,1,4,4,1
11007,98458,1.81,0,6,9,9,1
11008,98477,4.51,0,12,15,19,1
11009,98478,-1.01,0,0,3,1,1
11010,98483,0.95,0,4,7,5,1
11011,98489,1.44,0,5,8,6,1
11012,98492,-0.03,0,2,5,3,1
11013,98493,-1.01,0,0,3,1,1
11014,98502,1.81,0,6,9,9,1
11015,98505,-0.58,0,1,4,3,1
11016,98513,1.87,0,6,9,8,1
11017,98541,5.07,0,14,17,28,1
11018,98542,-1.01,0,0,3,1,1
11019,98545,-0.03,0,2,5,3,1
11020,98550,0.95,0,4,7,5,1
11021,98554,0.46,0,3,6,4,1
11022,98557,-0.03,0,2,5,3,1
11023,98559,-0.52,0,1,4,2,1
11024,98564,0.95,0,4,7,5,1
11025,98565,-1.01,0,0,3,1,1
11026,98571,0.89,0,4,7,6,1
11027,98601,5.5,0,15,18,30,1
11028,98616,2.55,0,8,11,15,1
11029,98617,-1.01,0,0,3,1,1
11030,98626,2.91,0,8,11,9,1
11031,98629,-0.03,0,2,5,3,1
11032,98633,0.46,0,3,6,4,1
11033,98637,0.46,0,3,6,4,1
11034,98644,1.93,0,6,9,7,1
11035,98648,0.46,0,3,6,4,1
11036,98653,0.95,0,4,7,5,1
11037,98661,2.42,0,7,10,8,1
11038,98663,-0.52,0,1,4,2,1
11039,98669,1.44,0,5,8,6,1
11040,98684,3.65,0,10,13,15,1
11041,98688,-0.09,0,2,5,4,1
11042,98691,-0.03,0,2,5,3,1
11043,98712,7.14,0,17,20,21,1
11044,98785,6.22,0,21,24,73,1
11045,98788,-0.03,0,2,5,3,1
11046,98795,0.83,0,4,7,7,1
11047,98810,3.65,0,10,13,15,1
11048,98813,-0.58,0,1,4,3,1
11049,98819,1.44,0,5,8,6,1
11050,98830,3.89,0,10,13,11,1
11051,98833,-0.03,0,2,5,3,1
11052,98835,-0.52,0,1,4,2,1
11053,98837,-0.52,0,1,4,2,1
11054,98838,-1.01,0,0,3,1,1
11055,98868,5.5,0,15,18,30,1
11056,98871,-0.03,0,2,5,3,1
11057,98898,4.58,0,13,16,27,1
11058,98911,3.22,0,9,12,13,1
11059,98918,0.28,0,3,6,7,1
11060,98923,0.95,0,4,7,5,1
11061,98943,5.55,0,14,17,20,1
11062,98947,-0.09,0,2,5,4,1
11063,98982,5.2,0,15,18,35,1
11064,98987,-0.15,0,2,5,5,1
11065,98988,-1.01,0,0,3,1,1
11066,98994,1.44,0,5,8,6,1
11067,99008,3.16,0,9,12,14,1
11068,99035,5.68,0,15,18,27,1
11069,99049,3.71,0,10,13,14,1
11070,99061,2.73,0,8,11,12,1
11071,99062,-1.01,0,0,3,1,1
11072,99072,2.85,0,8,11,10,1
11073,99079,1.38,0,5,8,7,1
11074,99103,6.41,0,16,19,24,1
11075,99115,1.08,0,5,8,12,1
11076,99131,3.59,0,10,13,16,1
11077,99140,1.81,0,6,9,9,1
11078,99148,2.42,0,7,10,8,1
11079,99151,-0.03,0,2,5,3,1
11080,99161,1.75,0,6,9,10,1
11081,99163,-0.52,0,1,4,2,1
11082,99175,2.73,0,8,11,12,1
11083,99182,1.93,0,6,9,7,1
11084,99186,0.46,0,3,6,4,1
11085,99189,-0.03,0,2,5,3,1
11086,99203,4.26,0,11,14,14,1
11087,99213,2.85,0,8,11,10,1
11088,99223,2.85,0,8,11,10,1
11089,99224,-1.01,0,0,3,1,1
11090,99232,0.22,0,3,6,8,1
11091,99238,1.44,0,5,8,6,1
11092,99239,-1.01,0,0,3,1,1
11093,99244,0.4,0,3,6,5,1
11094,99252,1.87,0,6,9,8,1
11095,99302,5.4,0,17,20,50,1
11096,99319,4.63,0,12,15,17,1
11097,99322,-0.03,0,2,5,3,1
11098,99335,3.22,0,9,12,13,1
11099,99340,0.4,0,3,6,5,1
11100,99342,-0.52,0,1,4,2,1
11101,99350,1.32,0,5,8,8,1
11102,99361,3.34,0,9,12,11,1
11103,99378,4.63,0,12,15,17,1
11104,99391,3.22,0,9,12,13,1
11105,99400,2.36,0,7,10,9,1
11106,99402,-0.52,0,1,4,2,1
11107,99406,0.46,0,3,6,4,1
11108,99409,-0.03,0,2,5,3,1
11109,99416,1.93,0,6,9,7,1
11110,99420,0.46,0,3,6,4,1
11111,99427,1.93,0,6,9,7,1
11112,99428,-1.01,0,0,3,1,1
11113,99441,3.77,0,10,13,13,1
11114,99445,0.46,0,3,6,4,1
11115,99460,3.65,0,10,13,15,1
11116,99476,3.59,0,10,13,16,1
11117,99479,-0.03,0,2,5,3,1
11118,99480,-1.01,0,0,3,1,1
11119,99484,0.46,0,3,6,4,1
11120,99504,3.9,0,11,14,20,1
11121,99513,2.36,0,7,10,9,1
11122,99517,0.46,0,3,6,4,1
11123,99543,4.09,0,12,15,26,1
11124,99562,3.96,0,11,14,19,1
11125,99564,-0.52,0,1,4,2,1
11126,99575,2.79,0,8,11,11,1
11127,99583,1.87,0,6,9,8,1
11128,99584,-1.01,0,0,3,1,1
11129,99587,-0.03,0,2,5,3,1
11130,99590,-0.03,0,2,5,3,1
11131,99620,5.5,0,15,18,30,1
11132,99621,-1.01,0,0,3,1,1
11133,99624,-0.03,0,2,5,3,1
11134,99652,6.17,0,16,19,28,1
11135,99657,0.95,0,4,7,5,1
11136,99661,0.46,0,3,6,4,1
11137,99666,0.95,0,4,7,5,1
11138,99669,-0.03,0,2,5,3,1
11139,99674,0.95,0,4,7,5,1
11140,99682,1.32,0,5,8,8,1
11141,99685,-0.03,0,2,5,3,1
11142,99693,1.87,0,6,9,8,1
11143,99700,1.38,0,5,8,7,1
11144,99701,-1.01,0,0,3,1,1
11145,99705,0.46,0,3,6,4,1
11146,99708,-0.03,0,2,5,3,1
11147,99741,5.87,0,16,19,33,1
11148,99761,3.9,0,11,14,20,1
11149,99765,0.46,0,3,6,4,1
11150,99767,-0.52,0,1,4,2,1
11151,99779,4.38,0,11,14,12,1
11152,99783,0.46,0,3,6,4,1
11153,99825,6.98,0,19,22,42,1
11154,99841,3.04,0,9,12,16,1
11155,99847,1.44,0,5,8,6,1
11156,99853,0.89,0,4,7,6,1
11157,99863,2.85,0,8,11,10,1
11158,99866,-0.03,0,2,5,3,1
11159,99869,-0.03,0,2,5,3,1
11160,99871,-0.52,0,1,4,2,1
11161,99873,-0.52,0,1,4,2,1
11162,99889,4.14,0,11,14,16,1
11163,99894,0.95,0,4,7,5,1
11164,99903,2.91,0,8,11,9,1
11165,99910,1.38,0,5,8,7,1
11166,99916,0.89,0,4,7,6,1
11167,99919,-0.03,0,2,5,3,1
11168,99929,2.85,0,8,11,10,1
11169,99930,-1.01,0,0,3,1,1
11170,99933,-0.03,0,2,5,3,1
11171,99937,0.46,0,3,6,4,1
11172,99970,5.87,0,16,19,33,1
11173,99974,0.46,0,3,6,4,1
11174,100004,6.05,0,16,19,30,1
11175,100005,-1.01,0,0,3,1,1
11176,100019,3.16,0,9,12,14,1
11177,100024,0.4,0,3,6,5,1
11178,100043,4.51,0,12,15,19,1
11179,100046,-0.03,0,2,5,3,1
11180,100052,1.44,0,5,8,6,1
11181,100053,-1.01,0,0,3,1,1
11182,100064,3.34,0,9,12,11,1
11183,100076,3.28,0,9,12,12,1
11184,100082,0.89,0,4,7,6,1
11185,100088,1.44,0,5,8,6,1
11186,100117,3.91,0,12,15,29,1
11187,100130,3.77,0,10,13,13,1
11188,100144,3.16,0,9,12,14,1
11189,100145,-1.01,0,0,3,1,1
11190,100146,-1.01,0,0,3,1,1
11191,100175,5.56,0,15,18,29,1
11192,100179,0.46,0,3,6,4,1
11193,100186,1.93,0,6,9,7,1
11194,100211,5.25,0,14,17,25,1
11195,100222,2.24,0,7,10,11,1
11196,100230,1.87,0,6,9,8,1
11197,100237,1.38,0,5,8,7,1
11198,100283,5.64,0,17,20,46,1
11199,100285,-0.52,0,1,4,2,1
11200,100290,0.95,0,4,7,5,1
11201,100294,0.46,0,3,6,4,1
11202,100311,4.08,0,11,14,17,1
11203,100315,0.46,0,3,6,4,1
11204,100322,1.38,0,5,8,7,1
11205,100325,-0.03,0,2,5,3,1
11206,100332,1.93,0,6,9,7,1
11207,100346,3.16,0,9,12,14,1
11208,100353,0.83,0,4,7,7,1
11209,100356,-0.03,0,2,5,3,1
11210,100361,0.4,0,3,6,5,1
11211,100365,0.46,0,3,6,4,1
11212,100376,2.24,0,7,10,11,1
11213,100378,-0.52,0,1,4,2,1
11214,100379,-1.01,0,0,3,1,1
11215,100380,-1.01,0,0,3,1,1
11216,100383,-0.03,0,2,5,3,1
11217,100390,0.83,0,4,7,7,1
11218,100393,-0.03,0,2,5,3,1
11219,100395,-0.52,0,1,4,2,1
11220,100420,4.7,0,13,16,25,1
11221,100425,0.95,0,4,7,5,1
11222,100430,0.95,0,4,7,5,1
11223,100436,1.44,0,5,8,6,1
11224,100457,4.39,0,12,15,21,1
11225,100458,-1.01,0,0,3,1,1
11226,100459,-1.01,0,0,3,1,1
11227,100461,-0.52,0,1,4,2,1
11228,100467,0.89,0,4,7,6,1
11229,100517,7.6,0,21,24,50,1
11230,100538,5.49,0,14,17,21,1
11231,100540,-0.52,0,1,4,2,1
11232,100542,-0.52,0,1,4,2,1
11233,100549,1.38,0,5,8,7,1
11234,100553,0.46,0,3,6,4,1
11235,100568,4.75,0,12,15,15,1
11236,100570,-0.52,0,1,4,2,1
11237,100572,-0.52,0,1,4,2,1
11238,100579,1.38,0,5,8,7,1
11239,100593,4.26,0,11,14,14,1
11240,100595,-0.52,0,1,4,2,1
11241,100609,1.51,0,6,9,14,1
11242,100612,-0.03,0,2,5,3,1
11243,100620,1.87,0,6,9,8,1
11244,100628,1.32,0,5,8,8,1
11245,100630,-0.52,0,1,4,2,1
11246,100635,0.95,0,4,7,5,1
11247,100639,0.46,0,3,6,4,1
11248,100677,7.22,0,19,22,38,1
11249,100689,3.28,0,9,12,12,1
11250,100691,-0.52,0,1,4,2,1
11251,100700,2.36,0,7,10,9,1
11252,100705,0.95,0,4,7,5,1
11253,100726,5.49,0,14,17,21,1
11254,100734,1.87,0,6,9,8,1
11255,100736,-0.52,0,1,4,2,1
11256,100738,-0.52,0,1,4,2,1
11257,100741,-0.03,0,2,5,3,1
11258,100742,-1.01,0,0,3,1,1
11259,100777,6.3,0,17,20,35,1
11260,100779,-0.52,0,1,4,2,1
11261,100781,-0.52,0,1,4,2,1
11262,100783,-0.52,0,1,4,2,1
11263,100785,-0.52,0,1,4,2,1
11264,100792,1.38,0,5,8,7,1
11265,100803,3.34,0,9,12,11,1
11266,100805,-0.52,0,1,4,2,1
11267,100815,1.75,0,6,9,10,1
11268,100826,3.34,0,9,12,11,1
11269,100829,-0.03,0,2,5,3,1
11270,100837,1.87,0,6,9,8,1
11271,100843,1.44,0,5,8,6,1
11272,100850,0.83,0,4,7,7,1
11273,100852,-0.52,0,1,4,2,1
11274,100873,5.49,0,14,17,21,1
11275,100891,4.02,0,11,14,18,1
11276,100892,-1.01,0,0,3,1,1
11277,100895,-0.03,0,2,5,3,1
11278,100901,1.44,0,5,8,6,1
11279,100902,-1.01,0,0,3,1,1
11280,100906,0.46,0,3,6,4,1
11281,100931,5.8,0,15,18,25,1
11282,100941,2.3,0,7,10,10,1
11283,100978,5.08,0,15,18,37,1
11284,100982,0.46,0,3,6,4,1
11285,100985,-0.03,0,2,5,3,1
11286,100988,-0.03,0,2,5,3,1
11287,100991,-0.03,0,2,5,3,1
11288,101002,1.69,0,6,9,11,1
11289,101009,1.38,0,5,8,7,1
11290,101012,-0.03,0,2,5,3,1
11291,101023,2.79,0,8,11,11,1
11292,101024,-1.01,0,0,3,1,1
11293,101029,0.95,0,4,7,5,1
11294,101035,1.44,0,5,8,6,1
11295,101040,0.95,0,4,7,5,1
11296,101044,0.46,0,3,6,4,1
11297,101057,3.77,0,10,13,13,1
11298,101060,-0.03,0,2,5,3,1
11299,101071,3.89,0,10,13,11,1
11300,101072,-1.01,0,0,3,1,1
11301,101084,2.73,0,8,11,12,1
11302,101085,-1.01,0,0,3,1,1
11303,101091,0.89,0,4,7,6,1
11304,101111,6.1,0,15,18,20,1
11305,101134,4.82,0,13,16,23,1
11306,101138,0.46,0,3,6,4,1
11307,101139,-1.01,0,0,3,1,1
11308,101165,5.74,0,15,18,26,1
11309,101169,0.46,0,3,6,4,1
11310,101170,-1.01,0,0,3,1,1
11311,101182,2.73,0,8,11,12,1
11312,101185,-0.03,0,2,5,3,1
11313,101193,2.42,0,7,10,8,1
11314,101210,4.08,0,11,14,17,1
11315,101233,6.47,0,16,19,23,1
11316,101239,1.44,0,5,8,6,1
11317,101252,2.67,0,8,11,13,1
11318,101254,-0.52,0,1,4,2,1
11319,101271,4.08,0,11,14,17,1
11320,101277,1.44,0,5,8,6,1
11321,101278,-1.01,0,0,3,1,1
11322,101282,-0.09,0,2,5,4,1
11323,101302,4.45,0,12,15,20,1
11324,101313,3.34,0,9,12,11,1
11325,101315,-0.52,0,1,4,2,1
11326,101345,4.95,0,14,17,30,1
11327,101348,-0.03,0,2,5,3,1
11328,101350,-0.52,0,1,4,2,1
11329,101360,1.75,0,6,9,10,1
11330,101363,-0.03,0,2,5,3,1
11331,101367,0.46,0,3,6,4,1
11332,101393,5.19,0,14,17,26,1
11333,101447,7.36,0,21,24,54,1
11334,101460,3.22,0,9,12,13,1
11335,101469,2.36,0,7,10,9,1
11336,101470,-1.01,0,0,3,1,1
11337,101474,0.46,0,3,6,4,1
11338,101481,0.83,0,4,7,7,1
11339,101492,3.34,0,9,12,11,1
11340,101493,-1.01,0,0,3,1,1
11341,101504,2.79,0,8,11,11,1
11342,101514,1.75,0,6,9,10,1
11343,101520,1.44,0,5,8,6,1
11344,101522,-0.52,0,1,4,2,1
11345,101533,3.34,0,9,12,11,1
11346,101554,3.29,0,10,13,21,1
11347,101556,-0.52,0,1,4,2,1
11348,101562,0.89,0,4,7,6,1
11349,101563,-1.01,0,0,3,1,1
11350,101565,-0.52,0,1,4,2,1
11351,101568,-0.03,0,2,5,3,1
11352,101582,4.26,0,11,14,14,1
11353,101584,-0.52,0,1,4,2,1
11354,101619,8.5,0,21,24,35,1
11355,101621,-0.52,0,1,4,2,1
11356,101623,-0.52,0,1,4,2,1
11357,101627,0.46,0,3,6,4,1
11358,101630,-0.03,0,2,5,3,1
11359,101637,1.38,0,5,8,7,1
11360,101641,0.46,0,3,6,4,1
11361,101653,2.18,0,7,10,12,1
11362,101654,-1.01,0,0,3,1,1
11363,101709,6.2,0,19,22,55,1
11364,101718,2.36,0,7,10,9,1
11365,101725,0.83,0,4,7,7,1
11366,101751,5.19,0,14,17,26,1
11367,101753,-0.52,0,1,4,2,1
11368,101761,1.32,0,5,8,8,1
11369,101777,3.04,0,9,12,16,1
11370,101779,-0.52,0,1,4,2,1
11371,101786,0.83,0,4,7,7,1
11372,101801,5.85,0,14,17,15,1
11373,101803,-0.52,0,1,4,2,1
11374,101806,-0.03,0,2,5,3,1
11375,101808,-0.52,0,1,4,2,1
11376,101815,1.93,0,6,9,7,1
11377,101819,0.46,0,3,6,4,1
11378,101830,1.69,0,6,9,11,1
11379,101838,0.77,0,4,7,8,1
11380,101847,0.71,0,4,7,9,1
11381,101853,1.44,0,5,8,6,1
11382,101867,3.16,0,9,12,14,1
11383,101871,0.46,0,3,6,4,1
11384,101872,-1.01,0,0,3,1,1
11385,101885,3.22,0,9,12,13,1
11386,101887,-0.52,0,1,4,2,1
11387,101893,0.89,0,4,7,6,1
11388,101894,-1.01,0,0,3,1,1
11389,101898,0.46,0,3,6,4,1
11390,101904,0.89,0,4,7,6,1
11391,101916,2.73,0,8,11,12,1
11392,101930,4.81,0,12,15,14,1
11393,101935,0.95,0,4,7,5,1
11394,101936,-1.01,0,0,3,1,1
11395,101940,0.46,0,3,6,4,1
11396,101947,1.38,0,5,8,7,1
11397,101955,1.32,0,5,8,8,1
11398,101956,-1.01,0,0,3,1,1
11399,101960,0.46,0,3,6,4,1
11400,101966,1.44,0,5,8,6,1
11401,101972,1.44,0,5,8,6,1
11402,101981,2.36,0,7,10,9,1
11403,101983,-0.52,0,1,4,2,1
11404,101991,0.77,0,4,7,8,1
11405,102037,11.34,1,22,25,46,0
11406,102048,2.79,0,8,11,11,1
11407,102054,1.44,0,5,8,6,1
11408,102071,4.08,0,11,14,17,1
11409,102075,-0.09,0,2,5,4,1
11410,102088,4.32,0,11,14,13,1
11411,102089,-1.01,0,0,3,1,1
11412,102092,-0.03,0,2,5,3,1
11413,102095,-0.03,0,2,5,3,1
11414,102109,4.81,0,12,15,14,1
11415,102112,-0.03,0,2,5,3,1
11416,102114,-0.52,0,1,4,2,1
11417,102124,2.85,0,8,11,10,1
11418,102125,-1.01,0,0,3,1,1
11419,102138,3.22,0,9,12,13,1
11420,102165,7.33,0,18,21,27,1
11421,102168,-0.03,0,2,5,3,1
11422,102171,-0.03,0,2,5,3,1
11423,102183,2.73,0,8,11,12,1
11424,102185,-0.52,0,1,4,2,1
11425,102188,-0.03,0,2,5,3,1
11426,102212,5.31,0,14,17,24,1
11427,102213,-1.01,0,0,3,1,1
11428,102219,0.89,0,4,7,6,1
11429,102221,-0.52,0,1,4,2,1
11430,102225,0.46,0,3,6,4,1
11431,102231,0.34,0,3,6,6,1
11432,102246,3.1,0,9,12,15,1
11433,102247,-1.01,0,0,3,1,1
11434,102254,1.93,0,6,9,7,1
11435,102255,-1.01,0,0,3,1,1
11436,102275,3.9,0,11,14,20,1
11437,102285,2.85,0,8,11,10,1
11438,102286,-1.01,0,0,3,1,1
11439,102315,3.36,0,11,14,29,1
11440,102342,4.58,0,13,16,27,1
11441,102360,4.57,0,12,15,18,1
11442,102373,3.22,0,9,12,13,1
11443,102375,-0.52,0,1,4,2,1
11444,102387,2.73,0,8,11,12,1
11445,102397,2.85,0,8,11,10,1
11446,102400,-0.03,0,2,5,3,1
11447,102404,0.46,0,3,6,4,1
11448,102417,3.22,0,9,12,13,1
11449,102426,1.81,0,6,9,9,1
11450,102432,1.44,0,5,8,6,1
11451,102461,6.66,0,17,20,29,1
11452,102462,-1.01,0,0,3,1,1
11453,102484,3.78,0,11,14,22,1
11454,102491,0.83,0,4,7,7,1
11455,102495,0.46,0,3,6,4,1
11456,102498,-0.03,0,2,5,3,1
11457,102514,4.69,0,12,15,16,1
11458,102516,-0.52,0,1,4,2,1
11459,102521,0.95,0,4,7,5,1
11460,102535,3.71,0,10,13,14,1
11461,102542,1.38,0,5,8,7,1
11462,102543,-1.01,0,0,3,1,1
11463,102549,0.89,0,4,7,6,1
11464,102553,0.46,0,3,6,4,1
11465,102557,0.46,0,3,6,4,1
11466,102584,6.23,0,16,19,27,1
11467,102591,1.38,0,5,8,7,1
11468,102596,0.4,0,3,6,5,1
11469,102597,-1.01,0,0,3,1,1
11470,102602,0.4,0,3,6,5,1
11471,102621,4.51,0,12,15,19,1
11472,102655,6.36,0,17,20,34,1
11473,102658,-0.03,0,2,5,3,1
11474,102661,-0.03,0,2,5,3,1
11475,102664,-0.03,0,2,5,3,1
11476,102670,1.44,0,5,8,6,1
11477,102681,3.34,0,9,12,11,1
11478,102696,3.1,0,9,12,15,1
11479,102698,-0.52,0,1,4,2,1
11480,102701,-0.03,0,2,5,3,1
11481,102708,1.93,0,6,9,7,1
11482,102709,-1.01,0,0,3,1,1
11483,102713,0.46,0,3,6,4,1
11484,102723,2.85,0,8,11,10,1
11485,102728,0.4,0,3,6,5,1
11486,102744,1.94,0,7,10,16,1
11487,102754,2.85,0,8,11,10,1
11488,102755,-1.01,0,0,3,1,1
11489,102759,0.46,0,3,6,4,1
11490,102772,3.77,0,10,13,13,1
11491,102776,0.46,0,3,6,4,1
11492,102780,0.46,0,3,6,4,1
11493,102782,-0.52,0,1,4,2,1
11494,102790,2.42,0,7,10,8,1
11495,102795,0.95,0,4,7,5,1
11496,102799,0.46,0,3,6,4,1
11497,102803,-0.09,0,2,5,4,1
11498,102808,0.95,0,4,7,5,1
11499,102810,-0.52,0,1,4,2,1
11500,102817,1.38,0,5,8,7,1
11501,102851,6.36,0,17,20,34,1
11502,102852,-1.01,0,0,3,1,1
11503,102869,3.53,0,10,13,17,1
11504,102871,-0.52,0,1,4,2,1
11505,102889,3.47,0,10,13,18,1
11506,102891,-0.52,0,1,4,2,1
11507,102900,1.26,0,5,8,9,1
11508,102906,0.89,0,4,7,6,1
11509,102919,2.12,0,7,10,13,1
11510,102932,2.67,0,8,11,13,1
11511,102944,3.28,0,9,12,12,1
11512,102946,-0.52,0,1,4,2,1
11513,102948,-0.52,0,1,4,2,1
11514,102951,-0.03,0,2,5,3,1
11515,102952,-1.01,0,0,3,1,1
11516,102954,-0.52,0,1,4,2,1
11517,102956,-0.52,0,1,4,2,1
11518,102960,-0.09,0,2,5,4,1
11519,102965,0.95,0,4,7,5,1
11520,102974,1.81,0,6,9,9,1
11521,102976,-0.52,0,1,4,2,1
11522,102977,-1.01,0,0,3,1,1
11523,102989,3.83,0,10,13,12,1
11524,102993,0.46,0,3,6,4,1
11525,102994,-1.01,0,0,3,1,1
11526,102995,-1.01,0,0,3,1,1
11527,103016,4.39,0,12,15,21,1
11528,103017,-1.01,0,0,3,1,1
11529,103024,1.38,0,5,8,7,1
11530,103025,-1.01,0,0,3,1,1
11531,103029,0.46,0,3,6,4,1
11532,103035,0.34,0,3,6,6,1
11533,103061,4.64,0,13,16,26,1
11534,103069,2.42,0,7,10,8,1
11535,103078,2.36,0,7,10,9,1
11536,103105,5.13,0,14,17,27,1
11537,103107,-0.52,0,1,4,2,1
11538,103113,0.89,0,4,7,6,1
11539,103118,0.95,0,4,7,5,1
11540,103157,5.51,0,16,19,39,1
11541,103172,2.0,0,7,10,15,1
11542,103174,-0.52,0,1,4,2,1
11543,103187,2.12,0,7,10,13,1
11544,103193,0.89,0,4,7,6,1
11545,103236,8.02,0,21,24,43,1
11546,103270,5.26,0,15,18,34,1
11547,103304,4.71,0,14,17,34,1
11548,103308,-0.09,0,2,5,4,1
11549,103309,-1.01,0,0,3,1,1
11550,103315,0.89,0,4,7,6,1
11551,103317,-0.52,0,1,4,2,1
11552,103322,0.4,0,3,6,5,1
11553,103323,-1.01,0,0,3,1,1
11554,103331,2.42,0,7,10,8,1
11555,103335,0.46,0,3,6,4,1
11556,103338,-0.03,0,2,5,3,1
11557,103364,6.29,0,16,19,26,1
11558,103375,3.34,0,9,12,11,1
11559,103377,-0.52,0,1,4,2,1
11560,103393,5.24,0,13,16,16,1
11561,103399,0.89,0,4,7,6,1
11562,103407,1.32,0,5,8,8,1
11563,103411,0.46,0,3,6,4,1
11564,103416,0.95,0,4,7,5,1
11565,103419,-0.03,0,2,5,3,1
11566,103431,2.18,0,7,10,12,1
11567,103433,-0.52,0,1,4,2,1
11568,103454,6.04,0,15,18,21,1
11569,103482,6.17,0,16,19,28,1
11570,103494,3.83,0,10,13,12,1
11571,103500,0.34,0,3,6,6,1
11572,103538,7.22,0,19,22,38,1
11573,103549,2.24,0,7,10,11,1
11574,103562,2.67,0,8,11,13,1
11575,103564,-0.52,0,1,4,2,1
11576,103568,0.46,0,3,6,4,1
11577,103575,1.93,0,6,9,7,1
11578,103576,-1.01,0,0,3,1,1
11579,103579,-0.03,0,2,5,3,1
11580,103583,0.46,0,3,6,4,1
11581,103594,1.69,0,6,9,11,1
11582,103603,2.36,0,7,10,9,1
11583,103610,1.38,0,5,8,7,1
11584,103615,0.95,0,4,7,5,1
11585,103620,0.4,0,3,6,5,1
11586,103622,-0.52,0,1,4,2,1
11587,103646,5.86,0,15,18,24,1
11588,103647,-1.01,0,0,3,1,1
11589,103659,2.73,0,8,11,12,1
11590,103661,-0.52,0,1,4,2,1
11591,103678,2.43,0,8,11,17,1
11592,103684,1.44,0,5,8,6,1
11593,103705,4.39,0,12,15,21,1
11594,103707,-0.52,0,1,4,2,1
11595,103716,2.36,0,7,10,9,1
11596,103718,-0.52,0,1,4,2,1
11597,103719,-1.01,0,0,3,1,1
11598,103722,-0.58,0,1,4,3,1
11599,103723,-1.01,0,0,3,1,1
11600,103767,11.46,1,22,25,44,0
11601,103772,0.95,0,4,7,5,1
11602,103791,4.51,0,12,15,19,1
11603,103795,-0.09,0,2,5,4,1
11604,103799,0.46,0,3,6,4,1
11605,103800,-1.01,0,0,3,1,1
11606,103801,-1.01,0,0,3,1,1
11607,103803,-0.52,0,1,4,2,1
11608,103806,-0.03,0,2,5,3,1
11609,103812,0.89,0,4,7,6,1
11610,103815,-0.03,0,2,5,3,1
11611,103817,-0.52,0,1,4,2,1
11612,103824,1.93,0,6,9,7,1
11613,103827,-0.03,0,2,5,3,1
11614,103835,1.87,0,6,9,8,1
11615,103837,-0.52,0,1,4,2,1
11616,103858,4.94,0,13,16,21,1
11617,103869,2.24,0,7,10,11,1
11618,103883,3.16,0,9,12,14,1
11619,103885,-0.52,0,1,4,2,1
11620,103890,0.4,0,3,6,5,1
11621,103904,4.26,0,11,14,14,1
11622,103909,0.4,0,3,6,5,1
11623,103913,0.46,0,3,6,4,1
11624,103918,0.4,0,3,6,5,1
11625,103943,5.8,0,15,18,25,1
11626,103949,1.44,0,5,8,6,1
11627,103964,4.2,0,11,14,15,1
11628,103969,0.4,0,3,6,5,1
11629,103974,0.4,0,3,6,5,1
11630,103981,1.93,0,6,9,7,1
11631,103984,-0.03,0,2,5,3,1
11632,104001,2.98,0,9,12,17,1
11633,104004,-0.03,0,2,5,3,1
11634,104020,3.04,0,9,12,16,1
11635,104028,2.42,0,7,10,8,1
11636,104029,-1.01,0,0,3,1,1
11637,104030,-1.01,0,0,3,1,1
11638,104051,4.94,0,13,16,21,1
11639,104055,0.46,0,3,6,4,1
11640,104062,1.38,0,5,8,7,1
11641,104064,-0.52,0,1,4,2,1
11642,104066,-0.52,0,1,4,2,1
11643,104069,-0.03,0,2,5,3,1
11644,104071,-0.52,0,1,4,2,1
11645,104080,1.26,0,5,8,9,1
11646,104087,1.38,0,5,8,7,1
11647,104092,0.95,0,4,7,5,1
11648,104100,1.87,0,6,9,8,1
11649,104115,3.65,0,10,13,15,1
11650,104128,3.22,0,9,12,13,1
11651,104135,1.93,0,6,9,7,1
11652,104192,4.98,0,17,20,57,1
11653,104203,2.24,0,7,10,11,1
11654,104204,-1.01,0,0,3,1,1
11655,104209,0.95,0,4,7,5,1
11656,104231,5.43,0,14,17,22,1
11657,104243,2.73,0,8,11,12,1
11658,104274,5.44,0,15,18,31,1
11659,104285,1.14,0,5,8,11,1
11660,104293,2.42,0,7,10,8,1
11661,104305,4.38,0,11,14,12,1
11662,104326,3.29,0,10,13,21,1
11663,104344,4.57,0,12,15,18,1
11664,104367,4.82,0,13,16,23,1
11665,104386,5.06,0,13,16,19,1
11666,104410,5.31,0,14,17,24,1
11667,104412,-0.52,0,1,4,2,1
11668,104414,-0.52,0,1,4,2,1
11669,104426,3.83,0,10,13,12,1
11670,104431,0.4,0,3,6,5,1
11671,104459,5.07,0,14,17,28,1
11672,104464,0.95,0,4,7,5,1
11673,104467,-0.03,0,2,5,3,1
11674,104470,-0.03,0,2,5,3,1
11675,104480,2.85,0,8,11,10,1
11676,104497,4.63,0,12,15,17,1
11677,104498,-1.01,0,0,3,1,1
11678,104499,-1.01,0,0,3,1,1
11679,104502,-0.03,0,2,5,3,1
11680,104503,-1.01,0,0,3,1,1
11681,104507,0.46,0,3,6,4,1
11682,104511,-0.64,0,1,4,4,1
11683,104515,0.46,0,3,6,4,1
11684,104529,3.71,0,10,13,14,1
11685,104530,-1.01,0,0,3,1,1
11686,104531,-1.01,0,0,3,1,1
11687,104533,-0.52,0,1,4,2,1
11688,104556,5.92,0,15,18,23,1
11689,104561,0.95,0,4,7,5,1
11690,104570,2.36,0,7,10,9,1
11691,104575,0.95,0,4,7,5,1
11692,104578,-0.03,0,2,5,3,1
11693,104583,0.95,0,4,7,5,1
11694,104588,0.95,0,4,7,5,1
11695,104617,7.21,0,18,21,29,1
11696,104618,-1.01,0,0,3,1,1
11697,104624,1.44,0,5,8,6,1
11698,104625,-1.01,0,0,3,1,1
11699,104627,-0.52,0,1,4,2,1
11700,104631,0.46,0,3,6,4,1
11701,104632,-1.01,0,0,3,1,1
11702,104637,0.4,0,3,6,5,1
11703,104642,0.4,0,3,6,5,1
11704,104644,-0.52,0,1,4,2,1
11705,104673,4.46,0,13,16,29,1
11706,104674,-1.01,0,0,3,1,1
11707,104690,4.69,0,12,15,16,1
11708,104691,-1.01,0,0,3,1,1
11709,104694,-0.03,0,2,5,3,1
11710,104700,0.89,0,4,7,6,1
11711,104701,-1.01,0,0,3,1,1
11712,104706,0.95,0,4,7,5,1
11713,104714,0.22,0,3,6,8,1
11714,104717,-0.03,0,2,5,3,1
11715,104727,2.85,0,8,11,10,1
11716,104735,1.87,0,6,9,8,1
11717,104747,2.73,0,8,11,12,1
11718,104751,0.46,0,3,6,4,1
11719,104761,1.75,0,6,9,10,1
11720,104777,4.69,0,12,15,16,1
11721,104780,-0.03,0,2,5,3,1
11722,104814,5.81,0,16,19,34,1
11723,104817,-0.03,0,2,5,3,1
11724,104827,2.3,0,7,10,10,1
11725,104830,-0.03,0,2,5,3,1
11726,104835,0.95,0,4,7,5,1
11727,104840,0.4,0,3,6,5,1
11728,104842,-0.52,0,1,4,2,1
11729,104858,3.59,0,10,13,16,1
11730,104862,0.46,0,3,6,4,1
11731,104866,0.46,0,3,6,4,1
11732,104867,-1.01,0,0,3,1,1
11733,104880,3.77,0,10,13,13,1
11734,104893,2.67,0,8,11,13,1
11735,104898,0.4,0,3,6,5,1
11736,104901,-0.03,0,2,5,3,1
11737,104909,2.42,0,7,10,8,1
11738,104920,3.34,0,9,12,11,1
11739,104941,6.04,0,15,18,21,1
11740,104944,-0.03,0,2,5,3,1
11741,104949,-0.15,0,2,5,5,1
11742,104965,4.14,0,11,14,16,1
11743,104966,-1.01,0,0,3,1,1
11744,104973,1.93,0,6,9,7,1
11745,104988,2.55,0,8,11,15,1
11746,104998,2.3,0,7,10,10,1
11747,105009,2.24,0,7,10,11,1
11748,105030,4.39,0,12,15,21,1
11749,105045,3.65,0,10,13,15,1
11750,105047,-0.52,0,1,4,2,1
11751,105068,4.94,0,13,16,21,1
11752,105073,0.95,0,4,7,5,1
11753,105085,2.73,0,8,11,12,1
11754,105094,2.36,0,7,10,9,1
11755,105100,1.44,0,5,8,6,1
11756,105115,4.2,0,11,14,15,1
11757,105117,-0.52,0,1,4,2,1
11758,105126,2.91,0,8,11,9,1
11759,105135,1.26,0,5,8,9,1
11760,105156,4.39,0,12,15,21,1
11761,105164,0.77,0,4,7,8,1
11762,105179,4.75,0,12,15,15,1
11763,105182,-0.03,0,2,5,3,1
11764,105199,2.98,0,9,12,17,1
11765,105206,1.38,0,5,8,7,1
11766,105216,2.85,0,8,11,10,1
11767,105220,-0.09,0,2,5,4,1
11768,105226,0.89,0,4,7,6,1
11769,105228,-0.52,0,1,4,2,1
11770,105229,-1.01,0,0,3,1,1
11771,105245,3.59,0,10,13,16,1
11772,105246,-1.01,0,0,3,1,1
11773,105257,3.89,0,10,13,11,1
11774,105264,0.83,0,4,7,7,1
11775,105292,6.72,0,17,20,28,1
11776,105295,-0.03,0,2,5,3,1
11777,105300,0.95,0,4,7,5,1
11778,105301,-1.01,0,0,3,1,1
11779,105316,3.65,0,10,13,15,1
11780,105319,-0.58,0,1,4,3,1
11781,105322,-0.03,0,2,5,3,1
11782,105330,1.32,0,5,8,8,1
11783,105331,-1.01,0,0,3,1,1
11784,105333,-0.52,0,1,4,2,1
11785,105340,0.83,0,4,7,7,1
11786,105346,0.89,0,4,7,6,1
11787,105351,0.95,0,4,7,5,1
11788,105353,-0.52,0,1,4,2,1
11789,105356,-0.03,0,2,5,3,1
11790,105358,-0.52,0,1,4,2,1
11791,105367,1.81,0,6,9,9,1
11792,105368,-1.01,0,0,3,1,1
11793,105372,0.46,0,3,6,4,1
11794,105376,0.46,0,3,6,4,1
11795,105395,3.96,0,11,14,19,1
11796,105404,1.81,0,6,9,9,1
11797,105408,-0.09,0,2,5,4,1
11798,105422,3.71,0,10,13,14,1
11799,105443,6.04,0,15,18,21,1
11800,105447,0.46,0,3,6,4,1
11801,105456,2.36,0,7,10,9,1
11802,105457,-1.01,0,0,3,1,1
11803,105459,-0.52,0,1,4,2,1
11804,105465,1.44,0,5,8,6,1
11805,105470,0.95,0,4,7,5,1
11806,105472,-0.52,0,1,4,2,1
11807,105478,1.44,0,5,8,6,1
11808,105492,2.61,0,8,11,14,1
11809,105505,3.77,0,10,13,13,1
11810,105510,0.95,0,4,7,5,1
11811,105511,-1.01,0,0,3,1,1
11812,105528,3.53,0,10,13,17,1
11813,105534,1.44,0,5,8,6,1
11814,105540,0.89,0,4,7,6,1
11815,105554,4.26,0,11,14,14,1
11816,105562,1.87,0,6,9,8,1
11817,105575,2.12,0,7,10,13,1
11818,105576,-1.01,0,0,3,1,1
11819,105579,-0.03,0,2,5,3,1
11820,105583,-0.09,0,2,5,4,1
11821,105586,-0.03,0,2,5,3,1
11822,105589,-0.03,0,2,5,3,1
11823,105610,4.39,0,12,15,21,1
11824,105615,0.95,0,4,7,5,1
11825,105625,1.75,0,6,9,10,1
11826,105627,-0.52,0,1,4,2,1
11827,105639,3.83,0,10,13,12,1
11828,105642,-0.03,0,2,5,3,1
11829,105659,5.18,0,13,16,17,1
11830,105660,-1.01,0,0,3,1,1
11831,105662,-0.52,0,1,4,2,1
11832,105673,2.79,0,8,11,11,1
11833,105679,0.89,0,4,7,6,1
11834,105703,5.31,0,14,17,24,1
11835,105706,-0.03,0,2,5,3,1
11836,105708,-0.52,0,1,4,2,1
11837,105713,0.4,0,3,6,5,1
11838,105771,7.12,0,21,24,58,1
11839,105772,-1.01,0,0,3,1,1
11840,105785,2.67,0,8,11,13,1
11841,105799,2.61,0,8,11,14,1
11842,105802,-0.03,0,2,5,3,1
11843,105813,3.34,0,9,12,11,1
11844,105833,3.35,0,10,13,20,1
11845,105883,6.5,0,19,22,50,1
11846,105887,0.46,0,3,6,4,1
11847,105891,0.46,0,3,6,4,1
11848,105895,0.46,0,3,6,4,1
11849,105896,-1.01,0,0,3,1,1
11850,105902,0.34,0,3,6,6,1
11851,105904,-0.52,0,1,4,2,1
11852,105907,-0.03,0,2,5,3,1
11853,105909,-0.52,0,1,4,2,1
11854,105943,8.56,0,21,24,34,1
11855,105950,1.38,0,5,8,7,1
11856,105957,1.38,0,5,8,7,1
11857,105958,-1.01,0,0,3,1,1
11858,105960,-0.52,0,1,4,2,1
11859,105966,1.44,0,5,8,6,1
11860,105976,1.75,0,6,9,10,1
11861,105988,2.73,0,8,11,12,1
11862,105991,-0.03,0,2,5,3,1
11863,106016,4.15,0,12,15,25,1
11864,106017,-1.01,0,0,3,1,1
11865,106024,1.38,0,5,8,7,1
11866,106029,0.95,0,4,7,5,1
11867,106032,-0.03,0,2,5,3,1
11868,106050,4.57,0,12,15,18,1
11869,106060,2.85,0,8,11,10,1
11870,106061,-1.01,0,0,3,1,1
11871,106064,-0.58,0,1,4,3,1
11872,106067,-0.03,0,2,5,3,1
11873,106068,-1.01,0,0,3,1,1
11874,106071,-0.03,0,2,5,3,1
11875,106072,-1.01,0,0,3,1,1
11876,106076,-0.09,0,2,5,4,1
11877,106080,0.46,0,3,6,4,1
11878,106092,2.73,0,8,11,12,1
11879,106105,2.67,0,8,11,13,1
11880,106125,6.1,0,15,18,20,1
11881,106151,6.84,0,17,20,26,1
11882,106152,-1.01,0,0,3,1,1
11883,106157,0.95,0,4,7,5,1
11884,106161,0.46,0,3,6,4,1
11885,106165,0.46,0,3,6,4,1
11886,106168,-0.03,0,2,5,3,1
11887,106171,-0.03,0,2,5,3,1
11888,106191,3.9,0,11,14,20,1
11889,106238,6.13,0,18,21,47,1
11890,106243,0.4,0,3,6,5,1
11891,106249,1.44,0,5,8,6,1
11892,106251,-0.52,0,1,4,2,1
11893,106263,1.63,0,6,9,12,1
11894,106297,5.81,0,16,19,34,1
11895,106303,1.44,0,5,8,6,1
11896,106306,-0.03,0,2,5,3,1
11897,106331,5.8,0,15,18,25,1
11898,106342,1.69,0,6,9,11,1
11899,106346,-0.09,0,2,5,4,1
11900,106348,-0.52,0,1,4,2,1
11901,106351,-0.03,0,2,5,3,1
11902,106377,6.84,0,17,20,26,1
11903,106379,-0.52,0,1,4,2,1
11904,106383,-0.09,0,2,5,4,1
11905,106384,-1.01,0,0,3,1,1
11906,106385,-1.01,0,0,3,1,1
11907,106388,-0.03,0,2,5,3,1
11908,106390,-0.52,0,1,4,2,1
11909,106394,0.46,0,3,6,4,1
11910,106410,4.69,0,12,15,16,1
11911,106413,-0.03,0,2,5,3,1
11912,106428,3.1,0,9,12,15,1
11913,106453,3.6,0,11,14,25,1
11914,106454,-1.01,0,0,3,1,1
11915,106499,4.6,0,15,18,45,1
11916,106506,1.38,0,5,8,7,1
11917,106511,0.4,0,3,6,5,1
11918,106536,6.35,0,16,19,25,1
11919,106542,0.89,0,4,7,6,1
11920,106546,0.46,0,3,6,4,1
11921,106548,-0.52,0,1,4,2,1
11922,106562,4.81,0,12,15,14,1
11923,106581,6.16,0,15,18,19,1
11924,106586,0.95,0,4,7,5,1
11925,106591,0.4,0,3,6,5,1
11926,106596,0.95,0,4,7,5,1
11927,106619,7.02,0,17,20,23,1
11928,106630,2.79,0,8,11,11,1
11929,106632,-0.52,0,1,4,2,1
11930,106648,3.59,0,10,13,16,1
11931,106649,-1.01,0,0,3,1,1
11932,106650,-1.01,0,0,3,1,1
11933,106657,1.38,0,5,8,7,1
11934,106667,3.4,0,9,12,10,1
11935,106669,-0.52,0,1,4,2,1
11936,106682,3.77,0,10,13,13,1
11937,106688,1.44,0,5,8,6,1
11938,106705,4.08,0,11,14,17,1
11939,106726,5.49,0,14,17,21,1
11940,106731,0.95,0,4,7,5,1
11941,106737,1.44,0,5,8,6,1
11942,106742,0.4,0,3,6,5,1
11943,106779,6.18,0,17,20,37,1
11944,106780,-1.01,0,0,3,1,1
11945,106784,0.46,0,3,6,4,1
11946,106805,4.94,0,13,16,21,1
11947,106807,-0.52,0,1,4,2,1
11948,106819,2.73,0,8,11,12,1
11949,106829,2.3,0,7,10,10,1
11950,106843,2.61,0,8,11,14,1
11951,106846,-0.03,0,2,5,3,1
11952,106849,-0.58,0,1,4,3,1
11953,106857,1.87,0,6,9,8,1
11954,106869,2.18,0,7,10,12,1
11955,106878,2.91,0,8,11,9,1
11956,106879,-1.01,0,0,3,1,1
11957,106881,-0.52,0,1,4,2,1
11958,106886,0.95,0,4,7,5,1
11959,106889,-0.58,0,1,4,3,1
11960,106897,1.87,0,6,9,8,1
11961,106905,1.87,0,6,9,8,1
11962,106913,1.87,0,6,9,8,1
11963,106931,5.12,0,13,16,18,1
11964,106936,0.95,0,4,7,5,1
11965,106942,0.89,0,4,7,6,1
11966,106948,1.44,0,5,8,6,1
11967,106970,4.33,0,12,15,22,1
11968,106971,-1.01,0,0,3,1,1
11969,106973,-0.52,0,1,4,2,1
11970,106977,0.46,0,3,6,4,1
11971,106987,1.75,0,6,9,10,1
11972,106993,1.44,0,5,8,6,1
11973,107010,3.53,0,10,13,17,1
11974,107028,4.02,0,11,14,18,1
11975,107038,3.4,0,9,12,10,1
11976,107045,1.93,0,6,9,7,1
11977,107078,4.77,0,14,17,33,1
11978,107110,5.93,0,16,19,32,1
11979,107112,-0.52,0,1,4,2,1
11980,107120,1.32,0,5,8,8,1
11981,107124,0.46,0,3,6,4,1
11982,107128,0.46,0,3,6,4,1
11983,107132,0.46,0,3,6,4,1
11984,107164,5.93,0,16,19,32,1
11985,107167,-0.03,0,2,5,3,1
11986,107169,-0.52,0,1,4,2,1
11987,107182,4.32,0,11,14,13,1
11988,107185,-0.03,0,2,5,3,1
11989,107188,-0.03,0,2,5,3,1
11990,107205,4.08,0,11,14,17,1
11991,107210,0.95,0,4,7,5,1
11992,107222,2.73,0,8,11,12,1
11993,107226,0.46,0,3,6,4,1
11994,107236,2.85,0,8,11,10,1
11995,107247,2.79,0,8,11,11,1
11996,107263,3.59,0,10,13,16,1
11997,107268,0.95,0,4,7,5,1
11998,107269,-1.01,0,0,3,1,1
11999,107270,-1.01,0,0,3,1,1
12000,107271,-1.01,0,0,3,1,1
12001,107276,0.4,0,3,6,5,1
12002,107277,-1.01,0,0,3,1,1
12003,107280,-0.03,0,2,5,3,1
12004,107286,0.89,0,4,7,6,1
12005,107301,3.1,0,9,12,15,1
12006,107302,-1.01,0,0,3,1,1
12007,107311,2.91,0,8,11,9,1
12008,107318,1.38,0,5,8,7,1
12009,107330,3.83,0,10,13,12,1
12010,107339,2.36,0,7,10,9,1
12011,107357,4.02,0,11,14,18,1
12012,107381,4.76,0,13,16,24,1
12013,107385,0.46,0,3,6,4,1
12014,107386,-1.01,0,0,3,1,1
12015,107388,-0.52,0,1,4,2,1
12016,107393,0.95,0,4,7,5,1
12017,107402,1.26,0,5,8,9,1
12018,107405,-0.03,0,2,5,3,1
12019,107409,0.46,0,3,6,4,1
12020,107416,0.83,0,4,7,7,1
12021,107421,0.4,0,3,6,5,1
12022,107441,5.0,0,13,16,20,1
12023,107443,-0.52,0,1,4,2,1
12024,107444,-1.01,0,0,3,1,1
12025,107450,0.89,0,4,7,6,1
12026,107451,-1.01,0,0,3,1,1
12027,107459,1.87,0,6,9,8,1
12028,107461,-0.52,0,1,4,2,1
12029,107467,0.89,0,4,7,6,1
12030,107482,4.75,0,12,15,15,1
12031,107491,2.36,0,7,10,9,1
12032,107497,1.44,0,5,8,6,1
12033,107499,-0.52,0,1,4,2,1
12034,107501,-0.52,0,1,4,2,1
12035,107511,2.85,0,8,11,10,1
12036,107526,4.75,0,12,15,15,1
12037,107557,5.44,0,15,18,31,1
12038,107559,-0.52,0,1,4,2,1
12039,107567,1.87,0,6,9,8,1
12040,107587,6.1,0,15,18,20,1
12041,107588,-1.01,0,0,3,1,1
12042,107592,0.46,0,3,6,4,1
12043,107595,-0.03,0,2,5,3,1
12044,107600,0.95,0,4,7,5,1
12045,107604,0.46,0,3,6,4,1
12046,107622,4.57,0,12,15,18,1
12047,107625,-0.03,0,2,5,3,1
12048,107635,2.3,0,7,10,10,1
12049,107638,-0.03,0,2,5,3,1
12050,107642,0.46,0,3,6,4,1
12051,107657,3.1,0,9,12,15,1
12052,107665,0.77,0,4,7,8,1
12053,107667,-0.52,0,1,4,2,1
12054,107671,0.46,0,3,6,4,1
12055,107674,-0.03,0,2,5,3,1
12056,107690,3.04,0,9,12,16,1
12057,107700,2.3,0,7,10,10,1
12058,107708,1.87,0,6,9,8,1
12059,107718,3.4,0,9,12,10,1
12060,107729,2.79,0,8,11,11,1
12061,107732,-0.03,0,2,5,3,1
12062,107752,6.1,0,15,18,20,1
12063,107765,3.22,0,9,12,13,1
12064,107781,4.14,0,11,14,16,1
12065,107783,-0.52,0,1,4,2,1
12066,107792,2.91,0,8,11,9,1
12067,107796,0.46,0,3,6,4,1
12068,107816,4.45,0,12,15,20,1
12069,107841,5.8,0,15,18,25,1
12070,107860,5.06,0,13,16,19,1
12071,107865,0.4,0,3,6,5,1
12072,107869,0.46,0,3,6,4,1
12073,107874,0.4,0,3,6,5,1
12074,107884,2.85,0,8,11,10,1
12075,107900,4.69,0,12,15,16,1
12076,107903,-0.03,0,2,5,3,1
12077,107905,-0.52,0,1,4,2,1
12078,107924,5.61,0,14,17,19,1
12079,107927,-0.03,0,2,5,3,1
12080,107933,0.89,0,4,7,6,1
12081,107939,0.89,0,4,7,6,1
12082,107951,1.08,0,5,8,12,1
12083,107956,0.95,0,4,7,5,1
12084,107964,1.32,0,5,8,8,1
12085,107967,-0.03,0,2,5,3,1
12086,107993,4.64,0,13,16,26,1
12087,107994,-1.01,0,0,3,1,1
12088,108000,0.89,0,4,7,6,1
12089,108007,0.28,0,3,6,7,1
12090,108022,4.75,0,12,15,15,1
12091,108029,0.83,0,4,7,7,1
12092,108051,5.98,0,15,18,22,1
12093,108060,1.81,0,6,9,9,1
12094,108069,2.36,0,7,10,9,1
12095,108087,4.02,0,11,14,18,1
12096,108090,-0.03,0,2,5,3,1
12097,108094,-0.09,0,2,5,4,1
12098,108098,0.46,0,3,6,4,1
12099,108109,2.79,0,8,11,11,1
12100,108110,-1.01,0,0,3,1,1
12101,108128,5.12,0,13,16,18,1
12102,108145,4.63,0,12,15,17,1
12103,108158,2.67,0,8,11,13,1
12104,108163,0.95,0,4,7,5,1
12105,108174,2.79,0,8,11,11,1
12106,108182,1.87,0,6,9,8,1
12107,108186,0.46,0,3,6,4,1
12108,108189,-0.03,0,2,5,3,1
12109,108200,3.34,0,9,12,11,1
12110,108206,0.89,0,4,7,6,1
12111,108218,2.73,0,8,11,12,1
12112,108222,0.46,0,3,6,4,1
12113,108245,5.92,0,15,18,23,1
12114,108248,-0.03,0,2,5,3,1
12115,108250,-0.52,0,1,4,2,1
12116,108266,5.24,0,13,16,16,1
12117,108271,0.95,0,4,7,5,1
12118,108272,-1.01,0,0,3,1,1
12119,108273,-1.01,0,0,3,1,1
12120,108275,-0.52,0,1,4,2,1
12121,108280,0.95,0,4,7,5,1
12122,108284,0.46,0,3,6,4,1
12123,108286,-0.52,0,1,4,2,1
12124,108289,-0.03,0,2,5,3,1
12125,108317,5.62,0,15,18,28,1
12126,108322,0.4,0,3,6,5,1
12127,108335,3.22,0,9,12,13,1
12128,108337,-0.52,0,1,4,2,1
12129,108355,3.47,0,10,13,18,1
12130,108381,5.74,0,15,18,26,1
12131,108402,6.59,0,16,19,21,1
12132,108403,-1.01,0,0,3,1,1
12133,108404,-1.01,0,0,3,1,1
12134,108409,0.4,0,3,6,5,1
12135,108410,-1.01,0,0,3,1,1
12136,108424,4.81,0,12,15,14,1
12137,108437,2.67,0,8,11,13,1
12138,108445,1.87,0,6,9,8,1
12139,108460,3.1,0,9,12,15,1
12140,108464,0.46,0,3,6,4,1
12141,108466,-0.52,0,1,4,2,1
12142,108472,0.89,0,4,7,6,1
12143,108478,0.89,0,4,7,6,1
12144,108486,0.77,0,4,7,8,1
12145,108513,6.78,0,17,20,27,1
12146,108516,-0.03,0,2,5,3,1
12147,108525,2.91,0,8,11,9,1
12148,108533,0.77,0,4,7,8,1
12149,108534,-1.01,0,0,3,1,1
12150,108561,5.13,0,14,17,27,1
12151,108563,-0.52,0,1,4,2,1
12152,108575,3.83,0,10,13,12,1
12153,108579,0.46,0,3,6,4,1
12154,108580,-1.01,0,0,3,1,1
12155,108588,1.32,0,5,8,8,1
12156,108592,0.46,0,3,6,4,1
12157,108597,0.95,0,4,7,5,1
12158,108613,4.69,0,12,15,16,1
12159,108633,4.45,0,12,15,20,1
12160,108645,3.28,0,9,12,12,1
12161,108650,0.4,0,3,6,5,1
12162,108663,2.67,0,8,11,13,1
12163,108673,2.85,0,8,11,10,1
12164,108676,-0.03,0,2,5,3,1
12165,108678,-0.52,0,1,4,2,1
12166,108684,1.44,0,5,8,6,1
12167,108705,4.94,0,13,16,21,1
12168,108718,3.77,0,10,13,13,1
12169,108722,0.46,0,3,6,4,1
12170,108724,-0.52,0,1,4,2,1
12171,108744,5.0,0,13,16,20,1
12172,108752,1.32,0,5,8,8,1
12173,108760,1.32,0,5,8,8,1
12174,108777,2.98,0,9,12,17,1
12175,108789,2.73,0,8,11,12,1
12176,108790,-1.01,0,0,3,1,1
12177,108801,1.69,0,6,9,11,1
12178,108824,5.37,0,14,17,23,1
12179,108829,0.95,0,4,7,5,1
12180,108836,1.38,0,5,8,7,1
12181,108845,1.26,0,5,8,9,1
12182,108846,-1.01,0,0,3,1,1
12183,108854,1.32,0,5,8,8,1
12184,108859,0.95,0,4,7,5,1
12185,108861,-0.52,0,1,4,2,1
12186,108862,-1.01,0,0,3,1,1
12187,108866,0.46,0,3,6,4,1
12188,108885,4.51,0,12,15,19,1
12189,108888,-0.03,0,2,5,3,1
12190,108932,7.41,0,20,23,44,1
12191,108934,-0.52,0,1,4,2,1
12192,108973,6.61,0,18,21,39,1
12193,108977,0.46,0,3,6,4,1
12194,108981,0.46,0,3,6,4,1
12195,109000,5.06,0,13,16,19,1
12196,109014,3.71,0,10,13,14,1
12197,109016,-0.52,0,1,4,2,1
12198,109029,3.77,0,10,13,13,1
12199,109034,-0.15,0,2,5,5,1
12200,109038,0.46,0,3,6,4,1
12201,109040,-0.52,0,1,4,2,1
12202,109047,0.83,0,4,7,7,1
12203,109051,0.46,0,3,6,4,1
12204,109083,5.38,0,15,18,32,1
12205,109087,0.46,0,3,6,4,1
12206,109108,6.04,0,15,18,21,1
12207,109124,4.69,0,12,15,16,1
12208,109126,-0.52,0,1,4,2,1
12209,109134,1.87,0,6,9,8,1
12210,109149,3.65,0,10,13,15,1
12211,109178,6.11,0,16,19,29,1
12212,109203,5.8,0,15,18,25,1
12213,109210,1.38,0,5,8,7,1
12214,109211,-1.01,0,0,3,1,1
12215,109214,-0.03,0,2,5,3,1
12216,109224,2.85,0,8,11,10,1
12217,109227,-0.03,0,2,5,3,1
12218,109230,-0.03,0,2,5,3,1
12219,109241,3.34,0,9,12,11,1
12220,109253,2.73,0,8,11,12,1
12221,109262,1.81,0,6,9,9,1
12222,109266,0.46,0,3,6,4,1
12223,109272,0.89,0,4,7,6,1
12224,109276,-0.09,0,2,5,4,1
12225,109309,6.97,0,18,21,33,1
12226,109312,-0.03,0,2,5,3,1
12227,109318,1.44,0,5,8,6,1
12228,109319,-1.01,0,0,3,1,1
12229,109322,-0.03,0,2,5,3,1
12230,109323,-1.01,0,0,3,1,1
12231,109336,3.77,0,10,13,13,1
12232,109341,0.95,0,4,7,5,1
12233,109343,-0.52,0,1,4,2,1
12234,109344,-1.01,0,0,3,1,1
12235,109352,1.87,0,6,9,8,1
12236,109354,-0.52,0,1,4,2,1
12237,109375,5.49,0,14,17,21,1
12238,109381,0.89,0,4,7,6,1
12239,109385,0.46,0,3,6,4,1
12240,109402,3.53,0,10,13,17,1
12241,109409,1.93,0,6,9,7,1
12242,109410,-1.01,0,0,3,1,1
12243,109430,4.45,0,12,15,20,1
12244,109438,2.42,0,7,10,8,1
12245,109442,0.46,0,3,6,4,1
12246,109450,1.32,0,5,8,8,1
12247,109471,4.39,0,12,15,21,1
12248,109489,4.02,0,11,14,18,1
12249,109490,-1.01,0,0,3,1,1
12250,109496,0.89,0,4,7,6,1
12251,109511,3.65,0,10,13,15,1
12252,109513,-0.52,0,1,4,2,1
12253,109518,0.95,0,4,7,5,1
12254,109548,4.95,0,14,17,30,1
12255,109555,1.93,0,6,9,7,1
12256,109565,2.85,0,8,11,10,1
12257,109575,2.3,0,7,10,10,1
12258,109577,-0.52,0,1,4,2,1
12259,109597,5.55,0,14,17,20,1
12260,109601,0.46,0,3,6,4,1
12261,109609,1.32,0,5,8,8,1
12262,109617,2.42,0,7,10,8,1
12263,109625,1.87,0,6,9,8,1
12264,109663,7.22,0,19,22,38,1
12265,109669,0.89,0,4,7,6,1
12266,109674,0.95,0,4,7,5,1
12267,109708,7.46,0,19,22,34,1
12268,109711,-0.03,0,2,5,3,1
12269,109728,5.18,0,13,16,17,1
12270,109733,0.4,0,3,6,5,1
12271,109734,-1.01,0,0,3,1,1
12272,109744,2.85,0,8,11,10,1
12273,109748,0.46,0,3,6,4,1
12274,109758,1.75,0,6,9,10,1
12275,109804,11.34,1,22,25,46,0
12276,109808,-0.09,0,2,5,4,1
12277,109822,4.26,0,11,14,14,1
12278,109826,0.46,0,3,6,4,1
12279,109832,0.89,0,4,7,6,1
12280,109834,-0.52,0,1,4,2,1
12281,109843,2.36,0,7,10,9,1
12282,109849,0.34,0,3,6,6,1
12283,109863,4.81,0,12,15,14,1
12284,109864,-1.01,0,0,3,1,1
12285,109865,-1.01,0,0,3,1,1
12286,109874,2.91,0,8,11,9,1
12287,109878,0.46,0,3,6,4,1
12288,109880,-0.52,0,1,4,2,1
12289,109892,3.28,0,9,12,12,1
12290,109898,0.89,0,4,7,6,1
12291,109913,3.65,0,10,13,15,1
12292,109928,3.65,0,10,13,15,1
12293,109938,3.4,0,9,12,10,1
12294,109951,2.67,0,8,11,13,1
12295,109956,0.4,0,3,6,5,1
12296,109959,-0.03,0,2,5,3,1
12297,109972,3.77,0,10,13,13,1
12298,109973,-1.01,0,0,3,1,1
12299,109975,-0.52,0,1,4,2,1
12300,109978,-0.03,0,2,5,3,1
12301,109980,-0.52,0,1,4,2,1
12302,109989,2.36,0,7,10,9,1
12303,109999,1.2,0,5,8,10,1
12304,110004,0.95,0,4,7,5,1
12305,110010,1.44,0,5,8,6,1
12306,110012,-0.52,0,1,4,2,1
12307,110013,-1.01,0,0,3,1,1
12308,110019,0.89,0,4,7,6,1
12309,110020,-1.01,0,0,3,1,1
12310,110025,-0.15,0,2,5,5,1
12311,110031,1.44,0,5,8,6,1
12312,110072,5.39,0,16,19,41,1
12313,110079,1.38,0,5,8,7,1
12314,110082,-0.03,0,2,5,3,1
12315,110085,-0.03,0,2,5,3,1
12316,110090,0.95,0,4,7,5,1
12317,110092,-0.52,0,1,4,2,1
12318,110099,1.93,0,6,9,7,1
12319,110109,2.85,0,8,11,10,1
12320,110125,4.69,0,12,15,16,1
12321,110130,0.95,0,4,7,5,1
12322,110138,1.87,0,6,9,8,1
12323,110145,1.38,0,5,8,7,1
12324,110158,2.67,0,8,11,13,1
12325,110173,4.75,0,12,15,15,1
12326,110182,2.36,0,7,10,9,1
12327,110189,1.93,0,6,9,7,1
12328,110192,-0.03,0,2,5,3,1
12329,110197,0.4,0,3,6,5,1
12330,110200,-0.03,0,2,5,3,1
12331,110202,-0.52,0,1,4,2,1
12332,110206,0.46,0,3,6,4,1
12333,110208,-0.52,0,1,4,2,1
12334,110211,-0.03,0,2,5,3,1
12335,110215,0.46,0,3,6,4,1
12336,110219,0.46,0,3,6,4,1
12337,110222,-0.03,0,2,5,3,1
12338,110224,-0.52,0,1,4,2,1
12339,110255,7.09,0,18,21,31,1
12340,110261,0.89,0,4,7,6,1
12341,110271,2.3,0,7,10,10,1
12342,110293,3.23,0,10,13,22,1
12343,110295,-0.52,0,1,4,2,1
12344,110317,6.53,0,16,19,22,1
12345,110321,0.46,0,3,6,4,1
12346,110327,0.34,0,3,6,6,1
12347,110336,2.91,0,8,11,9,1
12348,110342,1.44,0,5,8,6,1
12349,110347,0.95,0,4,7,5,1
12350,110351,0.46,0,3,6,4,1
12351,110356,0.95,0,4,7,5,1
12352,110359,-0.03,0,2,5,3,1
12353,110363,0.46,0,3,6,4,1
12354,110376,4.32,0,11,14,13,1
12355,110381,-0.15,0,2,5,5,1
12356,110409,5.07,0,14,17,28,1
12357,110410,-1.01,0,0,3,1,1
12358,110411,-1.01,0,0,3,1,1
12359,110420,2.36,0,7,10,9,1
12360,110428,1.87,0,6,9,8,1
12361,110448,5.55,0,14,17,20,1
12362,110456,1.87,0,6,9,8,1
12363,110458,-0.52,0,1,4,2,1
12364,110464,1.44,0,5,8,6,1
12365,110481,3.53,0,10,13,17,1
12366,110507,6.84,0,17,20,26,1
12367,110514,1.38,0,5,8,7,1
12368,110518,-0.09,0,2,5,4,1
12369,110522,0.46,0,3,6,4,1
12370,110531,2.36,0,7,10,9,1
12371,110535,-0.09,0,2,5,4,1
12372,110539,0.46,0,3,6,4,1
12373,110542,-0.03,0,2,5,3,1
12374,110563,6.59,0,16,19,21,1
12375,110564,-1.01,0,0,3,1,1
12376,110578,3.16,0,9,12,14,1
12377,110586,0.77,0,4,7,8,1
12378,110594,2.42,0,7,10,8,1
12379,110607,2.67,0,8,11,13,1
12380,110615,1.87,0,6,9,8,1
12381,110636,4.94,0,13,16,21,1
12382,110667,4.34,0,13,16,31,1
12383,110669,-0.52,0,1,4,2,1
12384,110673,-0.09,0,2,5,4,1
12385,110677,0.46,0,3,6,4,1
12386,110681,0.46,0,3,6,4,1
12387,110689,1.87,0,6,9,8,1
12388,110699,2.85,0,8,11,10,1
12389,110701,-0.52,0,1,4,2,1
12390,110719,2.92,0,9,12,18,1
12391,110746,6.23,0,16,19,27,1
12392,110752,0.89,0,4,7,6,1
12393,110761,1.81,0,6,9,9,1
12394,110768,1.38,0,5,8,7,1
12395,110794,5.19,0,14,17,26,1
12396,110822,7.82,0,19,22,28,1
12397,110825,-0.03,0,2,5,3,1
12398,110840,3.65,0,10,13,15,1
12399,110850,2.85,0,8,11,10,1
12400,110852,-0.52,0,1,4,2,1
12401,110855,-0.03,0,2,5,3,1
12402,110874,5.06,0,13,16,19,1
12403,110881,1.38,0,5,8,7,1
12404,110895,3.71,0,10,13,14,1
12405,110907,3.83,0,10,13,12,1
12406,110908,-1.01,0,0,3,1,1
12407,110910,-0.52,0,1,4,2,1
12408,110916,1.44,0,5,8,6,1
12409,110922,0.89,0,4,7,6,1
12410,110924,-0.52,0,1,4,2,1
12411,110932,2.42,0,7,10,8,1
12412,110933,-1.01,0,0,3,1,1
12413,110947,5.36,0,13,16,14,1
12414,110950,-0.58,0,1,4,3,1
12415,110958,1.87,0,6,9,8,1
12416,110969,2.24,0,7,10,11,1
12417,110970,-1.01,0,0,3,1,1
12418,110974,0.46,0,3,6,4,1
12419,110975,-1.01,0,0,3,1,1
12420,110978,-0.03,0,2,5,3,1
12421,110980,-0.52,0,1,4,2,1
12422,110999,5.61,0,14,17,19,1
12423,111001,-0.52,0,1,4,2,1
12424,111004,-0.03,0,2,5,3,1
12425,111010,1.44,0,5,8,6,1
12426,111018,1.32,0,5,8,8,1
12427,111051,6.42,0,17,20,33,1
12428,111055,-0.09,0,2,5,4,1
12429,111078,5.92,0,15,18,23,1
12430,111091,2.67,0,8,11,13,1
12431,111093,-0.52,0,1,4,2,1
12432,111127,5.26,0,15,18,34,1
12433,111130,-0.03,0,2,5,3,1
12434,111145,4.2,0,11,14,15,1
12435,111168,6.47,0,16,19,23,1
12436,111170,-0.52,0,1,4,2,1
12437,111184,4.81,0,12,15,14,1
12438,111207,2.62,0,9,12,23,1
12439,111227,3.9,0,11,14,20,1
12440,111235,2.42,0,7,10,8,1
12441,111237,-0.52,0,1,4,2,1
12442,111255,4.57,0,12,15,18,1
12443,111261,0.89,0,4,7,6,1
12444,111268,0.28,0,3,6,7,1
12445,111285,2.98,0,9,12,17,1
12446,111290,0.95,0,4,7,5,1
12447,111315,3.6,0,11,14,25,1
12448,111328,3.22,0,9,12,13,1
12449,111329,-1.01,0,0,3,1,1
12450,111339,2.3,0,7,10,10,1
12451,111347,1.32,0,5,8,8,1
12452,111360,3.22,0,9,12,13,1
12453,111374,3.71,0,10,13,14,1
12454,111376,-0.52,0,1,4,2,1
12455,111385,1.26,0,5,8,9,1
12456,111386,-1.01,0,0,3,1,1
12457,111387,-1.01,0,0,3,1,1
12458,111390,-0.03,0,2,5,3,1
12459,111394,0.46,0,3,6,4,1
12460,111402,2.42,0,7,10,8,1
12461,111405,-0.03,0,2,5,3,1
12462,111424,3.96,0,11,14,19,1
12463,111427,-0.03,0,2,5,3,1
12464,111440,3.22,0,9,12,13,1
12465,111445,0.95,0,4,7,5,1
12466,111447,-0.52,0,1,4,2,1
12467,111457,1.75,0,6,9,10,1
12468,111466,1.81,0,6,9,9,1
12469,111488,4.88,0,13,16,22,1
12470,111492,0.46,0,3,6,4,1
12471,111496,-0.09,0,2,5,4,1
12472,111531,3.0,0,11,14,35,1
12473,111540,2.91,0,8,11,9,1
12474,111553,3.77,0,10,13,13,1
12475,111566,3.22,0,9,12,13,1
12476,111569,-0.03,0,2,5,3,1
12477,111578,1.81,0,6,9,9,1
12478,111596,3.47,0,10,13,18,1
12479,111626,4.4,0,13,16,30,1
12480,111636,2.3,0,7,10,10,1
12481,111639,-0.03,0,2,5,3,1
12482,111645,0.89,0,4,7,6,1
12483,111650,-0.15,0,2,5,5,1
12484,111681,7.64,0,19,22,31,1
12485,111687,1.44,0,5,8,6,1
12486,111688,-1.01,0,0,3,1,1
12487,111694,1.44,0,5,8,6,1
12488,111713,3.96,0,11,14,19,1
12489,111742,5.01,0,14,17,29,1
12490,111774,7.03,0,18,21,32,1
12491,111777,-0.03,0,2,5,3,1
12492,111790,3.22,0,9,12,13,1
12493,111844,6.26,0,19,22,54,1
12494,111859,3.65,0,10,13,15,1
12495,111873,3.71,0,10,13,14,1
12496,111912,5.51,0,16,19,39,1
12497,111913,-1.01,0,0,3,1,1
12498,111916,-0.03,0,2,5,3,1
12499,111925,1.26,0,5,8,9,1
12500,111926,-1.01,0,0,3,1,1
12501,111929,-0.03,0,2,5,3,1
12502,111930,-1.01,0,0,3,1,1
12503,111932,-0.52,0,1,4,2,1
12504,111936,-0.09,0,2,5,4,1
12505,111938,-0.52,0,1,4,2,1
12506,111944,1.44,0,5,8,6,1
12507,111948,-0.09,0,2,5,4,1
12508,111950,-0.52,0,1,4,2,1
12509,111968,4.02,0,11,14,18,1
12510,111969,-1.01,0,0,3,1,1
12511,111977,1.87,0,6,9,8,1
12512,111980,-0.03,0,2,5,3,1
12513,111983,-0.03,0,2,5,3,1
12514,111984,-1.01,0,0,3,1,1
12515,111988,0.46,0,3,6,4,1
12516,111989,-1.01,0,0,3,1,1
12517,112003,2.61,0,8,11,14,1
12518,112007,0.46,0,3,6,4,1
12519,112026,3.41,0,10,13,19,1
12520,112031,0.95,0,4,7,5,1
12521,112035,0.46,0,3,6,4,1
12522,112048,3.22,0,9,12,13,1
12523,112061,3.22,0,9,12,13,1
12524,112064,-0.58,0,1,4,3,1
12525,112070,1.44,0,5,8,6,1
12526,112072,-0.52,0,1,4,2,1
12527,112090,4.02,0,11,14,18,1
12528,112103,3.77,0,10,13,13,1
12529,112137,7.46,0,19,22,34,1
12530,112154,3.53,0,10,13,17,1
12531,112158,0.46,0,3,6,4,1
12532,112174,5.24,0,13,16,16,1
12533,112184,1.75,0,6,9,10,1
12534,112186,-0.52,0,1,4,2,1
12535,112189,-0.03,0,2,5,3,1
12536,112202,3.77,0,10,13,13,1
12537,112207,0.4,0,3,6,5,1
12538,112215,2.42,0,7,10,8,1
12539,112221,0.89,0,4,7,6,1
12540,112244,6.47,0,16,19,23,1
12541,112249,0.95,0,4,7,5,1
12542,112252,-0.03,0,2,5,3,1
12543,112270,4.02,0,11,14,18,1
12544,112271,-1.01,0,0,3,1,1
12545,112273,-0.52,0,1,4,2,1
12546,112276,-0.03,0,2,5,3,1
12547,112280,-0.09,0,2,5,4,1
12548,112283,-0.03,0,2,5,3,1
12549,112303,5.0,0,13,16,20,1
12550,112307,0.46,0,3,6,4,1
12551,112315,1.87,0,6,9,8,1
12552,112351,6.79,0,18,21,36,1
12553,112363,1.63,0,6,9,12,1
12554,112379,3.04,0,9,12,16,1
12555,112406,5.13,0,14,17,27,1
12556,112407,-1.01,0,0,3,1,1
12557,112414,0.83,0,4,7,7,1
12558,112416,-0.52,0,1,4,2,1
12559,112420,0.46,0,3,6,4,1
12560,112423,-0.03,0,2,5,3,1
12561,112424,-1.01,0,0,3,1,1
12562,112428,-0.09,0,2,5,4,1
12563,112435,0.83,0,4,7,7,1
12564,112445,2.3,0,7,10,10,1
12565,112454,2.36,0,7,10,9,1
12566,112457,-0.03,0,2,5,3,1
12567,112458,-1.01,0,0,3,1,1
12568,112459,-1.01,0,0,3,1,1
12569,112473,3.16,0,9,12,14,1
12570,112481,1.87,0,6,9,8,1
12571,112495,3.16,0,9,12,14,1
12572,112502,1.38,0,5,8,7,1
12573,112520,5.67,0,14,17,18,1
12574,112522,-0.52,0,1,4,2,1
12575,112529,1.93,0,6,9,7,1
12576,112535,1.44,0,5,8,6,1
12577,112538,-0.03,0,2,5,3,1
12578,112550,1.63,0,6,9,12,1
12579,112551,-1.01,0,0,3,1,1
12580,112565,3.16,0,9,12,14,1
12581,112586,4.94,0,13,16,21,1
12582,112594,1.87,0,6,9,8,1
12583,112599,0.4,0,3,6,5,1
12584,112601,-0.52,0,1,4,2,1
12585,112602,-1.01,0,0,3,1,1
12586,112611,2.91,0,8,11,9,1
12587,112612,-1.01,0,0,3,1,1
12588,112614,-0.52,0,1,4,2,1
12589,112619,0.95,0,4,7,5,1
12590,112624,0.95,0,4,7,5,1
12591,112641,5.18,0,13,16,17,1
12592,112647,0.89,0,4,7,6,1
12593,112648,-1.01,0,0,3,1,1
12594,112675,4.58,0,13,16,27,1
12595,112682,1.38,0,5,8,7,1
12596,112702,3.35,0,10,13,20,1
12597,112708,1.44,0,5,8,6,1
12598,112710,-0.52,0,1,4,2,1
12599,112733,4.27,0,12,15,23,1
12600,112765,5.38,0,15,18,32,1
12601,112767,-0.52,0,1,4,2,1
12602,112785,4.57,0,12,15,18,1
12603,112787,-0.52,0,1,4,2,1
12604,112790,-0.03,0,2,5,3,1
12605,112794,0.46,0,3,6,4,1
12606,112811,1.88,0,7,10,17,1
12607,112812,-1.01,0,0,3,1,1
12608,112824,2.73,0,8,11,12,1
12609,112829,0.4,0,3,6,5,1
12610,112844,4.2,0,11,14,15,1
12611,112847,-0.03,0,2,5,3,1
12612,112864,5.73,0,14,17,17,1
12613,112868,0.46,0,3,6,4,1
12614,112877,2.36,0,7,10,9,1
12615,112881,0.46,0,3,6,4,1
12616,112887,1.44,0,5,8,6,1
12617,112888,-1.01,0,0,3,1,1
12618,112893,0.4,0,3,6,5,1
12619,112899,1.44,0,5,8,6,1
12620,112900,-1.01,0,0,3,1,1
12621,112904,0.46,0,3,6,4,1
12622,112913,1.81,0,6,9,9,1
12623,112920,1.93,0,6,9,7,1
12624,112921,-1.01,0,0,3,1,1
12625,112930,1.81,0,6,9,9,1
12626,112948,4.57,0,12,15,18,1
12627,112972,4.76,0,13,16,24,1
12628,112973,-1.01,0,0,3,1,1
12629,112981,2.42,0,7,10,8,1
12630,112989,1.87,0,6,9,8,1
12631,112992,-0.03,0,2,5,3,1
12632,113011,2.31,0,8,11,19,1
12633,113012,-1.01,0,0,3,1,1
12634,113013,-1.01,0,0,3,1,1
12635,113014,-1.01,0,0,3,1,1
12636,113017,-0.03,0,2,5,3,1
12637,113024,1.93,0,6,9,7,1
12638,113030,1.44,0,5,8,6,1
12639,113040,1.75,0,6,9,10,1
12640,113043,-0.03,0,2,5,3,1
12641,113044,-1.01,0,0,3,1,1
12642,113046,-0.52,0,1,4,2,1
12643,113061,4.2,0,11,14,15,1
12644,113109,5.52,0,17,20,48,1
12645,113116,0.83,0,4,7,7,1
12646,113118,-0.52,0,1,4,2,1
12647,113119,-1.01,0,0,3,1,1
12648,113169,6.5,0,19,22,50,1
12649,113173,0.46,0,3,6,4,1
12650,113175,-0.52,0,1,4,2,1
12651,113193,4.02,0,11,14,18,1
12652,113198,0.4,0,3,6,5,1
12653,113203,0.95,0,4,7,5,1
12654,113212,1.26,0,5,8,9,1
12655,113230,4.02,0,11,14,18,1
12656,113276,6.74,0,19,22,46,1
12657,113290,3.16,0,9,12,14,1
12658,113300,2.3,0,7,10,10,1
12659,113311,3.34,0,9,12,11,1
12660,113312,-1.01,0,0,3,1,1
12661,113331,4.51,0,12,15,19,1
12662,113334,-0.03,0,2,5,3,1
12663,113336,-0.52,0,1,4,2,1
12664,113356,3.9,0,11,14,20,1
12665,113372,3.59,0,10,13,16,1
12666,113375,-0.03,0,2,5,3,1
12667,113381,1.44,0,5,8,6,1
12668,113400,3.96,0,11,14,19,1
12669,113406,0.34,0,3,6,6,1
12670,113420,3.71,0,10,13,14,1
12671,113429,1.81,0,6,9,9,1
12672,113441,1.63,0,6,9,12,1
12673,113448,1.93,0,6,9,7,1
12674,113469,6.04,0,15,18,21,1
12675,113492,5.92,0,15,18,23,1
12676,113503,3.34,0,9,12,11,1
12677,113505,-0.52,0,1,4,2,1
12678,113527,6.53,0,16,19,22,1
12679,113534,1.93,0,6,9,7,1
12680,113536,-0.52,0,1,4,2,1
12681,113537,-1.01,0,0,3,1,1
12682,113542,0.95,0,4,7,5,1
12683,113550,2.42,0,7,10,8,1
12684,113552,-0.52,0,1,4,2,1
12685,113553,-1.01,0,0,3,1,1
12686,113556,-0.03,0,2,5,3,1
12687,113559,-0.03,0,2,5,3,1
12688,113563,0.46,0,3,6,4,1
12689,113570,1.38,0,5,8,7,1
12690,113580,2.3,0,7,10,10,1
12691,113607,5.13,0,14,17,27,1
12692,113618,2.24,0,7,10,11,1
12693,113626,1.32,0,5,8,8,1
12694,113633,0.83,0,4,7,7,1
12695,113636,-0.03,0,2,5,3,1
12696,113640,0.46,0,3,6,4,1
12697,113650,2.85,0,8,11,10,1
12698,113692,5.33,0,16,19,42,1
12699,113725,5.87,0,16,19,33,1
12700,113737,2.73,0,8,11,12,1
12701,113756,2.86,0,9,12,19,1
12702,113769,3.22,0,9,12,13,1
12703,113770,-1.01,0,0,3,1,1
12704,113771,-1.01,0,0,3,1,1
12705,113794,3.72,0,11,14,23,1
12706,113816,4.33,0,12,15,22,1
12707,113823,1.38,0,5,8,7,1
12708,113833,2.85,0,8,11,10,1
12709,113835,-0.52,0,1,4,2,1
12710,113842,1.93,0,6,9,7,1
12711,113847,0.4,0,3,6,5,1
12712,113879,6.48,0,17,20,32,1
12713,113889,1.75,0,6,9,10,1
12714,113890,-1.01,0,0,3,1,1
12715,113895,0.95,0,4,7,5,1
12716,113915,5.0,0,13,16,20,1
12717,113918,-0.03,0,2,5,3,1
12718,113930,2.73,0,8,11,12,1
12719,113932,-0.52,0,1,4,2,1
12720,113942,1.75,0,6,9,10,1
12721,113950,1.32,0,5,8,8,1
12722,113952,-0.52,0,1,4,2,1
12723,113955,-0.03,0,2,5,3,1
12724,113956,-1.01,0,0,3,1,1
12725,113962,1.44,0,5,8,6,1
12726,113966,0.46,0,3,6,4,1
12727,113975,2.91,0,8,11,9,1
12728,113979,0.46,0,3,6,4,1
12729,113990,3.34,0,9,12,11,1
12730,113993,-0.03,0,2,5,3,1
12731,113998,0.4,0,3,6,5,1
12732,113999,-1.01,0,0,3,1,1
12733,114007,0.77,0,4,7,8,1
12734,114016,1.81,0,6,9,9,1
12735,114018,-0.52,0,1,4,2,1
12736,114022,-0.09,0,2,5,4,1
12737,114030,2.42,0,7,10,8,1
12738,114039,2.36,0,7,10,9,1
12739,114040,-1.01,0,0,3,1,1
12740,114042,-0.52,0,1,4,2,1
12741,114083,5.39,0,16,19,41,1
12742,114119,6.24,0,17,20,36,1
12743,114123,0.46,0,3,6,4,1
12744,114128,0.95,0,4,7,5,1
12745,114132,0.46,0,3,6,4,1
12746,114164,5.93,0,16,19,32,1
12747,114170,-0.21,0,2,5,6,1
12748,114176,0.89,0,4,7,6,1
12749,114190,3.71,0,10,13,14,1
12750,114205,2.55,0,8,11,15,1
12751,114246,6.49,0,18,21,41,1
12752,114256,1.75,0,6,9,10,1
12753,114259,-0.03,0,2,5,3,1
12754,114261,-0.52,0,1,4,2,1
12755,114272,2.79,0,8,11,11,1
12756,114274,-0.52,0,1,4,2,1
12757,114292,5.12,0,13,16,18,1
12758,114304,2.18,0,7,10,12,1
12759,114308,-0.09,0,2,5,4,1
12760,114334,4.64,0,13,16,26,1
12761,114372,6.67,0,18,21,38,1
12762,114373,-1.01,0,0,3,1,1
12763,114375,-0.52,0,1,4,2,1
12764,114378,-0.03,0,2,5,3,1
12765,114388,1.75,0,6,9,10,1
12766,114395,0.83,0,4,7,7,1
12767,114406,1.69,0,6,9,11,1
12768,114408,-0.52,0,1,4,2,1
12769,114410,-0.52,0,1,4,2,1
12770,114418,2.42,0,7,10,8,1
12771,114423,0.95,0,4,7,5,1
12772,114425,-0.52,0,1,4,2,1
12773,114426,-1.01,0,0,3,1,1
12774,114429,-0.03,0,2,5,3,1
12775,114431,-0.52,0,1,4,2,1
12776,114446,3.1,0,9,12,15,1
12777,114468,6.53,0,16,19,22,1
12778,114474,1.44,0,5,8,6,1
12779,114476,-0.52,0,1,4,2,1
12780,114495,5.06,0,13,16,19,1
12781,114496,-1.01,0,0,3,1,1
12782,114510,2.61,0,8,11,14,1
12783,114527,5.73,0,14,17,17,1
12784,114532,0.95,0,4,7,5,1
12785,114549,4.08,0,11,14,17,1
12786,114552,-0.03,0,2,5,3,1
12787,114589,5.08,0,15,18,37,1
12788,114595,1.44,0,5,8,6,1
12789,114597,-0.52,0,1,4,2,1
12790,114617,3.9,0,11,14,20,1
12791,114622,-0.15,0,2,5,5,1
12792,114635,3.22,0,9,12,13,1
12793,114653,3.47,0,10,13,18,1
12794,114661,2.42,0,7,10,8,1
12795,114664,-0.03,0,2,5,3,1
12796,114668,-0.09,0,2,5,4,1
12797,114683,4.2,0,11,14,15,1
12798,114709,5.19,0,14,17,26,1
12799,114722,2.67,0,8,11,13,1
12800,114726,-0.09,0,2,5,4,1
12801,114729,-0.03,0,2,5,3,1
12802,114751,4.88,0,13,16,22,1
12803,114753,-0.52,0,1,4,2,1
12804,114780,6.23,0,16,19,27,1
12805,114781,-1.01,0,0,3,1,1
12806,114833,6.38,0,19,22,52,1
12807,114834,-1.01,0,0,3,1,1
12808,114842,1.87,0,6,9,8,1
12809,114847,0.95,0,4,7,5,1
12810,114849,-0.52,0,1,4,2,1
12811,114856,1.93,0,6,9,7,1
12812,114861,0.95,0,4,7,5,1
12813,114862,-1.01,0,0,3,1,1
12814,114872,2.3,0,7,10,10,1
12815,114875,-0.03,0,2,5,3,1
12816,114882,0.83,0,4,7,7,1
12817,114886,0.46,0,3,6,4,1
12818,114887,-1.01,0,0,3,1,1
12819,114905,5.12,0,13,16,18,1
12820,114917,2.73,0,8,11,12,1
12821,114951,5.81,0,16,19,34,1
12822,114959,2.42,0,7,10,8,1
12823,114962,-0.03,0,2,5,3,1
12824,114972,2.3,0,7,10,10,1
12825,114975,-0.03,0,2,5,3,1
12826,114982,1.38,0,5,8,7,1
12827,114989,1.38,0,5,8,7,1
12828,114990,-1.01,0,0,3,1,1
12829,114999,1.81,0,6,9,9,1
12830,115000,-1.01,0,0,3,1,1
12831,115002,-0.52,0,1,4,2,1
12832,115009,1.93,0,6,9,7,1
12833,115011,-0.52,0,1,4,2,1
12834,115023,2.73,0,8,11,12,1
12835,115033,2.3,0,7,10,10,1
12836,115058,5.8,0,15,18,25,1
12837,115066,1.87,0,6,9,8,1
12838,115068,-0.52,0,1,4,2,1
12839,115070,-0.52,0,1,4,2,1
12840,115086,3.59,0,10,13,16,1
12841,115089,-0.03,0,2,5,3,1
12842,115097,2.42,0,7,10,8,1
12843,115100,-0.03,0,2,5,3,1
12844,115118,3.47,0,10,13,18,1
12845,115126,2.42,0,7,10,8,1
12846,115131,0.95,0,4,7,5,1
12847,115133,-0.52,0,1,4,2,1
12848,115142,2.36,0,7,10,9,1
12849,115148,1.44,0,5,8,6,1
12850,115178,6.05,0,16,19,30,1
12851,115184,1.44,0,5,8,6,1
12852,115188,0.46,0,3,6,4,1
12853,115191,-0.03,0,2,5,3,1
12854,115196,0.95,0,4,7,5,1
12855,115199,-0.03,0,2,5,3,1
12856,115202,-0.03,0,2,5,3,1
12857,115208,1.44,0,5,8,6,1
12858,115211,-0.03,0,2,5,3,1
12859,115220,1.81,0,6,9,9,1
12860,115228,1.87,0,6,9,8,1
12861,115229,-1.01,0,0,3,1,1
12862,115230,-1.01,0,0,3,1,1
12863,115232,-0.52,0,1,4,2,1
12864,115233,-1.01,0,0,3,1,1
12865,115257,6.96,0,17,20,24,1
12866,115263,1.44,0,5,8,6,1
12867,115278,3.1,0,9,12,15,1
12868,115295,3.53,0,10,13,17,1
12869,115303,0.77,0,4,7,8,1
12870,115307,0.46,0,3,6,4,1
12871,115314,0.83,0,4,7,7,1
12872,115315,-1.01,0,0,3,1,1
12873,115317,-0.52,0,1,4,2,1
12874,115330,3.77,0,10,13,13,1
12875,115344,3.16,0,9,12,14,1
12876,115346,-0.52,0,1,4,2,1
12877,115348,-0.52,0,1,4,2,1
12878,115353,0.95,0,4,7,5,1
12879,115369,4.14,0,11,14,16,1
12880,115374,0.95,0,4,7,5,1
12881,115375,-1.01,0,0,3,1,1
12882,115382,1.38,0,5,8,7,1
12883,115390,1.87,0,6,9,8,1
12884,115412,4.88,0,13,16,22,1
12885,115418,1.44,0,5,8,6,1
12886,115436,4.02,0,11,14,18,1
12887,115446,2.3,0,7,10,10,1
12888,115449,-0.03,0,2,5,3,1
12889,115456,1.38,0,5,8,7,1
12890,115469,4.87,0,12,15,13,1
12891,115477,1.87,0,6,9,8,1
12892,115481,-0.09,0,2,5,4,1
12893,115484,-0.03,0,2,5,3,1
12894,115485,-1.01,0,0,3,1,1
12895,115486,-1.01,0,0,3,1,1
12896,115493,1.38,0,5,8,7,1
12897,115515,5.43,0,14,17,22,1
12898,115541,4.64,0,13,16,26,1
12899,115555,3.16,0,9,12,14,1
12900,115569,3.71,0,10,13,14,1
12901,115584,3.1,0,9,12,15,1
12902,115598,3.16,0,9,12,14,1
12903,115603,0.4,0,3,6,5,1
12904,115606,-0.03,0,2,5,3,1
12905,115629,5.92,0,15,18,23,1
12906,115632,-0.03,0,2,5,3,1
12907,115634,-0.52,0,1,4,2,1
12908,115643,2.91,0,8,11,9,1
12909,115651,1.87,0,6,9,8,1
12910,115660,2.91,0,8,11,9,1
12911,115668,1.87,0,6,9,8,1
12912,115688,3.9,0,11,14,20,1
12913,115690,-0.52,0,1,4,2,1
12914,115693,-0.03,0,2,5,3,1
12915,115703,2.85,0,8,11,10,1
12916,115706,-0.03,0,2,5,3,1
12917,115709,-0.03,0,2,5,3,1
12918,115713,0.46,0,3,6,4,1
12919,115729,3.59,0,10,13,16,1
12920,115738,2.91,0,8,11,9,1
12921,115743,0.4,0,3,6,5,1
12922,115758,5.3,0,13,16,15,1
12923,115760,-0.52,0,1,4,2,1
12924,115769,2.36,0,7,10,9,1
12925,115781,3.28,0,9,12,12,1
12926,115793,2.73,0,8,11,12,1
12927,115798,0.4,0,3,6,5,1
12928,115800,-0.52,0,1,4,2,1
12929,115825,4.7,0,13,16,25,1
12930,115852,4.58,0,13,16,27,1
12931,115853,-1.01,0,0,3,1,1
12932,115868,2.55,0,8,11,15,1
12933,115900,5.93,0,16,19,32,1
12934,115901,-1.01,0,0,3,1,1
12935,115925,5.31,0,14,17,24,1
12936,115942,5.18,0,13,16,17,1
12937,115955,2.67,0,8,11,13,1
12938,115958,-0.03,0,2,5,3,1
12939,115959,-1.01,0,0,3,1,1
12940,115962,-0.03,0,2,5,3,1
12941,116000,6.12,0,17,20,38,1
12942,116005,0.4,0,3,6,5,1
12943,116018,3.77,0,10,13,13,1
12944,116025,1.38,0,5,8,7,1
12945,116047,5.43,0,14,17,22,1
12946,116049,-0.52,0,1,4,2,1
12947,116057,1.87,0,6,9,8,1
12948,116060,-0.03,0,2,5,3,1
12949,116066,0.89,0,4,7,6,1
12950,116074,1.87,0,6,9,8,1
12951,116086,2.18,0,7,10,12,1
12952,116099,3.22,0,9,12,13,1
12953,116102,-0.03,0,2,5,3,1
12954,116118,4.14,0,11,14,16,1
12955,116128,2.85,0,8,11,10,1
12956,116146,4.02,0,11,14,18,1
12957,116152,1.44,0,5,8,6,1
12958,116154,-0.52,0,1,4,2,1
12959,116159,0.95,0,4,7,5,1
12960,116164,0.95,0,4,7,5,1
12961,116195,5.99,0,16,19,31,1
12962,116211,4.69,0,12,15,16,1
12963,116229,4.02,0,11,14,18,1
12964,116233,0.46,0,3,6,4,1
12965,116239,0.89,0,4,7,6,1
12966,116241,-0.52,0,1,4,2,1
12967,116255,3.16,0,9,12,14,1
12968,116267,2.73,0,8,11,12,1
12969,116274,1.93,0,6,9,7,1
12970,116284,2.85,0,8,11,10,1
12971,116295,2.79,0,8,11,11,1
12972,116300,0.95,0,4,7,5,1
12973,116301,-1.01,0,0,3,1,1
12974,116303,-0.52,0,1,4,2,1
12975,116304,-1.01,0,0,3,1,1
12976,116318,3.71,0,10,13,14,1
12977,116321,-0.03,0,2,5,3,1
12978,116322,-1.01,0,0,3,1,1
12979,116332,1.75,0,6,9,10,1
12980,116339,1.38,0,5,8,7,1
12981,116350,2.24,0,7,10,11,1
12982,116354,-0.09,0,2,5,4,1
12983,116359,0.4,0,3,6,5,1
12984,116360,-1.01,0,0,3,1,1
12985,116362,-0.52,0,1,4,2,1
12986,116377,2.55,0,8,11,15,1
12987,116378,-1.01,0,0,3,1,1
12988,116387,2.36,0,7,10,9,1
12989,116392,0.95,0,4,7,5,1
12990,116437,5.7,0,17,20,45,1
12991,116439,-0.52,0,1,4,2,1
12992,116443,0.46,0,3,6,4,1
12993,116478,4.65,0,14,17,35,1
12994,116504,5.19,0,14,17,26,1
12995,116509,0.95,0,4,7,5,1
12996,116511,-0.52,0,1,4,2,1
12997,116524,3.77,0,10,13,13,1
12998,116529,0.95,0,4,7,5,1
12999,116535,1.44,0,5,8,6,1
13000,116537,-0.52,0,1,4,2,1
13001,116547,2.85,0,8,11,10,1
13002,116548,-1.01,0,0,3,1,1
13003,116560,3.83,0,10,13,12,1
13004,116580,5.55,0,14,17,20,1
13005,116611,4.34,0,13,16,31,1
13006,116614,-0.58,0,1,4,3,1
13007,116616,-0.52,0,1,4,2,1
13008,116618,-0.52,0,1,4,2,1
13009,116628,2.85,0,8,11,10,1
13010,116632,0.46,0,3,6,4,1
13011,116649,4.08,0,11,14,17,1
13012,116677,6.17,0,16,19,28,1
13013,116678,-1.01,0,0,3,1,1
13014,116679,-1.01,0,0,3,1,1
13015,116688,1.81,0,6,9,9,1
13016,116692,0.46,0,3,6,4,1
13017,116696,0.46,0,3,6,4,1
13018,116706,2.85,0,8,11,10,1
13019,116710,0.46,0,3,6,4,1
13020,116711,-1.01,0,0,3,1,1
13021,116717,0.89,0,4,7,6,1
13022,116728,2.79,0,8,11,11,1
13023,116732,0.46,0,3,6,4,1
13024,116738,1.44,0,5,8,6,1
13025,116758,3.9,0,11,14,20,1
13026,116760,-0.52,0,1,4,2,1
13027,116768,0.77,0,4,7,8,1
13028,116775,1.93,0,6,9,7,1
13029,116780,-0.15,0,2,5,5,1
13030,116782,-0.52,0,1,4,2,1
13031,116788,0.89,0,4,7,6,1
13032,116798,1.75,0,6,9,10,1
13033,116805,1.93,0,6,9,7,1
13034,116817,2.73,0,8,11,12,1
13035,116845,6.17,0,16,19,28,1
13036,116849,0.46,0,3,6,4,1
13037,116851,-0.52,0,1,4,2,1
13038,116855,0.46,0,3,6,4,1
13039,116857,-0.52,0,1,4,2,1
13040,116872,3.65,0,10,13,15,1
13041,116889,4.63,0,12,15,17,1
13042,116902,1.57,0,6,9,13,1
13043,116907,0.95,0,4,7,5,1
13044,116912,0.95,0,4,7,5,1
13045,116916,0.46,0,3,6,4,1
13046,116932,3.59,0,10,13,16,1
13047,116933,-1.01,0,0,3,1,1
13048,116934,-1.01,0,0,3,1,1
13049,116938,0.46,0,3,6,4,1
13050,116948,3.4,0,9,12,10,1
13051,116959,2.24,0,7,10,11,1
13052,116963,0.46,0,3,6,4,1
13053,116973,1.75,0,6,9,10,1
13054,116983,2.85,0,8,11,10,1
13055,116991,1.32,0,5,8,8,1
13056,117002,2.24,0,7,10,11,1
13057,117005,-0.03,0,2,5,3,1
13058,117017,3.28,0,9,12,12,1
13059,117037,4.45,0,12,15,20,1
13060,117046,1.81,0,6,9,9,1
13061,117051,0.95,0,4,7,5,1
13062,117060,1.81,0,6,9,9,1
13063,117068,1.87,0,6,9,8,1
13064,117089,4.39,0,12,15,21,1
13065,117094,0.95,0,4,7,5,1
13066,117126,4.28,0,13,16,32,1
13067,117136,1.75,0,6,9,10,1
13068,117140,0.46,0,3,6,4,1
13069,117155,3.65,0,10,13,15,1
13070,117178,5.37,0,14,17,23,1
13071,117180,-0.52,0,1,4,2,1
13072,117196,4.14,0,11,14,16,1
13073,117200,-0.09,0,2,5,4,1
13074,117202,-0.52,0,1,4,2,1
13075,117209,1.93,0,6,9,7,1
13076,117217,1.87,0,6,9,8,1
13077,117224,1.93,0,6,9,7,1
13078,117230,1.44,0,5,8,6,1
13079,117249,5.06,0,13,16,19,1
13080,117250,-1.01,0,0,3,1,1
13081,117265,3.65,0,10,13,15,1
13082,117269,-0.09,0,2,5,4,1
13083,117278,2.36,0,7,10,9,1
13084,117291,3.22,0,9,12,13,1
13085,117300,2.36,0,7,10,9,1
13086,117304,0.46,0,3,6,4,1
13087,117306,-0.52,0,1,4,2,1
13088,117313,1.93,0,6,9,7,1
13089,117314,-1.01,0,0,3,1,1
13090,117319,0.95,0,4,7,5,1
13091,117322,-0.03,0,2,5,3,1
13092,117326,0.46,0,3,6,4,1
13093,117331,0.95,0,4,7,5,1
13094,117340,2.91,0,8,11,9,1
13095,117342,-0.52,0,1,4,2,1
13096,117350,1.87,0,6,9,8,1
13097,117356,0.89,0,4,7,6,1
13098,117387,4.89,0,14,17,31,1
13099,117391,0.46,0,3,6,4,1
13100,117418,5.13,0,14,17,27,1
13101,117425,1.93,0,6,9,7,1
13102,117434,0.71,0,4,7,9,1
13103,117456,5.98,0,15,18,22,1
13104,117462,1.44,0,5,8,6,1
13105,117473,3.34,0,9,12,11,1
13106,117486,2.12,0,7,10,13,1
13107,117526,7.1,0,19,22,40,1
13108,117542,1.94,0,7,10,16,1
13109,117550,1.87,0,6,9,8,1
13110,117557,1.38,0,5,8,7,1
13111,117562,0.95,0,4,7,5,1
13112,117570,2.42,0,7,10,8,1
13113,117592,5.43,0,14,17,22,1
13114,117614,4.88,0,13,16,22,1
13115,117623,2.91,0,8,11,9,1
13116,117641,4.57,0,12,15,18,1
13117,117645,-0.09,0,2,5,4,1
13118,117647,-0.52,0,1,4,2,1
13119,117650,-0.03,0,2,5,3,1
13120,117651,-1.01,0,0,3,1,1
13121,117660,1.81,0,6,9,9,1
13122,117673,2.67,0,8,11,13,1
13123,117675,-0.52,0,1,4,2,1
13124,117676,-1.01,0,0,3,1,1
13125,117677,-1.01,0,0,3,1,1
13126,117687,2.85,0,8,11,10,1
13127,117693,1.44,0,5,8,6,1
13128,117708,2.55,0,8,11,15,1
13129,117724,3.59,0,10,13,16,1
13130,117727,-0.03,0,2,5,3,1
13131,117728,-1.01,0,0,3,1,1
13132,117736,1.87,0,6,9,8,1
13133,117742,1.44,0,5,8,6,1
13134,117747,-0.15,0,2,5,5,1
13135,117764,3.53,0,10,13,17,1
13136,117779,3.65,0,10,13,15,1
13137,117813,5.26,0,15,18,34,1
13138,117814,-1.01,0,0,3,1,1
13139,117829,3.1,0,9,12,15,1
13140,117834,0.4,0,3,6,5,1
13141,117845,2.24,0,7,10,11,1
13142,117850,0.95,0,4,7,5,1
13143,117851,-1.01,0,0,3,1,1
13144,117869,3.47,0,10,13,18,1
13145,117873,-0.09,0,2,5,4,1
13146,117880,1.93,0,6,9,7,1
13147,117885,0.95,0,4,7,5,1
13148,117886,-1.01,0,0,3,1,1
13149,117909,4.82,0,13,16,23,1
13150,117915,1.44,0,5,8,6,1
13151,117918,-0.58,0,1,4,3,1
13152,117929,3.34,0,9,12,11,1
13153,117931,-0.52,0,1,4,2,1
13154,117937,0.89,0,4,7,6,1
13155,117943,1.44,0,5,8,6,1
13156,117950,1.93,0,6,9,7,1
13157,117966,4.14,0,11,14,16,1
13158,117969,-0.03,0,2,5,3,1
13159,117974,0.4,0,3,6,5,1
13160,117983,2.36,0,7,10,9,1
13161,117987,0.46,0,3,6,4,1
13162,117996,2.36,0,7,10,9,1
13163,117999,-0.03,0,2,5,3,1
13164,118013,2.61,0,8,11,14,1
13165,118027,3.71,0,10,13,14,1
13166,118028,-1.01,0,0,3,1,1
13167,118043,4.75,0,12,15,15,1
13168,118051,2.42,0,7,10,8,1
13169,118054,-0.03,0,2,5,3,1
13170,118059,0.95,0,4,7,5,1
13171,118060,-1.01,0,0,3,1,1
13172,118073,3.22,0,9,12,13,1
13173,118078,0.4,0,3,6,5,1
13174,118083,0.95,0,4,7,5,1
13175,118089,1.44,0,5,8,6,1
13176,118100,3.34,0,9,12,11,1
13177,118111,3.89,0,10,13,11,1
13178,118112,-1.01,0,0,3,1,1
13179,118122,2.85,0,8,11,10,1
13180,118125,-0.03,0,2,5,3,1
13181,118134,1.81,0,6,9,9,1
13182,118136,-0.52,0,1,4,2,1
13183,118139,-0.03,0,2,5,3,1
13184,118147,1.87,0,6,9,8,1
13185,118152,0.4,0,3,6,5,1
13186,118155,-0.03,0,2,5,3,1
13187,118163,2.42,0,7,10,8,1
13188,118166,-0.03,0,2,5,3,1
13189,118171,0.4,0,3,6,5,1
13190,118172,-1.01,0,0,3,1,1
13191,118174,-0.52,0,1,4,2,1
13192,118176,-0.52,0,1,4,2,1
13193,118183,1.93,0,6,9,7,1
13194,118206,6.47,0,16,19,23,1
13195,118211,0.95,0,4,7,5,1
13196,118239,6.17,0,16,19,28,1
13197,118240,-1.01,0,0,3,1,1
13198,118267,6.23,0,16,19,27,1
13199,118270,-0.03,0,2,5,3,1
13200,118293,3.17,0,10,13,23,1
13201,118295,-0.52,0,1,4,2,1
13202,118306,3.34,0,9,12,11,1
13203,118308,-0.52,0,1,4,2,1
13204,118310,-0.52,0,1,4,2,1
13205,118322,2.73,0,8,11,12,1
13206,118340,5.12,0,13,16,18,1
13207,118348,2.42,0,7,10,8,1
13208,118359,3.34,0,9,12,11,1
13209,118386,5.13,0,14,17,27,1
13210,118408,5.43,0,14,17,22,1
13211,118421,3.77,0,10,13,13,1
13212,118424,-0.03,0,2,5,3,1
13213,118427,-0.03,0,2,5,3,1
13214,118437,1.75,0,6,9,10,1
13215,118440,-0.03,0,2,5,3,1
13216,118449,2.36,0,7,10,9,1
13217,118458,1.26,0,5,8,9,1
13218,118459,-1.01,0,0,3,1,1
13219,118489,6.6,0,17,20,30,1
13220,118508,5.61,0,14,17,19,1
13221,118509,-1.01,0,0,3,1,1
13222,118511,-0.52,0,1,4,2,1
13223,118519,1.87,0,6,9,8,1
13224,118526,1.93,0,6,9,7,1
13225,118530,0.46,0,3,6,4,1
13226,118535,0.95,0,4,7,5,1
13227,118536,-1.01,0,0,3,1,1
13228,118541,-0.15,0,2,5,5,1
13229,118568,5.13,0,14,17,27,1
13230,118571,-0.03,0,2,5,3,1
13231,118577,1.44,0,5,8,6,1
13232,118599,4.33,0,12,15,22,1
13233,118602,-0.03,0,2,5,3,1
13234,118615,3.22,0,9,12,13,1
13235,118631,2.49,0,8,11,16,1
13236,118637,0.34,0,3,6,6,1
13237,118649,2.73,0,8,11,12,1
13238,118682,5.87,0,16,19,33,1
13239,118684,-0.52,0,1,4,2,1
13240,118691,1.93,0,6,9,7,1
13241,118692,-1.01,0,0,3,1,1
13242,118700,2.42,0,7,10,8,1
13243,118701,-1.01,0,0,3,1,1
13244,118705,0.46,0,3,6,4,1
13245,118706,-1.01,0,0,3,1,1
13246,118714,2.42,0,7,10,8,1
13247,118717,-0.03,0,2,5,3,1
13248,118719,-0.52,0,1,4,2,1
13249,118730,2.79,0,8,11,11,1
13250,118735,0.95,0,4,7,5,1
13251,118744,1.81,0,6,9,9,1
13252,118747,-0.03,0,2,5,3,1
13253,118756,2.36,0,7,10,9,1
13254,118770,3.16,0,9,12,14,1
13255,118771,-1.01,0,0,3,1,1
13256,118787,3.59,0,10,13,16,1
13257,118803,4.14,0,11,14,16,1
13258,118813,1.75,0,6,9,10,1
13259,118835,4.88,0,13,16,22,1
13260,118838,-0.03,0,2,5,3,1
13261,118841,-0.58,0,1,4,3,1
13262,118846,0.95,0,4,7,5,1
13263,118862,2.49,0,8,11,16,1
13264,118881,5.06,0,13,16,19,1
13265,118912,4.89,0,14,17,31,1
13266,118918,1.44,0,5,8,6,1
13267,118921,-0.03,0,2,5,3,1
13268,118932,3.34,0,9,12,11,1
13269,118948,3.04,0,9,12,16,1
13270,118973,6.9,0,17,20,25,1
13271,118978,0.95,0,4,7,5,1
13272,118995,3.53,0,10,13,17,1
13273,118998,-0.03,0,2,5,3,1
13274,119017,5.06,0,13,16,19,1
13275,119026,2.36,0,7,10,9,1
13276,119042,4.14,0,11,14,16,1
13277,119080,5.57,0,16,19,38,1
13278,119084,-0.09,0,2,5,4,1
13279,119090,1.44,0,5,8,6,1
13280,119107,5.18,0,13,16,17,1
13281,119117,1.2,0,5,8,10,1
13282,119119,-0.52,0,1,4,2,1
13283,119123,0.46,0,3,6,4,1
13284,119146,5.92,0,15,18,23,1
13285,119148,-0.52,0,1,4,2,1
13286,119150,-0.52,0,1,4,2,1
13287,119165,2.55,0,8,11,15,1
13288,119183,4.57,0,12,15,18,1
13289,119186,-0.03,0,2,5,3,1
13290,119188,-0.52,0,1,4,2,1
13291,119200,3.28,0,9,12,12,1
13292,119219,3.41,0,10,13,19,1
13293,119236,4.08,0,11,14,17,1
13294,119241,0.95,0,4,7,5,1
13295,119259,4.02,0,11,14,18,1
13296,119261,-0.52,0,1,4,2,1
13297,119270,2.36,0,7,10,9,1
13298,119277,0.83,0,4,7,7,1
13299,119289,2.18,0,7,10,12,1
13300,119299,2.85,0,8,11,10,1
13301,119313,2.61,0,8,11,14,1
13302,119326,2.12,0,7,10,13,1
13303,119327,-1.01,0,0,3,1,1
13304,119349,1.58,0,7,10,22,1
13305,119351,-0.52,0,1,4,2,1
13306,119376,5.25,0,14,17,25,1
13307,119383,1.38,0,5,8,7,1
13308,119411,5.62,0,15,18,28,1
13309,119415,0.46,0,3,6,4,1
13310,119421,1.44,0,5,8,6,1
13311,119422,-1.01,0,0,3,1,1
13312,119446,4.21,0,12,15,24,1
13313,119463,4.08,0,11,14,17,1
13314,119466,-0.03,0,2,5,3,1
13315,119469,-0.03,0,2,5,3,1
13316,119472,-0.03,0,2,5,3,1
13317,119474,-0.52,0,1,4,2,1
13318,119482,1.87,0,6,9,8,1
13319,119483,-1.01,0,0,3,1,1
13320,119490,1.38,0,5,8,7,1
13321,119492,-0.52,0,1,4,2,1
13322,119496,0.46,0,3,6,4,1
13323,119530,5.81,0,16,19,34,1
13324,119534,-0.09,0,2,5,4,1
13325,119549,3.1,0,9,12,15,1
13326,119558,1.26,0,5,8,9,1
13327,119563,0.95,0,4,7,5,1
13328,119567,0.46,0,3,6,4,1
13329,119569,-0.52,0,1,4,2,1
13330,119575,1.44,0,5,8,6,1
13331,119594,4.51,0,12,15,19,1
13332,119615,6.59,0,16,19,21,1
13333,119627,3.83,0,10,13,12,1
13334,119636,1.26,0,5,8,9,1
13335,119651,3.1,0,9,12,15,1
13336,119657,1.44,0,5,8,6,1
13337,119678,5.49,0,14,17,21,1
13338,119682,0.46,0,3,6,4,1
13339,119714,7.03,0,18,21,32,1
13340,119731,2.98,0,9,12,17,1
13341,119732,-1.01,0,0,3,1,1
13342,119737,0.95,0,4,7,5,1
13343,119754,3.53,0,10,13,17,1
13344,119771,3.53,0,10,13,17,1
13345,119774,-0.03,0,2,5,3,1
13346,119776,-0.52,0,1,4,2,1
13347,119778,-0.52,0,1,4,2,1
13348,119780,-0.52,0,1,4,2,1
13349,119787,0.83,0,4,7,7,1
13350,119795,1.87,0,6,9,8,1
13351,119797,-0.52,0,1,4,2,1
13352,119802,0.95,0,4,7,5,1
13353,119808,1.44,0,5,8,6,1
13354,119819,3.34,0,9,12,11,1
13355,119820,-1.01,0,0,3,1,1
13356,119826,0.89,0,4,7,6,1
13357,119828,-0.52,0,1,4,2,1
13358,119836,1.32,0,5,8,8,1
13359,119862,5.74,0,15,18,26,1
13360,119864,-0.52,0,1,4,2,1
13361,119872,2.42,0,7,10,8,1
13362,119889,3.53,0,10,13,17,1
13363,119905,3.59,0,10,13,16,1
13364,119912,1.38,0,5,8,7,1
13365,119917,0.95,0,4,7,5,1
13366,119922,0.95,0,4,7,5,1
13367,119923,-1.01,0,0,3,1,1
13368,119935,3.83,0,10,13,12,1
13369,119947,3.28,0,9,12,12,1
13370,119948,-1.01,0,0,3,1,1
13371,119957,2.36,0,7,10,9,1
13372,119960,-0.03,0,2,5,3,1
13373,119961,-1.01,0,0,3,1,1
13374,119966,0.95,0,4,7,5,1
13375,119967,-1.01,0,0,3,1,1
13376,119972,0.4,0,3,6,5,1
13377,119975,-0.03,0,2,5,3,1
13378,120053,4.27,0,18,21,78,1
13379,120059,0.89,0,4,7,6,1
13380,120080,3.29,0,10,13,21,1
13381,120115,5.75,0,16,19,35,1
13382,120126,1.14,0,5,8,11,1
13383,120131,0.95,0,4,7,5,1
13384,120135,0.46,0,3,6,4,1
13385,120136,-1.01,0,0,3,1,1
13386,120142,1.44,0,5,8,6,1
13387,120164,5.43,0,14,17,22,1
13388,120174,2.85,0,8,11,10,1
13389,120185,3.34,0,9,12,11,1
13390,120187,-0.52,0,1,4,2,1
13391,120214,5.13,0,14,17,27,1
13392,120224,1.75,0,6,9,10,1
13393,120234,1.75,0,6,9,10,1
13394,120244,2.3,0,7,10,10,1
13395,120248,0.46,0,3,6,4,1
13396,120249,-1.01,0,0,3,1,1
13397,120251,-0.52,0,1,4,2,1
13398,120259,2.42,0,7,10,8,1
13399,120261,-0.52,0,1,4,2,1
13400,120262,-1.01,0,0,3,1,1
13401,120266,0.46,0,3,6,4,1
13402,120273,1.93,0,6,9,7,1
13403,120276,-0.58,0,1,4,3,1
13404,120278,-0.52,0,1,4,2,1
13405,120282,0.46,0,3,6,4,1
13406,120284,-0.52,0,1,4,2,1
13407,120287,-0.03,0,2,5,3,1
13408,120288,-1.01,0,0,3,1,1
13409,120304,4.14,0,11,14,16,1
13410,120319,3.65,0,10,13,15,1
13411,120338,5.06,0,13,16,19,1
13412,120339,-1.01,0,0,3,1,1
13413,120340,-1.01,0,0,3,1,1
13414,120343,-0.03,0,2,5,3,1
13415,120361,2.37,0,8,11,18,1
13416,120362,-1.01,0,0,3,1,1
13417,120370,2.42,0,7,10,8,1
13418,120372,-0.52,0,1,4,2,1
13419,120375,-0.03,0,2,5,3,1
13420,120387,3.83,0,10,13,12,1
13421,120388,-1.01,0,0,3,1,1
13422,120389,-1.01,0,0,3,1,1
13423,120391,-0.52,0,1,4,2,1
13424,120396,0.95,0,4,7,5,1
13425,120403,1.93,0,6,9,7,1
13426,120405,-0.52,0,1,4,2,1
13427,120406,-1.01,0,0,3,1,1
13428,120424,2.92,0,9,12,18,1
13429,120425,-1.01,0,0,3,1,1
13430,120426,-1.01,0,0,3,1,1
13431,120429,-0.03,0,2,5,3,1
13432,120450,4.39,0,12,15,21,1
13433,120451,-1.01,0,0,3,1,1
13434,120477,4.64,0,13,16,26,1
13435,120480,-0.03,0,2,5,3,1
13436,120484,0.46,0,3,6,4,1
13437,120486,-0.52,0,1,4,2,1
13438,120513,6.23,0,16,19,27,1
13439,120524,2.24,0,7,10,11,1
13440,120525,-1.01,0,0,3,1,1
13441,120527,-0.52,0,1,4,2,1
13442,120539,2.18,0,7,10,12,1
13443,120550,3.34,0,9,12,11,1
13444,120566,5.24,0,13,16,16,1
13445,120571,0.95,0,4,7,5,1
13446,120582,3.34,0,9,12,11,1
13447,120592,2.3,0,7,10,10,1
13448,120618,5.19,0,14,17,26,1
13449,120629,2.79,0,8,11,11,1
13450,120637,1.87,0,6,9,8,1
13451,120638,-1.01,0,0,3,1,1
13452,120677,7.71,0,20,23,39,1
13453,120688,3.89,0,10,13,11,1
13454,120698,2.85,0,8,11,10,1
13455,120704,0.89,0,4,7,6,1
13456,120713,2.36,0,7,10,9,1
13457,120716,-0.03,0,2,5,3,1
13458,120754,6.67,0,18,21,38,1
13459,120756,-0.52,0,1,4,2,1
13460,120761,0.95,0,4,7,5,1
13461,120766,0.4,0,3,6,5,1
13462,120769,-0.03,0,2,5,3,1
13463,120775,1.44,0,5,8,6,1
13464,120778,-0.03,0,2,5,3,1
13465,120782,0.46,0,3,6,4,1
13466,120787,0.95,0,4,7,5,1
13467,120805,4.02,0,11,14,18,1
13468,120812,1.93,0,6,9,7,1
13469,120814,-0.52,0,1,4,2,1
13470,120820,1.44,0,5,8,6,1
13471,120823,-0.03,0,2,5,3,1
13472,120826,-0.03,0,2,5,3,1
13473,120833,1.38,0,5,8,7,1
13474,120834,-1.01,0,0,3,1,1
13475,120839,0.4,0,3,6,5,1
13476,120843,0.46,0,3,6,4,1
13477,120845,-0.52,0,1,4,2,1
13478,120847,-0.52,0,1,4,2,1
13479,120850,-0.03,0,2,5,3,1
13480,120857,1.93,0,6,9,7,1
13481,120871,3.16,0,9,12,14,1
13482,120872,-1.01,0,0,3,1,1
13483,120874,-0.52,0,1,4,2,1
13484,120887,2.67,0,8,11,13,1
13485,120910,4.82,0,13,16,23,1
13486,120915,0.95,0,4,7,5,1
13487,120921,0.89,0,4,7,6,1
13488,120926,0.95,0,4,7,5,1
13489,120936,2.3,0,7,10,10,1
13490,120943,1.93,0,6,9,7,1
13491,120949,0.89,0,4,7,6,1
13492,120957,1.32,0,5,8,8,1
13493,120969,3.28,0,9,12,12,1
13494,120982,3.77,0,10,13,13,1
13495,120984,-0.52,0,1,4,2,1
13496,120992,0.77,0,4,7,8,1
13497,120993,-1.01,0,0,3,1,1
13498,120994,-1.01,0,0,3,1,1
13499,120995,-1.01,0,0,3,1,1
13500,120996,-1.01,0,0,3,1,1
13501,121014,4.57,0,12,15,18,1
13502,121015,-1.01,0,0,3,1,1
13503,121024,2.36,0,7,10,9,1
13504,121052,5.07,0,14,17,28,1
13505,121059,1.38,0,5,8,7,1
13506,121072,4.32,0,11,14,13,1
13507,121073,-1.01,0,0,3,1,1
13508,121094,3.84,0,11,14,21,1
13509,121102,2.42,0,7,10,8,1
13510,121104,-0.52,0,1,4,2,1
13511,121107,-0.03,0,2,5,3,1
13512,121109,-0.52,0,1,4,2,1
13513,121118,1.26,0,5,8,9,1
13514,121120,-0.52,0,1,4,2,1
13515,121125,0.95,0,4,7,5,1
13516,121128,-0.03,0,2,5,3,1
13517,121213,5.5,0,21,24,85,1
13518,121217,-0.09,0,2,5,4,1
13519,121222,0.95,0,4,7,5,1
13520,121228,1.44,0,5,8,6,1
13521,121230,-0.52,0,1,4,2,1
13522,121231,-1.01,0,0,3,1,1
13523,121232,-1.01,0,0,3,1,1
13524,121236,0.46,0,3,6,4,1
13525,121237,-1.01,0,0,3,1,1
13526,121238,-1.01,0,0,3,1,1
13527,121240,-0.52,0,1,4,2,1
13528,121243,-0.03,0,2,5,3,1
13529,121270,4.58,0,13,16,27,1
13530,121275,0.4,0,3,6,5,1
13531,121322,11.28,1,22,25,47,0
13532,121326,0.46,0,3,6,4,1
13533,121327,-1.01,0,0,3,1,1
13534,121340,3.22,0,9,12,13,1
13535,121344,-0.09,0,2,5,4,1
13536,121357,3.22,0,9,12,13,1
13537,121359,-0.52,0,1,4,2,1
13538,121363,0.46,0,3,6,4,1
13539,121379,4.69,0,12,15,16,1
13540,121380,-1.01,0,0,3,1,1
13541,121387,1.93,0,6,9,7,1
13542,121391,0.46,0,3,6,4,1
13543,121410,2.31,0,8,11,19,1
13544,121415,0.4,0,3,6,5,1
13545,121422,1.93,0,6,9,7,1
13546,121424,-0.52,0,1,4,2,1
13547,121426,-0.52,0,1,4,2,1
13548,121429,-0.03,0,2,5,3,1
13549,121457,5.62,0,15,18,28,1
13550,121458,-1.01,0,0,3,1,1
13551,121482,5.86,0,15,18,24,1
13552,121484,-0.52,0,1,4,2,1
13553,121489,0.4,0,3,6,5,1
13554,121495,1.44,0,5,8,6,1
13555,121496,-1.01,0,0,3,1,1
13556,121515,4.51,0,12,15,19,1
13557,121516,-1.01,0,0,3,1,1
13558,121517,-1.01,0,0,3,1,1
13559,121530,3.22,0,9,12,13,1
13560,121537,1.38,0,5,8,7,1
13561,121540,-0.03,0,2,5,3,1
13562,121543,-0.03,0,2,5,3,1
13563,121547,0.46,0,3,6,4,1
13564,121572,3.05,0,10,13,25,1
13565,121576,0.46,0,3,6,4,1
13566,121580,0.46,0,3,6,4,1
13567,121588,0.77,0,4,7,8,1
13568,121589,-1.01,0,0,3,1,1
13569,121597,1.87,0,6,9,8,1
13570,121610,3.22,0,9,12,13,1
13571,121620,1.75,0,6,9,10,1
13572,121628,2.42,0,7,10,8,1
13573,121633,0.95,0,4,7,5,1
13574,121638,0.95,0,4,7,5,1
13575,121640,-0.52,0,1,4,2,1
13576,121641,-1.01,0,0,3,1,1
13577,121649,1.87,0,6,9,8,1
13578,121653,0.46,0,3,6,4,1
13579,121656,-0.03,0,2,5,3,1
13580,121660,0.46,0,3,6,4,1
13581,121680,4.45,0,12,15,20,1
13582,121699,3.96,0,11,14,19,1
13583,121705,0.89,0,4,7,6,1
13584,121711,0.89,0,4,7,6,1
13585,121715,-0.09,0,2,5,4,1
13586,121721,0.34,0,3,6,6,1
13587,121722,-1.01,0,0,3,1,1
13588,121730,1.32,0,5,8,8,1
13589,121732,-0.52,0,1,4,2,1
13590,121742,2.3,0,7,10,10,1
13591,121757,3.1,0,9,12,15,1
13592,121786,5.01,0,14,17,29,1
13593,121791,0.95,0,4,7,5,1
13594,121807,2.49,0,8,11,16,1
13595,121814,1.38,0,5,8,7,1
13596,121819,0.4,0,3,6,5,1
13597,121831,2.73,0,8,11,12,1
13598,121842,1.14,0,5,8,11,1
13599,121849,1.38,0,5,8,7,1
13600,121850,-1.01,0,0,3,1,1
13601,121853,-0.03,0,2,5,3,1
13602,121856,-0.03,0,2,5,3,1
13603,121888,5.38,0,15,18,32,1
13604,121889,-1.01,0,0,3,1,1
13605,121891,-0.52,0,1,4,2,1
13606,121919,5.62,0,15,18,28,1
13607,121920,-1.01,0,0,3,1,1
13608,121925,0.95,0,4,7,5,1
13609,121939,2.61,0,8,11,14,1
13610,121949,1.75,0,6,9,10,1
13611,121955,1.44,0,5,8,6,1
13612,121957,-0.52,0,1,4,2,1
13613,121958,-1.01,0,0,3,1,1
13614,121972,3.71,0,10,13,14,1
13615,121994,3.78,0,11,14,22,1
13616,121997,-0.03,0,2,5,3,1
13617,122009,2.73,0,8,11,12,1
13618,122010,-1.01,0,0,3,1,1
13619,122019,1.26,0,5,8,9,1
13620,122020,-1.01,0,0,3,1,1
13621,122028,1.87,0,6,9,8,1
13622,122041,3.77,0,10,13,13,1
13623,122049,2.42,0,7,10,8,1
13624,122059,2.3,0,7,10,10,1
13625,122064,0.95,0,4,7,5,1
13626,122067,-0.03,0,2,5,3,1
13627,122070,-0.03,0,2,5,3,1
13628,122072,-0.52,0,1,4,2,1
13629,122087,3.65,0,10,13,15,1
13630,122101,3.16,0,9,12,14,1
13631,122108,1.38,0,5,8,7,1
13632,122113,0.4,0,3,6,5,1
13633,122117,0.46,0,3,6,4,1
13634,122135,4.57,0,12,15,18,1
13635,122140,0.95,0,4,7,5,1
13636,122152,3.83,0,10,13,12,1
13637,122160,1.87,0,6,9,8,1
13638,122173,2.67,0,8,11,13,1
13639,122197,3.66,0,11,14,24,1
13640,122202,0.95,0,4,7,5,1
13641,122214,3.28,0,9,12,12,1
13642,122217,-0.03,0,2,5,3,1
13643,122219,-0.52,0,1,4,2,1
13644,122224,0.95,0,4,7,5,1
13645,122237,3.77,0,10,13,13,1
13646,122252,4.2,0,11,14,15,1
13647,122262,3.4,0,9,12,10,1
13648,122263,-1.01,0,0,3,1,1
13649,122269,1.44,0,5,8,6,1
13650,122273,0.46,0,3,6,4,1
13651,122275,-0.52,0,1,4,2,1
13652,122278,-0.03,0,2,5,3,1
13653,122327,6.01,0,18,21,49,1
13654,122328,-1.01,0,0,3,1,1
13655,122332,-0.09,0,2,5,4,1
13656,122338,1.44,0,5,8,6,1
13657,122352,2.61,0,8,11,14,1
13658,122356,0.46,0,3,6,4,1
13659,122358,-0.52,0,1,4,2,1
13660,122361,-0.03,0,2,5,3,1
13661,122363,-0.52,0,1,4,2,1
13662,122368,0.95,0,4,7,5,1
13663,122369,-1.01,0,0,3,1,1
13664,122393,3.11,0,10,13,24,1
13665,122402,2.36,0,7,10,9,1
13666,122407,0.95,0,4,7,5,1
13667,122408,-1.01,0,0,3,1,1
13668,122410,-0.52,0,1,4,2,1
13669,122413,-0.03,0,2,5,3,1
13670,122414,-1.01,0,0,3,1,1
13671,122419,0.4,0,3,6,5,1
13672,122420,-1.01,0,0,3,1,1
13673,122430,2.3,0,7,10,10,1
13674,122443,3.22,0,9,12,13,1
13675,122444,-1.01,0,0,3,1,1
13676,122449,0.95,0,4,7,5,1
13677,122459,2.3,0,7,10,10,1
13678,122463,0.46,0,3,6,4,1
13679,122476,2.67,0,8,11,13,1
13680,122480,0.46,0,3,6,4,1
13681,122482,-0.52,0,1,4,2,1
13682,122485,-0.03,0,2,5,3,1
13683,122502,4.63,0,12,15,17,1
13684,122503,-1.01,0,0,3,1,1
13685,122513,1.75,0,6,9,10,1
13686,122518,0.95,0,4,7,5,1
13687,122536,4.57,0,12,15,18,1
13688,122539,-0.03,0,2,5,3,1
13689,122540,-1.01,0,0,3,1,1
13690,122544,-0.09,0,2,5,4,1
13691,122546,-0.52,0,1,4,2,1
13692,122548,-0.52,0,1,4,2,1
13693,122577,5.01,0,14,17,29,1
13694,122580,-0.03,0,2,5,3,1
13695,122581,-1.01,0,0,3,1,1
13696,122585,-0.09,0,2,5,4,1
13697,122591,0.89,0,4,7,6,1
13698,122592,-1.01,0,0,3,1,1
13699,122593,-1.01,0,0,3,1,1
13700,122597,-0.09,0,2,5,4,1
13701,122606,1.81,0,6,9,9,1
13702,122651,7.35,0,20,23,45,1
13703,122656,0.95,0,4,7,5,1
13704,122657,-1.01,0,0,3,1,1
13705,122665,2.42,0,7,10,8,1
13706,122674,1.81,0,6,9,9,1
13707,122677,-0.03,0,2,5,3,1
13708,122693,4.14,0,11,14,16,1
13709,122696,-0.03,0,2,5,3,1
13710,122699,-0.03,0,2,5,3,1
13711,122702,-0.03,0,2,5,3,1
13712,122713,3.34,0,9,12,11,1
13713,122717,0.46,0,3,6,4,1
13714,122724,1.38,0,5,8,7,1
13715,122726,-0.52,0,1,4,2,1
13716,122736,2.3,0,7,10,10,1
13717,122755,3.96,0,11,14,19,1
13718,122757,-0.52,0,1,4,2,1
13719,122763,0.89,0,4,7,6,1
13720,122816,6.32,0,19,22,53,1
13721,122822,0.34,0,3,6,6,1
13722,122823,-1.01,0,0,3,1,1
13723,122825,-0.52,0,1,4,2,1
13724,122828,-0.03,0,2,5,3,1
13725,122831,-0.03,0,2,5,3,1
13726,122835,0.46,0,3,6,4,1
13727,122842,1.38,0,5,8,7,1
13728,122849,0.83,0,4,7,7,1
13729,122851,-0.52,0,1,4,2,1
13730,122855,-0.09,0,2,5,4,1
13731,122865,2.3,0,7,10,10,1
13732,122870,0.4,0,3,6,5,1
13733,122871,-1.01,0,0,3,1,1
13734,122881,2.3,0,7,10,10,1
13735,122894,2.67,0,8,11,13,1
13736,122897,-0.03,0,2,5,3,1
13737,122898,-1.01,0,0,3,1,1
13738,122907,1.81,0,6,9,9,1
13739,122918,1.69,0,6,9,11,1
13740,122922,0.46,0,3,6,4,1
13741,122951,6.11,0,16,19,29,1
13742,122958,1.93,0,6,9,7,1
13743,122968,2.3,0,7,10,10,1
13744,122970,-0.52,0,1,4,2,1
13745,122977,1.38,0,5,8,7,1
13746,122979,-0.52,0,1,4,2,1
13747,122991,2.73,0,8,11,12,1
13748,122997,0.89,0,4,7,6,1
13749,123018,6.04,0,15,18,21,1
13750,123019,-1.01,0,0,3,1,1
13751,123025,1.44,0,5,8,6,1
13752,123035,1.75,0,6,9,10,1
13753,123036,-1.01,0,0,3,1,1
13754,123067,4.34,0,13,16,31,1
13755,123074,1.38,0,5,8,7,1
13756,123076,-0.52,0,1,4,2,1
13757,123097,3.84,0,11,14,21,1
13758,123113,1.94,0,7,10,16,1
13759,123127,3.16,0,9,12,14,1
13760,123136,1.81,0,6,9,9,1
13761,123141,0.95,0,4,7,5,1
13762,123146,0.95,0,4,7,5,1
13763,123155,1.81,0,6,9,9,1
13764,123171,4.69,0,12,15,16,1
13765,123178,1.38,0,5,8,7,1
13766,123179,-1.01,0,0,3,1,1
13767,123188,2.36,0,7,10,9,1
13768,123199,1.69,0,6,9,11,1
13769,123219,5.0,0,13,16,20,1
13770,123235,4.14,0,11,14,16,1
13771,123243,1.32,0,5,8,8,1
13772,123254,2.24,0,7,10,11,1
13773,123264,2.3,0,7,10,10,1
13774,123288,5.86,0,15,18,24,1
13775,123292,0.46,0,3,6,4,1
13776,123295,-0.03,0,2,5,3,1
13777,123296,-1.01,0,0,3,1,1
13778,123304,1.32,0,5,8,8,1
13779,123319,3.1,0,9,12,15,1
13780,123321,-0.52,0,1,4,2,1
13781,123324,-0.58,0,1,4,3,1
13782,123326,-0.52,0,1,4,2,1
13783,123329,-0.03,0,2,5,3,1
13784,123335,0.89,0,4,7,6,1
13785,123357,4.33,0,12,15,22,1
13786,123365,2.42,0,7,10,8,1
13787,123378,2.67,0,8,11,13,1
13788,123383,0.95,0,4,7,5,1
13789,123386,-0.58,0,1,4,3,1
13790,123391,0.95,0,4,7,5,1
13791,123393,-0.52,0,1,4,2,1
13792,123400,0.83,0,4,7,7,1
13793,123409,1.26,0,5,8,9,1
13794,123430,3.84,0,11,14,21,1
13795,123434,0.46,0,3,6,4,1
13796,123452,3.47,0,10,13,18,1
13797,123465,3.77,0,10,13,13,1
13798,123473,0.77,0,4,7,8,1
13799,123474,-1.01,0,0,3,1,1
13800,123477,-0.03,0,2,5,3,1
13801,123492,3.1,0,9,12,15,1
13802,123501,2.36,0,7,10,9,1
13803,123515,3.16,0,9,12,14,1
13804,123531,3.04,0,9,12,16,1
13805,123541,2.85,0,8,11,10,1
13806,123542,-1.01,0,0,3,1,1
13807,123560,5.12,0,13,16,18,1
13808,123566,0.89,0,4,7,6,1
13809,123570,0.46,0,3,6,4,1
13810,123574,0.46,0,3,6,4,1
13811,123576,-0.52,0,1,4,2,1
13812,123579,-0.03,0,2,5,3,1
13813,123583,0.46,0,3,6,4,1
13814,123591,1.87,0,6,9,8,1
13815,123593,-0.52,0,1,4,2,1
13816,123603,3.4,0,9,12,10,1
13817,123623,6.1,0,15,18,20,1
13818,123625,-0.52,0,1,4,2,1
13819,123629,0.46,0,3,6,4,1
13820,123632,-0.03,0,2,5,3,1
13821,123646,3.71,0,10,13,14,1
13822,123650,0.46,0,3,6,4,1
13823,123651,-1.01,0,0,3,1,1
13824,123658,1.38,0,5,8,7,1
13825,123692,5.26,0,15,18,34,1
13826,123703,2.24,0,7,10,11,1
13827,123710,1.38,0,5,8,7,1
13828,123712,-0.52,0,1,4,2,1
13829,123713,-1.01,0,0,3,1,1
13830,123719,1.44,0,5,8,6,1
13831,123720,-1.01,0,0,3,1,1
13832,123722,-0.52,0,1,4,2,1
13833,123754,5.93,0,16,19,32,1
13834,123766,1.63,0,6,9,12,1
13835,123768,-0.52,0,1,4,2,1
13836,123769,-1.01,0,0,3,1,1
13837,123774,0.95,0,4,7,5,1
13838,123775,-1.01,0,0,3,1,1
13839,123788,2.67,0,8,11,13,1
13840,123824,6.24,0,17,20,36,1
13841,123828,0.46,0,3,6,4,1
13842,123830,-0.52,0,1,4,2,1
13843,123849,3.41,0,10,13,19,1
13844,123855,0.89,0,4,7,6,1
13845,123858,-0.03,0,2,5,3,1
13846,123861,-0.03,0,2,5,3,1
13847,123871,2.3,0,7,10,10,1
13848,123886,2.0,0,7,10,15,1
13849,123895,2.36,0,7,10,9,1
13850,123898,-0.03,0,2,5,3,1
13851,123899,-1.01,0,0,3,1,1
13852,123900,-1.01,0,0,3,1,1
13853,123906,0.89,0,4,7,6,1
13854,123928,4.33,0,12,15,22,1
13855,123937,1.81,0,6,9,9,1
13856,123960,5.37,0,14,17,23,1
13857,123961,-1.01,0,0,3,1,1
13858,123968,1.93,0,6,9,7,1
13859,123973,0.95,0,4,7,5,1
13860,123979,0.89,0,4,7,6,1
13861,123981,-0.52,0,1,4,2,1
13862,123998,3.53,0,10,13,17,1
13863,124006,1.87,0,6,9,8,1
13864,124023,4.08,0,11,14,17,1
13865,124029,1.44,0,5,8,6,1
13866,124087,6.02,0,19,22,58,1
13867,124104,2.98,0,9,12,17,1
13868,124108,0.46,0,3,6,4,1
13869,124139,5.99,0,16,19,31,1
13870,124153,3.16,0,9,12,14,1
13871,124166,2.67,0,8,11,13,1
13872,124197,5.44,0,15,18,31,1
13873,124210,3.22,0,9,12,13,1
13874,124214,0.46,0,3,6,4,1
13875,124218,0.46,0,3,6,4,1
13876,124222,0.46,0,3,6,4,1
13877,124223,-1.01,0,0,3,1,1
13878,124233,2.85,0,8,11,10,1
13879,124234,-1.01,0,0,3,1,1
13880,124237,-0.03,0,2,5,3,1
13881,124250,2.67,0,8,11,13,1
13882,124283,5.87,0,16,19,33,1
13883,124288,0.4,0,3,6,5,1
13884,124289,-1.01,0,0,3,1,1
13885,124295,0.89,0,4,7,6,1
13886,124302,0.83,0,4,7,7,1
13887,124314,3.28,0,9,12,12,1
13888,124316,-0.52,0,1,4,2,1
13889,124320,0.46,0,3,6,4,1
13890,124326,0.89,0,4,7,6,1
13891,124338,3.83,0,10,13,12,1
13892,124339,-1.01,0,0,3,1,1
13893,124342,-0.03,0,2,5,3,1
13894,124352,2.85,0,8,11,10,1
13895,124358,0.89,0,4,7,6,1
13896,124375,2.98,0,9,12,17,1
13897,124379,0.46,0,3,6,4,1
13898,124391,3.28,0,9,12,12,1
13899,124426,5.75,0,16,19,35,1
13900,124432,1.44,0,5,8,6,1
13901,124435,-0.03,0,2,5,3,1
13902,124437,-0.52,0,1,4,2,1
13903,124439,-0.52,0,1,4,2,1
13904,124450,2.24,0,7,10,11,1
13905,124452,-0.52,0,1,4,2,1
13906,124463,1.69,0,6,9,11,1
13907,124467,0.46,0,3,6,4,1
13908,124469,-0.52,0,1,4,2,1
13909,124481,3.28,0,9,12,12,1
13910,124485,0.46,0,3,6,4,1
13911,124503,4.57,0,12,15,18,1
13912,124505,-0.52,0,1,4,2,1
13913,124510,0.4,0,3,6,5,1
13914,124515,0.95,0,4,7,5,1
13915,124521,0.89,0,4,7,6,1
13916,124524,-0.03,0,2,5,3,1
13917,124531,1.93,0,6,9,7,1
13918,124542,3.34,0,9,12,11,1
13919,124544,-0.52,0,1,4,2,1
13920,124545,-1.01,0,0,3,1,1
13921,124552,1.93,0,6,9,7,1
13922,124561,1.81,0,6,9,9,1
13923,124564,-0.03,0,2,5,3,1
13924,124573,2.36,0,7,10,9,1
13925,124579,1.44,0,5,8,6,1
13926,124580,-1.01,0,0,3,1,1
13927,124584,0.46,0,3,6,4,1
13928,124587,-0.03,0,2,5,3,1
13929,124592,0.95,0,4,7,5,1
13930,124604,1.63,0,6,9,12,1
13931,124611,0.83,0,4,7,7,1
13932,124614,-0.03,0,2,5,3,1
13933,124629,3.65,0,10,13,15,1
13934,124635,1.44,0,5,8,6,1
13935,124653,4.02,0,11,14,18,1
13936,124673,5.55,0,14,17,20,1
13937,124690,3.53,0,10,13,17,1
13938,124696,1.44,0,5,8,6,1
13939,124698,-0.52,0,1,4,2,1
13940,124714,1.94,0,7,10,16,1
13941,124718,0.46,0,3,6,4,1
13942,124724,0.89,0,4,7,6,1
13943,124729,0.4,0,3,6,5,1
13944,124789,7.0,0,21,24,60,1
13945,124794,0.95,0,4,7,5,1
13946,124809,2.55,0,8,11,15,1
13947,124857,6.07,0,18,21,48,1
13948,124862,0.95,0,4,7,5,1
13949,124864,-0.52,0,1,4,2,1
13950,124870,0.89,0,4,7,6,1
13951,124873,-0.03,0,2,5,3,1
13952,124889,3.59,0,10,13,16,1
13953,124920,4.89,0,14,17,31,1
13954,124954,4.71,0,14,17,34,1
13955,124963,2.36,0,7,10,9,1
13956,124987,4.76,0,13,16,24,1
13957,125001,3.71,0,10,13,14,1
13958,125007,0.89,0,4,7,6,1
13959,125014,1.93,0,6,9,7,1
13960,125015,-1.01,0,0,3,1,1
13961,125023,2.42,0,7,10,8,1
13962,125029,1.44,0,5,8,6,1
13963,125037,1.87,0,6,9,8,1
13964,125039,-0.52,0,1,4,2,1
13965,125041,-0.52,0,1,4,2,1
13966,125047,0.89,0,4,7,6,1
13967,125052,0.4,0,3,6,5,1
13968,125056,0.46,0,3,6,4,1
13969,125060,0.46,0,3,6,4,1
13970,125067,1.93,0,6,9,7,1
13971,125072,0.95,0,4,7,5,1
13972,125084,2.73,0,8,11,12,1
13973,125089,0.95,0,4,7,5,1
13974,125091,-0.52,0,1,4,2,1
13975,125093,-0.52,0,1,4,2,1
13976,125095,-0.52,0,1,4,2,1
13977,125114,3.41,0,10,13,19,1
13978,125122,2.42,0,7,10,8,1
13979,125128,1.44,0,5,8,6,1
13980,125132,0.46,0,3,6,4,1
13981,125135,-0.03,0,2,5,3,1
13982,125137,-0.52,0,1,4,2,1
13983,125139,-0.52,0,1,4,2,1
13984,125141,-0.52,0,1,4,2,1
13985,125142,-1.01,0,0,3,1,1
13986,125145,-0.58,0,1,4,3,1
13987,125161,4.69,0,12,15,16,1
13988,125167,1.44,0,5,8,6,1
13989,125172,0.95,0,4,7,5,1
13990,125175,-0.03,0,2,5,3,1
13991,125177,-0.52,0,1,4,2,1
13992,125192,2.55,0,8,11,15,1
13993,125224,4.83,0,14,17,32,1
13994,125241,4.08,0,11,14,17,1
13995,125243,-0.52,0,1,4,2,1
13996,125256,2.12,0,7,10,13,1
13997,125263,1.38,0,5,8,7,1
13998,125272,1.81,0,6,9,9,1
13999,125273,-1.01,0,0,3,1,1
14000,125275,-0.52,0,1,4,2,1
14001,125310,6.3,0,17,20,35,1
14002,125313,-0.03,0,2,5,3,1
14003,125320,1.38,0,5,8,7,1
14004,125328,1.87,0,6,9,8,1
14005,125337,2.36,0,7,10,9,1
14006,125341,0.46,0,3,6,4,1
14007,125346,0.95,0,4,7,5,1
14008,125356,1.75,0,6,9,10,1
14009,125372,3.04,0,9,12,16,1
14010,125378,1.44,0,5,8,6,1
14011,125380,-0.52,0,1,4,2,1
14012,125390,2.85,0,8,11,10,1
14013,125391,-1.01,0,0,3,1,1
14014,125396,0.4,0,3,6,5,1
14015,125397,-1.01,0,0,3,1,1
14016,125401,0.46,0,3,6,4,1
14017,125416,3.1,0,9,12,15,1
14018,125423,1.38,0,5,8,7,1
14019,125424,-1.01,0,0,3,1,1
14020,125452,3.42,0,11,14,28,1
14021,125457,0.95,0,4,7,5,1
14022,125462,0.95,0,4,7,5,1
14023,125468,1.44,0,5,8,6,1
14024,125470,-0.52,0,1,4,2,1
14025,125473,-0.03,0,2,5,3,1
14026,125477,0.46,0,3,6,4,1
14027,125488,1.69,0,6,9,11,1
14028,125504,3.04,0,9,12,16,1
14029,125507,-0.03,0,2,5,3,1
14030,125509,-0.52,0,1,4,2,1
14031,125512,-0.03,0,2,5,3,1
14032,125527,3.1,0,9,12,15,1
14033,125533,1.44,0,5,8,6,1
14034,125534,-1.01,0,0,3,1,1
14035,125543,2.36,0,7,10,9,1
14036,125555,3.83,0,10,13,12,1
14037,125592,4.53,0,14,17,37,1
14038,125598,1.44,0,5,8,6,1
14039,125602,0.46,0,3,6,4,1
14040,125604,-0.52,0,1,4,2,1
14041,125621,3.53,0,10,13,17,1
14042,125631,3.4,0,9,12,10,1
14043,125643,2.73,0,8,11,12,1
14044,125644,-1.01,0,0,3,1,1
14045,125652,2.42,0,7,10,8,1
14046,125672,5.0,0,13,16,20,1
14047,125676,0.46,0,3,6,4,1
14048,125677,-1.01,0,0,3,1,1
14049,125683,1.44,0,5,8,6,1
14050,125696,2.12,0,7,10,13,1
14051,125700,0.46,0,3,6,4,1
14052,125707,1.93,0,6,9,7,1
14053,125708,-1.01,0,0,3,1,1
14054,125714,0.89,0,4,7,6,1
14055,125720,1.44,0,5,8,6,1
14056,125727,1.93,0,6,9,7,1
14057,125754,8.43,0,20,23,27,1
14058,125779,4.15,0,12,15,25,1
14059,125782,-0.03,0,2,5,3,1
14060,125800,4.02,0,11,14,18,1
14061,125813,4.87,0,12,15,13,1
14062,125827,3.71,0,10,13,14,1
14063,125838,3.34,0,9,12,11,1
14064,125842,0.46,0,3,6,4,1
14065,125846,0.46,0,3,6,4,1
14066,125852,1.44,0,5,8,6,1
14067,125867,3.1,0,9,12,15,1
14068,125893,4.64,0,13,16,26,1
14069,125900,0.83,0,4,7,7,1
14070,125901,-1.01,0,0,3,1,1
14071,125912,3.89,0,10,13,11,1
14072,125919,1.38,0,5,8,7,1
14073,125925,0.89,0,4,7,6,1
14074,125927,-0.52,0,1,4,2,1
14075,125932,0.4,0,3,6,5,1
14076,125934,-0.52,0,1,4,2,1
14077,125953,5.06,0,13,16,19,1
14078,125957,0.46,0,3,6,4,1
14079,125958,-1.01,0,0,3,1,1
14080,125977,3.96,0,11,14,19,1
14081,125979,-0.52,0,1,4,2,1
14082,125981,-0.52,0,1,4,2,1
14083,125982,-1.01,0,0,3,1,1
14084,125987,0.4,0,3,6,5,1
14085,125997,2.3,0,7,10,10,1
14086,126021,3.11,0,10,13,24,1
14087,126030,2.36,0,7,10,9,1
14088,126039,2.91,0,8,11,9,1
14089,126041,-0.52,0,1,4,2,1
14090,126049,2.42,0,7,10,8,1
14091,126051,-0.52,0,1,4,2,1
14092,126060,1.26,0,5,8,9,1
14093,126076,4.14,0,11,14,16,1
14094,126091,3.1,0,9,12,15,1
14095,126096,0.95,0,4,7,5,1
14096,126098,-0.52,0,1,4,2,1
14097,126103,0.95,0,4,7,5,1
14098,126106,-0.03,0,2,5,3,1
14099,126117,2.79,0,8,11,11,1
14100,126133,4.69,0,12,15,16,1
14101,126142,2.91,0,8,11,9,1
14102,126153,2.79,0,8,11,11,1
14103,126154,-1.01,0,0,3,1,1
14104,126155,-1.01,0,0,3,1,1
14105,126157,-0.52,0,1,4,2,1
14106,126158,-1.01,0,0,3,1,1
14107,126172,4.26,0,11,14,14,1
14108,126173,-1.01,0,0,3,1,1
14109,126194,4.39,0,12,15,21,1
14110,126210,5.24,0,13,16,16,1
14111,126219,2.36,0,7,10,9,1
14112,126220,-1.01,0,0,3,1,1
14113,126221,-1.01,0,0,3,1,1
14114,126226,0.95,0,4,7,5,1
14115,126228,-0.52,0,1,4,2,1
14116,126240,2.18,0,7,10,12,1
14117,126253,3.22,0,9,12,13,1
14118,126272,4.51,0,12,15,19,1
14119,126273,-1.01,0,0,3,1,1
14120,126287,4.26,0,11,14,14,1
14121,126290,-0.03,0,2,5,3,1
14122,126314,5.31,0,14,17,24,1
14123,126342,5.07,0,14,17,28,1
14124,126347,0.4,0,3,6,5,1
14125,126349,-0.52,0,1,4,2,1
14126,126385,6.24,0,17,20,36,1
14127,126386,-1.01,0,0,3,1,1
14128,126387,-1.01,0,0,3,1,1
14129,126405,4.57,0,12,15,18,1
14130,126410,0.95,0,4,7,5,1
14131,126417,1.93,0,6,9,7,1
14132,126435,4.57,0,12,15,18,1
14133,126438,-0.03,0,2,5,3,1
14134,126451,4.32,0,11,14,13,1
14135,126460,2.36,0,7,10,9,1
14136,126493,6.97,0,18,21,33,1
14137,126494,-1.01,0,0,3,1,1
14138,126507,2.67,0,8,11,13,1
14139,126508,-1.01,0,0,3,1,1
14140,126536,7.27,0,18,21,28,1
14141,126537,-1.01,0,0,3,1,1
14142,126540,-0.03,0,2,5,3,1
14143,126549,2.91,0,8,11,9,1
14144,126571,5.43,0,14,17,22,1
14145,126579,1.87,0,6,9,8,1
14146,126582,-0.03,0,2,5,3,1
14147,126621,4.41,0,14,17,39,1
14148,126623,-0.52,0,1,4,2,1
14149,126627,0.46,0,3,6,4,1
14150,126632,0.95,0,4,7,5,1
14151,126636,0.46,0,3,6,4,1
14152,126642,1.44,0,5,8,6,1
14153,126650,0.77,0,4,7,8,1
14154,126671,4.39,0,12,15,21,1
14155,126672,-1.01,0,0,3,1,1
14156,126675,-0.03,0,2,5,3,1
14157,126690,2.55,0,8,11,15,1
14158,126694,0.46,0,3,6,4,1
14159,126699,0.95,0,4,7,5,1
14160,126736,5.08,0,15,18,37,1
14161,126743,1.93,0,6,9,7,1
14162,126768,5.8,0,15,18,25,1
14163,126775,0.83,0,4,7,7,1
14164,126788,4.32,0,11,14,13,1
14165,126808,3.9,0,11,14,20,1
14166,126814,1.44,0,5,8,6,1
14167,126822,1.32,0,5,8,8,1
14168,126834,3.28,0,9,12,12,1
14169,126842,1.32,0,5,8,8,1
14170,126876,7.46,0,19,22,34,1
14171,126880,0.46,0,3,6,4,1
14172,126889,2.91,0,8,11,9,1
14173,126906,5.18,0,13,16,17,1
14174,126913,1.38,0,5,8,7,1
14175,126923,1.2,0,5,8,10,1
14176,126925,-0.52,0,1,4,2,1
14177,126933,2.42,0,7,10,8,1
14178,126937,0.46,0,3,6,4,1
14179,126954,4.63,0,12,15,17,1
14180,126972,3.47,0,10,13,18,1
14181,126975,-0.03,0,2,5,3,1
14182,126991,3.04,0,9,12,16,1
14183,126996,0.95,0,4,7,5,1
14184,127000,0.46,0,3,6,4,1
14185,127015,3.65,0,10,13,15,1
14186,127023,2.42,0,7,10,8,1
14187,127029,0.89,0,4,7,6,1
14188,127030,-1.01,0,0,3,1,1
14189,127034,0.46,0,3,6,4,1
14190,127044,2.3,0,7,10,10,1
14191,127059,3.1,0,9,12,15,1
14192,127072,3.77,0,10,13,13,1
14193,127080,1.32,0,5,8,8,1
14194,127095,3.65,0,10,13,15,1
14195,127107,2.18,0,7,10,12,1
14196,127111,-0.09,0,2,5,4,1
14197,127123,2.18,0,7,10,12,1
14198,127150,3.48,0,11,14,27,1
14199,127161,2.24,0,7,10,11,1
14200,127198,7.83,0,20,23,37,1
14201,127200,-0.52,0,1,4,2,1
14202,127207,1.38,0,5,8,7,1
14203,127211,0.46,0,3,6,4,1
14204,127229,5.12,0,13,16,18,1
14205,127244,4.2,0,11,14,15,1
14206,127249,0.95,0,4,7,5,1
14207,127251,-0.52,0,1,4,2,1
14208,127260,2.36,0,7,10,9,1
14209,127262,-0.52,0,1,4,2,1
14210,127277,4.2,0,11,14,15,1
14211,127278,-1.01,0,0,3,1,1
14212,127332,7.36,0,21,24,54,1
14213,127337,0.4,0,3,6,5,1
14214,127338,-1.01,0,0,3,1,1
14215,127342,-0.09,0,2,5,4,1
14216,127344,-0.52,0,1,4,2,1
14217,127350,1.44,0,5,8,6,1
14218,127354,0.46,0,3,6,4,1
14219,127355,-1.01,0,0,3,1,1
14220,127360,0.95,0,4,7,5,1
14221,127383,5.37,0,14,17,23,1
14222,127412,5.01,0,14,17,29,1
14223,127417,0.95,0,4,7,5,1
14224,127419,-0.52,0,1,4,2,1
14225,127420,-1.01,0,0,3,1,1
14226,127437,4.08,0,11,14,17,1
14227,127449,2.73,0,8,11,12,1
14228,127451,-0.52,0,1,4,2,1
14229,127456,0.95,0,4,7,5,1
14230,127465,1.26,0,5,8,9,1
14231,127481,4.14,0,11,14,16,1
14232,127486,0.95,0,4,7,5,1
14233,127487,-1.01,0,0,3,1,1
14234,127504,4.08,0,11,14,17,1
14235,127508,0.46,0,3,6,4,1
14236,127510,-0.52,0,1,4,2,1
14237,127512,-0.52,0,1,4,2,1
14238,127519,1.93,0,6,9,7,1
14239,127524,-0.15,0,2,5,5,1
14240,127527,-0.03,0,2,5,3,1
14241,127546,3.96,0,11,14,19,1
14242,127552,0.89,0,4,7,6,1
14243,127555,-0.03,0,2,5,3,1
14244,127566,2.24,0,7,10,11,1
14245,127575,2.36,0,7,10,9,1
14246,127594,5.61,0,14,17,19,1
14247,127598,0.46,0,3,6,4,1
14248,127599,-1.01,0,0,3,1,1
14249,127601,-0.52,0,1,4,2,1
14250,127610,1.81,0,6,9,9,1
14251,127615,0.95,0,4,7,5,1
14252,127640,5.25,0,14,17,25,1
14253,127642,-0.52,0,1,4,2,1
14254,127647,0.95,0,4,7,5,1
14255,127652,0.95,0,4,7,5,1
14256,127659,1.38,0,5,8,7,1
14257,127661,-0.52,0,1,4,2,1
14258,127672,2.79,0,8,11,11,1
14259,127681,2.91,0,8,11,9,1
14260,127683,-0.52,0,1,4,2,1
14261,127692,2.36,0,7,10,9,1
14262,127695,-0.03,0,2,5,3,1
14263,127696,-1.01,0,0,3,1,1
14264,127709,1.57,0,6,9,13,1
14265,127710,-1.01,0,0,3,1,1
14266,127733,6.47,0,16,19,23,1
14267,127736,-0.03,0,2,5,3,1
14268,127739,-0.03,0,2,5,3,1
14269,127742,-0.03,0,2,5,3,1
14270,127752,2.85,0,8,11,10,1
14271,127757,0.95,0,4,7,5,1
14272,127762,0.4,0,3,6,5,1
14273,127771,2.91,0,8,11,9,1
14274,127782,2.79,0,8,11,11,1
14275,127794,2.73,0,8,11,12,1
14276,127797,-0.03,0,2,5,3,1
14277,127812,2.55,0,8,11,15,1
14278,127825,2.12,0,7,10,13,1
14279,127847,4.33,0,12,15,22,1
14280,127854,0.83,0,4,7,7,1
14281,127869,4.2,0,11,14,15,1
14282,127889,3.35,0,10,13,20,1
14283,127897,1.87,0,6,9,8,1
14284,127900,-0.03,0,2,5,3,1
14285,127911,3.34,0,9,12,11,1
14286,127915,0.46,0,3,6,4,1
14287,127946,7.64,0,19,22,31,1
14288,127947,-1.01,0,0,3,1,1
14289,127961,3.16,0,9,12,14,1
14290,127974,4.32,0,11,14,13,1
14291,128022,6.62,0,19,22,48,1
14292,128023,-1.01,0,0,3,1,1
14293,128026,-0.03,0,2,5,3,1
14294,128027,-1.01,0,0,3,1,1
14295,128028,-1.01,0,0,3,1,1
14296,128032,0.46,0,3,6,4,1
14297,128034,-0.52,0,1,4,2,1
14298,128038,0.46,0,3,6,4,1
14299,128054,3.04,0,9,12,16,1
14300,128058,0.46,0,3,6,4,1
14301,128059,-1.01,0,0,3,1,1
14302,128069,2.3,0,7,10,10,1
14303,128077,2.42,0,7,10,8,1
14304,128092,3.1,0,9,12,15,1
14305,128107,3.65,0,10,13,15,1
14306,128108,-1.01,0,0,3,1,1
14307,128112,-0.09,0,2,5,4,1
14308,128118,0.89,0,4,7,6,1
14309,128141,5.92,0,15,18,23,1
14310,128144,-0.03,0,2,5,3,1
14311,128147,-0.03,0,2,5,3,1
14312,128149,-0.52,0,1,4,2,1
14313,128152,-0.03,0,2,5,3,1
14314,128167,3.1,0,9,12,15,1
14315,128179,3.83,0,10,13,12,1
14316,128184,0.4,0,3,6,5,1
14317,128188,0.46,0,3,6,4,1
14318,128194,0.34,0,3,6,6,1
14319,128199,0.95,0,4,7,5,1
14320,128207,1.32,0,5,8,8,1
14321,128213,1.44,0,5,8,6,1
14322,128221,1.87,0,6,9,8,1
14323,128225,0.46,0,3,6,4,1
14324,128232,1.38,0,5,8,7,1
14325,128237,0.95,0,4,7,5,1
14326,128240,-0.03,0,2,5,3,1
14327,128244,0.46,0,3,6,4,1
14328,128258,4.81,0,12,15,14,1
14329,128276,2.37,0,8,11,18,1
14330,128309,4.77,0,14,17,33,1
14331,128317,2.42,0,7,10,8,1
14332,128337,5.0,0,13,16,20,1
14333,128345,0.77,0,4,7,8,1
14334,128367,4.33,0,12,15,22,1
14335,128373,1.44,0,5,8,6,1
14336,128378,0.95,0,4,7,5,1
14337,128380,-0.52,0,1,4,2,1
14338,128386,1.44,0,5,8,6,1
14339,128409,5.37,0,14,17,23,1
14340,128410,-1.01,0,0,3,1,1
14341,128418,1.87,0,6,9,8,1
14342,128421,-0.03,0,2,5,3,1
14343,128424,-0.03,0,2,5,3,1
14344,128429,0.95,0,4,7,5,1
14345,128432,-0.03,0,2,5,3,1
14346,128452,3.9,0,11,14,20,1
14347,128462,1.75,0,6,9,10,1
14348,128463,-1.01,0,0,3,1,1
14349,128475,3.28,0,9,12,12,1
14350,128484,2.36,0,7,10,9,1
14351,128485,-1.01,0,0,3,1,1
14352,128490,0.95,0,4,7,5,1
14353,128508,2.92,0,9,12,18,1
14354,128511,-0.03,0,2,5,3,1
14355,128539,3.97,0,12,15,28,1
14356,128542,-0.03,0,2,5,3,1
14357,128548,1.44,0,5,8,6,1
14358,128552,0.46,0,3,6,4,1
14359,128568,3.04,0,9,12,16,1
14360,128572,0.46,0,3,6,4,1
14361,128581,1.26,0,5,8,9,1
14362,128585,0.46,0,3,6,4,1
14363,128592,0.83,0,4,7,7,1
14364,128604,3.28,0,9,12,12,1
14365,128619,3.1,0,9,12,15,1
14366,128626,0.83,0,4,7,7,1
14367,128634,2.42,0,7,10,8,1
14368,128640,0.89,0,4,7,6,1
14369,128667,7.33,0,18,21,27,1
14370,128681,3.71,0,10,13,14,1
14371,128684,-0.03,0,2,5,3,1
14372,128693,1.26,0,5,8,9,1
14373,128718,5.25,0,14,17,25,1
14374,128728,3.4,0,9,12,10,1
14375,128729,-1.01,0,0,3,1,1
14376,128737,1.87,0,6,9,8,1
14377,128738,-1.01,0,0,3,1,1
14378,128739,-1.01,0,0,3,1,1
14379,128744,0.95,0,4,7,5,1
14380,128749,0.4,0,3,6,5,1
14381,128750,-1.01,0,0,3,1,1
14382,128752,-0.52,0,1,4,2,1
14383,128753,-1.01,0,0,3,1,1
14384,128786,4.77,0,14,17,33,1
14385,128787,-1.01,0,0,3,1,1
14386,128793,1.44,0,5,8,6,1
14387,128796,-0.03,0,2,5,3,1
14388,128797,-1.01,0,0,3,1,1
14389,128808,3.89,0,10,13,11,1
14390,128836,6.17,0,16,19,28,1
14391,128848,2.73,0,8,11,12,1
14392,128857,2.36,0,7,10,9,1
14393,128869,3.28,0,9,12,12,1
14394,128881,2.18,0,7,10,12,1
14395,128888,1.93,0,6,9,7,1
14396,128913,4.7,0,13,16,25,1
14397,128916,-0.03,0,2,5,3,1
14398,128924,1.87,0,6,9,8,1
14399,128931,1.93,0,6,9,7,1
14400,128933,-0.52,0,1,4,2,1
14401,128937,0.46,0,3,6,4,1
14402,128940,-0.03,0,2,5,3,1
14403,128941,-1.01,0,0,3,1,1
14404,128945,-0.09,0,2,5,4,1
14405,128961,3.59,0,10,13,16,1
14406,128964,-0.03,0,2,5,3,1
14407,128973,1.81,0,6,9,9,1
14408,128993,5.0,0,13,16,20,1
14409,128997,-0.09,0,2,5,4,1
14410,128999,-0.52,0,1,4,2,1
14411,129025,8.49,0,20,23,26,1
14412,129038,3.77,0,10,13,13,1
14413,129044,0.89,0,4,7,6,1
14414,129045,-1.01,0,0,3,1,1
14415,129050,0.95,0,4,7,5,1
14416,129084,5.81,0,16,19,34,1
14417,129103,5.61,0,14,17,19,1
14418,129105,-0.52,0,1,4,2,1
14419,129116,2.24,0,7,10,11,1
14420,129118,-0.52,0,1,4,2,1
14421,129120,-0.52,0,1,4,2,1
14422,129122,-0.52,0,1,4,2,1
14423,129164,8.08,0,21,24,42,1
14424,129166,-0.52,0,1,4,2,1
14425,129181,4.75,0,12,15,15,1
14426,129183,-0.52,0,1,4,2,1
14427,129207,6.96,0,17,20,24,1
14428,129228,5.49,0,14,17,21,1
14429,129238,3.4,0,9,12,10,1
14430,129254,4.69,0,12,15,16,1
14431,129255,-1.01,0,0,3,1,1
14432,129257,-0.52,0,1,4,2,1
14433,129265,1.87,0,6,9,8,1
14434,129269,-0.09,0,2,5,4,1
14435,129278,2.91,0,8,11,9,1
14436,129282,-0.09,0,2,5,4,1
14437,129290,1.87,0,6,9,8,1
14438,129298,1.32,0,5,8,8,1
14439,129301,-0.03,0,2,5,3,1
14440,129314,2.12,0,7,10,13,1
14441,129328,2.61,0,8,11,14,1
14442,129337,2.36,0,7,10,9,1
14443,129361,7.51,0,18,21,24,1
14444,129364,-0.03,0,2,5,3,1
14445,129368,0.46,0,3,6,4,1
14446,129376,1.87,0,6,9,8,1
14447,129377,-1.01,0,0,3,1,1
14448,129393,2.49,0,8,11,16,1
14449,129396,-0.03,0,2,5,3,1
14450,129397,-1.01,0,0,3,1,1
14451,129416,4.51,0,12,15,19,1
14452,129419,-0.03,0,2,5,3,1
14453,129428,2.91,0,8,11,9,1
14454,129448,3.35,0,10,13,20,1
14455,129452,0.46,0,3,6,4,1
14456,129454,-0.52,0,1,4,2,1
14457,129457,-0.03,0,2,5,3,1
14458,129462,0.95,0,4,7,5,1
14459,129472,1.2,0,5,8,10,1
14460,129475,-0.03,0,2,5,3,1
14461,129477,-0.52,0,1,4,2,1
14462,129480,-0.58,0,1,4,3,1
14463,129485,0.95,0,4,7,5,1
14464,129494,2.91,0,8,11,9,1
14465,129504,2.85,0,8,11,10,1
14466,129510,0.89,0,4,7,6,1
14467,129512,-0.52,0,1,4,2,1
14468,129524,2.73,0,8,11,12,1
14469,129552,4.52,0,13,16,28,1
14470,129556,0.46,0,3,6,4,1
14471,129565,2.36,0,7,10,9,1
14472,129583,2.92,0,9,12,18,1
14473,129584,-1.01,0,0,3,1,1
14474,129588,0.46,0,3,6,4,1
14475,129598,3.4,0,9,12,10,1
14476,129621,6.47,0,16,19,23,1
14477,129622,-1.01,0,0,3,1,1
14478,129623,-1.01,0,0,3,1,1
14479,129626,-0.03,0,2,5,3,1
14480,129629,-0.03,0,2,5,3,1
14481,129638,1.81,0,6,9,9,1
14482,129648,1.2,0,5,8,10,1
14483,129659,3.34,0,9,12,11,1
14484,129661,-0.52,0,1,4,2,1
14485,129665,0.46,0,3,6,4,1
14486,129674,2.36,0,7,10,9,1
14487,129677,-0.03,0,2,5,3,1
14488,129687,1.75,0,6,9,10,1
14489,129689,-0.52,0,1,4,2,1
14490,129691,-0.52,0,1,4,2,1
14491,129698,1.38,0,5,8,7,1
14492,129700,-0.52,0,1,4,2,1
14493,129702,-0.52,0,1,4,2,1
14494,129719,2.43,0,8,11,17,1
14495,129730,1.69,0,6,9,11,1
14496,129733,-0.03,0,2,5,3,1
14497,129736,-0.03,0,2,5,3,1
14498,129739,-0.03,0,2,5,3,1
14499,129741,-0.52,0,1,4,2,1
14500,129751,2.85,0,8,11,10,1
14501,129754,-0.03,0,2,5,3,1
14502,129767,2.67,0,8,11,13,1
14503,129770,-0.03,0,2,5,3,1
14504,129773,-0.03,0,2,5,3,1
14505,129776,-0.58,0,1,4,3,1
14506,129781,0.95,0,4,7,5,1
14507,129789,1.87,0,6,9,8,1
14508,129793,0.46,0,3,6,4,1
14509,129798,0.4,0,3,6,5,1
14510,129810,3.83,0,10,13,12,1
14511,129812,-0.52,0,1,4,2,1
14512,129814,-0.52,0,1,4,2,1
14513,129817,-0.03,0,2,5,3,1
14514,129866,7.66,0,21,24,49,1
14515,129873,1.38,0,5,8,7,1
14516,129879,1.44,0,5,8,6,1
14517,129897,4.57,0,12,15,18,1
14518,129925,6.17,0,16,19,28,1
14519,129935,2.3,0,7,10,10,1
14520,129979,7.41,0,20,23,44,1
14521,129996,4.08,0,11,14,17,1
14522,130011,4.75,0,12,15,15,1
14523,130024,4.32,0,11,14,13,1
14524,130037,3.22,0,9,12,13,1
14525,130053,4.14,0,11,14,16,1
14526,130066,3.22,0,9,12,13,1
14527,130088,5.98,0,15,18,22,1
14528,130090,-0.52,0,1,4,2,1
14529,130093,-0.03,0,2,5,3,1
14530,130104,3.34,0,9,12,11,1
14531,130106,-0.52,0,1,4,2,1
14532,130125,6.16,0,15,18,19,1
14533,130155,6.05,0,16,19,30,1
14534,130156,-1.01,0,0,3,1,1
14535,130157,-1.01,0,0,3,1,1
14536,130170,2.67,0,8,11,13,1
14537,130195,6.35,0,16,19,25,1
14538,130206,2.79,0,8,11,11,1
14539,130213,1.93,0,6,9,7,1
14540,130224,2.24,0,7,10,11,1
14541,130226,-0.52,0,1,4,2,1
14542,130229,-0.03,0,2,5,3,1
14543,130233,0.46,0,3,6,4,1
14544,130235,-0.52,0,1,4,2,1
14545,130239,0.46,0,3,6,4,1
14546,130252,3.22,0,9,12,13,1
14547,130257,0.95,0,4,7,5,1
14548,130267,2.85,0,8,11,10,1
14549,130272,0.95,0,4,7,5,1
14550,130273,-1.01,0,0,3,1,1
14551,130279,0.89,0,4,7,6,1
14552,130298,6.16,0,15,18,19,1
14553,130299,-1.01,0,0,3,1,1
14554,130300,-1.01,0,0,3,1,1
14555,130302,-0.52,0,1,4,2,1
14556,130305,-0.03,0,2,5,3,1
14557,130307,-0.52,0,1,4,2,1
14558,130328,3.29,0,10,13,21,1
14559,130337,1.26,0,5,8,9,1
14560,130361,5.86,0,15,18,24,1
14561,130370,1.81,0,6,9,9,1
14562,130382,2.18,0,7,10,12,1
14563,130393,3.34,0,9,12,11,1
14564,130406,3.77,0,10,13,13,1
14565,130407,-1.01,0,0,3,1,1
14566,130411,0.46,0,3,6,4,1
14567,130432,4.94,0,13,16,21,1
14568,130436,0.46,0,3,6,4,1
14569,130452,4.14,0,11,14,16,1
14570,130463,2.24,0,7,10,11,1
14571,130473,1.75,0,6,9,10,1
14572,130476,-0.03,0,2,5,3,1
14573,130480,0.46,0,3,6,4,1
14574,130483,-0.03,0,2,5,3,1
14575,130485,-0.52,0,1,4,2,1
14576,130487,-0.52,0,1,4,2,1
14577,130489,-0.52,0,1,4,2,1
14578,130502,2.67,0,8,11,13,1
14579,130505,-0.03,0,2,5,3,1
14580,130510,0.4,0,3,6,5,1
14581,130515,0.4,0,3,6,5,1
14582,130527,3.28,0,9,12,12,1
14583,130528,-1.01,0,0,3,1,1
14584,130531,-0.03,0,2,5,3,1
14585,130532,-1.01,0,0,3,1,1
14586,130533,-1.01,0,0,3,1,1
14587,130546,1.57,0,6,9,13,1
14588,130550,0.46,0,3,6,4,1
14589,130552,-0.52,0,1,4,2,1
14590,130555,-0.03,0,2,5,3,1
14591,130571,3.59,0,10,13,16,1
14592,130574,-0.03,0,2,5,3,1
14593,130595,6.59,0,16,19,21,1
14594,130598,-0.03,0,2,5,3,1
14595,130602,-0.09,0,2,5,4,1
14596,130606,0.46,0,3,6,4,1
14597,130631,5.25,0,14,17,25,1
14598,130633,-0.52,0,1,4,2,1
14599,130638,0.95,0,4,7,5,1
14600,130641,-0.03,0,2,5,3,1
14601,130656,4.2,0,11,14,15,1
14602,130686,6.05,0,16,19,30,1
14603,130695,2.36,0,7,10,9,1
14604,130705,1.75,0,6,9,10,1
14605,130708,-0.03,0,2,5,3,1
14606,130718,2.3,0,7,10,10,1
14607,130721,-0.58,0,1,4,3,1
14608,130726,0.95,0,4,7,5,1
14609,130729,-0.03,0,2,5,3,1
14610,130733,0.46,0,3,6,4,1
14611,130736,-0.03,0,2,5,3,1
14612,130743,1.38,0,5,8,7,1
14613,130744,-1.01,0,0,3,1,1
14614,130757,3.77,0,10,13,13,1
14615,130765,1.87,0,6,9,8,1
14616,130766,-1.01,0,0,3,1,1
14617,130774,1.87,0,6,9,8,1
14618,130776,-0.52,0,1,4,2,1
14619,130778,-0.52,0,1,4,2,1
14620,130783,0.95,0,4,7,5,1
14621,130793,2.3,0,7,10,10,1
14622,130849,6.69,0,20,23,56,1
14623,130856,0.83,0,4,7,7,1
14624,130857,-1.01,0,0,3,1,1
14625,130872,3.1,0,9,12,15,1
14626,130882,2.3,0,7,10,10,1
14627,130899,3.53,0,10,13,17,1
14628,130900,-1.01,0,0,3,1,1
14629,130911,2.79,0,8,11,11,1
14630,130912,-1.01,0,0,3,1,1
14631,130922,3.4,0,9,12,10,1
14632,130942,4.45,0,12,15,20,1
14633,130944,-0.52,0,1,4,2,1
14634,130956,2.73,0,8,11,12,1
14635,130968,3.28,0,9,12,12,1
14636,130983,5.3,0,13,16,15,1
14637,131010,5.68,0,15,18,27,1
14638,131013,-0.03,0,2,5,3,1
14639,131017,-0.09,0,2,5,4,1
14640,131020,-0.03,0,2,5,3,1
14641,131033,2.67,0,8,11,13,1
14642,131047,4.26,0,11,14,14,1
14643,131055,2.42,0,7,10,8,1
14644,131070,4.2,0,11,14,15,1
14645,131076,0.89,0,4,7,6,1
14646,131085,2.36,0,7,10,9,1
14647,131104,5.06,0,13,16,19,1
14648,131107,-0.03,0,2,5,3,1
14649,131117,2.85,0,8,11,10,1
14650,131151,4.71,0,14,17,34,1
14651,131171,3.9,0,11,14,20,1
14652,131183,3.28,0,9,12,12,1
14653,131189,1.44,0,5,8,6,1
14654,131197,2.42,0,7,10,8,1
14655,131198,-1.01,0,0,3,1,1
14656,131202,0.46,0,3,6,4,1
14657,131228,7.39,0,18,21,26,1
14658,131233,0.95,0,4,7,5,1
14659,131235,-0.52,0,1,4,2,1
14660,131245,2.85,0,8,11,10,1
14661,131248,-0.03,0,2,5,3,1
14662,131285,7.28,0,19,22,37,1
14663,131288,-0.03,0,2,5,3,1
14664,131290,-0.52,0,1,4,2,1
14665,131295,0.95,0,4,7,5,1
14666,131301,1.44,0,5,8,6,1
14667,131309,1.32,0,5,8,8,1
14668,131313,0.46,0,3,6,4,1
14669,131323,2.85,0,8,11,10,1
14670,131324,-1.01,0,0,3,1,1
14671,131333,2.36,0,7,10,9,1
14672,131370,8.38,0,21,24,37,1
14673,131371,-1.01,0,0,3,1,1
14674,131394,4.82,0,13,16,23,1
14675,131402,2.42,0,7,10,8,1
14676,131405,-0.03,0,2,5,3,1
14677,131408,-0.03,0,2,5,3,1
14678,131409,-1.01,0,0,3,1,1
14679,131411,-0.52,0,1,4,2,1
14680,131419,2.42,0,7,10,8,1
14681,131433,4.26,0,11,14,14,1
14682,131435,-0.52,0,1,4,2,1
14683,131452,5.18,0,13,16,17,1
14684,131456,0.46,0,3,6,4,1
14685,131467,3.34,0,9,12,11,1
14686,131469,-0.52,0,1,4,2,1
14687,131477,2.42,0,7,10,8,1
14688,131484,1.93,0,6,9,7,1
14689,131494,2.85,0,8,11,10,1
14690,131497,-0.03,0,2,5,3,1
14691,131507,2.85,0,8,11,10,1
14692,131531,6.96,0,17,20,24,1
14693,131537,0.89,0,4,7,6,1
14694,131542,0.4,0,3,6,5,1
14695,131548,1.44,0,5,8,6,1
14696,131552,0.46,0,3,6,4,1
14697,131566,3.16,0,9,12,14,1
14698,131568,-0.52,0,1,4,2,1
14699,131578,2.85,0,8,11,10,1
14700,131584,1.44,0,5,8,6,1
14701,131589,0.95,0,4,7,5,1
14702,131590,-1.01,0,0,3,1,1
14703,131592,-0.52,0,1,4,2,1
14704,131605,3.77,0,10,13,13,1
14705,131613,1.87,0,6,9,8,1
14706,131614,-1.01,0,0,3,1,1
14707,131623,2.36,0,7,10,9,1
14708,131630,0.28,0,3,6,7,1
14709,131636,1.44,0,5,8,6,1
14710,131638,-0.52,0,1,4,2,1
14711,131648,2.85,0,8,11,10,1
14712,131655,1.93,0,6,9,7,1
14713,131658,-0.03,0,2,5,3,1
14714,131672,4.26,0,11,14,14,1
14715,131689,4.63,0,12,15,17,1
14716,131691,-0.52,0,1,4,2,1
14717,131716,5.8,0,15,18,25,1
14718,131721,0.95,0,4,7,5,1
14719,131734,3.22,0,9,12,13,1
14720,131736,-0.52,0,1,4,2,1
14721,131743,1.38,0,5,8,7,1
14722,131746,-0.03,0,2,5,3,1
14723,131747,-1.01,0,0,3,1,1
14724,131749,-0.52,0,1,4,2,1
14725,131755,0.89,0,4,7,6,1
14726,131769,2.61,0,8,11,14,1
14727,131773,0.46,0,3,6,4,1
14728,131785,2.18,0,7,10,12,1
14729,131787,-0.52,0,1,4,2,1
14730,131795,1.87,0,6,9,8,1
14731,131802,1.38,0,5,8,7,1
14732,131804,-0.52,0,1,4,2,1
14733,131808,0.46,0,3,6,4,1
14734,131818,2.3,0,7,10,10,1
14735,131828,2.3,0,7,10,10,1
14736,131833,0.95,0,4,7,5,1
14737,131834,-1.01,0,0,3,1,1
14738,131848,3.16,0,9,12,14,1
14739,131858,2.85,0,8,11,10,1
14740,131878,3.9,0,11,14,20,1
14741,131879,-1.01,0,0,3,1,1
14742,131887,1.32,0,5,8,8,1
14743,131891,0.46,0,3,6,4,1
14744,131911,5.55,0,14,17,20,1
14745,131915,0.46,0,3,6,4,1
14746,131949,5.81,0,16,19,34,1
14747,131986,5.63,0,16,19,37,1
14748,131990,0.46,0,3,6,4,1
14749,132007,4.08,0,11,14,17,1
14750,132011,0.46,0,3,6,4,1
14751,132015,0.46,0,3,6,4,1
14752,132016,-1.01,0,0,3,1,1
14753,132017,-1.01,0,0,3,1,1
14754,132027,1.75,0,6,9,10,1
14755,132028,-1.01,0,0,3,1,1
14756,132032,0.46,0,3,6,4,1
14757,132036,0.46,0,3,6,4,1
14758,132053,4.63,0,12,15,17,1
14759,132065,3.28,0,9,12,12,1
14760,132069,0.46,0,3,6,4,1
14761,132104,5.75,0,16,19,35,1
14762,132105,-1.01,0,0,3,1,1
14763,132115,2.85,0,8,11,10,1
14764,132127,2.73,0,8,11,12,1
14765,132144,2.43,0,8,11,17,1
14766,132149,0.95,0,4,7,5,1
14767,132152,-0.03,0,2,5,3,1
14768,132156,0.46,0,3,6,4,1
14769,132158,-0.52,0,1,4,2,1
14770,132163,0.95,0,4,7,5,1
14771,132168,0.95,0,4,7,5,1
14772,132169,-1.01,0,0,3,1,1
14773,132223,10.86,1,22,25,54,0
14774,132224,-1.01,0,0,3,1,1
14775,132235,1.69,0,6,9,11,1
14776,132278,6.37,0,18,21,43,1
14777,132290,3.83,0,10,13,12,1
14778,132307,4.63,0,12,15,17,1
14779,132309,-0.52,0,1,4,2,1
14780,132335,6.29,0,16,19,26,1
14781,132343,1.32,0,5,8,8,1
14782,132362,5.06,0,13,16,19,1
14783,132389,4.03,0,12,15,27,1
14784,132391,-0.52,0,1,4,2,1
14785,132403,2.73,0,8,11,12,1
14786,132424,3.84,0,11,14,21,1
14787,132427,-0.03,0,2,5,3,1
14788,132436,2.91,0,8,11,9,1
14789,132454,4.02,0,11,14,18,1
14790,132455,-1.01,0,0,3,1,1
14791,132468,4.32,0,11,14,13,1
14792,132478,2.3,0,7,10,10,1
14793,132495,4.63,0,12,15,17,1
14794,132499,0.46,0,3,6,4,1
14795,132502,-0.03,0,2,5,3,1
14796,132506,0.46,0,3,6,4,1
14797,132508,-0.52,0,1,4,2,1
14798,132513,0.95,0,4,7,5,1
14799,132522,1.81,0,6,9,9,1
14800,132530,2.42,0,7,10,8,1
14801,132540,2.85,0,8,11,10,1
14802,132550,2.3,0,7,10,10,1
14803,132564,4.26,0,11,14,14,1
14804,132573,2.36,0,7,10,9,1
14805,132577,0.46,0,3,6,4,1
14806,132578,-1.01,0,0,3,1,1
14807,132582,0.46,0,3,6,4,1
14808,132586,0.46,0,3,6,4,1
14809,132587,-1.01,0,0,3,1,1
14810,132593,1.44,0,5,8,6,1
14811,132594,-1.01,0,0,3,1,1
14812,132596,-0.52,0,1,4,2,1
14813,132605,1.81,0,6,9,9,1
14814,132614,2.91,0,8,11,9,1
14815,132661,6.68,0,19,22,47,1
14816,132669,1.32,0,5,8,8,1
14817,132679,3.4,0,9,12,10,1
14818,132687,1.32,0,5,8,8,1
14819,132689,-0.52,0,1,4,2,1
14820,132692,-0.03,0,2,5,3,1
14821,132697,0.95,0,4,7,5,1
14822,132704,1.38,0,5,8,7,1
14823,132716,3.83,0,10,13,12,1
14824,132717,-1.01,0,0,3,1,1
14825,132722,0.95,0,4,7,5,1
14826,132727,0.95,0,4,7,5,1
14827,132736,2.36,0,7,10,9,1
14828,132782,6.74,0,19,22,46,1
14829,132794,3.28,0,9,12,12,1
14830,132801,1.93,0,6,9,7,1
14831,132809,2.42,0,7,10,8,1
14832,132851,6.43,0,18,21,42,1
14833,132854,-0.03,0,2,5,3,1
14834,132862,2.42,0,7,10,8,1
14835,132863,-1.01,0,0,3,1,1
14836,132866,-0.03,0,2,5,3,1
14837,132885,4.51,0,12,15,19,1
14838,132931,5.64,0,17,20,46,1
14839,132938,1.93,0,6,9,7,1
14840,132946,1.87,0,6,9,8,1
14841,132947,-1.01,0,0,3,1,1
14842,132959,2.18,0,7,10,12,1
14843,132961,-0.52,0,1,4,2,1
14844,132968,1.93,0,6,9,7,1
14845,132977,2.36,0,7,10,9,1
14846,132983,0.34,0,3,6,6,1
14847,133001,3.47,0,10,13,18,1
14848,133006,0.4,0,3,6,5,1
14849,133013,1.38,0,5,8,7,1
14850,133017,0.46,0,3,6,4,1
14851,133026,2.36,0,7,10,9,1
14852,133028,-0.52,0,1,4,2,1
14853,133029,-1.01,0,0,3,1,1
14854,133036,1.93,0,6,9,7,1
14855,133046,2.85,0,8,11,10,1
14856,133051,0.95,0,4,7,5,1
14857,133057,0.89,0,4,7,6,1
14858,133069,3.83,0,10,13,12,1
14859,133073,0.46,0,3,6,4,1
14860,133086,1.57,0,6,9,13,1
14861,133092,1.44,0,5,8,6,1
14862,133103,2.79,0,8,11,11,1
14863,133118,3.65,0,10,13,15,1
14864,133125,1.38,0,5,8,7,1
14865,133130,0.95,0,4,7,5,1
14866,133142,3.83,0,10,13,12,1
14867,133149,1.93,0,6,9,7,1
14868,133158,1.26,0,5,8,9,1
14869,133161,-0.03,0,2,5,3,1
14870,133171,2.3,0,7,10,10,1
14871,133172,-1.01,0,0,3,1,1
14872,133174,-0.52,0,1,4,2,1
14873,133176,-0.52,0,1,4,2,1
14874,133179,-0.03,0,2,5,3,1
14875,133182,-0.03,0,2,5,3,1
14876,133194,4.38,0,11,14,12,1
14877,133214,5.55,0,14,17,20,1
14878,133219,0.95,0,4,7,5,1
14879,133228,1.81,0,6,9,9,1
14880,133242,4.81,0,12,15,14,1
14881,133246,0.46,0,3,6,4,1
14882,133250,0.46,0,3,6,4,1
14883,133253,-0.03,0,2,5,3,1
14884,133256,-0.03,0,2,5,3,1
14885,133260,0.46,0,3,6,4,1
14886,133268,1.32,0,5,8,8,1
14887,133274,1.44,0,5,8,6,1
14888,133279,0.95,0,4,7,5,1
14889,133286,1.38,0,5,8,7,1
14890,133288,-0.52,0,1,4,2,1
14891,133293,0.95,0,4,7,5,1
14892,133310,5.73,0,14,17,17,1
14893,133311,-1.01,0,0,3,1,1
14894,133335,5.31,0,14,17,24,1
14895,133338,-0.03,0,2,5,3,1
14896,133341,-0.03,0,2,5,3,1
14897,133351,2.85,0,8,11,10,1
14898,133354,-0.03,0,2,5,3,1
14899,133370,3.04,0,9,12,16,1
14900,133371,-1.01,0,0,3,1,1
14901,133398,5.68,0,15,18,27,1
14902,133400,-0.52,0,1,4,2,1
14903,133409,2.91,0,8,11,9,1
14904,133424,4.2,0,11,14,15,1
14905,133437,3.22,0,9,12,13,1
14906,133443,0.89,0,4,7,6,1
14907,133454,3.34,0,9,12,11,1
14908,133473,3.96,0,11,14,19,1
14909,133475,-0.52,0,1,4,2,1
14910,133476,-1.01,0,0,3,1,1
14911,133477,-1.01,0,0,3,1,1
14912,133478,-1.01,0,0,3,1,1
14913,133486,2.42,0,7,10,8,1
14914,133507,4.39,0,12,15,21,1
14915,133524,3.53,0,10,13,17,1
14916,133531,1.93,0,6,9,7,1
14917,133535,0.46,0,3,6,4,1
14918,133538,-0.03,0,2,5,3,1
14919,133542,0.46,0,3,6,4,1
14920,133543,-1.01,0,0,3,1,1
14921,133554,2.24,0,7,10,11,1
14922,133556,-0.52,0,1,4,2,1
14923,133562,1.44,0,5,8,6,1
14924,133565,-0.03,0,2,5,3,1
14925,133576,1.69,0,6,9,11,1
14926,133590,3.71,0,10,13,14,1
14927,133595,0.95,0,4,7,5,1
14928,133597,-0.52,0,1,4,2,1
14929,133598,-1.01,0,0,3,1,1
14930,133610,3.28,0,9,12,12,1
14931,133612,-0.52,0,1,4,2,1
14932,133626,2.61,0,8,11,14,1
14933,133640,4.26,0,11,14,14,1
14934,133645,0.4,0,3,6,5,1
14935,133667,4.88,0,13,16,22,1
14936,133673,1.44,0,5,8,6,1
14937,133681,2.42,0,7,10,8,1
14938,133683,-0.52,0,1,4,2,1
14939,133696,3.22,0,9,12,13,1
14940,133699,-0.03,0,2,5,3,1
14941,133700,-1.01,0,0,3,1,1
14942,133706,1.44,0,5,8,6,1
14943,133711,0.95,0,4,7,5,1
14944,133714,-0.03,0,2,5,3,1
14945,133716,-0.52,0,1,4,2,1
14946,133720,0.46,0,3,6,4,1
14947,133721,-1.01,0,0,3,1,1
14948,133731,2.85,0,8,11,10,1
14949,133732,-1.01,0,0,3,1,1
14950,133734,-0.52,0,1,4,2,1
14951,133759,4.15,0,12,15,25,1
14952,133763,0.46,0,3,6,4,1
14953,133765,-0.52,0,1,4,2,1
14954,133771,0.89,0,4,7,6,1
14955,133778,1.38,0,5,8,7,1
14956,133798,5.55,0,14,17,20,1
14957,133801,-0.03,0,2,5,3,1
14958,133838,6.73,0,18,21,37,1
14959,133840,-0.52,0,1,4,2,1
14960,133846,1.44,0,5,8,6,1
14961,133865,5.61,0,14,17,19,1
14962,133882,4.08,0,11,14,17,1
14963,133885,-0.03,0,2,5,3,1
14964,133892,1.38,0,5,8,7,1
14965,133910,4.57,0,12,15,18,1
14966,133926,5.24,0,13,16,16,1
14967,133933,1.93,0,6,9,7,1
14968,133950,4.08,0,11,14,17,1
14969,133951,-1.01,0,0,3,1,1
14970,133958,1.38,0,5,8,7,1
14971,133973,4.75,0,12,15,15,1
14972,133980,1.38,0,5,8,7,1
14973,134010,7.15,0,18,21,30,1
14974,134018,1.87,0,6,9,8,1
14975,134025,1.93,0,6,9,7,1
14976,134032,0.28,0,3,6,7,1
14977,134036,0.46,0,3,6,4,1
14978,134042,1.44,0,5,8,6,1
14979,134045,-0.03,0,2,5,3,1
14980,134046,-1.01,0,0,3,1,1
14981,134048,-0.52,0,1,4,2,1
14982,134054,0.89,0,4,7,6,1
14983,134060,0.89,0,4,7,6,1
14984,134074,3.71,0,10,13,14,1
14985,134076,-0.52,0,1,4,2,1
14986,134081,0.95,0,4,7,5,1
14987,134083,-0.52,0,1,4,2,1
14988,134087,0.46,0,3,6,4,1
14989,134093,0.89,0,4,7,6,1
14990,134104,2.24,0,7,10,11,1
14991,134109,0.95,0,4,7,5,1
14992,134125,3.59,0,10,13,16,1
14993,134131,0.89,0,4,7,6,1
14994,134133,-0.52,0,1,4,2,1
14995,134136,-0.03,0,2,5,3,1
14996,134142,1.44,0,5,8,6,1
14997,134148,1.44,0,5,8,6,1
14998,134182,5.26,0,15,18,34,1
14999,134225,5.27,0,16,19,43,1
15000,134237,3.83,0,10,13,12,1
15001,134238,-1.01,0,0,3,1,1
15002,134251,3.22,0,9,12,13,1
15003,134261,2.85,0,8,11,10,1
15004,134263,-0.52,0,1,4,2,1
15005,134265,-0.52,0,1,4,2,1
15006,134269,0.46,0,3,6,4,1
15007,134272,-0.03,0,2,5,3,1
15008,134290,4.02,0,11,14,18,1
15009,134293,-0.03,0,2,5,3,1
15010,134297,0.46,0,3,6,4,1
15011,134299,-0.52,0,1,4,2,1
15012,134303,0.46,0,3,6,4,1
15013,134309,1.44,0,5,8,6,1
15014,134318,0.71,0,4,7,9,1
15015,134319,-1.01,0,0,3,1,1
15016,134322,-0.03,0,2,5,3,1
15017,134325,-0.03,0,2,5,3,1
15018,134333,1.87,0,6,9,8,1
15019,134338,0.95,0,4,7,5,1
15020,134343,0.4,0,3,6,5,1
15021,134345,-0.52,0,1,4,2,1
15022,134348,-0.03,0,2,5,3,1
15023,134351,-0.03,0,2,5,3,1
15024,134360,1.81,0,6,9,9,1
15025,134369,1.81,0,6,9,9,1
15026,134377,2.42,0,7,10,8,1
15027,134391,2.61,0,8,11,14,1
15028,134395,0.46,0,3,6,4,1
15029,134403,1.32,0,5,8,8,1
15030,134404,-1.01,0,0,3,1,1
15031,134406,-0.52,0,1,4,2,1
15032,134407,-1.01,0,0,3,1,1
15033,134423,3.04,0,9,12,16,1
15034,134425,-0.52,0,1,4,2,1
15035,134427,-0.52,0,1,4,2,1
15036,134436,1.81,0,6,9,9,1
15037,134438,-0.52,0,1,4,2,1
15038,134454,3.04,0,9,12,16,1
15039,134473,3.96,0,11,14,19,1
15040,134495,5.43,0,14,17,22,1
15041,134499,-0.09,0,2,5,4,1
15042,134509,1.75,0,6,9,10,1
15043,134517,1.32,0,5,8,8,1
15044,134524,1.93,0,6,9,7,1
15045,134539,3.65,0,10,13,15,1
15046,134542,-0.03,0,2,5,3,1
15047,134563,4.39,0,12,15,21,1
15048,134574,2.24,0,7,10,11,1
15049,134579,0.95,0,4,7,5,1
15050,134590,3.89,0,10,13,11,1
15051,134598,1.32,0,5,8,8,1
15052,134611,2.67,0,8,11,13,1
15053,134613,-0.52,0,1,4,2,1
15054,134616,-0.03,0,2,5,3,1
15055,134619,-0.03,0,2,5,3,1
15056,134659,7.65,0,20,23,40,1
15057,134674,3.65,0,10,13,15,1
15058,134676,-0.52,0,1,4,2,1
15059,134678,-0.52,0,1,4,2,1
15060,134680,-0.52,0,1,4,2,1
15061,134687,1.93,0,6,9,7,1
15062,134698,2.79,0,8,11,11,1
15063,134700,-0.52,0,1,4,2,1
15064,134704,0.46,0,3,6,4,1
15065,134706,-0.52,0,1,4,2,1
15066,134712,1.44,0,5,8,6,1
15067,134728,5.24,0,13,16,16,1
15068,134731,-0.03,0,2,5,3,1
15069,134737,0.89,0,4,7,6,1
15070,134738,-1.01,0,0,3,1,1
15071,134741,-0.03,0,2,5,3,1
15072,134751,2.3,0,7,10,10,1
15073,134758,1.38,0,5,8,7,1
15074,134759,-1.01,0,0,3,1,1
15075,134760,-1.01,0,0,3,1,1
15076,134792,7.03,0,18,21,32,1
15077,134795,-0.03,0,2,5,3,1
15078,134806,2.24,0,7,10,11,1
15079,134808,-0.52,0,1,4,2,1
15080,134809,-1.01,0,0,3,1,1
15081,134817,1.87,0,6,9,8,1
15082,134829,2.73,0,8,11,12,1
15083,134873,6.31,0,18,21,44,1
15084,134875,-0.52,0,1,4,2,1
15085,134889,3.16,0,9,12,14,1
15086,134897,1.87,0,6,9,8,1
15087,134925,4.52,0,13,16,28,1
15088,134927,-0.52,0,1,4,2,1
15089,134928,-1.01,0,0,3,1,1
15090,134938,1.75,0,6,9,10,1
15091,134941,-0.03,0,2,5,3,1
15092,134953,2.73,0,8,11,12,1
15093,134954,-1.01,0,0,3,1,1
15094,134963,2.91,0,8,11,9,1
15095,134974,3.34,0,9,12,11,1
15096,134980,1.44,0,5,8,6,1
15097,134984,-0.09,0,2,5,4,1
15098,134993,2.36,0,7,10,9,1
15099,134996,-0.03,0,2,5,3,1
15100,135003,1.93,0,6,9,7,1
15101,135006,-0.03,0,2,5,3,1
15102,135014,2.42,0,7,10,8,1
15103,135016,-0.52,0,1,4,2,1
15104,135025,2.36,0,7,10,9,1
15105,135031,0.89,0,4,7,6,1
15106,135033,-0.52,0,1,4,2,1
15107,135036,-0.03,0,2,5,3,1
15108,135040,0.46,0,3,6,4,1
15109,135051,2.79,0,8,11,11,1
15110,135054,-0.03,0,2,5,3,1
15111,135064,2.3,0,7,10,10,1
15112,135068,0.46,0,3,6,4,1
15113,135089,4.94,0,13,16,21,1
15114,135095,1.44,0,5,8,6,1
15115,135100,0.95,0,4,7,5,1
15116,135108,2.42,0,7,10,8,1
15117,135113,0.95,0,4,7,5,1
15118,135114,-1.01,0,0,3,1,1
15119,135115,-1.01,0,0,3,1,1
15120,135117,-0.52,0,1,4,2,1
15121,135119,-0.52,0,1,4,2,1
15122,135134,5.3,0,13,16,15,1
15123,135136,-0.52,0,1,4,2,1
15124,135137,-1.01,0,0,3,1,1
15125,135148,1.69,0,6,9,11,1
15126,135160,3.28,0,9,12,12,1
15127,135163,-0.03,0,2,5,3,1
15128,135181,4.02,0,11,14,18,1
15129,135184,-0.03,0,2,5,3,1
15130,135197,3.22,0,9,12,13,1
15131,135203,1.44,0,5,8,6,1
15132,135217,3.71,0,10,13,14,1
15133,135219,-0.52,0,1,4,2,1
15134,135240,5.49,0,14,17,21,1
15135,135243,-0.03,0,2,5,3,1
15136,135247,0.46,0,3,6,4,1
15137,135274,7.33,0,18,21,27,1
15138,135293,5.06,0,13,16,19,1
15139,135297,0.46,0,3,6,4,1
15140,135298,-1.01,0,0,3,1,1
15141,135299,-1.01,0,0,3,1,1
15142,135311,3.28,0,9,12,12,1
15143,135324,3.77,0,10,13,13,1
15144,135325,-1.01,0,0,3,1,1
15145,135332,0.83,0,4,7,7,1
15146,135343,2.24,0,7,10,11,1
15147,135346,-0.03,0,2,5,3,1
15148,135357,3.89,0,10,13,11,1
15149,135358,-1.01,0,0,3,1,1
15150,135367,2.91,0,8,11,9,1
15151,135373,0.34,0,3,6,6,1
15152,135375,-0.52,0,1,4,2,1
15153,135380,0.95,0,4,7,5,1
15154,135395,3.65,0,10,13,15,1
15155,135400,0.4,0,3,6,5,1
15156,135403,-0.03,0,2,5,3,1
15157,135429,6.29,0,16,19,26,1
15158,135442,4.32,0,11,14,13,1
15159,135444,-0.52,0,1,4,2,1
15160,135469,5.8,0,15,18,25,1
15161,135475,1.44,0,5,8,6,1
15162,135477,-0.52,0,1,4,2,1
15163,135503,5.19,0,14,17,26,1
15164,135505,-0.52,0,1,4,2,1
15165,135522,2.98,0,9,12,17,1
15166,135577,6.75,0,20,23,55,1
15167,135584,1.93,0,6,9,7,1
15168,135593,1.81,0,6,9,9,1
15169,135604,1.69,0,6,9,11,1
15170,135607,-0.03,0,2,5,3,1
15171,135610,-0.03,0,2,5,3,1
15172,135627,4.08,0,11,14,17,1
15173,135633,1.44,0,5,8,6,1
15174,135642,1.26,0,5,8,9,1
15175,135650,2.42,0,7,10,8,1
15176,135656,0.89,0,4,7,6,1
15177,135660,0.46,0,3,6,4,1
15178,135668,2.42,0,7,10,8,1
15179,135672,0.46,0,3,6,4,1
15180,135674,-0.52,0,1,4,2,1
15181,135676,-0.52,0,1,4,2,1
15182,135685,2.36,0,7,10,9,1
15183,135687,-0.52,0,1,4,2,1
15184,135720,4.77,0,14,17,33,1
15185,135721,-1.01,0,0,3,1,1
15186,135749,5.62,0,15,18,28,1
15187,135758,2.91,0,8,11,9,1
15188,135785,6.23,0,16,19,27,1
15189,135791,1.44,0,5,8,6,1
15190,135798,1.93,0,6,9,7,1
15191,135804,0.89,0,4,7,6,1
15192,135805,-1.01,0,0,3,1,1
15193,135808,-0.03,0,2,5,3,1
15194,135812,0.46,0,3,6,4,1
15195,135817,0.95,0,4,7,5,1
15196,135820,-0.58,0,1,4,3,1
15197,135827,1.38,0,5,8,7,1
15198,135833,1.44,0,5,8,6,1
15199,135835,-0.52,0,1,4,2,1
15200,135837,-0.52,0,1,4,2,1
15201,135842,0.95,0,4,7,5,1
15202,135848,0.89,0,4,7,6,1
15203,135851,-0.03,0,2,5,3,1
15204,135874,5.37,0,14,17,23,1
15205,135875,-1.01,0,0,3,1,1
15206,135881,0.89,0,4,7,6,1
15207,135894,2.67,0,8,11,13,1
15208,135895,-1.01,0,0,3,1,1
15209,135908,3.77,0,10,13,13,1
15210,135909,-1.01,0,0,3,1,1
15211,135915,1.44,0,5,8,6,1
15212,135916,-1.01,0,0,3,1,1
15213,135921,0.4,0,3,6,5,1
15214,135935,3.71,0,10,13,14,1
15215,135937,-0.52,0,1,4,2,1
15216,135939,-0.52,0,1,4,2,1
15217,135945,0.89,0,4,7,6,1
15218,135954,2.91,0,8,11,9,1
15219,135968,2.61,0,8,11,14,1
15220,135970,-0.52,0,1,4,2,1
15221,135973,-0.03,0,2,5,3,1
15222,135985,3.83,0,10,13,12,1
15223,135987,-0.52,0,1,4,2,1
15224,135997,2.85,0,8,11,10,1
15225,136008,1.14,0,5,8,11,1
15226,136009,-1.01,0,0,3,1,1
15227,136017,2.42,0,7,10,8,1
15228,136024,1.93,0,6,9,7,1
15229,136027,-0.03,0,2,5,3,1
15230,136028,-1.01,0,0,3,1,1
15231,136037,1.81,0,6,9,9,1
15232,136063,6.29,0,16,19,26,1
15233,136065,-0.52,0,1,4,2,1
15234,136070,0.95,0,4,7,5,1
15235,136078,1.32,0,5,8,8,1
15236,136117,6.61,0,18,21,39,1
15237,136125,2.42,0,7,10,8,1
15238,136154,7.21,0,18,21,29,1
15239,136156,-0.52,0,1,4,2,1
15240,136165,2.36,0,7,10,9,1
15241,136169,0.46,0,3,6,4,1
15242,136170,-1.01,0,0,3,1,1
15243,136182,3.28,0,9,12,12,1
15244,136187,0.95,0,4,7,5,1
15245,136190,-0.58,0,1,4,3,1
15246,136212,4.33,0,12,15,22,1
15247,136225,2.67,0,8,11,13,1
15248,136237,3.28,0,9,12,12,1
15249,136245,1.87,0,6,9,8,1
15250,136253,2.42,0,7,10,8,1
15251,136264,2.24,0,7,10,11,1
15252,136275,2.79,0,8,11,11,1
15253,136293,5.12,0,13,16,18,1
15254,136294,-1.01,0,0,3,1,1
15255,136305,3.34,0,9,12,11,1
15256,136311,0.89,0,4,7,6,1
15257,136317,1.44,0,5,8,6,1
15258,136335,2.92,0,9,12,18,1
15259,136338,-0.03,0,2,5,3,1
15260,136356,3.47,0,10,13,18,1
15261,136358,-0.52,0,1,4,2,1
15262,136364,1.44,0,5,8,6,1
15263,136371,1.38,0,5,8,7,1
15264,136374,-0.03,0,2,5,3,1
15265,136380,1.44,0,5,8,6,1
15266,136383,-0.03,0,2,5,3,1
15267,136396,3.77,0,10,13,13,1
15268,136413,3.53,0,10,13,17,1
15269,136422,2.91,0,8,11,9,1
15270,136423,-1.01,0,0,3,1,1
15271,136427,0.46,0,3,6,4,1
15272,136464,7.28,0,19,22,37,1
15273,136473,1.26,0,5,8,9,1
15274,136483,2.3,0,7,10,10,1
15275,136487,0.46,0,3,6,4,1
15276,136493,1.44,0,5,8,6,1
15277,136499,0.89,0,4,7,6,1
15278,136503,0.46,0,3,6,4,1
15279,136513,3.4,0,9,12,10,1
15280,136516,-0.03,0,2,5,3,1
15281,136517,-1.01,0,0,3,1,1
15282,136534,3.53,0,10,13,17,1
15283,136539,0.4,0,3,6,5,1
15284,136555,4.69,0,12,15,16,1
15285,136556,-1.01,0,0,3,1,1
15286,136582,6.84,0,17,20,26,1
15287,136591,2.36,0,7,10,9,1
15288,136593,-0.52,0,1,4,2,1
15289,136594,-1.01,0,0,3,1,1
15290,136595,-1.01,0,0,3,1,1
15291,136599,0.46,0,3,6,4,1
15292,136601,-0.52,0,1,4,2,1
15293,136606,0.95,0,4,7,5,1
15294,136612,1.44,0,5,8,6,1
15295,136636,3.66,0,11,14,24,1
15296,136665,5.01,0,14,17,29,1
15297,136666,-1.01,0,0,3,1,1
15298,136670,-0.09,0,2,5,4,1
15299,136682,2.18,0,7,10,12,1
15300,136683,-1.01,0,0,3,1,1
15301,136687,0.46,0,3,6,4,1
15302,136688,-1.01,0,0,3,1,1
15303,136710,4.88,0,13,16,22,1
15304,136715,0.95,0,4,7,5,1
15305,136716,-1.01,0,0,3,1,1
15306,136743,6.23,0,16,19,27,1
15307,136749,1.44,0,5,8,6,1
15308,136764,4.75,0,12,15,15,1
15309,136765,-1.01,0,0,3,1,1
15310,136768,-0.03,0,2,5,3,1
15311,136769,-1.01,0,0,3,1,1
15312,136771,-0.52,0,1,4,2,1
15313,136773,-0.52,0,1,4,2,1
15314,136775,-0.52,0,1,4,2,1
15315,136803,6.17,0,16,19,28,1
15316,136809,1.44,0,5,8,6,1
15317,136810,-1.01,0,0,3,1,1
15318,136834,5.86,0,15,18,24,1
15319,136838,0.46,0,3,6,4,1
15320,136841,-0.03,0,2,5,3,1
15321,136848,1.93,0,6,9,7,1
15322,136853,0.95,0,4,7,5,1
15323,136855,-0.52,0,1,4,2,1
15324,136863,1.87,0,6,9,8,1
15325,136874,2.79,0,8,11,11,1
15326,136892,5.12,0,13,16,18,1
15327,136906,3.71,0,10,13,14,1
15328,136910,0.46,0,3,6,4,1
15329,136928,4.02,0,11,14,18,1
15330,136937,2.36,0,7,10,9,1
15331,136942,0.4,0,3,6,5,1
15332,136946,0.46,0,3,6,4,1
15333,136950,0.46,0,3,6,4,1
15334,136977,5.13,0,14,17,27,1
15335,137000,4.27,0,12,15,23,1
15336,137007,1.38,0,5,8,7,1
15337,137012,0.95,0,4,7,5,1
15338,137021,1.81,0,6,9,9,1
15339,137029,2.42,0,7,10,8,1
15340,137031,-0.52,0,1,4,2,1
15341,137032,-1.01,0,0,3,1,1
15342,137048,4.69,0,12,15,16,1
15343,137061,3.77,0,10,13,13,1
15344,137066,0.95,0,4,7,5,1
15345,137072,0.89,0,4,7,6,1
15346,137077,0.4,0,3,6,5,1
15347,137081,0.46,0,3,6,4,1
15348,137091,2.3,0,7,10,10,1
15349,137101,1.75,0,6,9,10,1
15350,137125,5.31,0,14,17,24,1
15351,137126,-1.01,0,0,3,1,1
15352,137131,0.4,0,3,6,5,1
15353,137141,2.85,0,8,11,10,1
15354,137146,0.95,0,4,7,5,1
15355,137156,1.75,0,6,9,10,1
15356,137161,0.95,0,4,7,5,1
15357,137167,1.44,0,5,8,6,1
15358,137177,1.75,0,6,9,10,1
15359,137179,-0.52,0,1,4,2,1
15360,137184,0.95,0,4,7,5,1
15361,137197,4.87,0,12,15,13,1
15362,137204,1.93,0,6,9,7,1
15363,137210,1.44,0,5,8,6,1
15364,137235,3.6,0,11,14,25,1
15365,137237,-0.52,0,1,4,2,1
15366,137242,0.95,0,4,7,5,1
15367,137256,3.71,0,10,13,14,1
15368,137277,4.39,0,12,15,21,1
15369,137280,-0.03,0,2,5,3,1
15370,137284,0.46,0,3,6,4,1
15371,137292,1.87,0,6,9,8,1
15372,137303,1.69,0,6,9,11,1
15373,137310,1.38,0,5,8,7,1
15374,137329,4.51,0,12,15,19,1
15375,137335,0.89,0,4,7,6,1
15376,137336,-1.01,0,0,3,1,1
15377,137339,-0.03,0,2,5,3,1
15378,137348,1.81,0,6,9,9,1
15379,137349,-1.01,0,0,3,1,1
15380,137386,4.53,0,14,17,37,1
15381,137387,-1.01,0,0,3,1,1
15382,137391,0.46,0,3,6,4,1
15383,137397,0.89,0,4,7,6,1
15384,137405,1.32,0,5,8,8,1
15385,137411,1.44,0,5,8,6,1
15386,137421,1.75,0,6,9,10,1
15387,137424,-0.03,0,2,5,3,1
15388,137439,3.65,0,10,13,15,1
15389,137450,2.79,0,8,11,11,1
15390,137461,3.34,0,9,12,11,1
15391,137474,3.22,0,9,12,13,1
15392,137476,-0.52,0,1,4,2,1
15393,137477,-1.01,0,0,3,1,1
15394,137490,3.77,0,10,13,13,1
15395,137495,0.4,0,3,6,5,1
15396,137499,0.46,0,3,6,4,1
15397,137506,1.93,0,6,9,7,1
15398,137507,-1.01,0,0,3,1,1
15399,137535,7.82,0,19,22,28,1
15400,137551,4.69,0,12,15,16,1
15401,137559,1.32,0,5,8,8,1
15402,137567,0.77,0,4,7,8,1
15403,137575,1.87,0,6,9,8,1
15404,137593,3.47,0,10,13,18,1
15405,137600,1.93,0,6,9,7,1
15406,137601,-1.01,0,0,3,1,1
15407,137644,5.82,0,17,20,43,1
15408,137653,2.36,0,7,10,9,1
15409,137669,2.49,0,8,11,16,1
15410,137675,1.44,0,5,8,6,1
15411,137685,2.3,0,7,10,10,1
15412,137694,1.81,0,6,9,9,1
15413,137702,1.32,0,5,8,8,1
15414,137707,0.95,0,4,7,5,1
15415,137710,-0.03,0,2,5,3,1
15416,137715,0.4,0,3,6,5,1
15417,137716,-1.01,0,0,3,1,1
15418,137725,1.81,0,6,9,9,1
15419,137730,0.95,0,4,7,5,1
15420,137733,-0.03,0,2,5,3,1
15421,137735,-0.52,0,1,4,2,1
15422,137758,4.82,0,13,16,23,1
15423,137771,3.77,0,10,13,13,1
15424,137780,2.36,0,7,10,9,1
15425,137791,2.24,0,7,10,11,1
15426,137804,3.77,0,10,13,13,1
15427,137805,-1.01,0,0,3,1,1
15428,137809,-0.09,0,2,5,4,1
15429,137812,-0.03,0,2,5,3,1
15430,137820,2.42,0,7,10,8,1
15431,137825,0.95,0,4,7,5,1
15432,137831,1.44,0,5,8,6,1
15433,137835,0.46,0,3,6,4,1
15434,137855,4.45,0,12,15,20,1
15435,137876,3.84,0,11,14,21,1
15436,137900,5.31,0,14,17,24,1
15437,137929,6.66,0,17,20,29,1
15438,137939,1.2,0,5,8,10,1
15439,137952,3.22,0,9,12,13,1
15440,137953,-1.01,0,0,3,1,1
15441,137964,2.79,0,8,11,11,1
15442,137966,-0.52,0,1,4,2,1
15443,137968,-0.52,0,1,4,2,1
15444,137975,1.38,0,5,8,7,1
15445,137995,3.35,0,10,13,20,1
15446,137998,-0.03,0,2,5,3,1
15447,138001,-0.03,0,2,5,3,1
15448,138010,2.91,0,8,11,9,1
15449,138025,4.2,0,11,14,15,1
15450,138041,5.24,0,13,16,16,1
15451,138069,5.62,0,15,18,28,1
15452,138082,4.32,0,11,14,13,1
15453,138086,0.46,0,3,6,4,1
15454,138097,3.34,0,9,12,11,1
15455,138100,-0.03,0,2,5,3,1
15456,138101,-1.01,0,0,3,1,1
15457,138102,-1.01,0,0,3,1,1
15458,138135,7.52,0,19,22,33,1
15459,138141,1.44,0,5,8,6,1
15460,138142,-1.01,0,0,3,1,1
15461,138144,-0.52,0,1,4,2,1
15462,138155,2.79,0,8,11,11,1
15463,138160,0.95,0,4,7,5,1
15464,138181,6.59,0,16,19,21,1
15465,138187,0.89,0,4,7,6,1
15466,138203,4.69,0,12,15,16,1
15467,138206,-0.03,0,2,5,3,1
15468,138211,0.4,0,3,6,5,1
15469,138213,-0.52,0,1,4,2,1
15470,138223,1.75,0,6,9,10,1
15471,138226,-0.03,0,2,5,3,1
15472,138228,-0.52,0,1,4,2,1
15473,138233,0.95,0,4,7,5,1
15474,138240,1.38,0,5,8,7,1
15475,138241,-1.01,0,0,3,1,1
15476,138261,5.0,0,13,16,20,1
15477,138266,0.4,0,3,6,5,1
15478,138284,3.47,0,10,13,18,1
15479,138290,1.44,0,5,8,6,1
15480,138310,3.9,0,11,14,20,1
15481,138324,4.26,0,11,14,14,1
15482,138326,-0.52,0,1,4,2,1
15483,138329,-0.03,0,2,5,3,1
15484,138330,-1.01,0,0,3,1,1
15485,138338,2.42,0,7,10,8,1
15486,138340,-0.52,0,1,4,2,1
15487,138341,-1.01,0,0,3,1,1
15488,138351,2.3,0,7,10,10,1
15489,138355,0.46,0,3,6,4,1
15490,138373,6.22,0,15,18,18,1
15491,138394,4.39,0,12,15,21,1
15492,138405,2.79,0,8,11,11,1
15493,138406,-1.01,0,0,3,1,1
15494,138413,1.38,0,5,8,7,1
15495,138432,5.06,0,13,16,19,1
15496,138434,-0.52,0,1,4,2,1
15497,138438,0.46,0,3,6,4,1
15498,138451,2.12,0,7,10,13,1
15499,138452,-1.01,0,0,3,1,1
15500,138457,0.4,0,3,6,5,1
15501,138459,-0.52,0,1,4,2,1
15502,138472,3.22,0,9,12,13,1
15503,138475,-0.03,0,2,5,3,1
15504,138479,0.46,0,3,6,4,1
15505,138481,-0.52,0,1,4,2,1
15506,138494,3.22,0,9,12,13,1
15507,138496,-0.52,0,1,4,2,1
15508,138501,0.95,0,4,7,5,1
15509,138502,-1.01,0,0,3,1,1
15510,138513,2.79,0,8,11,11,1
15511,138517,0.46,0,3,6,4,1
15512,138538,6.04,0,15,18,21,1
15513,138551,4.32,0,11,14,13,1
15514,138556,0.95,0,4,7,5,1
15515,138557,-1.01,0,0,3,1,1
15516,138577,5.0,0,13,16,20,1
15517,138587,1.75,0,6,9,10,1
15518,138589,-0.52,0,1,4,2,1
15519,138591,-0.52,0,1,4,2,1
15520,138597,1.44,0,5,8,6,1
15521,138627,4.4,0,13,16,30,1
15522,138628,-1.01,0,0,3,1,1
15523,138643,3.1,0,9,12,15,1
15524,138647,0.46,0,3,6,4,1
15525,138655,0.22,0,3,6,8,1
15526,138656,-1.01,0,0,3,1,1
15527,138661,0.95,0,4,7,5,1
15528,138667,0.34,0,3,6,6,1
15529,138721,4.61,0,16,19,54,1
15530,138739,5.12,0,13,16,18,1
15531,138748,2.36,0,7,10,9,1
15532,138756,1.87,0,6,9,8,1
15533,138762,1.44,0,5,8,6,1
15534,138783,6.04,0,15,18,21,1
15535,138786,-0.03,0,2,5,3,1
15536,138796,2.3,0,7,10,10,1
15537,138798,-0.52,0,1,4,2,1
15538,138802,0.46,0,3,6,4,1
15539,138808,1.44,0,5,8,6,1
15540,138810,-0.52,0,1,4,2,1
15541,138814,0.46,0,3,6,4,1
15542,138818,0.46,0,3,6,4,1
15543,138823,0.95,0,4,7,5,1
15544,138867,7.41,0,20,23,44,1
15545,138873,1.44,0,5,8,6,1
15546,138877,0.46,0,3,6,4,1
15547,138878,-1.01,0,0,3,1,1
15548,138880,-0.52,0,1,4,2,1
15549,138886,1.44,0,5,8,6,1
15550,138891,0.95,0,4,7,5,1
15551,138910,5.06,0,13,16,19,1
15552,138913,-0.03,0,2,5,3,1
15553,138925,2.73,0,8,11,12,1
15554,138932,1.38,0,5,8,7,1
15555,138937,0.4,0,3,6,5,1
15556,138951,3.71,0,10,13,14,1
15557,138957,1.44,0,5,8,6,1
15558,138983,5.19,0,14,17,26,1
15559,138988,0.95,0,4,7,5,1
15560,139020,5.93,0,16,19,32,1
15561,139024,0.46,0,3,6,4,1
15562,139031,1.38,0,5,8,7,1
15563,139043,3.83,0,10,13,12,1
15564,139065,4.33,0,12,15,22,1
15565,139092,5.68,0,15,18,27,1
15566,139095,-0.03,0,2,5,3,1
15567,139126,7.09,0,18,21,31,1
15568,139129,-0.03,0,2,5,3,1
15569,139132,-0.03,0,2,5,3,1
15570,139154,5.43,0,14,17,22,1
15571,139194,7.65,0,20,23,40,1
15572,139198,0.46,0,3,6,4,1
15573,139204,1.44,0,5,8,6,1
15574,139209,0.4,0,3,6,5,1
15575,139213,0.46,0,3,6,4,1
15576,139215,-0.52,0,1,4,2,1
15577,139253,7.22,0,19,22,38,1
15578,139261,1.87,0,6,9,8,1
15579,139262,-1.01,0,0,3,1,1
15580,139265,-0.03,0,2,5,3,1
15581,139266,-1.01,0,0,3,1,1
15582,139271,0.4,0,3,6,5,1
15583,139281,3.4,0,9,12,10,1
15584,139298,4.08,0,11,14,17,1
15585,139305,1.93,0,6,9,7,1
15586,139315,2.85,0,8,11,10,1
15587,139316,-1.01,0,0,3,1,1
15588,139320,0.46,0,3,6,4,1
15589,139339,3.96,0,11,14,19,1
15590,139345,1.44,0,5,8,6,1
15591,139352,1.38,0,5,8,7,1
15592,139354,-0.52,0,1,4,2,1
15593,139376,5.43,0,14,17,22,1
15594,139378,-0.52,0,1,4,2,1
15595,139392,4.26,0,11,14,14,1
15596,139401,2.36,0,7,10,9,1
15597,139415,3.71,0,10,13,14,1
15598,139419,0.46,0,3,6,4,1
15599,139422,-0.03,0,2,5,3,1
15600,139427,0.95,0,4,7,5,1
15601,139448,4.94,0,13,16,21,1
15602,139461,3.77,0,10,13,13,1
15603,139465,-0.09,0,2,5,4,1
15604,139472,1.93,0,6,9,7,1
15605,139480,0.77,0,4,7,8,1
15606,139485,0.95,0,4,7,5,1
15607,139494,2.91,0,8,11,9,1
15608,139496,-0.52,0,1,4,2,1
15609,139515,3.96,0,11,14,19,1
15610,139516,-1.01,0,0,3,1,1
15611,139533,5.18,0,13,16,17,1
15612,139541,2.42,0,7,10,8,1
15613,139546,0.4,0,3,6,5,1
15614,139578,4.28,0,13,16,32,1
15615,139581,-0.03,0,2,5,3,1
15616,139597,4.69,0,12,15,16,1
15617,139599,-0.52,0,1,4,2,1
15618,139619,5.0,0,13,16,20,1
15619,139635,2.49,0,8,11,16,1
15620,139640,0.95,0,4,7,5,1
15621,139652,3.28,0,9,12,12,1
15622,139655,-0.03,0,2,5,3,1
15623,139659,0.46,0,3,6,4,1
15624,139665,1.44,0,5,8,6,1
15625,139667,-0.52,0,1,4,2,1
15626,139697,6.6,0,17,20,30,1
15627,139703,1.44,0,5,8,6,1
15628,139724,3.29,0,10,13,21,1
15629,139726,-0.52,0,1,4,2,1
15630,139727,-1.01,0,0,3,1,1
15631,139728,-1.01,0,0,3,1,1
15632,139743,3.1,0,9,12,15,1
15633,139747,0.46,0,3,6,4,1
15634,139766,5.61,0,14,17,19,1
15635,139769,-0.03,0,2,5,3,1
15636,139770,-1.01,0,0,3,1,1
15637,139773,-0.03,0,2,5,3,1
15638,139785,3.83,0,10,13,12,1
15639,139821,4.59,0,14,17,36,1
15640,139824,-0.03,0,2,5,3,1
15641,139832,1.32,0,5,8,8,1
15642,139836,-0.09,0,2,5,4,1
15643,139846,2.85,0,8,11,10,1
15644,139851,0.95,0,4,7,5,1
15645,139858,1.93,0,6,9,7,1
15646,139865,1.93,0,6,9,7,1
15647,139875,2.85,0,8,11,10,1
15648,139883,1.87,0,6,9,8,1
15649,139884,-1.01,0,0,3,1,1
15650,139903,4.51,0,12,15,19,1
15651,139904,-1.01,0,0,3,1,1
15652,139908,0.46,0,3,6,4,1
15653,139913,0.4,0,3,6,5,1
15654,139922,2.36,0,7,10,9,1
15655,139928,1.44,0,5,8,6,1
15656,139970,7.53,0,20,23,42,1
15657,139976,0.89,0,4,7,6,1
15658,139977,-1.01,0,0,3,1,1
15659,139982,0.95,0,4,7,5,1
15660,139984,-0.52,0,1,4,2,1
15661,140007,5.37,0,14,17,23,1
15662,140015,1.87,0,6,9,8,1
15663,140028,4.32,0,11,14,13,1
15664,140029,-1.01,0,0,3,1,1
15665,140040,2.79,0,8,11,11,1
15666,140058,4.57,0,12,15,18,1
15667,140059,-1.01,0,0,3,1,1
15668,140064,0.95,0,4,7,5,1
15669,140072,1.87,0,6,9,8,1
15670,140073,-1.01,0,0,3,1,1
15671,140074,-1.01,0,0,3,1,1
15672,140090,3.04,0,9,12,16,1
15673,140095,0.95,0,4,7,5,1
15674,140098,-0.03,0,2,5,3,1
15675,140108,3.4,0,9,12,10,1
15676,140114,1.44,0,5,8,6,1
15677,140115,-1.01,0,0,3,1,1
15678,140117,-0.52,0,1,4,2,1
15679,140118,-1.01,0,0,3,1,1
15680,140119,-1.01,0,0,3,1,1
15681,140122,-0.58,0,1,4,3,1
15682,140125,-0.03,0,2,5,3,1
15683,140126,-1.01,0,0,3,1,1
15684,140141,4.2,0,11,14,15,1
15685,140150,1.81,0,6,9,9,1
15686,140154,0.46,0,3,6,4,1
15687,140176,3.78,0,11,14,22,1
15688,140203,5.68,0,15,18,27,1
15689,140220,3.53,0,10,13,17,1
15690,140250,6.05,0,16,19,30,1
15691,140259,2.91,0,8,11,9,1
15692,140263,0.46,0,3,6,4,1
15693,140269,0.89,0,4,7,6,1
15694,140271,-0.52,0,1,4,2,1
15695,140273,-0.52,0,1,4,2,1
15696,140275,-0.52,0,1,4,2,1
15697,140279,0.46,0,3,6,4,1
15698,140294,4.2,0,11,14,15,1
15699,140300,1.44,0,5,8,6,1
15700,140304,0.46,0,3,6,4,1
15701,140311,1.93,0,6,9,7,1
15702,140361,3.75,0,14,17,50,1
15703,140363,-0.52,0,1,4,2,1
15704,140367,0.46,0,3,6,4,1
15705,140371,0.46,0,3,6,4,1
15706,140372,-1.01,0,0,3,1,1
15707,140393,5.49,0,14,17,21,1
15708,140395,-0.52,0,1,4,2,1
15709,140414,5.06,0,13,16,19,1
15710,140468,6.26,0,19,22,54,1
15711,140470,-0.52,0,1,4,2,1
15712,140481,2.24,0,7,10,11,1
15713,140487,1.44,0,5,8,6,1
15714,140489,-0.52,0,1,4,2,1
15715,140504,4.2,0,11,14,15,1
15716,140508,0.46,0,3,6,4,1
15717,140526,5.12,0,13,16,18,1
15718,140527,-1.01,0,0,3,1,1
15719,140535,0.77,0,4,7,8,1
15720,140543,1.87,0,6,9,8,1
15721,140545,-0.52,0,1,4,2,1
15722,140549,-0.09,0,2,5,4,1
15723,140551,-0.52,0,1,4,2,1
15724,140562,2.79,0,8,11,11,1
15725,140564,-0.52,0,1,4,2,1
15726,140572,2.42,0,7,10,8,1
15727,140578,0.89,0,4,7,6,1
15728,140585,1.38,0,5,8,7,1
15729,140586,-1.01,0,0,3,1,1
15730,140596,3.4,0,9,12,10,1
15731,140611,3.1,0,9,12,15,1
15732,140614,-0.03,0,2,5,3,1
15733,140636,5.98,0,15,18,22,1
15734,140638,-0.52,0,1,4,2,1
15735,140641,-0.03,0,2,5,3,1
15736,140658,4.63,0,12,15,17,1
15737,140681,5.37,0,14,17,23,1
15738,140692,2.79,0,8,11,11,1
15739,140712,5.0,0,13,16,20,1
15740,140719,1.38,0,5,8,7,1
15741,140736,4.08,0,11,14,17,1
15742,140741,0.95,0,4,7,5,1
15743,140750,0.71,0,4,7,9,1
15744,140751,-1.01,0,0,3,1,1
15745,140758,1.93,0,6,9,7,1
15746,140760,-0.52,0,1,4,2,1
15747,140763,-0.03,0,2,5,3,1
15748,140768,0.95,0,4,7,5,1
15749,140773,0.95,0,4,7,5,1
15750,140782,2.36,0,7,10,9,1
15751,140793,2.24,0,7,10,11,1
15752,140813,3.9,0,11,14,20,1
15753,140823,1.75,0,6,9,10,1
15754,140827,0.46,0,3,6,4,1
15755,140834,1.93,0,6,9,7,1
15756,140858,4.76,0,13,16,24,1
15757,140869,2.79,0,8,11,11,1
15758,140884,1.45,0,6,9,15,1
15759,140897,2.67,0,8,11,13,1
15760,140900,-0.03,0,2,5,3,1
15761,140905,0.95,0,4,7,5,1
15762,140906,-1.01,0,0,3,1,1
15763,140911,-0.15,0,2,5,5,1
15764,140916,0.4,0,3,6,5,1
15765,140919,-0.03,0,2,5,3,1
15766,140922,-0.03,0,2,5,3,1
15767,140932,1.75,0,6,9,10,1
15768,140937,0.95,0,4,7,5,1
15769,140940,-0.03,0,2,5,3,1
15770,140955,1.45,0,6,9,15,1
15771,140971,5.24,0,13,16,16,1
15772,140993,3.78,0,11,14,22,1
15773,140996,-0.03,0,2,5,3,1
15774,141004,1.87,0,6,9,8,1
15775,141014,3.4,0,9,12,10,1
15776,141019,0.4,0,3,6,5,1
15777,141022,-0.03,0,2,5,3,1
15778,141027,0.4,0,3,6,5,1
15779,141030,-0.03,0,2,5,3,1
15780,141053,4.27,0,12,15,23,1
15781,141073,5.0,0,13,16,20,1
15782,141083,2.3,0,7,10,10,1
15783,141092,2.36,0,7,10,9,1
15784,141094,-0.52,0,1,4,2,1
15785,141106,4.38,0,11,14,12,1
15786,141128,2.68,0,9,12,22,1
15787,141129,-1.01,0,0,3,1,1
15788,141144,4.2,0,11,14,15,1
15789,141148,0.46,0,3,6,4,1
15790,141152,0.46,0,3,6,4,1
15791,141177,5.8,0,15,18,25,1
15792,141197,4.45,0,12,15,20,1
15793,141208,3.34,0,9,12,11,1
15794,141219,3.34,0,9,12,11,1
15795,141222,-0.03,0,2,5,3,1
15796,141224,-0.52,0,1,4,2,1
15797,141225,-1.01,0,0,3,1,1
15798,141232,1.38,0,5,8,7,1
15799,141244,3.28,0,9,12,12,1
15800,141273,4.46,0,13,16,29,1
15801,141274,-1.01,0,0,3,1,1
15802,141281,1.38,0,5,8,7,1
15803,141285,0.46,0,3,6,4,1
15804,141287,-0.52,0,1,4,2,1
15805,141290,-0.03,0,2,5,3,1
15806,141298,1.87,0,6,9,8,1
15807,141306,2.42,0,7,10,8,1
15808,141309,-0.03,0,2,5,3,1
15809,141315,1.44,0,5,8,6,1
15810,141319,0.46,0,3,6,4,1
15811,141320,-1.01,0,0,3,1,1
15812,141327,1.93,0,6,9,7,1
15813,141338,2.79,0,8,11,11,1
15814,141339,-1.01,0,0,3,1,1
15815,141361,4.33,0,12,15,22,1
15816,141367,1.44,0,5,8,6,1
15817,141369,-0.52,0,1,4,2,1
15818,141374,0.95,0,4,7,5,1
15819,141377,-0.03,0,2,5,3,1
15820,141381,0.46,0,3,6,4,1
15821,141387,0.89,0,4,7,6,1
15822,141389,-0.52,0,1,4,2,1
15823,141395,0.89,0,4,7,6,1
15824,141414,4.51,0,12,15,19,1
15825,141424,2.3,0,7,10,10,1
15826,141429,0.95,0,4,7,5,1
15827,141446,4.63,0,12,15,17,1
15828,141474,3.97,0,12,15,28,1
15829,141483,1.26,0,5,8,9,1
15830,141490,0.83,0,4,7,7,1
15831,141492,-0.52,0,1,4,2,1
15832,141503,2.79,0,8,11,11,1
15833,141518,4.75,0,12,15,15,1
15834,141520,-0.52,0,1,4,2,1
15835,141528,1.87,0,6,9,8,1
15836,141532,0.46,0,3,6,4,1
15837,141566,4.71,0,14,17,34,1
15838,141575,2.36,0,7,10,9,1
15839,141576,-1.01,0,0,3,1,1
15840,141578,-0.52,0,1,4,2,1
15841,141589,3.34,0,9,12,11,1
15842,141594,0.95,0,4,7,5,1
15843,141604,3.4,0,9,12,10,1
15844,141618,4.81,0,12,15,14,1
15845,141628,2.85,0,8,11,10,1
15846,141629,-1.01,0,0,3,1,1
15847,141658,4.46,0,13,16,29,1
15848,141697,6.06,0,17,20,39,1
15849,141698,-1.01,0,0,3,1,1
15850,141700,-0.52,0,1,4,2,1
15851,141712,2.73,0,8,11,12,1
15852,141726,3.71,0,10,13,14,1
15853,141731,0.4,0,3,6,5,1
15854,141739,1.87,0,6,9,8,1
15855,141755,4.14,0,11,14,16,1
15856,141772,5.18,0,13,16,17,1
15857,141782,2.85,0,8,11,10,1
15858,141787,0.4,0,3,6,5,1
15859,141803,3.59,0,10,13,16,1
15860,141808,0.95,0,4,7,5,1
15861,141809,-1.01,0,0,3,1,1
15862,141812,-0.58,0,1,4,3,1
15863,141829,2.98,0,9,12,17,1
15864,141838,2.36,0,7,10,9,1
15865,141862,5.31,0,14,17,24,1
15866,141901,7.71,0,20,23,39,1
15867,141905,0.46,0,3,6,4,1
15868,141913,2.42,0,7,10,8,1
15869,141935,5.43,0,14,17,22,1
15870,141950,4.75,0,12,15,15,1
15871,141952,-0.52,0,1,4,2,1
15872,141955,-0.03,0,2,5,3,1
15873,141965,2.3,0,7,10,10,1
15874,141966,-1.01,0,0,3,1,1
15875,141972,1.44,0,5,8,6,1
15876,141974,-0.52,0,1,4,2,1
15877,141990,3.04,0,9,12,16,1
15878,141991,-1.01,0,0,3,1,1
15879,142003,3.28,0,9,12,12,1
15880,142009,0.89,0,4,7,6,1
15881,142011,-0.52,0,1,4,2,1
15882,142016,0.95,0,4,7,5,1
15883,142033,3.53,0,10,13,17,1
15884,142044,3.34,0,9,12,11,1
15885,142055,3.34,0,9,12,11,1
15886,142070,5.3,0,13,16,15,1
15887,142075,0.4,0,3,6,5,1
15888,142077,-0.52,0,1,4,2,1
15889,142088,2.79,0,8,11,11,1
15890,142091,-0.58,0,1,4,3,1
15891,142094,-0.03,0,2,5,3,1
15892,142102,1.87,0,6,9,8,1
15893,142110,1.87,0,6,9,8,1
15894,142111,-1.01,0,0,3,1,1
15895,142161,4.3,0,15,18,50,1
15896,142168,1.93,0,6,9,7,1
15897,142170,-0.52,0,1,4,2,1
15898,142177,1.93,0,6,9,7,1
15899,142178,-1.01,0,0,3,1,1
15900,142191,3.77,0,10,13,13,1
15901,142205,5.36,0,13,16,14,1
15902,142212,1.93,0,6,9,7,1
15903,142225,4.32,0,11,14,13,1
15904,142229,0.46,0,3,6,4,1
15905,142234,0.95,0,4,7,5,1
15906,142237,-0.03,0,2,5,3,1
15907,142241,0.46,0,3,6,4,1
15908,142250,1.26,0,5,8,9,1
15909,142269,4.51,0,12,15,19,1
15910,142270,-1.01,0,0,3,1,1
15911,142282,3.83,0,10,13,12,1
15912,142292,2.3,0,7,10,10,1
15913,142313,4.39,0,12,15,21,1
15914,142325,3.83,0,10,13,12,1
15915,142328,-0.03,0,2,5,3,1
15916,142330,-0.52,0,1,4,2,1
15917,142332,-0.52,0,1,4,2,1
15918,142366,4.71,0,14,17,34,1
15919,142375,1.81,0,6,9,9,1
15920,142383,1.87,0,6,9,8,1
15921,142384,-1.01,0,0,3,1,1
15922,142385,-1.01,0,0,3,1,1
15923,142399,2.61,0,8,11,14,1
15924,142420,3.29,0,10,13,21,1
15925,142425,0.4,0,3,6,5,1
15926,142430,0.95,0,4,7,5,1
15927,142432,-0.52,0,1,4,2,1
15928,142436,0.46,0,3,6,4,1
15929,142438,-0.52,0,1,4,2,1
15930,142448,2.3,0,7,10,10,1
15931,142450,-0.52,0,1,4,2,1
15932,142451,-1.01,0,0,3,1,1
15933,142463,2.73,0,8,11,12,1
15934,142478,3.1,0,9,12,15,1
15935,142487,2.36,0,7,10,9,1
15936,142488,-1.01,0,0,3,1,1
15937,142497,2.36,0,7,10,9,1
15938,142502,0.4,0,3,6,5,1
15939,142504,-0.52,0,1,4,2,1
15940,142506,-0.52,0,1,4,2,1
15941,142507,-1.01,0,0,3,1,1
15942,142508,-1.01,0,0,3,1,1
15943,142514,1.44,0,5,8,6,1
15944,142526,2.73,0,8,11,12,1
15945,142530,0.46,0,3,6,4,1
15946,142532,-0.52,0,1,4,2,1
15947,142540,1.87,0,6,9,8,1
15948,142542,-0.52,0,1,4,2,1
15949,142557,3.1,0,9,12,15,1
15950,142562,0.4,0,3,6,5,1
15951,142578,4.69,0,12,15,16,1
15952,142583,0.95,0,4,7,5,1
15953,142591,1.87,0,6,9,8,1
15954,142593,-0.52,0,1,4,2,1
15955,142596,-0.03,0,2,5,3,1
15956,142622,6.29,0,16,19,26,1
15957,142640,4.57,0,12,15,18,1
15958,142644,-0.09,0,2,5,4,1
15959,142653,1.81,0,6,9,9,1
15960,142663,1.75,0,6,9,10,1
15961,142667,0.46,0,3,6,4,1
15962,142673,1.44,0,5,8,6,1
15963,142686,3.77,0,10,13,13,1
15964,142687,-1.01,0,0,3,1,1
15965,142701,2.06,0,7,10,14,1
15966,142707,1.44,0,5,8,6,1
15967,142711,0.46,0,3,6,4,1
15968,142719,1.87,0,6,9,8,1
15969,142730,2.79,0,8,11,11,1
15970,142731,-1.01,0,0,3,1,1
15971,142733,-0.52,0,1,4,2,1
15972,142735,-0.52,0,1,4,2,1
15973,142736,-1.01,0,0,3,1,1
15974,142739,-0.03,0,2,5,3,1
15975,142751,3.28,0,9,12,12,1
15976,142754,-0.58,0,1,4,3,1
15977,142762,2.42,0,7,10,8,1
15978,142781,3.96,0,11,14,19,1
15979,142784,-0.03,0,2,5,3,1
15980,142785,-1.01,0,0,3,1,1
15981,142789,0.46,0,3,6,4,1
15982,142790,-1.01,0,0,3,1,1
15983,142798,2.42,0,7,10,8,1
15984,142802,0.46,0,3,6,4,1
15985,142805,-0.03,0,2,5,3,1
15986,142809,0.46,0,3,6,4,1
15987,142821,1.63,0,6,9,12,1
15988,142827,1.44,0,5,8,6,1
15989,142831,0.46,0,3,6,4,1
15990,142853,2.68,0,9,12,22,1
15991,142854,-1.01,0,0,3,1,1
15992,142861,1.38,0,5,8,7,1
15993,142878,4.08,0,11,14,17,1
15994,142880,-0.52,0,1,4,2,1
15995,142884,0.46,0,3,6,4,1
15996,142895,2.79,0,8,11,11,1
15997,142896,-1.01,0,0,3,1,1
15998,142902,0.89,0,4,7,6,1
15999,142909,1.93,0,6,9,7,1
16000,142919,2.3,0,7,10,10,1
16001,142922,-0.03,0,2,5,3,1
16002,142924,-0.52,0,1,4,2,1
16003,142928,0.46,0,3,6,4,1
16004,142941,2.67,0,8,11,13,1
16005,142944,-0.03,0,2,5,3,1
16006,142946,-0.52,0,1,4,2,1
16007,142950,0.46,0,3,6,4,1
16008,142951,-1.01,0,0,3,1,1
16009,142957,0.89,0,4,7,6,1
16010,142958,-1.01,0,0,3,1,1
16011,142959,-1.01,0,0,3,1,1
16012,142960,-1.01,0,0,3,1,1
16013,142963,-0.03,0,2,5,3,1
16014,142979,3.04,0,9,12,16,1
16015,142981,-0.52,0,1,4,2,1
16016,142988,1.93,0,6,9,7,1
16017,142997,1.26,0,5,8,9,1
16018,143016,5.61,0,14,17,19,1
16019,143019,-0.03,0,2,5,3,1
16020,143029,2.85,0,8,11,10,1
16021,143064,5.75,0,16,19,35,1
16022,143065,-1.01,0,0,3,1,1
16023,143068,-0.03,0,2,5,3,1
16024,143080,3.83,0,10,13,12,1
16025,143099,3.41,0,10,13,19,1
16026,143104,0.95,0,4,7,5,1
16027,143107,-0.03,0,2,5,3,1
16028,143113,0.89,0,4,7,6,1
16029,143116,-0.03,0,2,5,3,1
16030,143124,2.42,0,7,10,8,1
16031,143127,-0.03,0,2,5,3,1
16032,143133,1.44,0,5,8,6,1
16033,143147,4.81,0,12,15,14,1
16034,143154,1.93,0,6,9,7,1
16035,143166,2.73,0,8,11,12,1
16036,143168,-0.52,0,1,4,2,1
16037,143184,4.14,0,11,14,16,1
16038,143202,5.12,0,13,16,18,1
16039,143211,2.36,0,7,10,9,1
16040,143212,-1.01,0,0,3,1,1
16041,143213,-1.01,0,0,3,1,1
16042,143221,1.32,0,5,8,8,1
16043,143223,-0.52,0,1,4,2,1
16044,143239,4.14,0,11,14,16,1
16045,143243,0.46,0,3,6,4,1
16046,143255,3.28,0,9,12,12,1
16047,143298,6.37,0,18,21,43,1
16048,143299,-1.01,0,0,3,1,1
16049,143301,-0.52,0,1,4,2,1
16050,143312,2.79,0,8,11,11,1
16051,143314,-0.52,0,1,4,2,1
16052,143318,0.46,0,3,6,4,1
16053,143323,0.95,0,4,7,5,1
16054,143338,5.3,0,13,16,15,1
16055,143339,-1.01,0,0,3,1,1
16056,143342,-0.03,0,2,5,3,1
16057,143358,5.24,0,13,16,16,1
16058,143363,0.95,0,4,7,5,1
16059,143376,2.12,0,7,10,13,1
16060,143378,-0.52,0,1,4,2,1
16061,143410,5.38,0,15,18,32,1
16062,143420,1.75,0,6,9,10,1
16063,143423,-0.03,0,2,5,3,1
16064,143425,-0.52,0,1,4,2,1
16065,143427,-0.52,0,1,4,2,1
16066,143431,0.46,0,3,6,4,1
16067,143434,-0.03,0,2,5,3,1
16068,143437,-0.03,0,2,5,3,1
16069,143438,-1.01,0,0,3,1,1
16070,143495,7.18,0,21,24,57,1
16071,143503,1.87,0,6,9,8,1
16072,143510,1.93,0,6,9,7,1
16073,143512,-0.52,0,1,4,2,1
16074,143520,1.87,0,6,9,8,1
16075,143521,-1.01,0,0,3,1,1
16076,143530,2.36,0,7,10,9,1
16077,143534,0.46,0,3,6,4,1
16078,143537,-0.03,0,2,5,3,1
16079,143539,-0.52,0,1,4,2,1
16080,143542,-0.03,0,2,5,3,1
16081,143559,4.08,0,11,14,17,1
16082,143565,1.44,0,5,8,6,1
16083,143570,0.4,0,3,6,5,1
16084,143573,-0.03,0,2,5,3,1
16085,143577,0.46,0,3,6,4,1
16086,143579,-0.52,0,1,4,2,1
16087,143585,1.44,0,5,8,6,1
16088,143586,-1.01,0,0,3,1,1
16089,143590,0.46,0,3,6,4,1
16090,143600,1.75,0,6,9,10,1
16091,143607,1.38,0,5,8,7,1
16092,143635,7.27,0,18,21,28,1
16093,143648,3.22,0,9,12,13,1
16094,143652,0.46,0,3,6,4,1
16095,143660,1.87,0,6,9,8,1
16096,143692,4.83,0,14,17,32,1
16097,143696,0.46,0,3,6,4,1
16098,143697,-1.01,0,0,3,1,1
16099,143709,3.83,0,10,13,12,1
16100,143726,4.63,0,12,15,17,1
16101,143746,5.0,0,13,16,20,1
16102,143748,-0.52,0,1,4,2,1
16103,143774,6.29,0,16,19,26,1
16104,143777,-0.03,0,2,5,3,1
16105,143781,0.46,0,3,6,4,1
16106,143792,2.79,0,8,11,11,1
16107,143800,0.22,0,3,6,8,1
16108,143811,2.24,0,7,10,11,1
16109,143812,-1.01,0,0,3,1,1
16110,143834,4.33,0,12,15,22,1
16111,143867,6.42,0,17,20,33,1
16112,143876,2.36,0,7,10,9,1
16113,143896,4.45,0,12,15,20,1
16114,143899,-0.03,0,2,5,3,1
16115,143907,1.32,0,5,8,8,1
16116,143919,3.28,0,9,12,12,1
16117,143925,1.44,0,5,8,6,1
16118,143941,4.69,0,12,15,16,1
16119,143949,1.32,0,5,8,8,1
16120,143956,0.83,0,4,7,7,1
16121,143964,1.87,0,6,9,8,1
16122,143968,0.46,0,3,6,4,1
16123,143969,-1.01,0,0,3,1,1
16124,143988,5.06,0,13,16,19,1
16125,143996,1.87,0,6,9,8,1
16126,143998,-0.52,0,1,4,2,1
16127,144009,3.89,0,10,13,11,1
16128,144010,-1.01,0,0,3,1,1
16129,144018,2.42,0,7,10,8,1
16130,144020,-0.52,0,1,4,2,1
16131,144042,5.43,0,14,17,22,1
16132,144051,2.91,0,8,11,9,1
16133,144068,5.73,0,14,17,17,1
16134,144078,2.3,0,7,10,10,1
16135,144079,-1.01,0,0,3,1,1
16136,144094,3.65,0,10,13,15,1
16137,144098,0.46,0,3,6,4,1
16138,144106,2.42,0,7,10,8,1
16139,144115,2.36,0,7,10,9,1
16140,144125,2.85,0,8,11,10,1
16141,144130,0.4,0,3,6,5,1
16142,144132,-0.52,0,1,4,2,1
16143,144143,1.69,0,6,9,11,1
16144,144158,3.65,0,10,13,15,1
16145,144161,-0.03,0,2,5,3,1
16146,144163,-0.52,0,1,4,2,1
16147,144168,0.4,0,3,6,5,1
16148,144172,0.46,0,3,6,4,1
16149,144184,2.73,0,8,11,12,1
16150,144185,-1.01,0,0,3,1,1
16151,144189,0.46,0,3,6,4,1
16152,144195,0.89,0,4,7,6,1
16153,144196,-1.01,0,0,3,1,1
16154,144198,-0.52,0,1,4,2,1
16155,144216,4.57,0,12,15,18,1
16156,144234,4.02,0,11,14,18,1
16157,144244,1.2,0,5,8,10,1
16158,144248,0.46,0,3,6,4,1
16159,144265,4.63,0,12,15,17,1
16160,144266,-1.01,0,0,3,1,1
16161,144281,4.2,0,11,14,15,1
16162,144283,-0.52,0,1,4,2,1
16163,144304,6.04,0,15,18,21,1
16164,144307,-0.03,0,2,5,3,1
16165,144320,2.67,0,8,11,13,1
16166,144321,-1.01,0,0,3,1,1
16167,144322,-1.01,0,0,3,1,1
16168,144332,3.4,0,9,12,10,1
16169,144343,3.89,0,10,13,11,1
16170,144344,-1.01,0,0,3,1,1
16171,144345,-1.01,0,0,3,1,1
16172,144347,-0.52,0,1,4,2,1
16173,144367,4.45,0,12,15,20,1
16174,144372,0.4,0,3,6,5,1
16175,144384,3.83,0,10,13,12,1
16176,144392,2.42,0,7,10,8,1
16177,144397,0.4,0,3,6,5,1
16178,144401,0.46,0,3,6,4,1
16179,144414,2.67,0,8,11,13,1
16180,144416,-0.52,0,1,4,2,1
16181,144426,2.85,0,8,11,10,1
16182,144429,-0.03,0,2,5,3,1
16183,144430,-1.01,0,0,3,1,1
16184,144450,5.55,0,14,17,20,1
16185,144452,-0.52,0,1,4,2,1
16186,144466,3.71,0,10,13,14,1
16187,144470,0.46,0,3,6,4,1
16188,144486,4.14,0,11,14,16,1
16189,144491,0.4,0,3,6,5,1
16190,144497,0.89,0,4,7,6,1
16191,144515,5.12,0,13,16,18,1
16192,144526,2.79,0,8,11,11,1
16193,144538,3.28,0,9,12,12,1
16194,144549,2.79,0,8,11,11,1
16195,144558,1.81,0,6,9,9,1
16196,144562,0.46,0,3,6,4,1
16197,144573,2.79,0,8,11,11,1
16198,144580,0.83,0,4,7,7,1
16199,144585,0.95,0,4,7,5,1
16200,144586,-1.01,0,0,3,1,1
16201,144590,0.46,0,3,6,4,1
16202,144613,5.92,0,15,18,23,1
16203,144617,-0.09,0,2,5,4,1
16204,144628,2.24,0,7,10,11,1
16205,144631,-0.03,0,2,5,3,1
16206,144650,5.06,0,13,16,19,1
16207,144652,-0.52,0,1,4,2,1
16208,144654,-0.52,0,1,4,2,1
16209,144660,0.34,0,3,6,6,1
16210,144662,-0.52,0,1,4,2,1
16211,144665,-0.03,0,2,5,3,1
16212,144684,5.06,0,13,16,19,1
16213,144687,-0.03,0,2,5,3,1
16214,144721,6.36,0,17,20,34,1
16215,144728,1.38,0,5,8,7,1
16216,144748,5.55,0,14,17,20,1
16217,144761,3.77,0,10,13,13,1
16218,144766,0.95,0,4,7,5,1
16219,144774,1.32,0,5,8,8,1
16220,144776,-0.52,0,1,4,2,1
16221,144783,1.93,0,6,9,7,1
16222,144810,5.13,0,14,17,27,1
16223,144815,0.4,0,3,6,5,1
16224,144820,0.4,0,3,6,5,1
16225,144841,3.84,0,11,14,21,1
16226,144857,4.69,0,12,15,16,1
16227,144858,-1.01,0,0,3,1,1
16228,144860,-0.52,0,1,4,2,1
16229,144870,2.85,0,8,11,10,1
16230,144871,-1.01,0,0,3,1,1
16231,144877,0.89,0,4,7,6,1
16232,144885,0.77,0,4,7,8,1
16233,144898,3.22,0,9,12,13,1
16234,144903,0.4,0,3,6,5,1
16235,144922,6.16,0,15,18,19,1
16236,144926,0.46,0,3,6,4,1
16237,144945,4.51,0,12,15,19,1
16238,144951,1.44,0,5,8,6,1
16239,144956,0.95,0,4,7,5,1
16240,144962,1.44,0,5,8,6,1
16241,144985,5.37,0,14,17,23,1
16242,144995,2.85,0,8,11,10,1
16243,144997,-0.52,0,1,4,2,1
16244,145009,3.28,0,9,12,12,1
16245,145021,3.83,0,10,13,12,1
16246,145029,1.87,0,6,9,8,1
16247,145051,4.33,0,12,15,22,1
16248,145052,-1.01,0,0,3,1,1
16249,145076,4.21,0,12,15,24,1
16250,145083,1.93,0,6,9,7,1
16251,145128,5.7,0,17,20,45,1
16252,145150,5.43,0,14,17,22,1
16253,145152,-0.52,0,1,4,2,1
16254,145171,3.96,0,11,14,19,1
16255,145192,4.39,0,12,15,21,1
16256,145197,0.4,0,3,6,5,1
16257,145201,0.46,0,3,6,4,1
16258,145202,-1.01,0,0,3,1,1
16259,145204,-0.52,0,1,4,2,1
16260,145205,-1.01,0,0,3,1,1
16261,145209,-0.09,0,2,5,4,1
16262,145214,0.95,0,4,7,5,1
16263,145216,-0.52,0,1,4,2,1
16264,145228,3.28,0,9,12,12,1
16265,145229,-1.01,0,0,3,1,1
16266,145234,0.95,0,4,7,5,1
16267,145235,-1.01,0,0,3,1,1
16268,145245,2.3,0,7,10,10,1
16269,145247,-0.52,0,1,4,2,1
16270,145253,1.44,0,5,8,6,1
16271,145268,3.1,0,9,12,15,1
16272,145284,4.14,0,11,14,16,1
16273,145290,1.44,0,5,8,6,1
16274,145294,-0.09,0,2,5,4,1
16275,145297,-0.03,0,2,5,3,1
16276,145308,3.89,0,10,13,11,1
16277,145309,-1.01,0,0,3,1,1
16278,145328,4.51,0,12,15,19,1
16279,145331,-0.03,0,2,5,3,1
16280,145334,-0.03,0,2,5,3,1
16281,145343,1.81,0,6,9,9,1
16282,145346,-0.03,0,2,5,3,1
16283,145379,4.22,0,13,16,33,1
16284,145392,3.22,0,9,12,13,1
16285,145398,1.44,0,5,8,6,1
16286,145402,0.46,0,3,6,4,1
16287,145405,-0.03,0,2,5,3,1
16288,145437,6.48,0,17,20,32,1
16289,145449,2.73,0,8,11,12,1
16290,145453,0.46,0,3,6,4,1
16291,145462,2.36,0,7,10,9,1
16292,145463,-1.01,0,0,3,1,1
16293,145472,1.81,0,6,9,9,1
16294,145474,-0.52,0,1,4,2,1
16295,145483,2.91,0,8,11,9,1
16296,145486,-0.03,0,2,5,3,1
16297,145487,-1.01,0,0,3,1,1
16298,145495,1.32,0,5,8,8,1
16299,145500,0.95,0,4,7,5,1
16300,145506,0.89,0,4,7,6,1
16301,145511,0.95,0,4,7,5,1
16302,145513,-0.52,0,1,4,2,1
16303,145525,2.18,0,7,10,12,1
16304,145530,0.95,0,4,7,5,1
16305,145544,3.71,0,10,13,14,1
16306,145550,0.89,0,4,7,6,1
16307,145567,4.63,0,12,15,17,1
16308,145568,-1.01,0,0,3,1,1
16309,145570,-0.52,0,1,4,2,1
16310,145573,-0.58,0,1,4,3,1
16311,145599,5.74,0,15,18,26,1
16312,145603,0.46,0,3,6,4,1
16313,145605,-0.52,0,1,4,2,1
16314,145609,0.46,0,3,6,4,1
16315,145615,1.44,0,5,8,6,1
16316,145616,-1.01,0,0,3,1,1
16317,145622,1.44,0,5,8,6,1
16318,145624,-0.52,0,1,4,2,1
16319,145631,1.93,0,6,9,7,1
16320,145635,0.46,0,3,6,4,1
16321,145661,6.29,0,16,19,26,1
16322,145667,1.44,0,5,8,6,1
16323,145668,-1.01,0,0,3,1,1
16324,145673,0.95,0,4,7,5,1
16325,145693,3.35,0,10,13,20,1
16326,145696,-0.03,0,2,5,3,1
16327,145703,1.38,0,5,8,7,1
16328,145707,0.46,0,3,6,4,1
16329,145714,0.83,0,4,7,7,1
16330,145717,-0.03,0,2,5,3,1
16331,145737,3.9,0,11,14,20,1
16332,145746,2.36,0,7,10,9,1
16333,145760,3.16,0,9,12,14,1
16334,145767,1.93,0,6,9,7,1
16335,145771,0.46,0,3,6,4,1
16336,145782,2.79,0,8,11,11,1
16337,145787,0.95,0,4,7,5,1
16338,145792,0.95,0,4,7,5,1
16339,145807,5.3,0,13,16,15,1
16340,145817,3.4,0,9,12,10,1
16341,145827,2.3,0,7,10,10,1
16342,145832,0.95,0,4,7,5,1
16343,145835,-0.03,0,2,5,3,1
16344,145845,2.3,0,7,10,10,1
16345,145872,4.58,0,13,16,27,1
16346,145873,-1.01,0,0,3,1,1
16347,145895,3.78,0,11,14,22,1
16348,145897,-0.52,0,1,4,2,1
16349,145926,5.01,0,14,17,29,1
16350,145942,3.59,0,10,13,16,1
16351,145946,0.46,0,3,6,4,1
16352,145968,4.88,0,13,16,22,1
16353,145971,-0.03,0,2,5,3,1
16354,145973,-0.52,0,1,4,2,1
16355,145979,0.89,0,4,7,6,1
16356,145997,4.02,0,11,14,18,1
16357,146001,0.46,0,3,6,4,1
16358,146009,1.87,0,6,9,8,1
16359,146010,-1.01,0,0,3,1,1
16360,146012,-0.52,0,1,4,2,1
16361,146069,6.63,0,20,23,57,1
16362,146074,0.95,0,4,7,5,1
16363,146078,0.46,0,3,6,4,1
16364,146081,-0.03,0,2,5,3,1
16365,146083,-0.52,0,1,4,2,1
16366,146127,7.41,0,20,23,44,1
16367,146139,2.73,0,8,11,12,1
16368,146148,2.36,0,7,10,9,1
16369,146158,1.75,0,6,9,10,1
16370,146163,0.95,0,4,7,5,1
16371,146164,-1.01,0,0,3,1,1
16372,146165,-1.01,0,0,3,1,1
16373,146167,-0.52,0,1,4,2,1
16374,146176,2.36,0,7,10,9,1
16375,146182,1.44,0,5,8,6,1
16376,146192,2.3,0,7,10,10,1
16377,146197,0.95,0,4,7,5,1
16378,146207,2.3,0,7,10,10,1
16379,146218,2.24,0,7,10,11,1
16380,146226,2.42,0,7,10,8,1
16381,146243,2.98,0,9,12,17,1
16382,146245,-0.52,0,1,4,2,1
16383,146246,-1.01,0,0,3,1,1
16384,146250,0.46,0,3,6,4,1
16385,146254,0.46,0,3,6,4,1
16386,146267,3.22,0,9,12,13,1
16387,146275,1.87,0,6,9,8,1
16388,146287,3.83,0,10,13,12,1
16389,146292,0.4,0,3,6,5,1
16390,146300,1.87,0,6,9,8,1
16391,146307,1.93,0,6,9,7,1
16392,146320,3.77,0,10,13,13,1
16393,146332,3.28,0,9,12,12,1
16394,146333,-1.01,0,0,3,1,1
16395,146344,2.24,0,7,10,11,1
16396,146357,4.32,0,11,14,13,1
16397,146365,2.42,0,7,10,8,1
16398,146373,1.87,0,6,9,8,1
16399,146385,3.28,0,9,12,12,1
16400,146388,-0.03,0,2,5,3,1
16401,146406,4.02,0,11,14,18,1
16402,146409,-0.03,0,2,5,3,1
16403,146423,3.71,0,10,13,14,1
16404,146439,3.59,0,10,13,16,1
16405,146450,2.79,0,8,11,11,1
16406,146455,0.95,0,4,7,5,1
16407,146456,-1.01,0,0,3,1,1
16408,146486,5.5,0,15,18,30,1
16409,146493,1.38,0,5,8,7,1
16410,146514,4.39,0,12,15,21,1
16411,146521,1.93,0,6,9,7,1
16412,146528,1.38,0,5,8,7,1
16413,146529,-1.01,0,0,3,1,1
16414,146531,-0.52,0,1,4,2,1
16415,146534,-0.03,0,2,5,3,1
16416,146536,-0.52,0,1,4,2,1
16417,146542,1.44,0,5,8,6,1
16418,146545,-0.03,0,2,5,3,1
16419,146552,1.38,0,5,8,7,1
16420,146555,-0.03,0,2,5,3,1
16421,146560,0.95,0,4,7,5,1
16422,146561,-1.01,0,0,3,1,1
16423,146568,1.93,0,6,9,7,1
16424,146574,1.44,0,5,8,6,1
16425,146576,-0.52,0,1,4,2,1
16426,146578,-0.52,0,1,4,2,1
16427,146580,-0.52,0,1,4,2,1
16428,146592,3.28,0,9,12,12,1
16429,146604,2.73,0,8,11,12,1
16430,146607,-0.03,0,2,5,3,1
16431,146610,-0.03,0,2,5,3,1
16432,146612,-0.52,0,1,4,2,1
16433,146613,-1.01,0,0,3,1,1
16434,146615,-0.52,0,1,4,2,1
16435,146627,2.73,0,8,11,12,1
16436,146632,0.95,0,4,7,5,1
16437,146643,3.89,0,10,13,11,1
16438,146646,-0.03,0,2,5,3,1
16439,146649,-0.03,0,2,5,3,1
16440,146672,4.27,0,12,15,23,1
16441,146674,-0.52,0,1,4,2,1
16442,146677,-0.03,0,2,5,3,1
16443,146680,-0.03,0,2,5,3,1
16444,146685,0.4,0,3,6,5,1
16445,146687,-0.52,0,1,4,2,1
16446,146700,3.22,0,9,12,13,1
16447,146708,2.42,0,7,10,8,1
16448,146709,-1.01,0,0,3,1,1
16449,146711,-0.52,0,1,4,2,1
16450,146712,-1.01,0,0,3,1,1
16451,146714,-0.52,0,1,4,2,1
16452,146716,-0.52,0,1,4,2,1
16453,146726,2.3,0,7,10,10,1
16454,146759,6.97,0,18,21,33,1
16455,146776,5.73,0,14,17,17,1
16456,146788,3.28,0,9,12,12,1
16457,146804,4.14,0,11,14,16,1
16458,146809,0.95,0,4,7,5,1
16459,146811,-0.52,0,1,4,2,1
16460,146828,4.08,0,11,14,17,1
16461,146830,-0.52,0,1,4,2,1
16462,146849,5.06,0,13,16,19,1
16463,146859,1.75,0,6,9,10,1
16464,146877,4.02,0,11,14,18,1
16465,146884,1.38,0,5,8,7,1
16466,146898,4.81,0,12,15,14,1
16467,146900,-0.52,0,1,4,2,1
16468,146908,2.42,0,7,10,8,1
16469,146928,5.55,0,14,17,20,1
16470,146941,2.67,0,8,11,13,1
16471,146946,0.95,0,4,7,5,1
16472,146958,2.73,0,8,11,12,1
16473,146964,1.44,0,5,8,6,1
16474,146971,0.83,0,4,7,7,1
16475,146987,3.04,0,9,12,16,1
16476,147006,5.06,0,13,16,19,1
16477,147008,-0.52,0,1,4,2,1
16478,147011,-0.03,0,2,5,3,1
16479,147022,2.24,0,7,10,11,1
16480,147038,4.14,0,11,14,16,1
16481,147054,3.59,0,10,13,16,1
16482,147063,1.81,0,6,9,9,1
16483,147067,0.46,0,3,6,4,1
16484,147074,1.93,0,6,9,7,1
16485,147081,1.93,0,6,9,7,1
16486,147084,-0.03,0,2,5,3,1
16487,147094,2.3,0,7,10,10,1
16488,147097,-0.03,0,2,5,3,1
16489,147117,3.9,0,11,14,20,1
16490,147123,0.89,0,4,7,6,1
16491,147143,5.55,0,14,17,20,1
16492,147168,5.8,0,15,18,25,1
16493,147182,5.36,0,13,16,14,1
16494,147183,-1.01,0,0,3,1,1
16495,147191,2.42,0,7,10,8,1
16496,147243,6.38,0,19,22,52,1
16497,147248,0.95,0,4,7,5,1
16498,147255,1.93,0,6,9,7,1
16499,147259,0.46,0,3,6,4,1
16500,147266,1.93,0,6,9,7,1
16501,147269,-0.03,0,2,5,3,1
16502,147270,-1.01,0,0,3,1,1
16503,147277,1.38,0,5,8,7,1
16504,147281,0.46,0,3,6,4,1
16505,147302,3.84,0,11,14,21,1
16506,147311,2.36,0,7,10,9,1
16507,147316,0.95,0,4,7,5,1
16508,147325,1.26,0,5,8,9,1
16509,147328,-0.03,0,2,5,3,1
16510,147332,0.46,0,3,6,4,1
16511,147344,3.28,0,9,12,12,1
16512,147345,-1.01,0,0,3,1,1
16513,147382,7.28,0,19,22,37,1
16514,147385,-0.03,0,2,5,3,1
16515,147389,0.46,0,3,6,4,1
16516,147405,4.14,0,11,14,16,1
16517,147407,-0.52,0,1,4,2,1
16518,147418,2.24,0,7,10,11,1
16519,147426,1.87,0,6,9,8,1
16520,147430,0.46,0,3,6,4,1
16521,147433,-0.03,0,2,5,3,1
16522,147435,-0.52,0,1,4,2,1
16523,147451,4.14,0,11,14,16,1
16524,147468,3.53,0,10,13,17,1
16525,147469,-1.01,0,0,3,1,1
16526,147473,0.46,0,3,6,4,1
16527,147483,2.3,0,7,10,10,1
16528,147488,0.95,0,4,7,5,1
16529,147492,0.46,0,3,6,4,1
16530,147500,1.32,0,5,8,8,1
16531,147517,4.63,0,12,15,17,1
16532,147525,1.87,0,6,9,8,1
16533,147528,-0.03,0,2,5,3,1
16534,147567,7.16,0,19,22,39,1
16535,147573,0.89,0,4,7,6,1
16536,147587,3.71,0,10,13,14,1
16537,147588,-1.01,0,0,3,1,1
16538,147596,1.87,0,6,9,8,1
16539,147603,1.38,0,5,8,7,1
16540,147604,-1.01,0,0,3,1,1
16541,147639,6.3,0,17,20,35,1
16542,147640,-1.01,0,0,3,1,1
16543,147644,0.46,0,3,6,4,1
16544,147651,1.93,0,6,9,7,1
16545,147665,3.71,0,10,13,14,1
16546,147708,6.92,0,19,22,43,1
16547,147710,-0.52,0,1,4,2,1
16548,147718,2.42,0,7,10,8,1
16549,147729,3.89,0,10,13,11,1
16550,147733,0.46,0,3,6,4,1
16551,147745,2.18,0,7,10,12,1
16552,147747,-0.52,0,1,4,2,1
16553,147751,0.46,0,3,6,4,1
16554,147756,0.95,0,4,7,5,1
16555,147779,4.27,0,12,15,23,1
16556,147781,-0.52,0,1,4,2,1
16557,147784,-0.03,0,2,5,3,1
16558,147785,-1.01,0,0,3,1,1
16559,147791,1.44,0,5,8,6,1
16560,147794,-0.03,0,2,5,3,1
16561,147796,-0.52,0,1,4,2,1
16562,147802,1.44,0,5,8,6,1
16563,147810,2.42,0,7,10,8,1
16564,147818,2.42,0,7,10,8,1
16565,147825,1.93,0,6,9,7,1
16566,147827,-0.52,0,1,4,2,1
16567,147832,0.95,0,4,7,5,1
16568,147838,0.89,0,4,7,6,1
16569,147843,0.95,0,4,7,5,1
16570,147853,1.75,0,6,9,10,1
16571,147857,-0.09,0,2,5,4,1
16572,147918,5.84,0,19,22,61,1
16573,147922,0.46,0,3,6,4,1
16574,147929,1.93,0,6,9,7,1
16575,147942,3.77,0,10,13,13,1
16576,147946,0.46,0,3,6,4,1
16577,147953,1.38,0,5,8,7,1
16578,147974,4.94,0,13,16,21,1
16579,147977,-0.03,0,2,5,3,1
16580,147980,-0.03,0,2,5,3,1
16581,147998,4.57,0,12,15,18,1
16582,148021,5.92,0,15,18,23,1
16583,148032,2.79,0,8,11,11,1
16584,148034,-0.52,0,1,4,2,1
16585,148057,5.37,0,14,17,23,1
16586,148059,-0.52,0,1,4,2,1
16587,148062,-0.03,0,2,5,3,1
16588,148065,-0.03,0,2,5,3,1
16589,148066,-1.01,0,0,3,1,1
16590,148074,1.87,0,6,9,8,1
16591,148077,-0.03,0,2,5,3,1
16592,148081,-0.09,0,2,5,4,1
16593,148092,3.89,0,10,13,11,1
16594,148100,2.42,0,7,10,8,1
16595,148135,5.2,0,15,18,35,1
16596,148138,-0.03,0,2,5,3,1
16597,148152,3.71,0,10,13,14,1
16598,148162,2.85,0,8,11,10,1
16599,148164,-0.52,0,1,4,2,1
16600,148169,0.95,0,4,7,5,1
16601,148175,1.44,0,5,8,6,1
16602,148179,0.46,0,3,6,4,1
16603,148188,2.36,0,7,10,9,1
16604,148194,1.44,0,5,8,6,1
16605,148199,0.95,0,4,7,5,1
16606,148202,-0.03,0,2,5,3,1
16607,148203,-1.01,0,0,3,1,1
16608,148204,-1.01,0,0,3,1,1
16609,148223,4.51,0,12,15,19,1
16610,148232,2.91,0,8,11,9,1
16611,148234,-0.52,0,1,4,2,1
16612,148265,5.99,0,16,19,31,1
16613,148273,1.87,0,6,9,8,1
16614,148276,-0.03,0,2,5,3,1
16615,148291,4.2,0,11,14,15,1
16616,148292,-1.01,0,0,3,1,1
16617,148298,0.89,0,4,7,6,1
16618,148302,0.46,0,3,6,4,1
16619,148309,1.38,0,5,8,7,1
16620,148310,-1.01,0,0,3,1,1
16621,148326,3.59,0,10,13,16,1
16622,148333,1.38,0,5,8,7,1
16623,148334,-1.01,0,0,3,1,1
16624,148344,3.4,0,9,12,10,1
16625,148350,0.89,0,4,7,6,1
16626,148351,-1.01,0,0,3,1,1
16627,148377,6.29,0,16,19,26,1
16628,148387,2.85,0,8,11,10,1
16629,148388,-1.01,0,0,3,1,1
16630,148395,1.38,0,5,8,7,1
16631,148404,1.81,0,6,9,9,1
16632,148420,5.24,0,13,16,16,1
16633,148425,0.95,0,4,7,5,1
16634,148426,-1.01,0,0,3,1,1
16635,148431,0.4,0,3,6,5,1
16636,148432,-1.01,0,0,3,1,1
16637,148444,3.28,0,9,12,12,1
16638,148447,-0.03,0,2,5,3,1
16639,148448,-1.01,0,0,3,1,1
16640,148454,1.44,0,5,8,6,1
16641,148472,4.57,0,12,15,18,1
16642,148474,-0.52,0,1,4,2,1
16643,148477,-0.03,0,2,5,3,1
16644,148479,-0.52,0,1,4,2,1
16645,148498,4.51,0,12,15,19,1
16646,148533,5.75,0,16,19,35,1
16647,148548,3.65,0,10,13,15,1
16648,148550,-0.52,0,1,4,2,1
16649,148555,0.95,0,4,7,5,1
16650,148556,-1.01,0,0,3,1,1
16651,148564,1.32,0,5,8,8,1
16652,148604,6.0,0,17,20,40,1
16653,148605,-1.01,0,0,3,1,1
16654,148610,0.95,0,4,7,5,1
16655,148617,1.38,0,5,8,7,1
16656,148641,4.21,0,12,15,24,1
16657,148652,2.79,0,8,11,11,1
16658,148653,-1.01,0,0,3,1,1
16659,148655,-0.52,0,1,4,2,1
16660,148657,-0.52,0,1,4,2,1
16661,148662,0.95,0,4,7,5,1
16662,148666,-0.09,0,2,5,4,1
16663,148668,-0.52,0,1,4,2,1
16664,148679,3.34,0,9,12,11,1
16665,148688,2.36,0,7,10,9,1
16666,148694,1.44,0,5,8,6,1
16667,148707,3.77,0,10,13,13,1
16668,148711,0.46,0,3,6,4,1
16669,148726,3.65,0,10,13,15,1
16670,148729,-0.03,0,2,5,3,1
16671,148733,0.46,0,3,6,4,1
16672,148738,0.4,0,3,6,5,1
16673,148745,1.93,0,6,9,7,1
16674,148778,5.87,0,16,19,33,1
16675,148781,-0.03,0,2,5,3,1
16676,148782,-1.01,0,0,3,1,1
16677,148805,4.27,0,12,15,23,1
16678,148806,-1.01,0,0,3,1,1
16679,148809,-0.03,0,2,5,3,1
16680,148810,-1.01,0,0,3,1,1
16681,148816,1.44,0,5,8,6,1
16682,148825,2.36,0,7,10,9,1
16683,148830,0.95,0,4,7,5,1
16684,148831,-1.01,0,0,3,1,1
16685,148848,4.63,0,12,15,17,1
16686,148850,-0.52,0,1,4,2,1
16687,148893,6.92,0,19,22,43,1
16688,148903,3.4,0,9,12,10,1
16689,148904,-1.01,0,0,3,1,1
16690,148909,0.4,0,3,6,5,1
16691,148926,5.18,0,13,16,17,1
16692,148937,3.34,0,9,12,11,1
16693,148943,0.89,0,4,7,6,1
16694,148946,-0.03,0,2,5,3,1
16695,148958,2.18,0,7,10,12,1
16696,148964,1.44,0,5,8,6,1
16697,148965,-1.01,0,0,3,1,1
16698,148969,0.46,0,3,6,4,1
16699,148976,1.93,0,6,9,7,1
16700,148978,-0.52,0,1,4,2,1
16701,148985,1.93,0,6,9,7,1
16702,148990,0.95,0,4,7,5,1
16703,149022,6.48,0,17,20,32,1
16704,149026,0.46,0,3,6,4,1
16705,149031,0.95,0,4,7,5,1
16706,149034,-0.03,0,2,5,3,1
16707,149036,-0.52,0,1,4,2,1
16708,149037,-1.01,0,0,3,1,1
16709,149039,-0.52,0,1,4,2,1
16710,149044,0.95,0,4,7,5,1
16711,149045,-1.01,0,0,3,1,1
16712,149058,3.77,0,10,13,13,1
16713,149074,4.14,0,11,14,16,1
16714,149078,0.46,0,3,6,4,1
16715,149082,0.46,0,3,6,4,1
16716,149087,0.95,0,4,7,5,1
16717,149090,-0.03,0,2,5,3,1
16718,149112,4.33,0,12,15,22,1
16719,149118,1.44,0,5,8,6,1
16720,149121,-0.03,0,2,5,3,1
16721,149132,3.34,0,9,12,11,1
16722,149136,0.46,0,3,6,4,1
16723,149149,4.32,0,11,14,13,1
16724,149151,-0.52,0,1,4,2,1
16725,149162,3.34,0,9,12,11,1
16726,149177,4.2,0,11,14,15,1
16727,149178,-1.01,0,0,3,1,1
16728,149184,0.89,0,4,7,6,1
16729,149187,-0.03,0,2,5,3,1
16730,149197,2.85,0,8,11,10,1
16731,149207,2.3,0,7,10,10,1
16732,149208,-1.01,0,0,3,1,1
16733,149215,1.93,0,6,9,7,1
16734,149217,-0.52,0,1,4,2,1
16735,149235,3.47,0,10,13,18,1
16736,149249,3.71,0,10,13,14,1
16737,149250,-1.01,0,0,3,1,1
16738,149268,5.67,0,14,17,18,1
16739,149274,1.44,0,5,8,6,1
16740,149280,1.44,0,5,8,6,1
16741,149294,3.16,0,9,12,14,1
16742,149302,2.42,0,7,10,8,1
16743,149308,1.44,0,5,8,6,1
16744,149322,4.26,0,11,14,14,1
16745,149332,2.85,0,8,11,10,1
16746,149333,-1.01,0,0,3,1,1
16747,149335,-0.52,0,1,4,2,1
16748,149341,1.44,0,5,8,6,1
16749,149343,-0.52,0,1,4,2,1
16750,149368,6.35,0,16,19,25,1
16751,149378,2.85,0,8,11,10,1
16752,149381,-0.03,0,2,5,3,1
16753,149388,1.38,0,5,8,7,1
16754,149397,2.91,0,8,11,9,1
16755,149400,-0.03,0,2,5,3,1
16756,149401,-1.01,0,0,3,1,1
16757,149403,-0.52,0,1,4,2,1
16758,149408,0.95,0,4,7,5,1
16759,149414,0.89,0,4,7,6,1
16760,149418,0.46,0,3,6,4,1
16761,149423,0.95,0,4,7,5,1
16762,149424,-1.01,0,0,3,1,1
16763,149426,-0.52,0,1,4,2,1
16764,149450,4.76,0,13,16,24,1
16765,149477,6.23,0,16,19,27,1
16766,149479,-0.52,0,1,4,2,1
16767,149492,3.22,0,9,12,13,1
16768,149502,1.75,0,6,9,10,1
16769,149522,5.0,0,13,16,20,1
16770,149523,-1.01,0,0,3,1,1
16771,149538,4.2,0,11,14,15,1
16772,149540,-0.52,0,1,4,2,1
16773,149563,5.92,0,15,18,23,1
16774,149583,4.45,0,12,15,20,1
16775,149584,-1.01,0,0,3,1,1
16776,149593,1.81,0,6,9,9,1
16777,149598,0.95,0,4,7,5,1
16778,149601,-0.03,0,2,5,3,1
16779,149618,5.73,0,14,17,17,1
16780,149623,0.95,0,4,7,5,1
16781,149640,5.18,0,13,16,17,1
16782,149648,1.87,0,6,9,8,1
16783,149672,5.31,0,14,17,24,1
16784,149674,-0.52,0,1,4,2,1
16785,149677,-0.03,0,2,5,3,1
16786,149678,-1.01,0,0,3,1,1
16787,149701,4.82,0,13,16,23,1
16788,149708,1.38,0,5,8,7,1
16789,149719,1.69,0,6,9,11,1
16790,149746,5.68,0,15,18,27,1
16791,149752,1.44,0,5,8,6,1
16792,149772,3.35,0,10,13,20,1
16793,149774,-0.52,0,1,4,2,1
16794,149775,-1.01,0,0,3,1,1
16795,149783,1.87,0,6,9,8,1
16796,149788,0.95,0,4,7,5,1
16797,149789,-1.01,0,0,3,1,1
16798,149791,-0.52,0,1,4,2,1
16799,149794,-0.03,0,2,5,3,1
16800,149803,2.36,0,7,10,9,1
16801,149829,5.19,0,14,17,26,1
16802,149832,-0.03,0,2,5,3,1
16803,149833,-1.01,0,0,3,1,1
16804,149839,1.44,0,5,8,6,1
16805,149849,2.85,0,8,11,10,1
16806,149851,-0.52,0,1,4,2,1
16807,149867,4.69,0,12,15,16,1
16808,149876,2.36,0,7,10,9,1
16809,149877,-1.01,0,0,3,1,1
16810,149878,-1.01,0,0,3,1,1
16811,149880,-0.52,0,1,4,2,1
16812,149881,-1.01,0,0,3,1,1
16813,149889,2.42,0,7,10,8,1
16814,149904,3.65,0,10,13,15,1
16815,149908,0.46,0,3,6,4,1
16816,149918,2.85,0,8,11,10,1
16817,149945,5.13,0,14,17,27,1
16818,149957,2.73,0,8,11,12,1
16819,149971,3.16,0,9,12,14,1
16820,149973,-0.52,0,1,4,2,1
16821,149981,2.42,0,7,10,8,1
16822,149992,2.79,0,8,11,11,1
16823,149996,0.46,0,3,6,4,1
16824,150003,1.38,0,5,8,7,1
16825,150012,2.36,0,7,10,9,1
16826,150014,-0.52,0,1,4,2,1
16827,150018,0.46,0,3,6,4,1
16828,150022,0.46,0,3,6,4,1
16829,150023,-1.01,0,0,3,1,1
16830,150027,0.46,0,3,6,4,1
16831,150052,5.25,0,14,17,25,1
16832,150069,5.18,0,13,16,17,1
16833,150075,1.44,0,5,8,6,1
16834,150104,5.56,0,15,18,29,1
16835,150106,-0.52,0,1,4,2,1
16836,150111,0.95,0,4,7,5,1
16837,150116,0.95,0,4,7,5,1
16838,150125,2.36,0,7,10,9,1
16839,150128,-0.03,0,2,5,3,1
16840,150135,1.38,0,5,8,7,1
16841,150142,1.38,0,5,8,7,1
16842,150150,2.42,0,7,10,8,1
16843,150154,0.46,0,3,6,4,1
16844,150157,-0.03,0,2,5,3,1
16845,150158,-1.01,0,0,3,1,1
16846,150159,-1.01,0,0,3,1,1
16847,150169,2.85,0,8,11,10,1
16848,150222,10.92,1,22,25,53,0
16849,150225,-0.03,0,2,5,3,1
16850,150228,-0.03,0,2,5,3,1
16851,150255,5.68,0,15,18,27,1
16852,150262,1.93,0,6,9,7,1
16853,150267,0.4,0,3,6,5,1
16854,150273,1.44,0,5,8,6,1
16855,150275,-0.52,0,1,4,2,1
16856,150278,-0.03,0,2,5,3,1
16857,150282,0.46,0,3,6,4,1
16858,150287,0.95,0,4,7,5,1
16859,150289,-0.52,0,1,4,2,1
16860,150296,1.93,0,6,9,7,1
16861,150320,5.31,0,14,17,24,1
16862,150336,4.69,0,12,15,16,1
16863,150337,-1.01,0,0,3,1,1
16864,150405,5.42,0,19,22,68,1
16865,150417,3.28,0,9,12,12,1
16866,150424,1.93,0,6,9,7,1
16867,150428,0.46,0,3,6,4,1
16868,150445,2.98,0,9,12,17,1
16869,150446,-1.01,0,0,3,1,1
16870,150455,1.81,0,6,9,9,1
16871,150476,4.94,0,13,16,21,1
16872,150478,-0.52,0,1,4,2,1
16873,150486,1.32,0,5,8,8,1
16874,150503,4.08,0,11,14,17,1
16875,150516,2.67,0,8,11,13,1
16876,150521,0.4,0,3,6,5,1
16877,150533,3.83,0,10,13,12,1
16878,150545,3.83,0,10,13,12,1
16879,150556,3.34,0,9,12,11,1
16880,150569,3.77,0,10,13,13,1
16881,150577,2.42,0,7,10,8,1
16882,150592,2.55,0,8,11,15,1
16883,150597,0.95,0,4,7,5,1
16884,150600,-0.03,0,2,5,3,1
16885,150606,1.44,0,5,8,6,1
16886,150620,3.71,0,10,13,14,1
16887,150621,-1.01,0,0,3,1,1
16888,150631,2.3,0,7,10,10,1
16889,150634,-0.03,0,2,5,3,1
16890,150639,0.95,0,4,7,5,1
16891,150651,2.73,0,8,11,12,1
16892,150662,1.69,0,6,9,11,1
16893,150669,1.38,0,5,8,7,1
16894,150678,2.36,0,7,10,9,1
16895,150679,-1.01,0,0,3,1,1
16896,150680,-1.01,0,0,3,1,1
16897,150682,-0.52,0,1,4,2,1
16898,150696,4.81,0,12,15,14,1
16899,150706,3.4,0,9,12,10,1
16900,150717,3.34,0,9,12,11,1
16901,150718,-1.01,0,0,3,1,1
16902,150734,3.04,0,9,12,16,1
16903,150737,-0.03,0,2,5,3,1
16904,150741,0.46,0,3,6,4,1
16905,150745,0.46,0,3,6,4,1
16906,150759,3.71,0,10,13,14,1
16907,150763,0.46,0,3,6,4,1
16908,150764,-1.01,0,0,3,1,1
16909,150770,0.89,0,4,7,6,1
16910,150790,5.0,0,13,16,20,1
16911,150797,1.93,0,6,9,7,1
16912,150823,7.94,0,19,22,26,1
16913,150837,3.16,0,9,12,14,1
16914,150841,0.46,0,3,6,4,1
16915,150844,-0.03,0,2,5,3,1
16916,150850,1.44,0,5,8,6,1
16917,150854,0.46,0,3,6,4,1
16918,150862,1.87,0,6,9,8,1
16919,150863,-1.01,0,0,3,1,1
16920,150874,2.79,0,8,11,11,1
16921,150876,-0.52,0,1,4,2,1
16922,150883,1.93,0,6,9,7,1
16923,150887,0.46,0,3,6,4,1
16924,150908,4.94,0,13,16,21,1
16925,150920,2.18,0,7,10,12,1
16926,150940,3.35,0,10,13,20,1
16927,150956,4.69,0,12,15,16,1
16928,150960,0.46,0,3,6,4,1
16929,150978,2.37,0,8,11,18,1
16930,150979,-1.01,0,0,3,1,1
16931,150987,2.42,0,7,10,8,1
16932,151033,6.19,0,18,21,46,1
16933,151035,-0.52,0,1,4,2,1
16934,151038,-0.03,0,2,5,3,1
16935,151040,-0.52,0,1,4,2,1
16936,151046,1.44,0,5,8,6,1
16937,151047,-1.01,0,0,3,1,1
16938,151059,3.28,0,9,12,12,1
16939,151063,-0.09,0,2,5,4,1
16940,151076,3.77,0,10,13,13,1
16941,151081,0.95,0,4,7,5,1
16942,151122,6.49,0,18,21,41,1
16943,151134,3.28,0,9,12,12,1
16944,151135,-1.01,0,0,3,1,1
16945,151142,0.83,0,4,7,7,1
16946,151144,-0.52,0,1,4,2,1
16947,151145,-1.01,0,0,3,1,1
16948,151154,1.81,0,6,9,9,1
16949,151156,-0.52,0,1,4,2,1
16950,151162,1.44,0,5,8,6,1
16951,151163,-1.01,0,0,3,1,1
16952,151185,4.88,0,13,16,22,1
16953,151186,-1.01,0,0,3,1,1
16954,151190,0.46,0,3,6,4,1
16955,151197,1.93,0,6,9,7,1
16956,151210,4.32,0,11,14,13,1
16957,151217,1.93,0,6,9,7,1
16958,151229,3.28,0,9,12,12,1
16959,151235,1.44,0,5,8,6,1
16960,151246,2.79,0,8,11,11,1
16961,151252,1.44,0,5,8,6,1
16962,151264,2.73,0,8,11,12,1
16963,151268,0.46,0,3,6,4,1
16964,151269,-1.01,0,0,3,1,1
16965,151271,-0.52,0,1,4,2,1
16966,151292,4.39,0,12,15,21,1
16967,151305,2.67,0,8,11,13,1
16968,151311,0.89,0,4,7,6,1
16969,151342,5.99,0,16,19,31,1
16970,151359,4.08,0,11,14,17,1
16971,151368,2.36,0,7,10,9,1
16972,151369,-1.01,0,0,3,1,1
16973,151375,1.44,0,5,8,6,1
16974,151381,1.44,0,5,8,6,1
16975,151391,2.85,0,8,11,10,1
16976,151394,-0.03,0,2,5,3,1
16977,151398,-0.09,0,2,5,4,1
16978,151400,-0.52,0,1,4,2,1
16979,151415,5.3,0,13,16,15,1
16980,151417,-0.52,0,1,4,2,1
16981,151419,-0.52,0,1,4,2,1
16982,151432,2.67,0,8,11,13,1
16983,151439,1.38,0,5,8,7,1
16984,151448,2.36,0,7,10,9,1
16985,151450,-0.52,0,1,4,2,1
16986,151453,-0.03,0,2,5,3,1
16987,151480,5.68,0,15,18,27,1
16988,151502,5.98,0,15,18,22,1
16989,151540,7.77,0,20,23,38,1
16990,151542,-0.52,0,1,4,2,1
16991,151548,0.89,0,4,7,6,1
16992,151555,1.93,0,6,9,7,1
16993,151556,-1.01,0,0,3,1,1
16994,151572,4.14,0,11,14,16,1
16995,151573,-1.01,0,0,3,1,1
16996,151574,-1.01,0,0,3,1,1
16997,151583,1.81,0,6,9,9,1
16998,151584,-1.01,0,0,3,1,1
16999,151585,-1.01,0,0,3,1,1
17000,151593,2.42,0,7,10,8,1
17001,151614,5.49,0,14,17,21,1
17002,151617,-0.03,0,2,5,3,1
17003,151623,0.34,0,3,6,6,1
17004,151624,-1.01,0,0,3,1,1
17005,151625,-1.01,0,0,3,1,1
17006,151647,5.43,0,14,17,22,1
17007,151650,-0.03,0,2,5,3,1
17008,151673,6.47,0,16,19,23,1
17009,151675,-0.52,0,1,4,2,1
17010,151695,5.0,0,13,16,20,1
17011,151711,4.69,0,12,15,16,1
17012,151721,2.3,0,7,10,10,1
17013,151722,-1.01,0,0,3,1,1
17014,151723,-1.01,0,0,3,1,1
17015,151727,0.46,0,3,6,4,1
17016,151732,0.95,0,4,7,5,1
17017,151741,2.91,0,8,11,9,1
17018,151742,-1.01,0,0,3,1,1
17019,151747,0.95,0,4,7,5,1
17020,151761,3.71,0,10,13,14,1
17021,151763,-0.52,0,1,4,2,1
17022,151768,0.95,0,4,7,5,1
17023,151773,0.4,0,3,6,5,1
17024,151785,2.18,0,7,10,12,1
17025,151796,3.34,0,9,12,11,1
17026,151807,2.24,0,7,10,11,1
17027,151824,4.08,0,11,14,17,1
17028,151826,-0.52,0,1,4,2,1
17029,151845,5.06,0,13,16,19,1
17030,151849,0.46,0,3,6,4,1
17031,151852,-0.03,0,2,5,3,1
17032,151868,5.79,0,14,17,16,1
17033,151876,1.87,0,6,9,8,1
17034,151882,0.89,0,4,7,6,1
17035,151885,-0.03,0,2,5,3,1
17036,151889,0.46,0,3,6,4,1
17037,151917,6.72,0,17,20,28,1
17038,151919,-0.52,0,1,4,2,1
17039,151926,1.93,0,6,9,7,1
17040,151927,-1.01,0,0,3,1,1
17041,151932,0.95,0,4,7,5,1
17042,151943,3.89,0,10,13,11,1
17043,151944,-1.01,0,0,3,1,1
17044,151958,4.26,0,11,14,14,1
17045,151967,2.36,0,7,10,9,1
17046,151970,-0.03,0,2,5,3,1
17047,151972,-0.52,0,1,4,2,1
17048,151977,0.95,0,4,7,5,1
17049,151978,-1.01,0,0,3,1,1
17050,151993,5.85,0,14,17,15,1
17051,152001,2.42,0,7,10,8,1
17052,152011,2.85,0,8,11,10,1
17053,152017,0.89,0,4,7,6,1
17054,152021,0.46,0,3,6,4,1
17055,152025,-0.09,0,2,5,4,1
17056,152027,-0.52,0,1,4,2,1
17057,152030,-0.03,0,2,5,3,1
17058,152032,-0.52,0,1,4,2,1
17059,152035,-0.03,0,2,5,3,1
17060,152064,6.66,0,17,20,29,1
17061,152068,0.46,0,3,6,4,1
17062,152071,-0.03,0,2,5,3,1
17063,152079,1.87,0,6,9,8,1
17064,152086,1.38,0,5,8,7,1
17065,152095,1.81,0,6,9,9,1
17066,152124,6.11,0,16,19,29,1
17067,152134,2.85,0,8,11,10,1
17068,152140,0.89,0,4,7,6,1
17069,152155,4.75,0,12,15,15,1
17070,152156,-1.01,0,0,3,1,1
17071,152167,3.89,0,10,13,11,1
17072,152168,-1.01,0,0,3,1,1
17073,152180,2.73,0,8,11,12,1
17074,152181,-1.01,0,0,3,1,1
17075,152184,-0.58,0,1,4,3,1
17076,152187,-0.03,0,2,5,3,1
17077,152193,1.44,0,5,8,6,1
17078,152195,-0.52,0,1,4,2,1
17079,152216,4.39,0,12,15,21,1
17080,152218,-0.52,0,1,4,2,1
17081,152237,5.06,0,13,16,19,1
17082,152242,0.95,0,4,7,5,1
17083,152246,0.46,0,3,6,4,1
17084,152252,1.44,0,5,8,6,1
17085,152259,1.93,0,6,9,7,1
17086,152273,4.26,0,11,14,14,1
17087,152288,4.75,0,12,15,15,1
17088,152297,2.91,0,8,11,9,1
17089,152298,-1.01,0,0,3,1,1
17090,152306,1.87,0,6,9,8,1
17091,152311,0.95,0,4,7,5,1
17092,152316,0.95,0,4,7,5,1
17093,152324,2.42,0,7,10,8,1
17094,152325,-1.01,0,0,3,1,1
17095,152329,0.46,0,3,6,4,1
17096,152331,-0.52,0,1,4,2,1
17097,152343,3.83,0,10,13,12,1
17098,152355,3.28,0,9,12,12,1
17099,152356,-1.01,0,0,3,1,1
17100,152360,0.46,0,3,6,4,1
17101,152362,-0.52,0,1,4,2,1
17102,152365,-0.58,0,1,4,3,1
17103,152369,0.46,0,3,6,4,1
17104,152380,3.34,0,9,12,11,1
17105,152383,-0.03,0,2,5,3,1
17106,152387,0.46,0,3,6,4,1
17107,152390,-0.03,0,2,5,3,1
17108,152395,0.95,0,4,7,5,1
17109,152405,2.3,0,7,10,10,1
17110,152406,-1.01,0,0,3,1,1
17111,152413,1.93,0,6,9,7,1
17112,152420,1.93,0,6,9,7,1
17113,152429,2.36,0,7,10,9,1
17114,152464,8.5,0,21,24,35,1
17115,152465,-1.01,0,0,3,1,1
17116,152477,2.73,0,8,11,12,1
17117,152490,3.77,0,10,13,13,1
17118,152495,0.95,0,4,7,5,1
17119,152498,-0.03,0,2,5,3,1
17120,152504,1.44,0,5,8,6,1
17121,152513,1.81,0,6,9,9,1
17122,152531,6.22,0,15,18,18,1
17123,152568,7.83,0,20,23,37,1
17124,152570,-0.52,0,1,4,2,1
17125,152574,0.46,0,3,6,4,1
17126,152581,1.38,0,5,8,7,1
17127,152589,2.42,0,7,10,8,1
17128,152591,-0.52,0,1,4,2,1
17129,152621,6.05,0,16,19,30,1
17130,152636,3.65,0,10,13,15,1
17131,152637,-1.01,0,0,3,1,1
17132,152642,0.95,0,4,7,5,1
17133,152648,1.44,0,5,8,6,1
17134,152668,4.45,0,12,15,20,1
17135,152673,0.95,0,4,7,5,1
17136,152677,0.46,0,3,6,4,1
17137,152690,2.12,0,7,10,13,1
17138,152695,0.4,0,3,6,5,1
17139,152721,6.84,0,17,20,26,1
17140,152743,6.53,0,16,19,22,1
17141,152754,3.89,0,10,13,11,1
17142,152798,6.31,0,18,21,44,1
17143,152810,4.38,0,11,14,12,1
17144,152851,7.04,0,19,22,41,1
17145,152862,3.34,0,9,12,11,1
17146,152881,3.41,0,10,13,19,1
17147,152886,0.95,0,4,7,5,1
17148,152889,-0.03,0,2,5,3,1
17149,152912,5.37,0,14,17,23,1
17150,152915,-0.03,0,2,5,3,1
17151,152920,0.95,0,4,7,5,1
17152,152925,0.95,0,4,7,5,1
17153,152931,0.89,0,4,7,6,1
17154,152937,1.44,0,5,8,6,1
17155,152944,1.93,0,6,9,7,1
17156,152951,1.93,0,6,9,7,1
17157,152967,4.14,0,11,14,16,1
17158,153012,7.35,0,20,23,45,1
17159,153014,-0.52,0,1,4,2,1
17160,153022,1.87,0,6,9,8,1
17161,153033,2.79,0,8,11,11,1
17162,153036,-0.03,0,2,5,3,1
17163,153048,3.28,0,9,12,12,1
17164,153063,3.1,0,9,12,15,1
17165,153070,1.93,0,6,9,7,1
17166,153081,2.79,0,8,11,11,1
17167,153088,1.93,0,6,9,7,1
17168,153091,-0.03,0,2,5,3,1
17169,153098,1.38,0,5,8,7,1
17170,153105,1.38,0,5,8,7,1
17171,153107,-0.52,0,1,4,2,1
17172,153118,2.79,0,8,11,11,1
17173,153125,1.38,0,5,8,7,1
17174,153144,3.41,0,10,13,19,1
17175,153152,1.32,0,5,8,8,1
17176,153156,0.46,0,3,6,4,1
17177,153163,1.38,0,5,8,7,1
17178,153167,-0.09,0,2,5,4,1
17179,153183,3.59,0,10,13,16,1
17180,153189,1.44,0,5,8,6,1
17181,153212,6.47,0,16,19,23,1
17182,153218,1.44,0,5,8,6,1
17183,153226,2.42,0,7,10,8,1
17184,153237,3.89,0,10,13,11,1
17185,153238,-1.01,0,0,3,1,1
17186,153243,0.95,0,4,7,5,1
17187,153244,-1.01,0,0,3,1,1
17188,153247,-0.03,0,2,5,3,1
17189,153253,1.44,0,5,8,6,1
17190,153270,4.63,0,12,15,17,1
17191,153272,-0.52,0,1,4,2,1
17192,153277,0.95,0,4,7,5,1
17193,153304,4.03,0,12,15,27,1
17194,153306,-0.52,0,1,4,2,1
17195,153310,0.46,0,3,6,4,1
17196,153311,-1.01,0,0,3,1,1
17197,153324,4.32,0,11,14,13,1
17198,153337,2.12,0,7,10,13,1
17199,153338,-1.01,0,0,3,1,1
17200,153347,2.91,0,8,11,9,1
17201,153365,4.02,0,11,14,18,1
17202,153377,2.73,0,8,11,12,1
17203,153380,-0.03,0,2,5,3,1
17204,153384,0.46,0,3,6,4,1
17205,153410,5.19,0,14,17,26,1
17206,153414,-0.09,0,2,5,4,1
17207,153417,-0.03,0,2,5,3,1
17208,153438,4.94,0,13,16,21,1
17209,153442,0.46,0,3,6,4,1
17210,153446,0.46,0,3,6,4,1
17211,153451,0.95,0,4,7,5,1
17212,153452,-1.01,0,0,3,1,1
17213,153471,5.06,0,13,16,19,1
17214,153485,4.26,0,11,14,14,1
17215,153499,3.16,0,9,12,14,1
17216,153500,-1.01,0,0,3,1,1
17217,153509,2.91,0,8,11,9,1
17218,153530,3.84,0,11,14,21,1
17219,153543,3.22,0,9,12,13,1
17220,153548,0.95,0,4,7,5,1
17221,153553,0.4,0,3,6,5,1
17222,153558,0.95,0,4,7,5,1
17223,153562,0.46,0,3,6,4,1
17224,153567,0.95,0,4,7,5,1
17225,153585,5.12,0,13,16,18,1
17226,153589,0.46,0,3,6,4,1
17227,153602,3.77,0,10,13,13,1
17228,153606,0.46,0,3,6,4,1
17229,153607,-1.01,0,0,3,1,1
17230,153615,2.42,0,7,10,8,1
17231,153627,3.83,0,10,13,12,1
17232,153632,0.95,0,4,7,5,1
17233,153634,-0.52,0,1,4,2,1
17234,153637,-0.03,0,2,5,3,1
17235,153647,2.85,0,8,11,10,1
17236,153657,2.85,0,8,11,10,1
17237,153658,-1.01,0,0,3,1,1
17238,153664,0.89,0,4,7,6,1
17239,153670,1.44,0,5,8,6,1
17240,153678,1.87,0,6,9,8,1
17241,153679,-1.01,0,0,3,1,1
17242,153691,2.73,0,8,11,12,1
17243,153698,1.38,0,5,8,7,1
17244,153702,0.46,0,3,6,4,1
17245,153710,0.77,0,4,7,8,1
17246,153734,4.76,0,13,16,24,1
17247,153751,5.73,0,14,17,17,1
17248,153759,1.87,0,6,9,8,1
17249,153766,1.38,0,5,8,7,1
17250,153781,4.2,0,11,14,15,1
17251,153797,3.59,0,10,13,16,1
17252,153812,3.1,0,9,12,15,1
17253,153817,0.95,0,4,7,5,1
17254,153824,1.93,0,6,9,7,1
17255,153837,2.67,0,8,11,13,1
17256,153845,1.87,0,6,9,8,1
17257,153848,-0.03,0,2,5,3,1
17258,153855,1.93,0,6,9,7,1
17259,153867,3.83,0,10,13,12,1
17260,153872,0.95,0,4,7,5,1
17261,153874,-0.52,0,1,4,2,1
17262,153875,-1.01,0,0,3,1,1
17263,153897,3.23,0,10,13,22,1
17264,153912,3.65,0,10,13,15,1
17265,153913,-1.01,0,0,3,1,1
17266,153933,3.9,0,11,14,20,1
17267,153941,2.42,0,7,10,8,1
17268,153954,2.67,0,8,11,13,1
17269,153957,-0.03,0,2,5,3,1
17270,153971,3.16,0,9,12,14,1
17271,153982,2.79,0,8,11,11,1
17272,153986,0.46,0,3,6,4,1
17273,153992,0.89,0,4,7,6,1
17274,153994,-0.52,0,1,4,2,1
17275,154001,1.38,0,5,8,7,1
17276,154010,1.81,0,6,9,9,1
17277,154023,4.32,0,11,14,13,1
17278,154024,-1.01,0,0,3,1,1
17279,154028,0.46,0,3,6,4,1
17280,154032,0.46,0,3,6,4,1
17281,154033,-1.01,0,0,3,1,1
17282,154037,0.46,0,3,6,4,1
17283,154055,5.12,0,13,16,18,1
17284,154068,2.67,0,8,11,13,1
17285,154071,-0.03,0,2,5,3,1
17286,154081,2.3,0,7,10,10,1
17287,154097,4.14,0,11,14,16,1
17288,154099,-0.52,0,1,4,2,1
17289,154122,4.82,0,13,16,23,1
17290,154131,2.91,0,8,11,9,1
17291,154134,-0.03,0,2,5,3,1
17292,154139,0.4,0,3,6,5,1
17293,154145,1.44,0,5,8,6,1
17294,154164,4.51,0,12,15,19,1
17295,154170,1.44,0,5,8,6,1
17296,154209,11.76,1,22,25,39,0
17297,154212,-0.03,0,2,5,3,1
17298,154234,2.68,0,9,12,22,1
17299,154252,4.02,0,11,14,18,1
17300,154272,5.0,0,13,16,20,1
17301,154275,-0.58,0,1,4,3,1
17302,154284,2.91,0,8,11,9,1
17303,154290,1.44,0,5,8,6,1
17304,154293,-0.03,0,2,5,3,1
17305,154295,-0.52,0,1,4,2,1
17306,154312,4.08,0,11,14,17,1
17307,154323,3.34,0,9,12,11,1
17308,154353,4.95,0,14,17,30,1
17309,154358,0.95,0,4,7,5,1
17310,154369,3.34,0,9,12,11,1
17311,154371,-0.52,0,1,4,2,1
17312,154373,-0.52,0,1,4,2,1
17313,154400,5.68,0,15,18,27,1
17314,154426,5.19,0,14,17,26,1
17315,154433,1.93,0,6,9,7,1
17316,154437,0.46,0,3,6,4,1
17317,154441,0.46,0,3,6,4,1
17318,154447,1.44,0,5,8,6,1
17319,154461,4.26,0,11,14,14,1
17320,154493,7.03,0,18,21,32,1
17321,154504,3.89,0,10,13,11,1
17322,154512,1.32,0,5,8,8,1
17323,154519,1.93,0,6,9,7,1
17324,154522,-0.03,0,2,5,3,1
17325,154526,0.46,0,3,6,4,1
17326,154529,-0.03,0,2,5,3,1
17327,154532,-0.03,0,2,5,3,1
17328,154544,3.83,0,10,13,12,1
17329,154550,1.44,0,5,8,6,1
17330,154553,-0.03,0,2,5,3,1
17331,154558,0.95,0,4,7,5,1
17332,154559,-1.01,0,0,3,1,1
17333,154568,2.36,0,7,10,9,1
17334,154569,-1.01,0,0,3,1,1
17335,154573,0.46,0,3,6,4,1
17336,154581,2.42,0,7,10,8,1
17337,154585,0.46,0,3,6,4,1
17338,154592,1.93,0,6,9,7,1
17339,154600,2.42,0,7,10,8,1
17340,154606,0.89,0,4,7,6,1
17341,154621,2.55,0,8,11,15,1
17342,154630,2.36,0,7,10,9,1
17343,154652,6.53,0,16,19,22,1
17344,154654,-0.52,0,1,4,2,1
17345,154659,0.95,0,4,7,5,1
17346,154665,0.89,0,4,7,6,1
17347,154676,3.34,0,9,12,11,1
17348,154677,-1.01,0,0,3,1,1
17349,154683,1.44,0,5,8,6,1
17350,154700,4.08,0,11,14,17,1
17351,154710,2.85,0,8,11,10,1
17352,154716,0.89,0,4,7,6,1
17353,154731,4.75,0,12,15,15,1
17354,154753,4.33,0,12,15,22,1
17355,154755,-0.52,0,1,4,2,1
17356,154766,2.79,0,8,11,11,1
17357,154769,-0.03,0,2,5,3,1
17358,154787,5.12,0,13,16,18,1
17359,154790,-0.58,0,1,4,3,1
17360,154796,1.44,0,5,8,6,1
17361,154797,-1.01,0,0,3,1,1
17362,154807,3.4,0,9,12,10,1
17363,154808,-1.01,0,0,3,1,1
17364,154816,1.87,0,6,9,8,1
17365,154819,-0.03,0,2,5,3,1
17366,154820,-1.01,0,0,3,1,1
17367,154823,-0.03,0,2,5,3,1
17368,154832,1.26,0,5,8,9,1
17369,154837,0.4,0,3,6,5,1
17370,154895,5.47,0,18,21,58,1
17371,154900,0.95,0,4,7,5,1
17372,154901,-1.01,0,0,3,1,1
17373,154908,1.93,0,6,9,7,1
17374,154923,4.75,0,12,15,15,1
17375,154928,0.4,0,3,6,5,1
17376,154949,4.39,0,12,15,21,1
17377,154977,6.72,0,17,20,28,1
17378,154981,0.46,0,3,6,4,1
17379,154991,2.85,0,8,11,10,1
17380,155004,2.12,0,7,10,13,1
17381,155010,1.44,0,5,8,6,1
17382,155015,0.95,0,4,7,5,1
17383,155036,5.49,0,14,17,21,1
17384,155041,0.95,0,4,7,5,1
17385,155050,2.36,0,7,10,9,1
17386,155052,-0.52,0,1,4,2,1
17387,155065,3.22,0,9,12,13,1
17388,155074,2.36,0,7,10,9,1
17389,155076,-0.52,0,1,4,2,1
17390,155081,0.95,0,4,7,5,1
17391,155097,5.24,0,13,16,16,1
17392,155101,0.46,0,3,6,4,1
17393,155102,-1.01,0,0,3,1,1
17394,155103,-1.01,0,0,3,1,1
17395,155125,4.88,0,13,16,22,1
17396,155133,1.32,0,5,8,8,1
17397,155145,3.28,0,9,12,12,1
17398,155148,-0.03,0,2,5,3,1
17399,155156,1.32,0,5,8,8,1
17400,155167,2.79,0,8,11,11,1
17401,155183,3.59,0,10,13,16,1
17402,155192,2.91,0,8,11,9,1
17403,155197,0.95,0,4,7,5,1
17404,155213,4.14,0,11,14,16,1
17405,155215,-0.52,0,1,4,2,1
17406,155222,0.83,0,4,7,7,1
17407,155239,4.08,0,11,14,17,1
17408,155242,-0.03,0,2,5,3,1
17409,155246,0.46,0,3,6,4,1
17410,155247,-1.01,0,0,3,1,1
17411,155248,-1.01,0,0,3,1,1
17412,155261,3.77,0,10,13,13,1
17413,155277,5.24,0,13,16,16,1
17414,155280,-0.03,0,2,5,3,1
17415,155290,2.85,0,8,11,10,1
17416,155305,2.0,0,7,10,15,1
17417,155367,6.88,0,21,24,62,1
17418,155379,2.73,0,8,11,12,1
17419,155381,-0.52,0,1,4,2,1
17420,155388,1.93,0,6,9,7,1
17421,155393,0.95,0,4,7,5,1
17422,155400,1.93,0,6,9,7,1
17423,155404,-0.09,0,2,5,4,1
17424,155433,6.66,0,17,20,29,1
17425,155434,-1.01,0,0,3,1,1
17426,155456,4.88,0,13,16,22,1
17427,155468,3.83,0,10,13,12,1
17428,155475,0.83,0,4,7,7,1
17429,155483,1.87,0,6,9,8,1
17430,155494,2.79,0,8,11,11,1
17431,155496,-0.52,0,1,4,2,1
17432,155501,0.95,0,4,7,5,1
17433,155503,-0.52,0,1,4,2,1
17434,155506,-0.03,0,2,5,3,1
17435,155521,3.65,0,10,13,15,1
17436,155527,1.44,0,5,8,6,1
17437,155528,-1.01,0,0,3,1,1
17438,155534,0.89,0,4,7,6,1
17439,155537,-0.03,0,2,5,3,1
17440,155542,0.95,0,4,7,5,1
17441,155572,4.95,0,14,17,30,1
17442,155577,0.95,0,4,7,5,1
17443,155580,-0.03,0,2,5,3,1
17444,155588,2.42,0,7,10,8,1
17445,155590,-0.52,0,1,4,2,1
17446,155593,-0.03,0,2,5,3,1
17447,155594,-1.01,0,0,3,1,1
17448,155597,-0.03,0,2,5,3,1
17449,155604,1.38,0,5,8,7,1
17450,155621,4.08,0,11,14,17,1
17451,155650,6.11,0,16,19,29,1
17452,155675,4.7,0,13,16,25,1
17453,155677,-0.52,0,1,4,2,1
17454,155678,-1.01,0,0,3,1,1
17455,155694,5.24,0,13,16,16,1
17456,155717,5.92,0,15,18,23,1
17457,155724,1.93,0,6,9,7,1
17458,155727,-0.03,0,2,5,3,1
17459,155732,0.95,0,4,7,5,1
17460,155735,-0.03,0,2,5,3,1
17461,155736,-1.01,0,0,3,1,1
17462,155745,2.36,0,7,10,9,1
17463,155751,1.44,0,5,8,6,1
17464,155756,0.95,0,4,7,5,1
17465,155757,-1.01,0,0,3,1,1
17466,155759,-0.52,0,1,4,2,1
17467,155768,2.91,0,8,11,9,1
17468,155774,0.89,0,4,7,6,1
17469,155780,1.44,0,5,8,6,1
17470,155781,-1.01,0,0,3,1,1
17471,155783,-0.52,0,1,4,2,1
17472,155784,-1.01,0,0,3,1,1
17473,155808,5.31,0,14,17,24,1
17474,155817,1.81,0,6,9,9,1
17475,155839,5.98,0,15,18,22,1
17476,155840,-1.01,0,0,3,1,1
17477,155842,-0.52,0,1,4,2,1
17478,155851,1.81,0,6,9,9,1
17479,155852,-1.01,0,0,3,1,1
17480,155854,-0.52,0,1,4,2,1
17481,155864,2.3,0,7,10,10,1
17482,155868,0.46,0,3,6,4,1
17483,155872,0.46,0,3,6,4,1
17484,155877,0.4,0,3,6,5,1
17485,155878,-1.01,0,0,3,1,1
17486,155879,-1.01,0,0,3,1,1
17487,155887,1.87,0,6,9,8,1
17488,155890,-0.03,0,2,5,3,1
17489,155897,1.93,0,6,9,7,1
17490,155906,2.36,0,7,10,9,1
17491,155929,4.82,0,13,16,23,1
17492,155932,-0.03,0,2,5,3,1
17493,155938,1.44,0,5,8,6,1
17494,155942,0.46,0,3,6,4,1
17495,155943,-1.01,0,0,3,1,1
17496,155945,-0.52,0,1,4,2,1
17497,155954,2.36,0,7,10,9,1
17498,155958,0.46,0,3,6,4,1
17499,155960,-0.52,0,1,4,2,1
17500,155963,-0.03,0,2,5,3,1
17501,155967,0.46,0,3,6,4,1
17502,155995,5.07,0,14,17,28,1
17503,156004,2.36,0,7,10,9,1
17504,156005,-1.01,0,0,3,1,1
17505,156029,3.66,0,11,14,24,1
17506,156034,0.95,0,4,7,5,1
17507,156036,-0.52,0,1,4,2,1
17508,156038,-0.52,0,1,4,2,1
17509,156040,-0.52,0,1,4,2,1
17510,156060,4.45,0,12,15,20,1
17511,156071,2.24,0,7,10,11,1
17512,156090,5.61,0,14,17,19,1
17513,156095,0.95,0,4,7,5,1
17514,156112,4.08,0,11,14,17,1
17515,156120,1.87,0,6,9,8,1
17516,156124,0.46,0,3,6,4,1
17517,156137,3.22,0,9,12,13,1
17518,156143,0.89,0,4,7,6,1
17519,156146,-0.03,0,2,5,3,1
17520,156162,3.04,0,9,12,16,1
17521,156167,0.4,0,3,6,5,1
17522,156178,2.24,0,7,10,11,1
17523,156197,3.41,0,10,13,19,1
17524,156198,-1.01,0,0,3,1,1
17525,156207,2.91,0,8,11,9,1
17526,156211,0.46,0,3,6,4,1
17527,156215,0.46,0,3,6,4,1
17528,156216,-1.01,0,0,3,1,1
17529,156234,4.57,0,12,15,18,1
17530,156248,2.61,0,8,11,14,1
17531,156249,-1.01,0,0,3,1,1
17532,156258,2.36,0,7,10,9,1
17533,156260,-0.52,0,1,4,2,1
17534,156263,-0.03,0,2,5,3,1
17535,156264,-1.01,0,0,3,1,1
17536,156278,3.16,0,9,12,14,1
17537,156285,1.38,0,5,8,7,1
17538,156286,-1.01,0,0,3,1,1
17539,156288,-0.52,0,1,4,2,1
17540,156290,-0.52,0,1,4,2,1
17541,156299,2.36,0,7,10,9,1
17542,156321,4.88,0,13,16,22,1
17543,156322,-1.01,0,0,3,1,1
17544,156324,-0.52,0,1,4,2,1
17545,156329,0.95,0,4,7,5,1
17546,156347,3.47,0,10,13,18,1
17547,156380,4.77,0,14,17,33,1
17548,156382,-0.52,0,1,4,2,1
17549,156391,2.36,0,7,10,9,1
17550,156393,-0.52,0,1,4,2,1
17551,156408,3.1,0,9,12,15,1
17552,156409,-1.01,0,0,3,1,1
17553,156411,-0.52,0,1,4,2,1
17554,156416,0.4,0,3,6,5,1
17555,156422,0.89,0,4,7,6,1
17556,156425,-0.03,0,2,5,3,1
17557,156438,3.77,0,10,13,13,1
17558,156450,3.83,0,10,13,12,1
17559,156456,0.89,0,4,7,6,1
17560,156464,1.87,0,6,9,8,1
17561,156468,0.46,0,3,6,4,1
17562,156469,-1.01,0,0,3,1,1
17563,156480,3.34,0,9,12,11,1
17564,156504,4.76,0,13,16,24,1
17565,156506,-0.52,0,1,4,2,1
17566,156516,3.4,0,9,12,10,1
17567,156521,0.95,0,4,7,5,1
17568,156530,1.26,0,5,8,9,1
17569,156531,-1.01,0,0,3,1,1
17570,156535,0.46,0,3,6,4,1
17571,156553,4.57,0,12,15,18,1
17572,156563,3.4,0,9,12,10,1
17573,156565,-0.52,0,1,4,2,1
17574,156574,1.26,0,5,8,9,1
17575,156579,0.95,0,4,7,5,1
17576,156582,-0.03,0,2,5,3,1
17577,156592,2.3,0,7,10,10,1
17578,156633,6.49,0,18,21,41,1
17579,156648,2.0,0,7,10,15,1
17580,156651,-0.03,0,2,5,3,1
17581,156680,7.76,0,19,22,29,1
17582,156683,-0.03,0,2,5,3,1
17583,156693,2.3,0,7,10,10,1
17584,156718,6.35,0,16,19,25,1
17585,156721,-0.03,0,2,5,3,1
17586,156725,0.46,0,3,6,4,1
17587,156731,0.89,0,4,7,6,1
17588,156734,-0.03,0,2,5,3,1
17589,156751,4.63,0,12,15,17,1
17590,156752,-1.01,0,0,3,1,1
17591,156757,0.95,0,4,7,5,1
17592,156787,6.05,0,16,19,30,1
17593,156792,0.95,0,4,7,5,1
17594,156798,1.44,0,5,8,6,1
17595,156816,4.57,0,12,15,18,1
17596,156825,1.81,0,6,9,9,1
17597,156843,5.12,0,13,16,18,1
17598,156850,0.83,0,4,7,7,1
17599,156852,-0.52,0,1,4,2,1
17600,156864,2.18,0,7,10,12,1
17601,156870,1.44,0,5,8,6,1
17602,156871,-1.01,0,0,3,1,1
17603,156879,1.87,0,6,9,8,1
17604,156884,0.95,0,4,7,5,1
17605,156885,-1.01,0,0,3,1,1
17606,156886,-1.01,0,0,3,1,1
17607,156893,1.38,0,5,8,7,1
17608,156906,2.67,0,8,11,13,1
17609,156911,0.95,0,4,7,5,1
17610,156924,3.77,0,10,13,13,1
17611,156940,4.69,0,12,15,16,1
17612,156944,0.46,0,3,6,4,1
17613,156953,2.36,0,7,10,9,1
17614,156957,0.46,0,3,6,4,1
17615,156960,-0.03,0,2,5,3,1
17616,156961,-1.01,0,0,3,1,1
17617,156964,-0.03,0,2,5,3,1
17618,156969,0.95,0,4,7,5,1
17619,156974,0.95,0,4,7,5,1
17620,156976,-0.52,0,1,4,2,1
17621,156982,1.44,0,5,8,6,1
17622,156987,0.95,0,4,7,5,1
17623,156992,0.95,0,4,7,5,1
17624,156997,0.95,0,4,7,5,1
17625,157006,2.36,0,7,10,9,1
17626,157007,-1.01,0,0,3,1,1
17627,157019,3.83,0,10,13,12,1
17628,157020,-1.01,0,0,3,1,1
17629,157032,3.28,0,9,12,12,1
17630,157043,2.79,0,8,11,11,1
17631,157056,3.22,0,9,12,13,1
17632,157065,1.81,0,6,9,9,1
17633,157069,0.46,0,3,6,4,1
17634,157082,3.77,0,10,13,13,1
17635,157083,-1.01,0,0,3,1,1
17636,157084,-1.01,0,0,3,1,1
17637,157092,2.42,0,7,10,8,1
17638,157093,-1.01,0,0,3,1,1
17639,157104,2.79,0,8,11,11,1
17640,157108,0.46,0,3,6,4,1
17641,157114,1.44,0,5,8,6,1
17642,157118,0.46,0,3,6,4,1
17643,157121,-0.03,0,2,5,3,1
17644,157134,4.32,0,11,14,13,1
17645,157142,2.42,0,7,10,8,1
17646,157143,-1.01,0,0,3,1,1
17647,157147,0.46,0,3,6,4,1
17648,157151,-0.09,0,2,5,4,1
17649,157152,-1.01,0,0,3,1,1
17650,157158,1.44,0,5,8,6,1
17651,157175,5.18,0,13,16,17,1
17652,157177,-0.52,0,1,4,2,1
17653,157208,6.54,0,17,20,31,1
17654,157209,-1.01,0,0,3,1,1
17655,157219,3.4,0,9,12,10,1
17656,157254,6.3,0,17,20,35,1
17657,157266,3.28,0,9,12,12,1
17658,157267,-1.01,0,0,3,1,1
17659,157289,3.78,0,11,14,22,1
17660,157297,1.87,0,6,9,8,1
17661,157299,-0.52,0,1,4,2,1
17662,157300,-1.01,0,0,3,1,1
17663,157317,4.63,0,12,15,17,1
17664,157325,1.87,0,6,9,8,1
17665,157334,2.36,0,7,10,9,1
17666,157340,1.44,0,5,8,6,1
17667,157342,-0.52,0,1,4,2,1
17668,157347,0.95,0,4,7,5,1
17669,157357,3.4,0,9,12,10,1
17670,157363,1.44,0,5,8,6,1
17671,157371,1.32,0,5,8,8,1
17672,157386,3.1,0,9,12,15,1
17673,157389,-0.03,0,2,5,3,1
17674,157402,2.67,0,8,11,13,1
17675,157403,-1.01,0,0,3,1,1
17676,157408,0.95,0,4,7,5,1
17677,157410,-0.52,0,1,4,2,1
17678,157427,5.73,0,14,17,17,1
17679,157431,0.46,0,3,6,4,1
17680,157438,1.93,0,6,9,7,1
17681,157461,6.47,0,16,19,23,1
17682,157465,0.46,0,3,6,4,1
17683,157475,2.85,0,8,11,10,1
17684,157476,-1.01,0,0,3,1,1
17685,157480,0.46,0,3,6,4,1
17686,157482,-0.52,0,1,4,2,1
17687,157495,3.22,0,9,12,13,1
17688,157502,1.38,0,5,8,7,1
17689,157520,4.57,0,12,15,18,1
17690,157538,4.57,0,12,15,18,1
17691,157540,-0.52,0,1,4,2,1
17692,157565,5.25,0,14,17,25,1
17693,157572,1.93,0,6,9,7,1
17694,157576,0.46,0,3,6,4,1
17695,157584,1.32,0,5,8,8,1
17696,157593,2.36,0,7,10,9,1
17697,157598,0.95,0,4,7,5,1
17698,157604,1.44,0,5,8,6,1
17699,157656,5.83,0,18,21,52,1
17700,157658,-0.52,0,1,4,2,1
17701,157660,-0.52,0,1,4,2,1
17702,157664,0.46,0,3,6,4,1
17703,157666,-0.52,0,1,4,2,1
17704,157672,0.89,0,4,7,6,1
17705,157680,1.87,0,6,9,8,1
17706,157690,3.4,0,9,12,10,1
17707,157695,0.95,0,4,7,5,1
17708,157710,3.65,0,10,13,15,1
17709,157711,-1.01,0,0,3,1,1
17710,157715,0.46,0,3,6,4,1
17711,157727,2.73,0,8,11,12,1
17712,157730,-0.03,0,2,5,3,1
17713,157744,3.71,0,10,13,14,1
17714,157747,-0.03,0,2,5,3,1
17715,157752,0.95,0,4,7,5,1
17716,157759,1.38,0,5,8,7,1
17717,157767,1.87,0,6,9,8,1
17718,157768,-1.01,0,0,3,1,1
17719,157774,0.89,0,4,7,6,1
17720,157789,4.75,0,12,15,15,1
17721,157794,0.95,0,4,7,5,1
17722,157797,-0.03,0,2,5,3,1
17723,157817,4.45,0,12,15,20,1
17724,157823,0.89,0,4,7,6,1
17725,157828,0.95,0,4,7,5,1
17726,157831,-0.03,0,2,5,3,1
17727,157851,6.1,0,15,18,20,1
17728,157861,3.4,0,9,12,10,1
17729,157874,3.77,0,10,13,13,1
17730,157880,1.44,0,5,8,6,1
17731,157891,2.79,0,8,11,11,1
17732,157894,-0.03,0,2,5,3,1
17733,157896,-0.52,0,1,4,2,1
17734,157905,1.81,0,6,9,9,1
17735,157924,3.96,0,11,14,19,1
17736,157927,-0.03,0,2,5,3,1
17737,157928,-1.01,0,0,3,1,1
17738,157934,1.44,0,5,8,6,1
17739,157964,6.05,0,16,19,30,1
17740,157965,-1.01,0,0,3,1,1
17741,157973,1.87,0,6,9,8,1
17742,157976,-0.03,0,2,5,3,1
17743,157984,2.42,0,7,10,8,1
17744,157988,0.46,0,3,6,4,1
17745,157994,0.89,0,4,7,6,1
17746,158006,2.73,0,8,11,12,1
17747,158012,1.44,0,5,8,6,1
17748,158016,-0.09,0,2,5,4,1
17749,158029,4.87,0,12,15,13,1
17750,158033,0.46,0,3,6,4,1
17751,158055,4.88,0,13,16,22,1
17752,158062,1.38,0,5,8,7,1
17753,158066,0.46,0,3,6,4,1
17754,158075,2.36,0,7,10,9,1
17755,158081,1.44,0,5,8,6,1
17756,158091,3.4,0,9,12,10,1
17757,158096,0.95,0,4,7,5,1
17758,158106,2.85,0,8,11,10,1
17759,158117,2.79,0,8,11,11,1
17760,158123,1.44,0,5,8,6,1
17761,158124,-1.01,0,0,3,1,1
17762,158127,-0.03,0,2,5,3,1
17763,158133,0.34,0,3,6,6,1
17764,158134,-1.01,0,0,3,1,1
17765,158139,0.95,0,4,7,5,1
17766,158143,0.46,0,3,6,4,1
17767,158145,-0.52,0,1,4,2,1
17768,158149,0.46,0,3,6,4,1
17769,158176,5.68,0,15,18,27,1
17770,158181,0.4,0,3,6,5,1
17771,158188,1.38,0,5,8,7,1
17772,158197,2.91,0,8,11,9,1
17773,158207,2.85,0,8,11,10,1
17774,158217,2.3,0,7,10,10,1
17775,158218,-1.01,0,0,3,1,1
17776,158223,0.95,0,4,7,5,1
17777,158234,2.79,0,8,11,11,1
17778,158235,-1.01,0,0,3,1,1
17779,158251,3.04,0,9,12,16,1
17780,158254,-0.03,0,2,5,3,1
17781,158271,5.18,0,13,16,17,1
17782,158289,3.47,0,10,13,18,1
17783,158306,5.73,0,14,17,17,1
17784,158320,3.71,0,10,13,14,1
17785,158342,4.88,0,13,16,22,1
17786,158352,2.85,0,8,11,10,1
17787,158365,3.77,0,10,13,13,1
17788,158385,3.9,0,11,14,20,1
17789,158393,1.87,0,6,9,8,1
17790,158398,0.95,0,4,7,5,1
17791,158400,-0.52,0,1,4,2,1
17792,158412,4.38,0,11,14,12,1
17793,158424,3.28,0,9,12,12,1
17794,158428,0.46,0,3,6,4,1
17795,158436,1.32,0,5,8,8,1
17796,158456,5.0,0,13,16,20,1
17797,158470,2.61,0,8,11,14,1
17798,158472,-0.52,0,1,4,2,1
17799,158476,0.46,0,3,6,4,1
17800,158484,1.87,0,6,9,8,1
17801,158490,1.44,0,5,8,6,1
17802,158492,-0.52,0,1,4,2,1
17803,158507,3.65,0,10,13,15,1
17804,158536,5.56,0,15,18,29,1
17805,158539,-0.03,0,2,5,3,1
17806,158541,-0.52,0,1,4,2,1
17807,158544,-0.03,0,2,5,3,1
17808,158562,2.92,0,9,12,18,1
17809,158567,0.4,0,3,6,5,1
17810,158569,-0.52,0,1,4,2,1
17811,158576,0.83,0,4,7,7,1
17812,158580,0.46,0,3,6,4,1
17813,158591,2.79,0,8,11,11,1
17814,158592,-1.01,0,0,3,1,1
17815,158612,3.9,0,11,14,20,1
17816,158625,3.22,0,9,12,13,1
17817,158628,-0.58,0,1,4,3,1
17818,158631,-0.03,0,2,5,3,1
17819,158668,3.98,0,13,16,37,1
17820,158670,-0.52,0,1,4,2,1
17821,158676,1.44,0,5,8,6,1
17822,158682,1.44,0,5,8,6,1
17823,158717,5.75,0,16,19,35,1
17824,158727,2.3,0,7,10,10,1
17825,158730,-0.03,0,2,5,3,1
17826,158734,0.46,0,3,6,4,1
17827,158738,0.46,0,3,6,4,1
17828,158750,2.73,0,8,11,12,1
17829,158752,-0.52,0,1,4,2,1
17830,158756,-0.09,0,2,5,4,1
17831,158759,-0.03,0,2,5,3,1
17832,158763,0.46,0,3,6,4,1
17833,158764,-1.01,0,0,3,1,1
17834,158765,-1.01,0,0,3,1,1
17835,158768,-0.03,0,2,5,3,1
17836,158770,-0.52,0,1,4,2,1
17837,158772,-0.52,0,1,4,2,1
17838,158784,3.28,0,9,12,12,1
17839,158795,2.79,0,8,11,11,1
17840,158796,-1.01,0,0,3,1,1
17841,158815,5.06,0,13,16,19,1
17842,158817,-0.52,0,1,4,2,1
17843,158821,-0.09,0,2,5,4,1
17844,158847,4.64,0,13,16,26,1
17845,158863,4.14,0,11,14,16,1
17846,158864,-1.01,0,0,3,1,1
17847,158896,8.13,0,20,23,32,1
17848,158905,2.36,0,7,10,9,1
17849,158908,-0.03,0,2,5,3,1
17850,158913,0.4,0,3,6,5,1
17851,158915,-0.52,0,1,4,2,1
17852,158962,6.68,0,19,22,47,1
17853,158975,2.12,0,7,10,13,1
17854,158977,-0.52,0,1,4,2,1
17855,158985,1.87,0,6,9,8,1
17856,158986,-1.01,0,0,3,1,1
17857,158992,1.44,0,5,8,6,1
17858,159003,2.24,0,7,10,11,1
17859,159005,-0.52,0,1,4,2,1
17860,159013,1.87,0,6,9,8,1
17861,159017,0.46,0,3,6,4,1
17862,159020,-0.03,0,2,5,3,1
17863,159026,1.44,0,5,8,6,1
17864,159033,1.93,0,6,9,7,1
17865,159045,2.73,0,8,11,12,1
17866,159068,4.27,0,12,15,23,1
17867,159097,6.66,0,17,20,29,1
17868,159101,0.46,0,3,6,4,1
17869,159108,1.38,0,5,8,7,1
17870,159111,-0.03,0,2,5,3,1
17871,159112,-1.01,0,0,3,1,1
17872,159121,1.81,0,6,9,9,1
17873,159122,-1.01,0,0,3,1,1
17874,159125,-0.03,0,2,5,3,1
17875,159130,0.95,0,4,7,5,1
17876,159132,-0.52,0,1,4,2,1
17877,159137,0.95,0,4,7,5,1
17878,159145,1.87,0,6,9,8,1
17879,159152,1.93,0,6,9,7,1
17880,159155,-0.58,0,1,4,3,1
17881,159164,1.81,0,6,9,9,1
17882,159172,2.42,0,7,10,8,1
17883,159181,2.36,0,7,10,9,1
17884,159184,-0.03,0,2,5,3,1
17885,159188,0.46,0,3,6,4,1
17886,159196,2.42,0,7,10,8,1
17887,159204,1.87,0,6,9,8,1
17888,159209,-0.15,0,2,5,5,1
17889,159229,5.0,0,13,16,20,1
17890,159240,3.34,0,9,12,11,1
17891,159248,1.87,0,6,9,8,1
17892,159253,0.95,0,4,7,5,1
17893,159265,2.73,0,8,11,12,1
17894,159267,-0.52,0,1,4,2,1
17895,159276,1.26,0,5,8,9,1
17896,159283,1.93,0,6,9,7,1
17897,159300,4.63,0,12,15,17,1
17898,159303,-0.03,0,2,5,3,1
17899,159304,-1.01,0,0,3,1,1
17900,159321,4.08,0,11,14,17,1
17901,159326,0.95,0,4,7,5,1
17902,159328,-0.52,0,1,4,2,1
17903,159350,5.43,0,14,17,22,1
17904,159351,-1.01,0,0,3,1,1
17905,159378,5.68,0,15,18,27,1
17906,159384,0.89,0,4,7,6,1
17907,159388,0.46,0,3,6,4,1
17908,159392,0.46,0,3,6,4,1
17909,159394,-0.52,0,1,4,2,1
17910,159410,4.14,0,11,14,16,1
17911,159415,-0.15,0,2,5,5,1
17912,159418,-0.03,0,2,5,3,1
17913,159421,-0.03,0,2,5,3,1
17914,159426,0.95,0,4,7,5,1
17915,159428,-0.52,0,1,4,2,1
17916,159432,0.46,0,3,6,4,1
17917,159445,3.22,0,9,12,13,1
17918,159456,2.79,0,8,11,11,1
17919,159503,6.68,0,19,22,47,1
17920,159510,1.38,0,5,8,7,1
17921,159518,2.42,0,7,10,8,1
17922,159534,4.14,0,11,14,16,1
17923,159545,2.79,0,8,11,11,1
17924,159548,-0.03,0,2,5,3,1
17925,159550,-0.52,0,1,4,2,1
17926,159551,-1.01,0,0,3,1,1
17927,159552,-1.01,0,0,3,1,1
17928,159563,3.89,0,10,13,11,1
17929,159569,0.89,0,4,7,6,1
17930,159571,-0.52,0,1,4,2,1
17931,159580,2.91,0,8,11,9,1
17932,159588,1.87,0,6,9,8,1
17933,159599,2.79,0,8,11,11,1
17934,159608,2.36,0,7,10,9,1
17935,159631,5.37,0,14,17,23,1
17936,159632,-1.01,0,0,3,1,1
17937,159641,2.36,0,7,10,9,1
17938,159643,-0.52,0,1,4,2,1
17939,159649,0.89,0,4,7,6,1
17940,159651,-0.52,0,1,4,2,1
17941,159655,0.46,0,3,6,4,1
17942,159657,-0.52,0,1,4,2,1
17943,159658,-1.01,0,0,3,1,1
17944,159666,1.87,0,6,9,8,1
17945,159667,-1.01,0,0,3,1,1
17946,159669,-0.52,0,1,4,2,1
17947,159671,-0.52,0,1,4,2,1
17948,159696,5.25,0,14,17,25,1
17949,159723,5.68,0,15,18,27,1
17950,159726,-0.03,0,2,5,3,1
17951,159728,-0.52,0,1,4,2,1
17952,159733,0.95,0,4,7,5,1
17953,159737,-0.09,0,2,5,4,1
17954,159744,1.93,0,6,9,7,1
17955,159745,-1.01,0,0,3,1,1
17956,159746,-1.01,0,0,3,1,1
17957,159748,-0.52,0,1,4,2,1
17958,159752,0.46,0,3,6,4,1
17959,159760,1.87,0,6,9,8,1
17960,159777,3.53,0,10,13,17,1
17961,159798,3.84,0,11,14,21,1
17962,159800,-0.52,0,1,4,2,1
17963,159806,1.44,0,5,8,6,1
17964,159823,3.53,0,10,13,17,1
17965,159835,2.73,0,8,11,12,1
17966,159858,4.82,0,13,16,23,1
17967,159895,6.18,0,17,20,37,1
17968,159900,0.95,0,4,7,5,1
17969,159901,-1.01,0,0,3,1,1
17970,159906,0.95,0,4,7,5,1
17971,159956,5.4,0,17,20,50,1
17972,159958,-0.52,0,1,4,2,1
17973,159960,-0.52,0,1,4,2,1
17974,159963,-0.03,0,2,5,3,1
17975,159976,3.77,0,10,13,13,1
17976,159979,-0.03,0,2,5,3,1
17977,159982,-0.03,0,2,5,3,1
17978,159986,0.46,0,3,6,4,1
17979,159988,-0.52,0,1,4,2,1
17980,160007,3.96,0,11,14,19,1
17981,160012,0.95,0,4,7,5,1
17982,160013,-1.01,0,0,3,1,1
17983,160030,5.18,0,13,16,17,1
17984,160075,6.25,0,18,21,45,1
17985,160080,0.95,0,4,7,5,1
17986,160082,-0.52,0,1,4,2,1
17987,160086,0.46,0,3,6,4,1
17988,160093,1.38,0,5,8,7,1
17989,160100,1.38,0,5,8,7,1
17990,160105,0.95,0,4,7,5,1
17991,160133,5.62,0,15,18,28,1
17992,160141,2.42,0,7,10,8,1
17993,160142,-1.01,0,0,3,1,1
17994,160147,0.95,0,4,7,5,1
17995,160153,1.44,0,5,8,6,1
17996,160166,3.77,0,10,13,13,1
17997,160176,2.3,0,7,10,10,1
17998,160190,3.16,0,9,12,14,1
17999,160209,3.96,0,11,14,19,1
18000,160211,-0.52,0,1,4,2,1
18001,160213,-0.52,0,1,4,2,1
18002,160218,0.95,0,4,7,5,1
18003,160222,0.46,0,3,6,4,1
18004,160265,5.82,0,17,20,43,1
18005,160293,7.27,0,18,21,28,1
18006,160294,-1.01,0,0,3,1,1
18007,160323,6.11,0,16,19,29,1
18008,160335,2.73,0,8,11,12,1
18009,160346,3.34,0,9,12,11,1
18010,160352,1.44,0,5,8,6,1
18011,160358,0.34,0,3,6,6,1
18012,160363,0.95,0,4,7,5,1
18013,160365,-0.52,0,1,4,2,1
18014,160374,1.26,0,5,8,9,1
18015,160378,-0.09,0,2,5,4,1
18016,160386,2.42,0,7,10,8,1
18017,160393,1.93,0,6,9,7,1
18018,160397,0.46,0,3,6,4,1
18019,160404,1.93,0,6,9,7,1
18020,160410,0.89,0,4,7,6,1
18021,160412,-0.52,0,1,4,2,1
18022,160418,1.44,0,5,8,6,1
18023,160420,-0.52,0,1,4,2,1
18024,160421,-1.01,0,0,3,1,1
18025,160423,-0.52,0,1,4,2,1
18026,160433,2.85,0,8,11,10,1
18027,160439,1.44,0,5,8,6,1
18028,160444,0.95,0,4,7,5,1
18029,160450,1.44,0,5,8,6,1
18030,160459,2.36,0,7,10,9,1
18031,160471,3.28,0,9,12,12,1
18032,160473,-0.52,0,1,4,2,1
18033,160510,5.63,0,16,19,37,1
18034,160523,2.67,0,8,11,13,1
18035,160524,-1.01,0,0,3,1,1
18036,160528,0.46,0,3,6,4,1
18037,160529,-1.01,0,0,3,1,1
18038,160554,4.7,0,13,16,25,1
18039,160555,-1.01,0,0,3,1,1
18040,160556,-1.01,0,0,3,1,1
18041,160557,-1.01,0,0,3,1,1
18042,160570,2.12,0,7,10,13,1
18043,160571,-1.01,0,0,3,1,1
18044,160583,3.28,0,9,12,12,1
18045,160594,3.34,0,9,12,11,1
18046,160599,0.95,0,4,7,5,1
18047,160602,-0.03,0,2,5,3,1
18048,160615,3.77,0,10,13,13,1
18049,160616,-1.01,0,0,3,1,1
18050,160624,1.87,0,6,9,8,1
18051,160636,3.28,0,9,12,12,1
18052,160643,1.38,0,5,8,7,1
18053,160660,4.63,0,12,15,17,1
18054,160661,-1.01,0,0,3,1,1
18055,160664,-0.03,0,2,5,3,1
18056,160674,2.3,0,7,10,10,1
18057,160685,2.24,0,7,10,11,1
18058,160706,4.94,0,13,16,21,1
18059,160715,1.81,0,6,9,9,1
18060,160716,-1.01,0,0,3,1,1
18061,160719,-0.03,0,2,5,3,1
18062,160722,-0.03,0,2,5,3,1
18063,160725,-0.03,0,2,5,3,1
18064,160731,0.89,0,4,7,6,1
18065,160738,1.38,0,5,8,7,1
18066,160750,3.83,0,10,13,12,1
18067,160751,-1.01,0,0,3,1,1
18068,160753,-0.52,0,1,4,2,1
18069,160762,2.91,0,8,11,9,1
18070,160768,0.89,0,4,7,6,1
18071,160769,-1.01,0,0,3,1,1
18072,160775,1.44,0,5,8,6,1
18073,160812,7.28,0,19,22,37,1
18074,160814,-0.52,0,1,4,2,1
18075,160821,1.93,0,6,9,7,1
18076,160841,5.55,0,14,17,20,1
18077,160865,5.31,0,14,17,24,1
18078,160867,-0.52,0,1,4,2,1
18079,160872,0.95,0,4,7,5,1
18080,160873,-1.01,0,0,3,1,1
18081,160888,2.55,0,8,11,15,1
18082,160893,0.4,0,3,6,5,1
18083,160916,4.82,0,13,16,23,1
18084,160918,-0.52,0,1,4,2,1
18085,160936,2.37,0,8,11,18,1
18086,160971,12.0,1,22,25,35,0
18087,160991,4.45,0,12,15,20,1
18088,160996,0.95,0,4,7,5,1
18089,161000,0.46,0,3,6,4,1
18090,161009,1.81,0,6,9,9,1
18091,161015,1.44,0,5,8,6,1
18092,161018,-0.03,0,2,5,3,1
18093,161021,-0.03,0,2,5,3,1
18094,161022,-1.01,0,0,3,1,1
18095,161031,2.91,0,8,11,9,1
18096,161032,-1.01,0,0,3,1,1
18097,161036,0.46,0,3,6,4,1
18098,161049,3.77,0,10,13,13,1
18099,161058,2.36,0,7,10,9,1
18100,161071,2.67,0,8,11,13,1
18101,161074,-0.03,0,2,5,3,1
18102,161076,-0.52,0,1,4,2,1
18103,161094,5.12,0,13,16,18,1
18104,161098,0.46,0,3,6,4,1
18105,161105,1.93,0,6,9,7,1
18106,161109,0.46,0,3,6,4,1
18107,161112,-0.03,0,2,5,3,1
18108,161124,2.73,0,8,11,12,1
18109,161142,6.22,0,15,18,18,1
18110,161153,1.69,0,6,9,11,1
18111,161154,-1.01,0,0,3,1,1
18112,161157,-0.03,0,2,5,3,1
18113,161165,2.42,0,7,10,8,1
18114,161166,-1.01,0,0,3,1,1
18115,161168,-0.52,0,1,4,2,1
18116,161173,0.95,0,4,7,5,1
18117,161176,-0.03,0,2,5,3,1
18118,161187,2.79,0,8,11,11,1
18119,161191,0.46,0,3,6,4,1
18120,161192,-1.01,0,0,3,1,1
18121,161196,0.46,0,3,6,4,1
18122,161202,1.44,0,5,8,6,1
18123,161214,3.28,0,9,12,12,1
18124,161218,0.46,0,3,6,4,1
18125,161233,4.2,0,11,14,15,1
18126,161240,1.93,0,6,9,7,1
18127,161249,2.36,0,7,10,9,1
18128,161254,0.95,0,4,7,5,1
18129,161260,0.89,0,4,7,6,1
18130,161264,0.46,0,3,6,4,1
18131,161268,0.46,0,3,6,4,1
18132,161277,2.91,0,8,11,9,1
18133,161296,3.96,0,11,14,19,1
18134,161305,2.91,0,8,11,9,1
18135,161312,1.93,0,6,9,7,1
18136,161314,-0.52,0,1,4,2,1
18137,161322,1.87,0,6,9,8,1
18138,161328,1.44,0,5,8,6,1
18139,161337,2.91,0,8,11,9,1
18140,161353,3.59,0,10,13,16,1
18141,161356,-0.03,0,2,5,3,1
18142,161360,0.46,0,3,6,4,1
18143,161372,3.83,0,10,13,12,1
18144,161383,2.24,0,7,10,11,1
18145,161384,-1.01,0,0,3,1,1
18146,161395,3.89,0,10,13,11,1
18147,161398,-0.03,0,2,5,3,1
18148,161400,-0.52,0,1,4,2,1
18149,161406,1.44,0,5,8,6,1
18150,161422,4.14,0,11,14,16,1
18151,161424,-0.52,0,1,4,2,1
18152,161426,-0.52,0,1,4,2,1
18153,161433,1.93,0,6,9,7,1
18154,161445,3.28,0,9,12,12,1
18155,161450,0.95,0,4,7,5,1
18156,161451,-1.01,0,0,3,1,1
18157,161453,-0.52,0,1,4,2,1
18158,161455,-0.52,0,1,4,2,1
18159,161471,3.59,0,10,13,16,1
18160,161478,1.38,0,5,8,7,1
18161,161480,-0.52,0,1,4,2,1
18162,161490,2.85,0,8,11,10,1
18163,161504,4.26,0,11,14,14,1
18164,161513,2.36,0,7,10,9,1
18165,161514,-1.01,0,0,3,1,1
18166,161530,5.24,0,13,16,16,1
18167,161531,-1.01,0,0,3,1,1
18168,161539,2.42,0,7,10,8,1
18169,161543,0.46,0,3,6,4,1
18170,161544,-1.01,0,0,3,1,1
18171,161556,3.83,0,10,13,12,1
18172,161564,1.87,0,6,9,8,1
18173,161570,1.44,0,5,8,6,1
18174,161578,2.42,0,7,10,8,1
18175,161581,-0.03,0,2,5,3,1
18176,161585,0.46,0,3,6,4,1
18177,161587,-0.52,0,1,4,2,1
18178,161609,4.88,0,13,16,22,1
18179,161612,-0.03,0,2,5,3,1
18180,161624,2.18,0,7,10,12,1
18181,161632,1.87,0,6,9,8,1
18182,161635,-0.03,0,2,5,3,1
18183,161638,-0.03,0,2,5,3,1
18184,161646,1.87,0,6,9,8,1
18185,161649,-0.03,0,2,5,3,1
18186,161653,0.46,0,3,6,4,1
18187,161667,3.71,0,10,13,14,1
18188,161674,1.38,0,5,8,7,1
18189,161698,5.86,0,15,18,24,1
18190,161707,2.91,0,8,11,9,1
18191,161709,-0.52,0,1,4,2,1
18192,161710,-1.01,0,0,3,1,1
18193,161727,4.08,0,11,14,17,1
18194,161737,1.75,0,6,9,10,1
18195,161740,-0.03,0,2,5,3,1
18196,161745,0.95,0,4,7,5,1
18197,161765,5.55,0,14,17,20,1
18198,161772,0.83,0,4,7,7,1
18199,161773,-1.01,0,0,3,1,1
18200,161775,-0.52,0,1,4,2,1
18201,161781,0.89,0,4,7,6,1
18202,161788,1.93,0,6,9,7,1
18203,161790,-0.52,0,1,4,2,1
18204,161791,-1.01,0,0,3,1,1
18205,161794,-0.03,0,2,5,3,1
18206,161796,-0.52,0,1,4,2,1
18207,161822,6.29,0,16,19,26,1
18208,161823,-1.01,0,0,3,1,1
18209,161828,0.95,0,4,7,5,1
18210,161836,1.87,0,6,9,8,1
18211,161881,6.25,0,18,21,45,1
18212,161884,-0.03,0,2,5,3,1
18213,161886,-0.52,0,1,4,2,1
18214,161888,-0.52,0,1,4,2,1
18215,161927,11.76,1,22,25,39,0
18216,161928,-1.01,0,0,3,1,1
18217,161948,4.45,0,12,15,20,1
18218,161949,-1.01,0,0,3,1,1
18219,161959,3.4,0,9,12,10,1
18220,161987,6.17,0,16,19,28,1
18221,161989,-0.52,0,1,4,2,1
18222,162016,4.58,0,13,16,27,1
18223,162030,4.26,0,11,14,14,1
18224,162045,3.65,0,10,13,15,1
18225,162053,2.42,0,7,10,8,1
18226,162063,2.85,0,8,11,10,1
18227,162079,3.59,0,10,13,16,1
18228,162101,4.88,0,13,16,22,1
18229,162105,0.46,0,3,6,4,1
18230,162106,-1.01,0,0,3,1,1
18231,162107,-1.01,0,0,3,1,1
18232,162117,3.4,0,9,12,10,1
18233,162118,-1.01,0,0,3,1,1
18234,162119,-1.01,0,0,3,1,1
18235,162126,1.93,0,6,9,7,1
18236,162139,3.77,0,10,13,13,1
18237,162144,0.95,0,4,7,5,1
18238,162161,3.53,0,10,13,17,1
18239,162170,2.36,0,7,10,9,1
18240,162181,3.89,0,10,13,11,1
18241,162184,-0.03,0,2,5,3,1
18242,162188,0.46,0,3,6,4,1
18243,162192,0.46,0,3,6,4,1
18244,162194,-0.52,0,1,4,2,1
18245,162195,-1.01,0,0,3,1,1
18246,162197,-0.52,0,1,4,2,1
18247,162202,0.95,0,4,7,5,1
18248,162209,1.38,0,5,8,7,1
18249,162220,1.69,0,6,9,11,1
18250,162224,0.46,0,3,6,4,1
18251,162229,0.4,0,3,6,5,1
18252,162232,-0.58,0,1,4,3,1
18253,162250,4.57,0,12,15,18,1
18254,162253,-0.03,0,2,5,3,1
18255,162286,5.87,0,16,19,33,1
18256,162289,-0.03,0,2,5,3,1
18257,162294,0.95,0,4,7,5,1
18258,162297,-0.03,0,2,5,3,1
18259,162301,0.46,0,3,6,4,1
18260,162304,-0.03,0,2,5,3,1
18261,162306,-0.52,0,1,4,2,1
18262,162311,0.4,0,3,6,5,1
18263,162323,2.18,0,7,10,12,1
18264,162326,-0.03,0,2,5,3,1
18265,162328,-0.52,0,1,4,2,1
18266,162361,7.52,0,19,22,33,1
18267,162363,-0.52,0,1,4,2,1
18268,162364,-1.01,0,0,3,1,1
18269,162369,0.95,0,4,7,5,1
18270,162370,-1.01,0,0,3,1,1
18271,162374,-0.09,0,2,5,4,1
18272,162377,-0.58,0,1,4,3,1
18273,162380,-0.03,0,2,5,3,1
18274,162382,-0.52,0,1,4,2,1
18275,162387,0.4,0,3,6,5,1
18276,162395,1.87,0,6,9,8,1
18277,162406,3.89,0,10,13,11,1
18278,162425,3.41,0,10,13,19,1
18279,162439,2.61,0,8,11,14,1
18280,162445,1.44,0,5,8,6,1
18281,162461,2.49,0,8,11,16,1
18282,162465,0.46,0,3,6,4,1
18283,162477,2.18,0,7,10,12,1
18284,162480,-0.03,0,2,5,3,1
18285,162490,3.4,0,9,12,10,1
18286,162497,1.38,0,5,8,7,1
18287,162520,4.27,0,12,15,23,1
18288,162523,-0.03,0,2,5,3,1
18289,162526,-0.03,0,2,5,3,1
18290,162527,-1.01,0,0,3,1,1
18291,162549,5.98,0,15,18,22,1
18292,162550,-1.01,0,0,3,1,1
18293,162551,-1.01,0,0,3,1,1
18294,162556,0.95,0,4,7,5,1
18295,162566,2.3,0,7,10,10,1
18296,162596,5.5,0,15,18,30,1
18297,162616,4.45,0,12,15,20,1
18298,162617,-1.01,0,0,3,1,1
18299,162622,0.4,0,3,6,5,1
18300,162626,0.46,0,3,6,4,1
18301,162629,-0.03,0,2,5,3,1
18302,162632,-0.03,0,2,5,3,1
18303,162637,0.95,0,4,7,5,1
18304,162656,5.06,0,13,16,19,1
18305,162660,0.46,0,3,6,4,1
18306,162663,-0.03,0,2,5,3,1
18307,162674,3.34,0,9,12,11,1
18308,162679,0.95,0,4,7,5,1
18309,162683,-0.09,0,2,5,4,1
18310,162692,2.36,0,7,10,9,1
18311,162697,0.95,0,4,7,5,1
18312,162698,-1.01,0,0,3,1,1
18313,162740,5.33,0,16,19,42,1
18314,162767,6.78,0,17,20,27,1
18315,162775,1.87,0,6,9,8,1
18316,162777,-0.52,0,1,4,2,1
18317,162778,-1.01,0,0,3,1,1
18318,162789,2.24,0,7,10,11,1
18319,162790,-1.01,0,0,3,1,1
18320,162793,-0.03,0,2,5,3,1
18321,162799,1.44,0,5,8,6,1
18322,162807,2.42,0,7,10,8,1
18323,162813,0.89,0,4,7,6,1
18324,162817,0.46,0,3,6,4,1
18325,162819,-0.52,0,1,4,2,1
18326,162825,1.44,0,5,8,6,1
18327,162827,-0.52,0,1,4,2,1
18328,162837,2.3,0,7,10,10,1
18329,162847,2.85,0,8,11,10,1
18330,162863,4.14,0,11,14,16,1
18331,162864,-1.01,0,0,3,1,1
18332,162875,3.34,0,9,12,11,1
18333,162882,1.38,0,5,8,7,1
18334,162910,6.72,0,17,20,28,1
18335,162918,1.32,0,5,8,8,1
18336,162928,2.3,0,7,10,10,1
18337,162959,5.99,0,16,19,31,1
18338,162969,2.3,0,7,10,10,1
18339,163000,4.34,0,13,16,31,1
18340,163001,-1.01,0,0,3,1,1
18341,163003,-0.52,0,1,4,2,1
18342,163010,1.93,0,6,9,7,1
18343,163011,-1.01,0,0,3,1,1
18344,163015,0.46,0,3,6,4,1
18345,163017,-0.52,0,1,4,2,1
18346,163021,0.46,0,3,6,4,1
18347,163023,-0.52,0,1,4,2,1
18348,163051,6.17,0,16,19,28,1
18349,163066,3.65,0,10,13,15,1
18350,163092,5.74,0,15,18,26,1
18351,163099,1.93,0,6,9,7,1
18352,163102,-0.03,0,2,5,3,1
18353,163105,-0.03,0,2,5,3,1
18354,163134,4.46,0,13,16,29,1
18355,163140,0.89,0,4,7,6,1
18356,163142,-0.52,0,1,4,2,1
18357,163147,0.4,0,3,6,5,1
18358,163157,2.85,0,8,11,10,1
18359,163159,-0.52,0,1,4,2,1
18360,163172,3.22,0,9,12,13,1
18361,163173,-1.01,0,0,3,1,1
18362,163185,2.73,0,8,11,12,1
18363,163188,-0.03,0,2,5,3,1
18364,163190,-0.52,0,1,4,2,1
18365,163210,2.8,0,9,12,20,1
18366,163214,0.46,0,3,6,4,1
18367,163220,1.44,0,5,8,6,1
18368,163225,0.95,0,4,7,5,1
18369,163233,2.42,0,7,10,8,1
18370,163265,4.83,0,14,17,32,1
18371,163269,0.46,0,3,6,4,1
18372,163274,0.4,0,3,6,5,1
18373,163289,4.75,0,12,15,15,1
18374,163305,5.24,0,13,16,16,1
18375,163313,1.32,0,5,8,8,1
18376,163320,1.38,0,5,8,7,1
18377,163333,3.77,0,10,13,13,1
18378,163339,1.44,0,5,8,6,1
18379,163355,3.59,0,10,13,16,1
18380,163359,0.46,0,3,6,4,1
18381,163360,-1.01,0,0,3,1,1
18382,163365,0.4,0,3,6,5,1
18383,163375,3.4,0,9,12,10,1
18384,163398,5.37,0,14,17,23,1
18385,163399,-1.01,0,0,3,1,1
18386,163408,2.91,0,8,11,9,1
18387,163442,4.71,0,14,17,34,1
18388,163464,4.88,0,13,16,22,1
18389,163465,-1.01,0,0,3,1,1
18390,163475,1.75,0,6,9,10,1
18391,163489,4.26,0,11,14,14,1
18392,163510,3.84,0,11,14,21,1
18393,163516,0.89,0,4,7,6,1
18394,163517,-1.01,0,0,3,1,1
18395,163520,-0.03,0,2,5,3,1
18396,163541,5.49,0,14,17,21,1
18397,163548,1.38,0,5,8,7,1
18398,163555,1.38,0,5,8,7,1
18399,163588,5.32,0,15,18,33,1
18400,163637,7.66,0,21,24,49,1
18401,163640,-0.03,0,2,5,3,1
18402,163644,0.46,0,3,6,4,1
18403,163645,-1.01,0,0,3,1,1
18404,163648,-0.03,0,2,5,3,1
18405,163650,-0.52,0,1,4,2,1
18406,163652,-0.52,0,1,4,2,1
18407,163691,7.71,0,20,23,39,1
18408,163695,0.46,0,3,6,4,1
18409,163708,3.77,0,10,13,13,1
18410,163711,-0.03,0,2,5,3,1
18411,163714,-0.03,0,2,5,3,1
18412,163758,7.96,0,21,24,44,1
18413,163760,-0.52,0,1,4,2,1
18414,163766,1.44,0,5,8,6,1
18415,163777,1.69,0,6,9,11,1
18416,163817,7.1,0,19,22,40,1
18417,163835,3.47,0,10,13,18,1
18418,163838,-0.03,0,2,5,3,1
18419,163842,0.46,0,3,6,4,1
18420,163853,3.34,0,9,12,11,1
18421,163855,-0.52,0,1,4,2,1
18422,163862,1.93,0,6,9,7,1
18423,163864,-0.52,0,1,4,2,1
18424,163887,5.92,0,15,18,23,1
18425,163890,-0.03,0,2,5,3,1
18426,163896,1.44,0,5,8,6,1
18427,163910,2.61,0,8,11,14,1
18428,163915,0.95,0,4,7,5,1
18429,163930,2.55,0,8,11,15,1
18430,163931,-1.01,0,0,3,1,1
18431,163936,0.95,0,4,7,5,1
18432,163940,0.46,0,3,6,4,1
18433,163946,1.44,0,5,8,6,1
18434,163953,1.38,0,5,8,7,1
18435,163961,2.42,0,7,10,8,1
18436,163963,-0.52,0,1,4,2,1
18437,163968,0.95,0,4,7,5,1
18438,164003,6.3,0,17,20,35,1
18439,164005,-0.52,0,1,4,2,1
18440,164008,-0.03,0,2,5,3,1
18441,164040,7.58,0,19,22,32,1
18442,164051,2.24,0,7,10,11,1
18443,164067,5.79,0,14,17,16,1
18444,164087,6.1,0,15,18,20,1
18445,164089,-0.52,0,1,4,2,1
18446,164108,5.06,0,13,16,19,1
18447,164109,-1.01,0,0,3,1,1
18448,164171,6.33,0,20,23,62,1
18449,164172,-1.01,0,0,3,1,1
18450,164174,-0.52,0,1,4,2,1
18451,164175,-1.01,0,0,3,1,1
18452,164231,7.24,0,21,24,56,1
18453,164236,0.95,0,4,7,5,1
18454,164239,-0.03,0,2,5,3,1
18455,164254,3.1,0,9,12,15,1
18456,164263,2.36,0,7,10,9,1
18457,164282,5.61,0,14,17,19,1
18458,164311,3.36,0,11,14,29,1
18459,164314,-0.03,0,2,5,3,1
18460,164320,0.89,0,4,7,6,1
18461,164325,0.95,0,4,7,5,1
18462,164337,2.73,0,8,11,12,1
18463,164346,2.36,0,7,10,9,1
18464,164347,-1.01,0,0,3,1,1
18465,164353,0.89,0,4,7,6,1
18466,164357,0.46,0,3,6,4,1
18467,164385,7.82,0,19,22,28,1
18468,164393,0.77,0,4,7,8,1
18469,164417,6.96,0,17,20,24,1
18470,164424,1.38,0,5,8,7,1
18471,164425,-1.01,0,0,3,1,1
18472,164443,3.47,0,10,13,18,1
18473,164446,-0.03,0,2,5,3,1
18474,164451,0.95,0,4,7,5,1
18475,164458,1.38,0,5,8,7,1
18476,164462,0.46,0,3,6,4,1
18477,164470,1.87,0,6,9,8,1
18478,164472,-0.52,0,1,4,2,1
18479,164476,-0.09,0,2,5,4,1
18480,164483,1.93,0,6,9,7,1
18481,164484,-1.01,0,0,3,1,1
18482,164501,4.08,0,11,14,17,1
18483,164509,0.77,0,4,7,8,1
18484,164513,0.46,0,3,6,4,1
18485,164526,1.02,0,5,8,13,1
18486,164534,2.42,0,7,10,8,1
18487,164538,0.46,0,3,6,4,1
18488,164561,6.47,0,16,19,23,1
18489,164567,1.44,0,5,8,6,1
18490,164571,0.46,0,3,6,4,1
18491,164598,6.78,0,17,20,27,1
18492,164616,4.57,0,12,15,18,1
18493,164624,1.32,0,5,8,8,1
18494,164635,3.34,0,9,12,11,1
18495,164638,-0.03,0,2,5,3,1
18496,164643,0.95,0,4,7,5,1
18497,164656,3.77,0,10,13,13,1
18498,164663,1.38,0,5,8,7,1
18499,164667,0.46,0,3,6,4,1
18500,164714,5.58,0,17,20,47,1
18501,164734,5.0,0,13,16,20,1
18502,164736,-0.52,0,1,4,2,1
18503,164741,0.95,0,4,7,5,1
18504,164748,1.38,0,5,8,7,1
18505,164749,-1.01,0,0,3,1,1
18506,164751,-0.52,0,1,4,2,1
18507,164766,4.2,0,11,14,15,1
18508,164779,3.22,0,9,12,13,1
18509,164780,-1.01,0,0,3,1,1
18510,164781,-1.01,0,0,3,1,1
18511,164782,-1.01,0,0,3,1,1
18512,164789,1.38,0,5,8,7,1
18513,164796,1.93,0,6,9,7,1
18514,164802,1.44,0,5,8,6,1
18515,164804,-0.52,0,1,4,2,1
18516,164816,2.73,0,8,11,12,1
18517,164819,-0.03,0,2,5,3,1
18518,164822,-0.03,0,2,5,3,1
18519,164827,0.95,0,4,7,5,1
18520,164838,2.24,0,7,10,11,1
18521,164839,-1.01,0,0,3,1,1
18522,164849,1.75,0,6,9,10,1
18523,164885,7.34,0,19,22,36,1
18524,164899,4.26,0,11,14,14,1
18525,164912,4.32,0,11,14,13,1
18526,164913,-1.01,0,0,3,1,1
18527,164916,-0.03,0,2,5,3,1
18528,164925,2.36,0,7,10,9,1
18529,164939,3.71,0,10,13,14,1
18530,164945,1.44,0,5,8,6,1
18531,164977,7.03,0,18,21,32,1
18532,164996,3.96,0,11,14,19,1
18533,165014,5.12,0,13,16,18,1
18534,165018,0.46,0,3,6,4,1
18535,165025,1.38,0,5,8,7,1
18536,165029,0.46,0,3,6,4,1
18537,165033,0.46,0,3,6,4,1
18538,165037,-0.09,0,2,5,4,1
18539,165043,0.34,0,3,6,6,1
18540,165044,-1.01,0,0,3,1,1
18541,165075,5.99,0,16,19,31,1
18542,165089,3.16,0,9,12,14,1
18543,165094,0.95,0,4,7,5,1
18544,165102,1.87,0,6,9,8,1
18545,165105,-0.03,0,2,5,3,1
18546,165109,0.46,0,3,6,4,1
18547,165112,-0.03,0,2,5,3,1
18548,165131,5.61,0,14,17,19,1
18549,165136,0.95,0,4,7,5,1
18550,165146,2.85,0,8,11,10,1
18551,165152,1.44,0,5,8,6,1
18552,165156,-0.09,0,2,5,4,1
18553,165164,1.87,0,6,9,8,1
18554,165170,1.44,0,5,8,6,1
18555,165173,-0.03,0,2,5,3,1
18556,165180,1.38,0,5,8,7,1
18557,165187,1.93,0,6,9,7,1
18558,165193,0.89,0,4,7,6,1
18559,165212,3.96,0,11,14,19,1
18560,165214,-0.52,0,1,4,2,1
18561,165217,-0.03,0,2,5,3,1
18562,165221,0.46,0,3,6,4,1
18563,165222,-1.01,0,0,3,1,1
18564,165225,-0.03,0,2,5,3,1
18565,165267,6.43,0,18,21,42,1
18566,165286,4.51,0,12,15,19,1
18567,165293,1.38,0,5,8,7,1
18568,165296,-0.03,0,2,5,3,1
18569,165300,0.46,0,3,6,4,1
18570,165320,3.9,0,11,14,20,1
18571,165324,0.46,0,3,6,4,1
18572,165326,-0.52,0,1,4,2,1
18573,165334,1.87,0,6,9,8,1
18574,165340,1.44,0,5,8,6,1
18575,165347,1.93,0,6,9,7,1
18576,165350,-0.03,0,2,5,3,1
18577,165358,0.77,0,4,7,8,1
18578,165369,3.34,0,9,12,11,1
18579,165373,0.46,0,3,6,4,1
18580,165392,3.96,0,11,14,19,1
18581,165404,3.83,0,10,13,12,1
18582,165407,-0.03,0,2,5,3,1
18583,165409,-0.52,0,1,4,2,1
18584,165421,3.83,0,10,13,12,1
18585,165426,0.95,0,4,7,5,1
18586,165434,1.87,0,6,9,8,1
18587,165439,0.95,0,4,7,5,1
18588,165444,0.95,0,4,7,5,1
18589,165465,4.39,0,12,15,21,1
18590,165489,5.86,0,15,18,24,1
18591,165501,3.28,0,9,12,12,1
18592,165520,5.06,0,13,16,19,1
18593,165528,1.87,0,6,9,8,1
18594,165545,3.53,0,10,13,17,1
18595,165559,3.16,0,9,12,14,1
18596,165565,1.44,0,5,8,6,1
18597,165585,4.45,0,12,15,20,1
18598,165591,0.89,0,4,7,6,1
18599,165593,-0.52,0,1,4,2,1
18600,165604,3.34,0,9,12,11,1
18601,165611,1.38,0,5,8,7,1
18602,165618,1.38,0,5,8,7,1
18603,165627,2.36,0,7,10,9,1
18604,165645,3.47,0,10,13,18,1
18605,165665,7.2,0,17,20,20,1
18606,165676,2.79,0,8,11,11,1
18607,165689,4.32,0,11,14,13,1
18608,165709,5.0,0,13,16,20,1
18609,165711,-0.52,0,1,4,2,1
18610,165747,7.34,0,19,22,36,1
18611,165773,6.29,0,16,19,26,1
18612,165775,-0.52,0,1,4,2,1
18613,165783,2.42,0,7,10,8,1
18614,165793,2.85,0,8,11,10,1
18615,165795,-0.52,0,1,4,2,1
18616,165803,2.42,0,7,10,8,1
18617,165806,-0.03,0,2,5,3,1
18618,165810,0.46,0,3,6,4,1
18619,165814,0.46,0,3,6,4,1
18620,165818,0.46,0,3,6,4,1
18621,165820,-0.52,0,1,4,2,1
18622,165826,1.44,0,5,8,6,1
18623,165845,5.61,0,14,17,19,1
18624,165848,-0.03,0,2,5,3,1
18625,165849,-1.01,0,0,3,1,1
18626,165856,1.38,0,5,8,7,1
18627,165866,1.75,0,6,9,10,1
18628,165881,3.65,0,10,13,15,1
18629,165890,1.81,0,6,9,9,1
18630,165897,1.93,0,6,9,7,1
18631,165898,-1.01,0,0,3,1,1
18632,165900,-0.52,0,1,4,2,1
18633,165904,0.46,0,3,6,4,1
18634,165909,0.4,0,3,6,5,1
18635,165915,0.89,0,4,7,6,1
18636,165928,4.32,0,11,14,13,1
18637,165943,3.1,0,9,12,15,1
18638,165952,2.91,0,8,11,9,1
18639,165953,-1.01,0,0,3,1,1
18640,165955,-0.52,0,1,4,2,1
18641,165957,-0.52,0,1,4,2,1
18642,165971,4.26,0,11,14,14,1
18643,165984,3.77,0,10,13,13,1
18644,166010,5.19,0,14,17,26,1
18645,166013,-0.03,0,2,5,3,1
18646,166028,3.65,0,10,13,15,1
18647,166040,2.73,0,8,11,12,1
18648,166043,-0.03,0,2,5,3,1
18649,166053,1.75,0,6,9,10,1
18650,166057,0.46,0,3,6,4,1
18651,166061,0.46,0,3,6,4,1
18652,166074,3.22,0,9,12,13,1
18653,166076,-0.52,0,1,4,2,1
18654,166083,1.93,0,6,9,7,1
18655,166091,1.87,0,6,9,8,1
18656,166105,4.26,0,11,14,14,1
18657,166134,5.56,0,15,18,29,1
18658,166136,-0.52,0,1,4,2,1
18659,166167,5.44,0,15,18,31,1
18660,166173,0.34,0,3,6,6,1
18661,166175,-0.52,0,1,4,2,1
18662,166178,-0.03,0,2,5,3,1
18663,166185,1.93,0,6,9,7,1
18664,166191,1.44,0,5,8,6,1
18665,166195,0.46,0,3,6,4,1
18666,166208,4.32,0,11,14,13,1
18667,166214,1.44,0,5,8,6,1
18668,166222,1.87,0,6,9,8,1
18669,166230,2.42,0,7,10,8,1
18670,166236,1.44,0,5,8,6,1
18671,166238,-0.52,0,1,4,2,1
18672,166239,-1.01,0,0,3,1,1
18673,166241,-0.52,0,1,4,2,1
18674,166254,3.22,0,9,12,13,1
18675,166291,6.18,0,17,20,37,1
18676,166299,1.87,0,6,9,8,1
18677,166307,1.32,0,5,8,8,1
18678,166329,4.88,0,13,16,22,1
18679,166334,0.95,0,4,7,5,1
18680,166340,1.44,0,5,8,6,1
18681,166352,3.83,0,10,13,12,1
18682,166375,5.37,0,14,17,23,1
18683,166378,-0.03,0,2,5,3,1
18684,166379,-1.01,0,0,3,1,1
18685,166387,1.87,0,6,9,8,1
18686,166393,0.89,0,4,7,6,1
18687,166449,5.59,0,18,21,56,1
18688,166455,0.89,0,4,7,6,1
18689,166456,-1.01,0,0,3,1,1
18690,166458,-0.52,0,1,4,2,1
18691,166461,-0.03,0,2,5,3,1
18692,166477,4.14,0,11,14,16,1
18693,166501,8.06,0,19,22,24,1
18694,166502,-1.01,0,0,3,1,1
18695,166506,0.46,0,3,6,4,1
18696,166510,0.46,0,3,6,4,1
18697,166514,0.46,0,3,6,4,1
18698,166519,0.95,0,4,7,5,1
18699,166523,0.46,0,3,6,4,1
18700,166534,3.89,0,10,13,11,1
18701,166547,3.77,0,10,13,13,1
18702,166563,4.14,0,11,14,16,1
18703,166567,0.46,0,3,6,4,1
18704,166586,3.41,0,10,13,19,1
18705,166587,-1.01,0,0,3,1,1
18706,166595,2.42,0,7,10,8,1
18707,166612,4.63,0,12,15,17,1
18708,166614,-0.52,0,1,4,2,1
18709,166619,0.4,0,3,6,5,1
18710,166624,-0.15,0,2,5,5,1
18711,166628,0.46,0,3,6,4,1
18712,166648,5.55,0,14,17,20,1
18713,166651,-0.03,0,2,5,3,1
18714,166667,3.59,0,10,13,16,1
18715,166670,-0.03,0,2,5,3,1
18716,166673,-0.03,0,2,5,3,1
18717,166681,1.87,0,6,9,8,1
18718,166686,0.95,0,4,7,5,1
18719,166702,4.69,0,12,15,16,1
18720,166705,-0.03,0,2,5,3,1
18721,166707,-0.52,0,1,4,2,1
18722,166723,4.69,0,12,15,16,1
18723,166725,-0.52,0,1,4,2,1
18724,166732,1.38,0,5,8,7,1
18725,166737,0.4,0,3,6,5,1
18726,166749,3.28,0,9,12,12,1
18727,166750,-1.01,0,0,3,1,1
18728,166754,0.46,0,3,6,4,1
18729,166755,-1.01,0,0,3,1,1
18730,166758,-0.03,0,2,5,3,1
18731,166760,-0.52,0,1,4,2,1
18732,166769,2.36,0,7,10,9,1
18733,166781,4.38,0,11,14,12,1
18734,166784,-0.03,0,2,5,3,1
18735,166790,1.44,0,5,8,6,1
18736,166797,1.38,0,5,8,7,1
18737,166800,-0.03,0,2,5,3,1
18738,166808,1.32,0,5,8,8,1
18739,166813,0.95,0,4,7,5,1
18740,166814,-1.01,0,0,3,1,1
18741,166828,4.26,0,11,14,14,1
18742,166830,-0.52,0,1,4,2,1
18743,166831,-1.01,0,0,3,1,1
18744,166834,-0.03,0,2,5,3,1
18745,166835,-1.01,0,0,3,1,1
18746,166841,1.44,0,5,8,6,1
18747,166845,0.46,0,3,6,4,1
18748,166854,1.26,0,5,8,9,1
18749,166861,1.38,0,5,8,7,1
18750,166869,1.87,0,6,9,8,1
18751,166897,6.17,0,16,19,28,1
18752,166911,4.26,0,11,14,14,1
18753,166917,1.44,0,5,8,6,1
18754,166929,3.28,0,9,12,12,1
18755,166960,7.09,0,18,21,31,1
18756,166974,4.81,0,12,15,14,1
18757,166978,0.46,0,3,6,4,1
18758,166989,3.34,0,9,12,11,1
18759,166993,0.46,0,3,6,4,1
18760,167000,1.93,0,6,9,7,1
18761,167006,0.89,0,4,7,6,1
18762,167022,3.59,0,10,13,16,1
18763,167036,3.16,0,9,12,14,1
18764,167037,-1.01,0,0,3,1,1
18765,167038,-1.01,0,0,3,1,1
18766,167053,3.1,0,9,12,15,1
18767,167054,-1.01,0,0,3,1,1
18768,167055,-1.01,0,0,3,1,1
18769,167058,-0.03,0,2,5,3,1
18770,167064,1.44,0,5,8,6,1
18771,167086,4.33,0,12,15,22,1
18772,167087,-1.01,0,0,3,1,1
18773,167088,-1.01,0,0,3,1,1
18774,167092,0.46,0,3,6,4,1
18775,167093,-1.01,0,0,3,1,1
18776,167097,0.46,0,3,6,4,1
18777,167106,2.36,0,7,10,9,1
18778,167113,1.38,0,5,8,7,1
18779,167122,2.91,0,8,11,9,1
18780,167130,2.42,0,7,10,8,1
18781,167153,4.82,0,13,16,23,1
18782,167175,5.98,0,15,18,22,1
18783,167196,5.49,0,14,17,21,1
18784,167197,-1.01,0,0,3,1,1
18785,167200,-0.03,0,2,5,3,1
18786,167201,-1.01,0,0,3,1,1
18787,167204,-0.03,0,2,5,3,1
18788,167205,-1.01,0,0,3,1,1
18789,167214,2.36,0,7,10,9,1
18790,167224,2.3,0,7,10,10,1
18791,167228,0.46,0,3,6,4,1
18792,167244,3.59,0,10,13,16,1
18793,167248,0.46,0,3,6,4,1
18794,167268,3.35,0,10,13,20,1
18795,167271,-0.03,0,2,5,3,1
18796,167275,0.46,0,3,6,4,1
18797,167277,-0.52,0,1,4,2,1
18798,167285,1.87,0,6,9,8,1
18799,167311,4.64,0,13,16,26,1
18800,167315,0.46,0,3,6,4,1
18801,167322,1.38,0,5,8,7,1
18802,167323,-1.01,0,0,3,1,1
18803,167336,4.32,0,11,14,13,1
18804,167337,-1.01,0,0,3,1,1
18805,167344,1.93,0,6,9,7,1
18806,167347,-0.03,0,2,5,3,1
18807,167368,4.94,0,13,16,21,1
18808,167378,3.4,0,9,12,10,1
18809,167380,-0.52,0,1,4,2,1
18810,167382,-0.52,0,1,4,2,1
18811,167393,3.34,0,9,12,11,1
18812,167397,0.46,0,3,6,4,1
18813,167399,-0.52,0,1,4,2,1
18814,167408,2.91,0,8,11,9,1
18815,167413,0.95,0,4,7,5,1
18816,167422,1.81,0,6,9,9,1
18817,167429,1.93,0,6,9,7,1
18818,167435,1.44,0,5,8,6,1
18819,167441,1.44,0,5,8,6,1
18820,167445,0.46,0,3,6,4,1
18821,167448,-0.03,0,2,5,3,1
18822,167462,3.16,0,9,12,14,1
18823,167475,2.12,0,7,10,13,1
18824,167481,0.89,0,4,7,6,1
18825,167492,3.34,0,9,12,11,1
18826,167493,-1.01,0,0,3,1,1
18827,167496,-0.03,0,2,5,3,1
18828,167518,6.53,0,16,19,22,1
18829,167525,1.93,0,6,9,7,1
18830,167531,1.44,0,5,8,6,1
18831,167545,4.81,0,12,15,14,1
18832,167557,2.73,0,8,11,12,1
18833,167561,0.46,0,3,6,4,1
18834,167580,3.96,0,11,14,19,1
18835,167590,2.3,0,7,10,10,1
18836,167601,3.34,0,9,12,11,1
18837,167608,1.38,0,5,8,7,1
18838,167610,-0.52,0,1,4,2,1
18839,167618,2.42,0,7,10,8,1
18840,167635,5.73,0,14,17,17,1
18841,167636,-1.01,0,0,3,1,1
18842,167639,-0.03,0,2,5,3,1
18843,167640,-1.01,0,0,3,1,1
18844,167651,2.24,0,7,10,11,1
18845,167657,1.44,0,5,8,6,1
18846,167699,11.58,1,22,25,42,0
18847,167701,-0.52,0,1,4,2,1
18848,167709,1.87,0,6,9,8,1
18849,167711,-0.52,0,1,4,2,1
18850,167718,1.93,0,6,9,7,1
18851,167721,-0.03,0,2,5,3,1
18852,167737,5.24,0,13,16,16,1
18853,167740,-0.03,0,2,5,3,1
18854,167741,-1.01,0,0,3,1,1
18855,167743,-0.52,0,1,4,2,1
18856,167754,2.24,0,7,10,11,1
18857,167756,-0.52,0,1,4,2,1
18858,167758,-0.52,0,1,4,2,1
18859,167781,4.27,0,12,15,23,1
18860,167785,0.46,0,3,6,4,1
18861,167791,1.44,0,5,8,6,1
18862,167793,-0.52,0,1,4,2,1
18863,167795,-0.52,0,1,4,2,1
18864,167811,3.59,0,10,13,16,1
18865,167813,-0.52,0,1,4,2,1
18866,167814,-1.01,0,0,3,1,1
18867,167825,2.79,0,8,11,11,1
18868,167827,-0.52,0,1,4,2,1
18869,167828,-1.01,0,0,3,1,1
18870,167845,4.63,0,12,15,17,1
18871,167851,0.89,0,4,7,6,1
18872,167853,-0.52,0,1,4,2,1
18873,167857,0.46,0,3,6,4,1
18874,167862,0.95,0,4,7,5,1
18875,167889,3.48,0,11,14,27,1
18876,167911,7.63,0,18,21,22,1
18877,167918,1.38,0,5,8,7,1
18878,167928,1.75,0,6,9,10,1
18879,167933,0.4,0,3,6,5,1
18880,167965,7.58,0,19,22,32,1
18881,167979,3.71,0,10,13,14,1
18882,167991,3.83,0,10,13,12,1
18883,168022,4.89,0,14,17,31,1
18884,168033,3.34,0,9,12,11,1
18885,168035,-0.52,0,1,4,2,1
18886,168040,0.95,0,4,7,5,1
18887,168053,1.57,0,6,9,13,1
18888,168062,1.81,0,6,9,9,1
18889,168069,1.93,0,6,9,7,1
18890,168070,-1.01,0,0,3,1,1
18891,168071,-1.01,0,0,3,1,1
18892,168072,-1.01,0,0,3,1,1
18893,168080,0.77,0,4,7,8,1
18894,168084,-0.09,0,2,5,4,1
18895,168093,2.36,0,7,10,9,1
18896,168103,3.4,0,9,12,10,1
18897,168112,2.36,0,7,10,9,1
18898,168117,0.4,0,3,6,5,1
18899,168118,-1.01,0,0,3,1,1
18900,168119,-1.01,0,0,3,1,1
18901,168126,1.93,0,6,9,7,1
18902,168139,3.77,0,10,13,13,1
18903,168146,1.93,0,6,9,7,1
18904,168150,0.46,0,3,6,4,1
18905,168151,-1.01,0,0,3,1,1
18906,168152,-1.01,0,0,3,1,1
18907,168170,4.02,0,11,14,18,1
18908,168175,0.95,0,4,7,5,1
18909,168188,2.67,0,8,11,13,1
18910,168233,6.25,0,18,21,45,1
18911,168242,2.36,0,7,10,9,1
18912,168251,2.36,0,7,10,9,1
18913,168253,-0.52,0,1,4,2,1
18914,168255,-0.52,0,1,4,2,1
18915,168266,3.34,0,9,12,11,1
18916,168268,-0.52,0,1,4,2,1
18917,168273,0.95,0,4,7,5,1
18918,168274,-1.01,0,0,3,1,1
18919,168285,2.79,0,8,11,11,1
18920,168289,0.46,0,3,6,4,1
18921,168290,-1.01,0,0,3,1,1
18922,168320,4.95,0,14,17,30,1
18923,168334,4.81,0,12,15,14,1
18924,168336,-0.52,0,1,4,2,1
18925,168338,-0.52,0,1,4,2,1
18926,168341,-0.03,0,2,5,3,1
18927,168348,1.38,0,5,8,7,1
18928,168350,-0.52,0,1,4,2,1
18929,168352,-0.52,0,1,4,2,1
18930,168357,0.95,0,4,7,5,1
18931,168380,3.72,0,11,14,23,1
18932,168382,-0.52,0,1,4,2,1
18933,168403,6.04,0,15,18,21,1
18934,168410,1.93,0,6,9,7,1
18935,168417,0.83,0,4,7,7,1
18936,168420,-0.03,0,2,5,3,1
18937,168437,2.98,0,9,12,17,1
18938,168441,0.46,0,3,6,4,1
18939,168453,2.73,0,8,11,12,1
18940,168454,-1.01,0,0,3,1,1
18941,168469,5.85,0,14,17,15,1
18942,168481,2.73,0,8,11,12,1
18943,168493,2.18,0,7,10,12,1
18944,168500,1.93,0,6,9,7,1
18945,168504,0.46,0,3,6,4,1
18946,168514,3.4,0,9,12,10,1
18947,168534,3.35,0,10,13,20,1
18948,168535,-1.01,0,0,3,1,1
18949,168537,-0.52,0,1,4,2,1
18950,168539,-0.52,0,1,4,2,1
18951,168545,1.44,0,5,8,6,1
18952,168602,7.18,0,21,24,57,1
18953,168609,1.38,0,5,8,7,1
18954,168617,2.42,0,7,10,8,1
18955,168621,0.46,0,3,6,4,1
18956,168623,-0.52,0,1,4,2,1
18957,168624,-1.01,0,0,3,1,1
18958,168629,0.95,0,4,7,5,1
18959,168655,6.84,0,17,20,26,1
18960,168664,2.36,0,7,10,9,1
18961,168670,0.89,0,4,7,6,1
18962,168687,5.18,0,13,16,17,1
18963,168690,-0.03,0,2,5,3,1
18964,168709,5.06,0,13,16,19,1
18965,168718,2.36,0,7,10,9,1
18966,168723,0.95,0,4,7,5,1
18967,168735,3.28,0,9,12,12,1
18968,168738,-0.03,0,2,5,3,1
18969,168746,1.87,0,6,9,8,1
18970,168755,2.36,0,7,10,9,1
18971,168767,4.38,0,11,14,12,1
18972,168768,-1.01,0,0,3,1,1
18973,168784,5.24,0,13,16,16,1
18974,168789,0.95,0,4,7,5,1
18975,168790,-1.01,0,0,3,1,1
18976,168803,2.67,0,8,11,13,1
18977,168815,1.63,0,6,9,12,1
18978,168822,1.93,0,6,9,7,1
18979,168823,-1.01,0,0,3,1,1
18980,168842,5.06,0,13,16,19,1
18981,168852,2.3,0,7,10,10,1
18982,168855,-0.03,0,2,5,3,1
18983,168857,-0.52,0,1,4,2,1
18984,168864,1.93,0,6,9,7,1
18985,168867,-0.03,0,2,5,3,1
18986,168878,3.89,0,10,13,11,1
18987,168889,2.24,0,7,10,11,1
18988,168892,-0.03,0,2,5,3,1
18989,168900,1.87,0,6,9,8,1
18990,168904,0.46,0,3,6,4,1
18991,168913,2.36,0,7,10,9,1
18992,168916,-0.03,0,2,5,3,1
18993,168919,-0.03,0,2,5,3,1
18994,168927,2.42,0,7,10,8,1
18995,168938,2.79,0,8,11,11,1
18996,168939,-1.01,0,0,3,1,1
18997,168942,-0.03,0,2,5,3,1
18998,168959,4.63,0,12,15,17,1
18999,168968,2.91,0,8,11,9,1
19000,168975,1.93,0,6,9,7,1
19001,168986,3.34,0,9,12,11,1
19002,168989,-0.03,0,2,5,3,1
19003,168991,-0.52,0,1,4,2,1
19004,168992,-1.01,0,0,3,1,1
19005,168994,-0.52,0,1,4,2,1
19006,169003,1.81,0,6,9,9,1
19007,169006,-0.03,0,2,5,3,1
19008,169019,2.67,0,8,11,13,1
19009,169023,-0.09,0,2,5,4,1
19010,169024,-1.01,0,0,3,1,1
19011,169026,-0.52,0,1,4,2,1
19012,169045,4.51,0,12,15,19,1
19013,169052,1.38,0,5,8,7,1
19014,169073,5.49,0,14,17,21,1
19015,169075,-0.52,0,1,4,2,1
19016,169076,-1.01,0,0,3,1,1
19017,169078,-0.52,0,1,4,2,1
19018,169087,2.36,0,7,10,9,1
19019,169090,-0.03,0,2,5,3,1
19020,169102,3.83,0,10,13,12,1
19021,169107,0.95,0,4,7,5,1
19022,169117,2.85,0,8,11,10,1
19023,169121,0.46,0,3,6,4,1
19024,169129,2.42,0,7,10,8,1
19025,169142,2.67,0,8,11,13,1
19026,169152,2.3,0,7,10,10,1
19027,169155,-0.03,0,2,5,3,1
19028,169159,0.46,0,3,6,4,1
19029,169161,-0.52,0,1,4,2,1
19030,169182,5.49,0,14,17,21,1
19031,169189,1.93,0,6,9,7,1
19032,169193,0.46,0,3,6,4,1
19033,169202,1.81,0,6,9,9,1
19034,169203,-1.01,0,0,3,1,1
19035,169209,1.44,0,5,8,6,1
19036,169217,1.32,0,5,8,8,1
19037,169218,-1.01,0,0,3,1,1
19038,169228,3.4,0,9,12,10,1
19039,169237,2.91,0,8,11,9,1
19040,169238,-1.01,0,0,3,1,1
19041,169240,-0.52,0,1,4,2,1
19042,169249,2.36,0,7,10,9,1
19043,169294,5.15,0,16,19,45,1
19044,169303,0.71,0,4,7,9,1
19045,169304,-1.01,0,0,3,1,1
19046,169307,-0.03,0,2,5,3,1
19047,169312,0.95,0,4,7,5,1
19048,169324,3.83,0,10,13,12,1
19049,169332,1.87,0,6,9,8,1
19050,169349,5.18,0,13,16,17,1
19051,169355,1.44,0,5,8,6,1
19052,169369,3.71,0,10,13,14,1
19053,169371,-0.52,0,1,4,2,1
19054,169387,4.14,0,11,14,16,1
19055,169391,0.46,0,3,6,4,1
19056,169395,0.46,0,3,6,4,1
19057,169396,-1.01,0,0,3,1,1
19058,169403,1.38,0,5,8,7,1
19059,169404,-1.01,0,0,3,1,1
19060,169414,2.3,0,7,10,10,1
19061,169423,2.91,0,8,11,9,1
19062,169431,1.32,0,5,8,8,1
19063,169432,-1.01,0,0,3,1,1
19064,169446,4.81,0,12,15,14,1
19065,169476,7.15,0,18,21,30,1
19066,169517,6.49,0,18,21,41,1
19067,169525,1.87,0,6,9,8,1
19068,169530,0.95,0,4,7,5,1
19069,169531,-1.01,0,0,3,1,1
19070,169532,-1.01,0,0,3,1,1
19071,169535,-0.03,0,2,5,3,1
19072,169537,-0.52,0,1,4,2,1
19073,169550,2.67,0,8,11,13,1
19074,169553,-0.03,0,2,5,3,1
19075,169556,-0.03,0,2,5,3,1
19076,169563,1.38,0,5,8,7,1
19077,169568,0.95,0,4,7,5,1
19078,169570,-0.52,0,1,4,2,1
19079,169572,-0.52,0,1,4,2,1
19080,169574,-0.52,0,1,4,2,1
19081,169591,4.08,0,11,14,17,1
19082,169594,-0.03,0,2,5,3,1
19083,169603,1.26,0,5,8,9,1
19084,169609,1.44,0,5,8,6,1
19085,169610,-1.01,0,0,3,1,1
19086,169619,1.81,0,6,9,9,1
19087,169624,0.95,0,4,7,5,1
19088,169641,4.63,0,12,15,17,1
19089,169674,6.97,0,18,21,33,1
19090,169677,-0.03,0,2,5,3,1
19091,169681,0.46,0,3,6,4,1
19092,169684,-0.03,0,2,5,3,1
19093,169685,-1.01,0,0,3,1,1
19094,169695,3.4,0,9,12,10,1
19095,169717,5.43,0,14,17,22,1
19096,169719,-0.52,0,1,4,2,1
19097,169740,4.39,0,12,15,21,1
19098,169744,0.46,0,3,6,4,1
19099,169750,1.44,0,5,8,6,1
19100,169751,-1.01,0,0,3,1,1
19101,169760,2.91,0,8,11,9,1
19102,169764,0.46,0,3,6,4,1
19103,169778,4.26,0,11,14,14,1
19104,169792,4.26,0,11,14,14,1
19105,169795,-0.58,0,1,4,3,1
19106,169801,1.44,0,5,8,6,1
19107,169807,0.89,0,4,7,6,1
19108,169827,3.35,0,10,13,20,1
19109,169846,4.51,0,12,15,19,1
19110,169848,-0.52,0,1,4,2,1
19111,169860,3.28,0,9,12,12,1
19112,169863,-0.03,0,2,5,3,1
19113,169871,1.87,0,6,9,8,1
19114,169873,-0.52,0,1,4,2,1
19115,169900,5.13,0,14,17,27,1
19116,169905,0.95,0,4,7,5,1
19117,169906,-1.01,0,0,3,1,1
19118,169912,0.89,0,4,7,6,1
19119,169919,1.38,0,5,8,7,1
19120,169920,-1.01,0,0,3,1,1
19121,169924,-0.09,0,2,5,4,1
19122,169945,3.84,0,11,14,21,1
19123,169972,6.78,0,17,20,27,1
19124,169981,2.36,0,7,10,9,1
19125,169984,-0.03,0,2,5,3,1
19126,169988,0.46,0,3,6,4,1
19127,170015,6.78,0,17,20,27,1
19128,170017,-0.52,0,1,4,2,1
19129,170018,-1.01,0,0,3,1,1
19130,170019,-1.01,0,0,3,1,1
19131,170022,-0.03,0,2,5,3,1
19132,170027,0.95,0,4,7,5,1
19133,170029,-0.52,0,1,4,2,1
19134,170031,-0.52,0,1,4,2,1
19135,170034,-0.03,0,2,5,3,1
19136,170066,5.93,0,16,19,32,1
19137,170081,3.1,0,9,12,15,1
19138,170092,3.34,0,9,12,11,1
19139,170098,1.44,0,5,8,6,1
19140,170105,1.93,0,6,9,7,1
19141,170112,1.93,0,6,9,7,1
19142,170143,7.09,0,18,21,31,1
19143,170148,0.95,0,4,7,5,1
19144,170149,-1.01,0,0,3,1,1
19145,170169,5.0,0,13,16,20,1
19146,170173,0.46,0,3,6,4,1
19147,170184,2.79,0,8,11,11,1
19148,170195,2.79,0,8,11,11,1
19149,170196,-1.01,0,0,3,1,1
19150,170197,-1.01,0,0,3,1,1
19151,170205,2.42,0,7,10,8,1
19152,170209,0.46,0,3,6,4,1
19153,170211,-0.52,0,1,4,2,1
19154,170226,3.1,0,9,12,15,1
19155,170230,0.46,0,3,6,4,1
19156,170232,-0.52,0,1,4,2,1
19157,170244,2.18,0,7,10,12,1
19158,170258,2.06,0,7,10,14,1
19159,170260,-0.52,0,1,4,2,1
19160,170264,0.46,0,3,6,4,1
19161,170274,2.85,0,8,11,10,1
19162,170275,-1.01,0,0,3,1,1
19163,170314,6.61,0,18,21,39,1
19164,170331,4.08,0,11,14,17,1
19165,170357,4.64,0,13,16,26,1
19166,170385,6.17,0,16,19,28,1
19167,170387,-0.52,0,1,4,2,1
19168,170391,0.46,0,3,6,4,1
19169,170395,0.46,0,3,6,4,1
19170,170398,-0.03,0,2,5,3,1
19171,170404,1.44,0,5,8,6,1
19172,170427,5.37,0,14,17,23,1
19173,170431,0.46,0,3,6,4,1
19174,170447,5.24,0,13,16,16,1
19175,170452,0.95,0,4,7,5,1
19176,170458,0.89,0,4,7,6,1
19177,170466,1.87,0,6,9,8,1
19178,170471,0.95,0,4,7,5,1
19179,170472,-1.01,0,0,3,1,1
19180,170479,0.83,0,4,7,7,1
19181,170484,-0.15,0,2,5,5,1
19182,170485,-1.01,0,0,3,1,1
19183,170517,7.03,0,18,21,32,1
19184,170524,1.93,0,6,9,7,1
19185,170551,5.13,0,14,17,27,1
19186,170555,0.46,0,3,6,4,1
19187,170558,-0.03,0,2,5,3,1
19188,170561,-0.03,0,2,5,3,1
19189,170564,-0.03,0,2,5,3,1
19190,170565,-1.01,0,0,3,1,1
19191,170573,2.42,0,7,10,8,1
19192,170575,-0.52,0,1,4,2,1
19193,170583,1.87,0,6,9,8,1
19194,170586,-0.03,0,2,5,3,1
19195,170605,6.16,0,15,18,19,1
19196,170609,0.46,0,3,6,4,1
19197,170611,-0.52,0,1,4,2,1
19198,170645,5.26,0,15,18,34,1
19199,170648,-0.03,0,2,5,3,1
19200,170679,3.79,0,12,15,31,1
19201,170684,0.95,0,4,7,5,1
19202,170689,0.95,0,4,7,5,1
19203,170690,-1.01,0,0,3,1,1
19204,170691,-1.01,0,0,3,1,1
19205,170698,1.38,0,5,8,7,1
19206,170701,-0.03,0,2,5,3,1
19207,170711,2.85,0,8,11,10,1
19208,170716,0.95,0,4,7,5,1
19209,170724,1.87,0,6,9,8,1
19210,170733,2.36,0,7,10,9,1
19211,170758,6.35,0,16,19,25,1
19212,170759,-1.01,0,0,3,1,1
19213,170763,0.46,0,3,6,4,1
19214,170772,1.26,0,5,8,9,1
19215,170774,-0.52,0,1,4,2,1
19216,170776,-0.52,0,1,4,2,1
19217,170777,-1.01,0,0,3,1,1
19218,170782,0.95,0,4,7,5,1
19219,170783,-1.01,0,0,3,1,1
19220,170789,0.89,0,4,7,6,1
19221,170804,4.2,0,11,14,15,1
19222,170806,-0.52,0,1,4,2,1
19223,170810,0.46,0,3,6,4,1
19224,170815,0.95,0,4,7,5,1
19225,170821,0.89,0,4,7,6,1
19226,170822,-1.01,0,0,3,1,1
19227,170832,3.4,0,9,12,10,1
19228,170837,0.95,0,4,7,5,1
19229,170842,0.95,0,4,7,5,1
19230,170857,3.65,0,10,13,15,1
19231,170858,-1.01,0,0,3,1,1
19232,170859,-1.01,0,0,3,1,1
19233,170864,0.95,0,4,7,5,1
19234,170874,2.85,0,8,11,10,1
19235,170880,0.89,0,4,7,6,1
19236,170933,6.87,0,20,23,53,1
19237,170934,-1.01,0,0,3,1,1
19238,170952,5.12,0,13,16,18,1
19239,170964,3.28,0,9,12,12,1
19240,170991,5.68,0,15,18,27,1
19241,171008,3.53,0,10,13,17,1
19242,171016,2.42,0,7,10,8,1
19243,171023,1.38,0,5,8,7,1
19244,171024,-1.01,0,0,3,1,1
19245,171025,-1.01,0,0,3,1,1
19246,171028,-0.03,0,2,5,3,1
19247,171035,0.83,0,4,7,7,1
19248,171038,-0.03,0,2,5,3,1
19249,171040,-0.52,0,1,4,2,1
19250,171047,1.93,0,6,9,7,1
19251,171048,-1.01,0,0,3,1,1
19252,171057,2.36,0,7,10,9,1
19253,171080,5.92,0,15,18,23,1
19254,171095,3.65,0,10,13,15,1
19255,171118,5.92,0,15,18,23,1
19256,171119,-1.01,0,0,3,1,1
19257,171124,0.95,0,4,7,5,1
19258,171129,0.95,0,4,7,5,1
19259,171152,5.37,0,14,17,23,1
19260,171171,6.16,0,15,18,19,1
19261,171177,0.89,0,4,7,6,1
19262,171179,-0.52,0,1,4,2,1
19263,171190,2.79,0,8,11,11,1
19264,171202,3.28,0,9,12,12,1
19265,171207,0.4,0,3,6,5,1
19266,171230,5.37,0,14,17,23,1
19267,171238,2.42,0,7,10,8,1
19268,171247,2.36,0,7,10,9,1
19269,171257,2.85,0,8,11,10,1
19270,171265,1.87,0,6,9,8,1
19271,171267,-0.52,0,1,4,2,1
19272,171269,-0.52,0,1,4,2,1
19273,171270,-1.01,0,0,3,1,1
19274,171279,2.91,0,8,11,9,1
19275,171284,0.95,0,4,7,5,1
19276,171294,2.85,0,8,11,10,1
19277,171310,4.14,0,11,14,16,1
19278,171321,2.79,0,8,11,11,1
19279,171326,0.95,0,4,7,5,1
19280,171338,2.73,0,8,11,12,1
19281,171353,4.75,0,12,15,15,1
19282,171357,0.46,0,3,6,4,1
19283,171358,-1.01,0,0,3,1,1
19284,171368,1.75,0,6,9,10,1
19285,171376,2.42,0,7,10,8,1
19286,171380,0.46,0,3,6,4,1
19287,171381,-1.01,0,0,3,1,1
19288,171384,-0.03,0,2,5,3,1
19289,171387,-0.03,0,2,5,3,1
19290,171402,4.75,0,12,15,15,1
19291,171412,2.3,0,7,10,10,1
19292,171413,-1.01,0,0,3,1,1
19293,171423,2.85,0,8,11,10,1
19294,171433,2.85,0,8,11,10,1
19295,171435,-0.52,0,1,4,2,1
19296,171443,2.42,0,7,10,8,1
19297,171454,2.79,0,8,11,11,1
19298,171466,4.38,0,11,14,12,1
19299,171478,3.28,0,9,12,12,1
19300,171481,-0.03,0,2,5,3,1
19301,171493,2.18,0,7,10,12,1
19302,171497,0.46,0,3,6,4,1
19303,171502,0.95,0,4,7,5,1
19304,171506,-0.09,0,2,5,4,1
19305,171520,4.26,0,11,14,14,1
19306,171521,-1.01,0,0,3,1,1
19307,171526,0.95,0,4,7,5,1
19308,171528,-0.52,0,1,4,2,1
19309,171532,0.46,0,3,6,4,1
19310,171533,-1.01,0,0,3,1,1
19311,171539,1.44,0,5,8,6,1
19312,171541,-0.52,0,1,4,2,1
19313,171551,3.4,0,9,12,10,1
19314,171587,7.34,0,19,22,36,1
19315,171588,-1.01,0,0,3,1,1
19316,171594,0.89,0,4,7,6,1
19317,171603,1.26,0,5,8,9,1
19318,171604,-1.01,0,0,3,1,1
19319,171611,0.83,0,4,7,7,1
19320,171617,0.34,0,3,6,6,1
19321,171622,0.95,0,4,7,5,1
19322,171648,7.39,0,18,21,26,1
19323,171655,1.38,0,5,8,7,1
19324,171663,1.87,0,6,9,8,1
19325,171666,-0.03,0,2,5,3,1
19326,171667,-1.01,0,0,3,1,1
19327,171672,0.95,0,4,7,5,1
19328,171674,-0.52,0,1,4,2,1
19329,171681,1.93,0,6,9,7,1
19330,171685,0.46,0,3,6,4,1
19331,171695,2.85,0,8,11,10,1
19332,171708,3.22,0,9,12,13,1
19333,171709,-1.01,0,0,3,1,1
19334,171710,-1.01,0,0,3,1,1
19335,171720,2.85,0,8,11,10,1
19336,171721,-1.01,0,0,3,1,1
19337,171723,-0.52,0,1,4,2,1
19338,171727,-0.09,0,2,5,4,1
19339,171728,-1.01,0,0,3,1,1
19340,171743,4.2,0,11,14,15,1
19341,171744,-1.01,0,0,3,1,1
19342,171751,1.93,0,6,9,7,1
19343,171757,0.34,0,3,6,6,1
19344,171774,6.28,0,15,18,17,1
19345,171778,-0.09,0,2,5,4,1
19346,171783,0.95,0,4,7,5,1
19347,171787,0.46,0,3,6,4,1
19348,171788,-1.01,0,0,3,1,1
19349,171803,4.75,0,12,15,15,1
19350,171817,4.26,0,11,14,14,1
19351,171832,3.65,0,10,13,15,1
19352,171835,-0.03,0,2,5,3,1
19353,171836,-1.01,0,0,3,1,1
19354,171840,0.46,0,3,6,4,1
19355,171854,2.06,0,7,10,14,1
19356,171860,1.44,0,5,8,6,1
19357,171863,-0.03,0,2,5,3,1
19358,171864,-1.01,0,0,3,1,1
19359,171868,0.46,0,3,6,4,1
19360,171874,1.44,0,5,8,6,1
19361,171876,-0.52,0,1,4,2,1
19362,171883,1.93,0,6,9,7,1
19363,171889,1.44,0,5,8,6,1
19364,171901,2.18,0,7,10,12,1
19365,171910,1.81,0,6,9,9,1
19366,171918,1.32,0,5,8,8,1
19367,171921,-0.03,0,2,5,3,1
19368,171923,-0.52,0,1,4,2,1
19369,171943,5.0,0,13,16,20,1
19370,171952,2.36,0,7,10,9,1
19371,171963,3.34,0,9,12,11,1
19372,171965,-0.52,0,1,4,2,1
19373,171985,4.45,0,12,15,20,1
19374,171986,-1.01,0,0,3,1,1
19375,171996,2.3,0,7,10,10,1
19376,172001,0.95,0,4,7,5,1
19377,172010,2.91,0,8,11,9,1
19378,172018,2.42,0,7,10,8,1
19379,172028,2.85,0,8,11,10,1
19380,172032,0.46,0,3,6,4,1
19381,172036,0.46,0,3,6,4,1
19382,172041,0.4,0,3,6,5,1
19383,172042,-1.01,0,0,3,1,1
19384,172044,-0.52,0,1,4,2,1
19385,172048,0.46,0,3,6,4,1
19386,172052,0.46,0,3,6,4,1
19387,172056,0.46,0,3,6,4,1
19388,172073,5.73,0,14,17,17,1
19389,172075,-0.52,0,1,4,2,1
19390,172080,0.95,0,4,7,5,1
19391,172090,2.85,0,8,11,10,1
19392,172096,0.89,0,4,7,6,1
19393,172098,-0.52,0,1,4,2,1
19394,172100,-0.52,0,1,4,2,1
19395,172112,2.73,0,8,11,12,1
19396,172116,0.46,0,3,6,4,1
19397,172119,-0.03,0,2,5,3,1
19398,172130,2.79,0,8,11,11,1
19399,172133,-0.03,0,2,5,3,1
19400,172140,1.93,0,6,9,7,1
19401,172147,0.83,0,4,7,7,1
19402,172155,1.32,0,5,8,8,1
19403,172156,-1.01,0,0,3,1,1
19404,172158,-0.52,0,1,4,2,1
19405,172159,-1.01,0,0,3,1,1
19406,172161,-0.52,0,1,4,2,1
19407,172172,2.24,0,7,10,11,1
19408,172197,6.35,0,16,19,25,1
19409,172199,-0.52,0,1,4,2,1
19410,172200,-1.01,0,0,3,1,1
19411,172209,2.36,0,7,10,9,1
19412,172212,-0.03,0,2,5,3,1
19413,172222,1.75,0,6,9,10,1
19414,172247,5.25,0,14,17,25,1
19415,172254,1.93,0,6,9,7,1
19416,172263,2.91,0,8,11,9,1
19417,172270,1.93,0,6,9,7,1
19418,172277,1.93,0,6,9,7,1
19419,172280,-0.03,0,2,5,3,1
19420,172286,0.89,0,4,7,6,1
19421,172289,-0.03,0,2,5,3,1
19422,172294,0.4,0,3,6,5,1
19423,172297,-0.03,0,2,5,3,1
19424,172302,0.95,0,4,7,5,1
19425,172306,0.46,0,3,6,4,1
19426,172318,3.83,0,10,13,12,1
19427,172330,3.83,0,10,13,12,1
19428,172350,4.45,0,12,15,20,1
19429,172352,-0.52,0,1,4,2,1
19430,172362,3.4,0,9,12,10,1
19431,172378,3.04,0,9,12,16,1
19432,172383,0.4,0,3,6,5,1
19433,172386,-0.03,0,2,5,3,1
19434,172390,0.46,0,3,6,4,1
19435,172417,5.13,0,14,17,27,1
19436,172421,-0.09,0,2,5,4,1
19437,172424,-0.03,0,2,5,3,1
19438,172435,3.89,0,10,13,11,1
19439,172439,0.46,0,3,6,4,1
19440,172449,2.3,0,7,10,10,1
19441,172465,4.69,0,12,15,16,1
19442,172494,5.56,0,15,18,29,1
19443,172503,2.91,0,8,11,9,1
19444,172504,-1.01,0,0,3,1,1
19445,172514,2.85,0,8,11,10,1
19446,172515,-1.01,0,0,3,1,1
19447,172527,4.38,0,11,14,12,1
19448,172528,-1.01,0,0,3,1,1
19449,172532,0.46,0,3,6,4,1
19450,172535,-0.03,0,2,5,3,1
19451,172538,-0.03,0,2,5,3,1
19452,172550,2.73,0,8,11,12,1
19453,172562,4.38,0,11,14,12,1
19454,172564,-0.52,0,1,4,2,1
19455,172588,5.86,0,15,18,24,1
19456,172594,1.44,0,5,8,6,1
19457,172604,3.4,0,9,12,10,1
19458,172608,0.46,0,3,6,4,1
19459,172610,-0.52,0,1,4,2,1
19460,172614,0.46,0,3,6,4,1
19461,172625,3.34,0,9,12,11,1
19462,172628,-0.03,0,2,5,3,1
19463,172630,-0.52,0,1,4,2,1
19464,172633,-0.03,0,2,5,3,1
19465,172647,3.16,0,9,12,14,1
19466,172650,-0.03,0,2,5,3,1
19467,172651,-1.01,0,0,3,1,1
19468,172656,0.95,0,4,7,5,1
19469,172680,5.86,0,15,18,24,1
19470,172685,0.95,0,4,7,5,1
19471,172694,2.36,0,7,10,9,1
19472,172699,0.95,0,4,7,5,1
19473,172725,5.19,0,14,17,26,1
19474,172734,1.26,0,5,8,9,1
19475,172737,-0.03,0,2,5,3,1
19476,172759,5.43,0,14,17,22,1
19477,172762,-0.03,0,2,5,3,1
19478,172766,0.46,0,3,6,4,1
19479,172768,-0.52,0,1,4,2,1
19480,172776,1.87,0,6,9,8,1
19481,172780,0.46,0,3,6,4,1
19482,172782,-0.52,0,1,4,2,1
19483,172792,3.4,0,9,12,10,1
19484,172812,4.45,0,12,15,20,1
19485,172815,-0.03,0,2,5,3,1
19486,172817,-0.52,0,1,4,2,1
19487,172819,-0.52,0,1,4,2,1
19488,172821,-0.52,0,1,4,2,1
19489,172835,3.71,0,10,13,14,1
19490,172838,-0.03,0,2,5,3,1
19491,172846,1.87,0,6,9,8,1
19492,172856,1.75,0,6,9,10,1
19493,172864,2.42,0,7,10,8,1
19494,172867,-0.03,0,2,5,3,1
19495,172881,2.61,0,8,11,14,1
19496,172896,3.65,0,10,13,15,1
19497,172898,-0.52,0,1,4,2,1
19498,172902,0.46,0,3,6,4,1
19499,172907,0.95,0,4,7,5,1
19500,172921,4.26,0,11,14,14,1
19501,172932,3.89,0,10,13,11,1
19502,172934,-0.52,0,1,4,2,1
19503,172937,-0.03,0,2,5,3,1
19504,172948,3.34,0,9,12,11,1
19505,172959,2.79,0,8,11,11,1
19506,172977,4.57,0,12,15,18,1
19507,172991,3.71,0,10,13,14,1
19508,173002,2.79,0,8,11,11,1
19509,173011,1.81,0,6,9,9,1
19510,173025,3.71,0,10,13,14,1
19511,173026,-1.01,0,0,3,1,1
19512,173040,4.26,0,11,14,14,1
19513,173045,0.95,0,4,7,5,1
19514,173064,6.16,0,15,18,19,1
19515,173068,0.46,0,3,6,4,1
19516,173075,1.93,0,6,9,7,1
19517,173078,-0.03,0,2,5,3,1
19518,173086,2.42,0,7,10,8,1
19519,173092,1.44,0,5,8,6,1
19520,173116,7.51,0,18,21,24,1
19521,173117,-1.01,0,0,3,1,1
19522,173120,-0.03,0,2,5,3,1
19523,173159,11.76,1,22,25,39,0
19524,173168,2.91,0,8,11,9,1
19525,173183,4.75,0,12,15,15,1
19526,173204,4.39,0,12,15,21,1
19527,173211,1.38,0,5,8,7,1
19528,173218,1.38,0,5,8,7,1
19529,173220,-0.52,0,1,4,2,1
19530,173224,0.46,0,3,6,4,1
19531,173225,-1.01,0,0,3,1,1
19532,173237,3.28,0,9,12,12,1
19533,173239,-0.52,0,1,4,2,1
19534,173242,-0.03,0,2,5,3,1
19535,173245,-0.03,0,2,5,3,1
19536,173246,-1.01,0,0,3,1,1
19537,173280,6.91,0,18,21,34,1
19538,173287,1.38,0,5,8,7,1
19539,173297,2.3,0,7,10,10,1
19540,173323,4.64,0,13,16,26,1
19541,173331,1.87,0,6,9,8,1
19542,173338,1.38,0,5,8,7,1
19543,173342,0.46,0,3,6,4,1
19544,173344,-0.52,0,1,4,2,1
19545,173345,-1.01,0,0,3,1,1
19546,173347,-0.52,0,1,4,2,1
19547,173360,3.22,0,9,12,13,1
19548,173361,-1.01,0,0,3,1,1
19549,173368,1.93,0,6,9,7,1
19550,173369,-1.01,0,0,3,1,1
19551,173383,4.26,0,11,14,14,1
19552,173389,1.44,0,5,8,6,1
19553,173393,0.46,0,3,6,4,1
19554,173397,0.46,0,3,6,4,1
19555,173399,-0.52,0,1,4,2,1
19556,173415,5.24,0,13,16,16,1
19557,173419,-0.09,0,2,5,4,1
19558,173420,-1.01,0,0,3,1,1
19559,173457,4.53,0,14,17,37,1
19560,173459,-0.52,0,1,4,2,1
19561,173462,-0.03,0,2,5,3,1
19562,173473,3.34,0,9,12,11,1
19563,173483,2.3,0,7,10,10,1
19564,173488,0.4,0,3,6,5,1
19565,173490,-0.52,0,1,4,2,1
19566,173503,3.77,0,10,13,13,1
19567,173506,-0.03,0,2,5,3,1
19568,173523,5.18,0,13,16,17,1
19569,173525,-0.52,0,1,4,2,1
19570,173543,5.67,0,14,17,18,1
19571,173562,3.96,0,11,14,19,1
19572,173576,4.81,0,12,15,14,1
19573,173577,-1.01,0,0,3,1,1
19574,173581,-0.09,0,2,5,4,1
19575,173588,0.83,0,4,7,7,1
19576,173591,-0.03,0,2,5,3,1
19577,173592,-1.01,0,0,3,1,1
19578,173593,-1.01,0,0,3,1,1
19579,173602,2.36,0,7,10,9,1
19580,173605,-0.03,0,2,5,3,1
19581,173609,0.46,0,3,6,4,1
19582,173616,1.38,0,5,8,7,1
19583,173618,-0.52,0,1,4,2,1
19584,173622,0.46,0,3,6,4,1
19585,173648,5.74,0,15,18,26,1
19586,173665,5.73,0,14,17,17,1
19587,173675,2.3,0,7,10,10,1
19588,173687,3.28,0,9,12,12,1
19589,173691,0.46,0,3,6,4,1
19590,173694,-0.03,0,2,5,3,1
19591,173709,3.65,0,10,13,15,1
19592,173714,0.95,0,4,7,5,1
19593,173728,3.16,0,9,12,14,1
19594,173739,3.89,0,10,13,11,1
19595,173762,4.82,0,13,16,23,1
19596,173764,-0.52,0,1,4,2,1
19597,173780,4.14,0,11,14,16,1
19598,173798,4.02,0,11,14,18,1
19599,173801,-0.03,0,2,5,3,1
19600,173813,2.73,0,8,11,12,1
19601,173818,0.95,0,4,7,5,1
19602,173825,1.93,0,6,9,7,1
19603,173831,1.44,0,5,8,6,1
19604,173843,3.83,0,10,13,12,1
19605,173851,1.87,0,6,9,8,1
19606,173861,3.4,0,9,12,10,1
19607,173862,-1.01,0,0,3,1,1
19608,173879,4.08,0,11,14,17,1
19609,173902,5.37,0,14,17,23,1
19610,173924,5.43,0,14,17,22,1
19611,173947,5.37,0,14,17,23,1
19612,173949,-0.52,0,1,4,2,1
19613,173960,3.89,0,10,13,11,1
19614,173970,2.3,0,7,10,10,1
19615,173972,-0.52,0,1,4,2,1
19616,173998,5.74,0,15,18,26,1
19617,174001,-0.03,0,2,5,3,1
19618,174005,-0.09,0,2,5,4,1
19619,174013,2.42,0,7,10,8,1
19620,174015,-0.52,0,1,4,2,1
19621,174017,-0.52,0,1,4,2,1
19622,174019,-0.52,0,1,4,2,1
19623,174029,1.75,0,6,9,10,1
19624,174057,5.62,0,15,18,28,1
19625,174108,6.44,0,19,22,51,1
19626,174112,-0.09,0,2,5,4,1
19627,174121,2.36,0,7,10,9,1
19628,174125,0.46,0,3,6,4,1
19629,174140,3.65,0,10,13,15,1
19630,174149,2.91,0,8,11,9,1
19631,174170,4.39,0,12,15,21,1
19632,174184,4.81,0,12,15,14,1
19633,174205,4.94,0,13,16,21,1
19634,174209,0.46,0,3,6,4,1
19635,174215,1.44,0,5,8,6,1
19636,174228,3.77,0,10,13,13,1
19637,174233,0.95,0,4,7,5,1
19638,174234,-1.01,0,0,3,1,1
19639,174250,6.34,0,15,18,16,1
19640,174258,1.87,0,6,9,8,1
19641,174261,-0.03,0,2,5,3,1
19642,174271,2.85,0,8,11,10,1
19643,174280,2.36,0,7,10,9,1
19644,174288,2.42,0,7,10,8,1
19645,174290,-0.52,0,1,4,2,1
19646,174300,2.85,0,8,11,10,1
19647,174309,1.81,0,6,9,9,1
19648,174333,6.96,0,17,20,24,1
19649,174335,-0.52,0,1,4,2,1
19650,174340,0.95,0,4,7,5,1
19651,174345,0.95,0,4,7,5,1
19652,174355,2.3,0,7,10,10,1
19653,174358,-0.03,0,2,5,3,1
19654,174366,2.42,0,7,10,8,1
19655,174376,3.4,0,9,12,10,1
19656,174402,5.74,0,15,18,26,1
19657,174406,0.46,0,3,6,4,1
19658,174409,-0.03,0,2,5,3,1
19659,174411,-0.52,0,1,4,2,1
19660,174442,5.44,0,15,18,31,1
19661,174463,6.04,0,15,18,21,1
19662,174469,1.44,0,5,8,6,1
19663,174477,2.42,0,7,10,8,1
19664,174482,0.95,0,4,7,5,1
19665,174484,-0.52,0,1,4,2,1
19666,174491,1.93,0,6,9,7,1
19667,174493,-0.52,0,1,4,2,1
19668,174498,0.95,0,4,7,5,1
19669,174509,2.79,0,8,11,11,1
19670,174512,-0.03,0,2,5,3,1
19671,174530,5.67,0,14,17,18,1
19672,174533,-0.03,0,2,5,3,1
19673,174555,6.53,0,16,19,22,1
19674,174558,-0.03,0,2,5,3,1
19675,174568,3.4,0,9,12,10,1
19676,174570,-0.52,0,1,4,2,1
19677,174572,-0.52,0,1,4,2,1
19678,174586,4.81,0,12,15,14,1
19679,174590,0.46,0,3,6,4,1
19680,174591,-1.01,0,0,3,1,1
19681,174592,-1.01,0,0,3,1,1
19682,174600,2.42,0,7,10,8,1
19683,174601,-1.01,0,0,3,1,1
19684,174605,0.46,0,3,6,4,1
19685,174624,5.06,0,13,16,19,1
19686,174632,2.42,0,7,10,8,1
19687,174653,3.84,0,11,14,21,1
19688,174659,1.44,0,5,8,6,1
19689,174668,2.36,0,7,10,9,1
19690,174669,-1.01,0,0,3,1,1
19691,174692,5.37,0,14,17,23,1
19692,174693,-1.01,0,0,3,1,1
19693,174707,4.26,0,11,14,14,1
19694,174712,0.95,0,4,7,5,1
19695,174720,1.32,0,5,8,8,1
19696,174733,3.22,0,9,12,13,1
19697,174744,2.79,0,8,11,11,1
19698,174755,3.89,0,10,13,11,1
19699,174761,0.89,0,4,7,6,1
19700,174793,6.48,0,17,20,32,1
19701,174794,-1.01,0,0,3,1,1
19702,174802,1.87,0,6,9,8,1
19703,174813,1.69,0,6,9,11,1
19704,174829,3.59,0,10,13,16,1
19705,174839,3.4,0,9,12,10,1
19706,174841,-0.52,0,1,4,2,1
19707,174844,-0.03,0,2,5,3,1
19708,174854,2.85,0,8,11,10,1
19709,174857,-0.03,0,2,5,3,1
19710,174864,1.93,0,6,9,7,1
19711,174881,4.63,0,12,15,17,1
19712,174882,-1.01,0,0,3,1,1
19713,174890,2.42,0,7,10,8,1
19714,174900,2.85,0,8,11,10,1
19715,174902,-0.52,0,1,4,2,1
19716,174903,-1.01,0,0,3,1,1
19717,174927,5.86,0,15,18,24,1
19718,174931,0.46,0,3,6,4,1
19719,174936,0.95,0,4,7,5,1
19720,174945,2.36,0,7,10,9,1
19721,174962,5.18,0,13,16,17,1
19722,174967,0.95,0,4,7,5,1
19723,174971,0.46,0,3,6,4,1
19724,174974,-0.03,0,2,5,3,1
19725,174977,-0.03,0,2,5,3,1
19726,174984,1.38,0,5,8,7,1
19727,174986,-0.52,0,1,4,2,1
19728,174992,0.89,0,4,7,6,1
19729,174994,-0.52,0,1,4,2,1
19730,175003,2.91,0,8,11,9,1
19731,175008,0.95,0,4,7,5,1
19732,175013,0.95,0,4,7,5,1
19733,175032,6.71,0,16,19,19,1
19734,175041,2.36,0,7,10,9,1
19735,175050,1.81,0,6,9,9,1
19736,175051,-1.01,0,0,3,1,1
19737,175062,2.79,0,8,11,11,1
19738,175071,1.81,0,6,9,9,1
19739,175082,2.79,0,8,11,11,1
19740,175087,0.95,0,4,7,5,1
19741,175090,-0.03,0,2,5,3,1
19742,175094,0.46,0,3,6,4,1
19743,175111,3.53,0,10,13,17,1
19744,175118,1.38,0,5,8,7,1
19745,175119,-1.01,0,0,3,1,1
19746,175124,0.95,0,4,7,5,1
19747,175145,6.04,0,15,18,21,1
19748,175160,3.1,0,9,12,15,1
19749,175163,-0.03,0,2,5,3,1
19750,175168,0.95,0,4,7,5,1
19751,175175,1.93,0,6,9,7,1
19752,175180,0.95,0,4,7,5,1
19753,175193,2.12,0,7,10,13,1
19754,175208,4.2,0,11,14,15,1
19755,175228,5.55,0,14,17,20,1
19756,175237,2.36,0,7,10,9,1
19757,175238,-1.01,0,0,3,1,1
19758,175247,2.36,0,7,10,9,1
19759,175254,1.93,0,6,9,7,1
19760,175255,-1.01,0,0,3,1,1
19761,175299,7.41,0,20,23,44,1
19762,175308,2.91,0,8,11,9,1
19763,175309,-1.01,0,0,3,1,1
19764,175311,-0.52,0,1,4,2,1
19765,175313,-0.52,0,1,4,2,1
19766,175315,-0.52,0,1,4,2,1
19767,175319,0.46,0,3,6,4,1
19768,175324,0.95,0,4,7,5,1
19769,175327,-0.03,0,2,5,3,1
19770,175337,2.3,0,7,10,10,1
19771,175340,-0.03,0,2,5,3,1
19772,175342,-0.52,0,1,4,2,1
19773,175356,3.71,0,10,13,14,1
19774,175357,-1.01,0,0,3,1,1
19775,175370,2.67,0,8,11,13,1
19776,175373,-0.03,0,2,5,3,1
19777,175381,2.42,0,7,10,8,1
19778,175391,2.85,0,8,11,10,1
19779,175395,0.46,0,3,6,4,1
19780,175398,-0.03,0,2,5,3,1
19781,175399,-1.01,0,0,3,1,1
19782,175405,0.89,0,4,7,6,1
19783,175408,-0.03,0,2,5,3,1
19784,175413,0.4,0,3,6,5,1
19785,175422,2.91,0,8,11,9,1
19786,175426,0.46,0,3,6,4,1
19787,175431,0.95,0,4,7,5,1
19788,175447,4.14,0,11,14,16,1
19789,175453,1.44,0,5,8,6,1
19790,175458,0.95,0,4,7,5,1
19791,175461,-0.03,0,2,5,3,1
19792,175516,6.2,0,19,22,55,1
19793,175521,0.4,0,3,6,5,1
19794,175528,1.93,0,6,9,7,1
19795,175541,3.77,0,10,13,13,1
19796,175553,3.28,0,9,12,12,1
19797,175555,-0.52,0,1,4,2,1
19798,175562,1.38,0,5,8,7,1
19799,175571,2.91,0,8,11,9,1
19800,175572,-1.01,0,0,3,1,1
19801,175573,-1.01,0,0,3,1,1
19802,175587,3.71,0,10,13,14,1
19803,175612,6.35,0,16,19,25,1
19804,175629,5.73,0,14,17,17,1
19805,175631,-0.52,0,1,4,2,1
19806,175633,-0.52,0,1,4,2,1
19807,175637,0.46,0,3,6,4,1
19808,175639,-0.52,0,1,4,2,1
19809,175642,-0.03,0,2,5,3,1
19810,175654,3.28,0,9,12,12,1
19811,175659,0.4,0,3,6,5,1
19812,175683,5.86,0,15,18,24,1
19813,175689,1.44,0,5,8,6,1
19814,175690,-1.01,0,0,3,1,1
19815,175691,-1.01,0,0,3,1,1
19816,175693,-0.52,0,1,4,2,1
19817,175695,-0.52,0,1,4,2,1
19818,175697,-0.52,0,1,4,2,1
19819,175701,0.46,0,3,6,4,1
19820,175702,-1.01,0,0,3,1,1
19821,175720,3.47,0,10,13,18,1
19822,175732,3.83,0,10,13,12,1
19823,175749,3.53,0,10,13,17,1
19824,175758,2.91,0,8,11,9,1
19825,175761,-0.03,0,2,5,3,1
19826,175773,2.73,0,8,11,12,1
19827,175775,-0.52,0,1,4,2,1
19828,175793,4.57,0,12,15,18,1
19829,175811,4.57,0,12,15,18,1
19830,175822,3.34,0,9,12,11,1
19831,175828,1.44,0,5,8,6,1
19832,175837,2.91,0,8,11,9,1
19833,175840,-0.03,0,2,5,3,1
19834,175842,-0.52,0,1,4,2,1
19835,175848,1.44,0,5,8,6,1
19836,175853,0.4,0,3,6,5,1
19837,175861,1.87,0,6,9,8,1
19838,175863,-0.52,0,1,4,2,1
19839,175866,-0.03,0,2,5,3,1
19840,175869,-0.03,0,2,5,3,1
19841,175888,5.61,0,14,17,19,1
19842,175891,-0.03,0,2,5,3,1
19843,175897,1.44,0,5,8,6,1
19844,175914,4.63,0,12,15,17,1
19845,175918,0.46,0,3,6,4,1
19846,175926,1.87,0,6,9,8,1
19847,175935,2.36,0,7,10,9,1
19848,175943,1.87,0,6,9,8,1
19849,175951,1.87,0,6,9,8,1
19850,175957,1.44,0,5,8,6,1
19851,175972,4.75,0,12,15,15,1
19852,175974,-0.52,0,1,4,2,1
19853,175977,-0.03,0,2,5,3,1
19854,175980,-0.03,0,2,5,3,1
19855,175983,-0.03,0,2,5,3,1
19856,175986,-0.03,0,2,5,3,1
19857,176006,5.0,0,13,16,20,1
19858,176010,0.46,0,3,6,4,1
19859,176018,1.87,0,6,9,8,1
19860,176025,1.38,0,5,8,7,1
19861,176031,1.44,0,5,8,6,1
19862,176037,1.44,0,5,8,6,1
19863,176050,4.32,0,11,14,13,1
19864,176082,5.93,0,16,19,32,1
19865,176091,2.36,0,7,10,9,1
19866,176117,5.74,0,15,18,26,1
19867,176135,5.12,0,13,16,18,1
19868,176146,3.34,0,9,12,11,1
19869,176147,-1.01,0,0,3,1,1
19870,176152,0.4,0,3,6,5,1
19871,176165,3.77,0,10,13,13,1
19872,176166,-1.01,0,0,3,1,1
19873,176168,-0.52,0,1,4,2,1
19874,176188,4.45,0,12,15,20,1
19875,176194,1.44,0,5,8,6,1
19876,176197,-0.03,0,2,5,3,1
19877,176214,4.08,0,11,14,17,1
19878,176216,-0.52,0,1,4,2,1
19879,176219,-0.03,0,2,5,3,1
19880,176223,0.46,0,3,6,4,1
19881,176224,-1.01,0,0,3,1,1
19882,176248,3.66,0,11,14,24,1
19883,176252,0.46,0,3,6,4,1
19884,176253,-1.01,0,0,3,1,1
19885,176255,-0.52,0,1,4,2,1
19886,176279,6.41,0,16,19,24,1
19887,176281,-0.52,0,1,4,2,1
19888,176287,1.44,0,5,8,6,1
19889,176298,3.34,0,9,12,11,1
19890,176314,5.79,0,14,17,16,1
19891,176316,-0.52,0,1,4,2,1
19892,176318,-0.52,0,1,4,2,1
19893,176321,-0.03,0,2,5,3,1
19894,176328,1.38,0,5,8,7,1
19895,176331,-0.03,0,2,5,3,1
19896,176332,-1.01,0,0,3,1,1
19897,176333,-1.01,0,0,3,1,1
19898,176342,2.91,0,8,11,9,1
19899,176353,3.34,0,9,12,11,1
19900,176357,0.46,0,3,6,4,1
19901,176366,2.36,0,7,10,9,1
19902,176367,-1.01,0,0,3,1,1
19903,176368,-1.01,0,0,3,1,1
19904,176371,-0.03,0,2,5,3,1
19905,176372,-1.01,0,0,3,1,1
19906,176373,-1.01,0,0,3,1,1
19907,176383,2.85,0,8,11,10,1
19908,176390,1.93,0,6,9,7,1
19909,176398,2.42,0,7,10,8,1
19910,176399,-1.01,0,0,3,1,1
19911,176401,-0.52,0,1,4,2,1
19912,176402,-1.01,0,0,3,1,1
19913,176417,3.65,0,10,13,15,1
19914,176429,4.38,0,11,14,12,1
19915,176431,-0.52,0,1,4,2,1
19916,176435,0.46,0,3,6,4,1
19917,176436,-1.01,0,0,3,1,1
19918,176440,0.46,0,3,6,4,1
19919,176448,1.87,0,6,9,8,1
19920,176451,-0.03,0,2,5,3,1
19921,176458,1.38,0,5,8,7,1
19922,176467,1.81,0,6,9,9,1
19923,176468,-1.01,0,0,3,1,1
19924,176476,1.87,0,6,9,8,1
19925,176483,1.93,0,6,9,7,1
19926,176485,-0.52,0,1,4,2,1
19927,176486,-1.01,0,0,3,1,1
19928,176490,0.46,0,3,6,4,1
19929,176497,1.93,0,6,9,7,1
19930,176507,3.4,0,9,12,10,1
19931,176518,3.34,0,9,12,11,1
19932,176539,5.49,0,14,17,21,1
19933,176541,-0.52,0,1,4,2,1
19934,176544,-0.03,0,2,5,3,1
19935,176556,1.63,0,6,9,12,1
19936,176558,-0.52,0,1,4,2,1
19937,176560,-0.52,0,1,4,2,1
19938,176563,-0.03,0,2,5,3,1
19939,176566,-0.03,0,2,5,3,1
19940,176588,5.98,0,15,18,22,1
19941,176590,-0.52,0,1,4,2,1
19942,176596,1.44,0,5,8,6,1
19943,176598,-0.52,0,1,4,2,1
19944,176599,-1.01,0,0,3,1,1
19945,176603,0.46,0,3,6,4,1
19946,176607,0.46,0,3,6,4,1
19947,176610,-0.03,0,2,5,3,1
19948,176614,0.46,0,3,6,4,1
19949,176616,-0.52,0,1,4,2,1
19950,176618,-0.52,0,1,4,2,1
19951,176629,3.89,0,10,13,11,1
19952,176650,4.94,0,13,16,21,1
19953,176668,4.02,0,11,14,18,1
19954,176674,0.89,0,4,7,6,1
19955,176684,3.4,0,9,12,10,1
19956,176686,-0.52,0,1,4,2,1
19957,176697,2.79,0,8,11,11,1
19958,176704,1.38,0,5,8,7,1
19959,176705,-1.01,0,0,3,1,1
19960,176724,5.06,0,13,16,19,1
19961,176728,0.46,0,3,6,4,1
19962,176734,1.44,0,5,8,6,1
19963,176737,-0.03,0,2,5,3,1
19964,176762,5.8,0,15,18,25,1
19965,176773,3.34,0,9,12,11,1
19966,176779,1.44,0,5,8,6,1
19967,176782,-0.03,0,2,5,3,1
19968,176784,-0.52,0,1,4,2,1
19969,176786,-0.52,0,1,4,2,1
19970,176793,1.93,0,6,9,7,1
19971,176798,0.95,0,4,7,5,1
19972,176825,6.78,0,17,20,27,1
19973,176830,0.95,0,4,7,5,1
19974,176841,2.79,0,8,11,11,1
19975,176848,1.93,0,6,9,7,1
19976,176861,3.22,0,9,12,13,1
19977,176865,0.46,0,3,6,4,1
19978,176868,-0.03,0,2,5,3,1
19979,176869,-1.01,0,0,3,1,1
19980,176874,0.95,0,4,7,5,1
19981,176879,0.4,0,3,6,5,1
19982,176883,0.46,0,3,6,4,1
19983,176908,6.35,0,16,19,25,1
19984,176912,0.46,0,3,6,4,1
19985,176916,0.46,0,3,6,4,1
19986,176921,0.95,0,4,7,5,1
19987,176929,1.87,0,6,9,8,1
19988,176934,0.95,0,4,7,5,1
19989,176935,-1.01,0,0,3,1,1
19990,176936,-1.01,0,0,3,1,1
19991,176942,1.44,0,5,8,6,1
19992,176959,4.63,0,12,15,17,1
19993,176963,0.46,0,3,6,4,1
19994,176965,-0.52,0,1,4,2,1
19995,176974,2.91,0,8,11,9,1
19996,176980,0.89,0,4,7,6,1
19997,176983,-0.03,0,2,5,3,1
19998,176984,-1.01,0,0,3,1,1
19999,176995,2.79,0,8,11,11,1
20000,176999,0.46,0,3,6,4,1
20001,177008,2.91,0,8,11,9,1
20002,177011,-0.03,0,2,5,3,1
20003,177012,-1.01,0,0,3,1,1
20004,177014,-0.52,0,1,4,2,1
20005,177015,-1.01,0,0,3,1,1
20006,177016,-1.01,0,0,3,1,1
20007,177022,1.44,0,5,8,6,1
20008,177025,-0.03,0,2,5,3,1
20009,177026,-1.01,0,0,3,1,1
20010,177032,1.44,0,5,8,6,1
20011,177042,2.85,0,8,11,10,1
20012,177063,4.39,0,12,15,21,1
20013,177075,2.73,0,8,11,12,1
20014,177096,4.94,0,13,16,21,1
20015,177098,-0.52,0,1,4,2,1
20016,177137,7.71,0,20,23,39,1
20017,177164,6.23,0,16,19,27,1
20018,177173,2.36,0,7,10,9,1
20019,177175,-0.52,0,1,4,2,1
20020,177181,1.44,0,5,8,6,1
20021,177186,0.4,0,3,6,5,1
20022,177193,1.93,0,6,9,7,1
20023,177199,1.44,0,5,8,6,1
20024,177208,2.36,0,7,10,9,1
20025,177228,5.0,0,13,16,20,1
20026,177234,1.44,0,5,8,6,1
20027,177245,2.79,0,8,11,11,1
20028,177246,-1.01,0,0,3,1,1
20029,177271,5.8,0,15,18,25,1
20030,177280,2.36,0,7,10,9,1
20031,177282,-0.52,0,1,4,2,1
20032,177287,0.95,0,4,7,5,1
20033,177290,-0.03,0,2,5,3,1
20034,177292,-0.52,0,1,4,2,1
20035,177296,0.46,0,3,6,4,1
20036,177311,4.75,0,12,15,15,1
20037,177331,4.45,0,12,15,20,1
20038,177335,0.46,0,3,6,4,1
20039,177341,0.89,0,4,7,6,1
20040,177344,-0.03,0,2,5,3,1
20041,177349,0.95,0,4,7,5,1
20042,177368,5.06,0,13,16,19,1
20043,177396,6.17,0,16,19,28,1
20044,177401,0.95,0,4,7,5,1
20045,177443,5.88,0,17,20,42,1
20046,177450,1.93,0,6,9,7,1
20047,177469,5.61,0,14,17,19,1
20048,177471,-0.52,0,1,4,2,1
20049,177479,1.87,0,6,9,8,1
20050,177496,5.18,0,13,16,17,1
20051,177499,-0.03,0,2,5,3,1
20052,177502,-0.03,0,2,5,3,1
20053,177505,-0.03,0,2,5,3,1
20054,177513,2.42,0,7,10,8,1
20055,177515,-0.52,0,1,4,2,1
20056,177516,-1.01,0,0,3,1,1
20057,177519,-0.03,0,2,5,3,1
20058,177542,4.82,0,13,16,23,1
20059,177543,-1.01,0,0,3,1,1
20060,177562,5.61,0,14,17,19,1
20061,177566,0.46,0,3,6,4,1
20062,177567,-1.01,0,0,3,1,1
20063,177578,3.34,0,9,12,11,1
20064,177580,-0.52,0,1,4,2,1
20065,177587,1.38,0,5,8,7,1
20066,177593,0.89,0,4,7,6,1
20067,177594,-1.01,0,0,3,1,1
20068,177603,2.36,0,7,10,9,1
20069,177611,1.87,0,6,9,8,1
20070,177613,-0.52,0,1,4,2,1
20071,177631,5.67,0,14,17,18,1
20072,177634,-0.03,0,2,5,3,1
20073,177657,5.37,0,14,17,23,1
20074,177674,4.08,0,11,14,17,1
20075,177680,1.44,0,5,8,6,1
20076,177682,-0.52,0,1,4,2,1
20077,177683,-1.01,0,0,3,1,1
20078,177687,0.46,0,3,6,4,1
20079,177688,-1.01,0,0,3,1,1
20080,177707,5.06,0,13,16,19,1
20081,177718,2.79,0,8,11,11,1
20082,177730,3.83,0,10,13,12,1
20083,177738,2.42,0,7,10,8,1
20084,177750,3.28,0,9,12,12,1
20085,177757,1.93,0,6,9,7,1
20086,177773,3.04,0,9,12,16,1
20087,177790,5.18,0,13,16,17,1
20088,177798,1.87,0,6,9,8,1
20089,177827,7.21,0,18,21,29,1
20090,177837,2.85,0,8,11,10,1
20091,177845,1.32,0,5,8,8,1
20092,177861,5.79,0,14,17,16,1
20093,177886,4.7,0,13,16,25,1
20094,177901,3.65,0,10,13,15,1
20095,177903,-0.52,0,1,4,2,1
20096,177906,-0.03,0,2,5,3,1
20097,177913,1.38,0,5,8,7,1
20098,177917,0.46,0,3,6,4,1
20099,177929,1.63,0,6,9,12,1
20100,177937,1.32,0,5,8,8,1
20101,177964,7.33,0,18,21,27,1
20102,177969,0.95,0,4,7,5,1
20103,177970,-1.01,0,0,3,1,1
20104,177992,5.43,0,14,17,22,1
20105,177996,0.46,0,3,6,4,1
20106,178005,2.36,0,7,10,9,1
20107,178011,1.44,0,5,8,6,1
20108,178015,0.46,0,3,6,4,1
20109,178020,0.95,0,4,7,5,1
20110,178028,1.87,0,6,9,8,1
20111,178029,-1.01,0,0,3,1,1
20112,178032,-0.03,0,2,5,3,1
20113,178036,0.46,0,3,6,4,1
20114,178090,5.16,0,17,20,54,1
20115,178094,0.46,0,3,6,4,1
20116,178096,-0.52,0,1,4,2,1
20117,178106,2.3,0,7,10,10,1
20118,178114,1.32,0,5,8,8,1
20119,178118,0.46,0,3,6,4,1
20120,178122,0.46,0,3,6,4,1
20121,178127,0.95,0,4,7,5,1
20122,178135,2.42,0,7,10,8,1
20123,178141,1.44,0,5,8,6,1
20124,178144,-0.03,0,2,5,3,1
20125,178154,2.85,0,8,11,10,1
20126,178159,0.4,0,3,6,5,1
20127,178162,-0.03,0,2,5,3,1
20128,178169,1.38,0,5,8,7,1
20129,178179,2.85,0,8,11,10,1
20130,178180,-1.01,0,0,3,1,1
20131,178199,3.41,0,10,13,19,1
20132,178202,-0.03,0,2,5,3,1
20133,178207,0.4,0,3,6,5,1
20134,178229,5.98,0,15,18,22,1
20135,178235,0.34,0,3,6,6,1
20136,178239,-0.09,0,2,5,4,1
20137,178244,0.4,0,3,6,5,1
20138,178246,-0.52,0,1,4,2,1
20139,178251,0.95,0,4,7,5,1
20140,178259,1.87,0,6,9,8,1
20141,178274,3.1,0,9,12,15,1
20142,178286,4.38,0,11,14,12,1
20143,178290,-0.09,0,2,5,4,1
20144,178300,3.4,0,9,12,10,1
20145,178303,-0.03,0,2,5,3,1
20146,178320,5.18,0,13,16,17,1
20147,178327,1.93,0,6,9,7,1
20148,178339,2.73,0,8,11,12,1
20149,178341,-0.52,0,1,4,2,1
20150,178345,-0.09,0,2,5,4,1
20151,178354,1.81,0,6,9,9,1
20152,178367,3.22,0,9,12,13,1
20153,178374,1.93,0,6,9,7,1
20154,178400,3.54,0,11,14,26,1
20155,178407,1.93,0,6,9,7,1
20156,178408,-1.01,0,0,3,1,1
20157,178418,2.85,0,8,11,10,1
20158,178420,-0.52,0,1,4,2,1
20159,178442,3.78,0,11,14,22,1
20160,178451,2.91,0,8,11,9,1
20161,178453,-0.52,0,1,4,2,1
20162,178466,4.32,0,11,14,13,1
20163,178467,-1.01,0,0,3,1,1
20164,178470,-0.03,0,2,5,3,1
20165,178472,-0.52,0,1,4,2,1
20166,178475,-0.03,0,2,5,3,1
20167,178477,-0.52,0,1,4,2,1
20168,178497,5.0,0,13,16,20,1
20169,178499,-0.52,0,1,4,2,1
20170,178530,3.24,0,11,14,31,1
20171,178540,2.85,0,8,11,10,1
20172,178541,-1.01,0,0,3,1,1
20173,178551,2.3,0,7,10,10,1
20174,178560,2.91,0,8,11,9,1
20175,178566,1.44,0,5,8,6,1
20176,178567,-1.01,0,0,3,1,1
20177,178582,4.75,0,12,15,15,1
20178,178585,-0.03,0,2,5,3,1
20179,178588,-0.03,0,2,5,3,1
20180,178589,-1.01,0,0,3,1,1
20181,178593,0.46,0,3,6,4,1
20182,178595,-0.52,0,1,4,2,1
20183,178599,0.46,0,3,6,4,1
20184,178608,2.36,0,7,10,9,1
20185,178614,1.44,0,5,8,6,1
20186,178620,1.44,0,5,8,6,1
20187,178640,4.45,0,12,15,20,1
20188,178641,-1.01,0,0,3,1,1
20189,178647,1.44,0,5,8,6,1
20190,178648,-1.01,0,0,3,1,1
20191,178671,5.92,0,15,18,23,1
20192,178691,5.55,0,14,17,20,1
20193,178700,2.91,0,8,11,9,1
20194,178704,0.46,0,3,6,4,1
20195,178712,2.42,0,7,10,8,1
20196,178730,4.57,0,12,15,18,1
20197,178755,5.25,0,14,17,25,1
20198,178757,-0.52,0,1,4,2,1
20199,178786,2.26,0,9,12,29,1
20200,178795,2.91,0,8,11,9,1
20201,178828,4.22,0,13,16,33,1
20202,178842,2.61,0,8,11,14,1
20203,178845,-0.03,0,2,5,3,1
20204,178849,0.46,0,3,6,4,1
20205,178859,1.2,0,5,8,10,1
20206,178861,-0.52,0,1,4,2,1
20207,178866,0.95,0,4,7,5,1
20208,178870,0.46,0,3,6,4,1
20209,178904,6.91,0,18,21,34,1
20210,178924,5.0,0,13,16,20,1
20211,178943,5.06,0,13,16,19,1
20212,178948,0.95,0,4,7,5,1
20213,178952,0.46,0,3,6,4,1
20214,178969,3.53,0,10,13,17,1
20215,178986,3.53,0,10,13,17,1
20216,178999,3.77,0,10,13,13,1
20217,179016,4.63,0,12,15,17,1
20218,179017,-1.01,0,0,3,1,1
20219,179028,3.34,0,9,12,11,1
20220,179039,2.79,0,8,11,11,1
20221,179041,-0.52,0,1,4,2,1
20222,179079,7.77,0,20,23,38,1
20223,179081,-0.52,0,1,4,2,1
20224,179090,2.91,0,8,11,9,1
20225,179103,4.32,0,11,14,13,1
20226,179117,4.26,0,11,14,14,1
20227,179124,1.38,0,5,8,7,1
20228,179130,1.44,0,5,8,6,1
20229,179150,5.0,0,13,16,20,1
20230,179154,0.46,0,3,6,4,1
20231,179156,-0.52,0,1,4,2,1
20232,179161,0.95,0,4,7,5,1
20233,179166,0.95,0,4,7,5,1
20234,179169,-0.58,0,1,4,3,1
20235,179174,0.4,0,3,6,5,1
20236,179182,1.87,0,6,9,8,1
20237,179185,-0.03,0,2,5,3,1
20238,179187,-0.52,0,1,4,2,1
20239,179200,3.77,0,10,13,13,1
20240,179204,0.46,0,3,6,4,1
20241,179209,0.4,0,3,6,5,1
20242,179225,4.14,0,11,14,16,1
20243,179228,-0.03,0,2,5,3,1
20244,179246,5.67,0,14,17,18,1
20245,179251,0.4,0,3,6,5,1
20246,179254,-0.03,0,2,5,3,1
20247,179263,1.81,0,6,9,9,1
20248,179302,6.61,0,18,21,39,1
20249,179307,0.95,0,4,7,5,1
20250,179316,2.91,0,8,11,9,1
20251,179319,-0.03,0,2,5,3,1
20252,179323,0.46,0,3,6,4,1
20253,179337,2.61,0,8,11,14,1
20254,179343,1.44,0,5,8,6,1
20255,179373,5.5,0,15,18,30,1
20256,179378,0.95,0,4,7,5,1
20257,179389,3.34,0,9,12,11,1
20258,179399,1.75,0,6,9,10,1
20259,179402,-0.03,0,2,5,3,1
20260,179411,1.81,0,6,9,9,1
20261,179459,6.07,0,18,21,48,1
20262,179463,0.46,0,3,6,4,1
20263,179464,-1.01,0,0,3,1,1
20264,179472,1.87,0,6,9,8,1
20265,179475,-0.03,0,2,5,3,1
20266,179491,4.14,0,11,14,16,1
20267,179506,3.1,0,9,12,15,1
20268,179509,-0.03,0,2,5,3,1
20269,179511,-0.52,0,1,4,2,1
20270,179521,2.3,0,7,10,10,1
20271,179525,0.46,0,3,6,4,1
20272,179539,4.26,0,11,14,14,1
20273,179561,5.43,0,14,17,22,1
20274,179562,-1.01,0,0,3,1,1
20275,179570,1.32,0,5,8,8,1
20276,179577,1.93,0,6,9,7,1
20277,179582,0.4,0,3,6,5,1
20278,179601,5.06,0,13,16,19,1
20279,179605,-0.09,0,2,5,4,1
20280,179613,2.42,0,7,10,8,1
20281,179615,-0.52,0,1,4,2,1
20282,179621,1.44,0,5,8,6,1
20283,179644,5.37,0,14,17,23,1
20284,179652,2.42,0,7,10,8,1
20285,179671,6.16,0,15,18,19,1
20286,179678,1.93,0,6,9,7,1
20287,179701,5.37,0,14,17,23,1
20288,179712,3.89,0,10,13,11,1
20289,179718,1.44,0,5,8,6,1
20290,179730,2.73,0,8,11,12,1
20291,179732,-0.52,0,1,4,2,1
20292,179737,0.95,0,4,7,5,1
20293,179745,2.42,0,7,10,8,1
20294,179767,7.08,0,17,20,22,1
20295,179769,-0.52,0,1,4,2,1
20296,179776,1.93,0,6,9,7,1
20297,179780,0.46,0,3,6,4,1
20298,179781,-1.01,0,0,3,1,1
20299,179788,0.83,0,4,7,7,1
20300,179796,2.42,0,7,10,8,1
20301,179806,2.85,0,8,11,10,1
20302,179818,3.28,0,9,12,12,1
20303,179819,-1.01,0,0,3,1,1
20304,179831,3.83,0,10,13,12,1
20305,179854,5.37,0,14,17,23,1
20306,179864,2.3,0,7,10,10,1
20307,179867,-0.03,0,2,5,3,1
20308,179868,-1.01,0,0,3,1,1
20309,179873,0.95,0,4,7,5,1
20310,179882,2.91,0,8,11,9,1
20311,179895,3.77,0,10,13,13,1
20312,179913,4.57,0,12,15,18,1
20313,179914,-1.01,0,0,3,1,1
20314,179916,-0.52,0,1,4,2,1
20315,179947,5.99,0,16,19,31,1
20316,179951,0.46,0,3,6,4,1
20317,179952,-1.01,0,0,3,1,1
20318,179957,0.4,0,3,6,5,1
20319,179958,-1.01,0,0,3,1,1
20320,179963,0.95,0,4,7,5,1
20321,179974,3.34,0,9,12,11,1
20322,180011,7.83,0,20,23,37,1
20323,180014,-0.03,0,2,5,3,1
20324,180015,-1.01,0,0,3,1,1
20325,180023,1.87,0,6,9,8,1
20326,180029,1.44,0,5,8,6,1
20327,180046,2.98,0,9,12,17,1
20328,180092,3.99,0,14,17,46,1
20329,180097,0.95,0,4,7,5,1
20330,180107,3.4,0,9,12,10,1
20331,180118,2.24,0,7,10,11,1
20332,180127,2.36,0,7,10,9,1
20333,180136,2.36,0,7,10,9,1
20334,180138,-0.52,0,1,4,2,1
20335,180139,-1.01,0,0,3,1,1
20336,180140,-1.01,0,0,3,1,1
20337,180150,2.85,0,8,11,10,1
20338,180158,1.87,0,6,9,8,1
20339,180168,2.85,0,8,11,10,1
20340,180182,3.71,0,10,13,14,1
20341,180196,3.16,0,9,12,14,1
20342,180213,3.53,0,10,13,17,1
20343,180218,0.95,0,4,7,5,1
20344,180228,2.85,0,8,11,10,1
20345,180250,3.78,0,11,14,22,1
20346,180253,-0.03,0,2,5,3,1
20347,180262,1.81,0,6,9,9,1
20348,180263,-1.01,0,0,3,1,1
20349,180266,-0.03,0,2,5,3,1
20350,180272,0.89,0,4,7,6,1
20351,180278,0.89,0,4,7,6,1
20352,180290,2.73,0,8,11,12,1
20353,180298,1.87,0,6,9,8,1
20354,180342,6.86,0,19,22,44,1
20355,180343,-1.01,0,0,3,1,1
20356,180344,-1.01,0,0,3,1,1
20357,180345,-1.01,0,0,3,1,1
20358,180358,3.77,0,10,13,13,1
20359,180366,2.42,0,7,10,8,1
20360,180369,-0.03,0,2,5,3,1
20361,180380,3.34,0,9,12,11,1
20362,180392,2.73,0,8,11,12,1
20363,180396,0.46,0,3,6,4,1
20364,180400,0.46,0,3,6,4,1
20365,180403,-0.03,0,2,5,3,1
20366,180412,1.81,0,6,9,9,1
20367,180420,1.87,0,6,9,8,1
20368,180438,3.47,0,10,13,18,1
20369,180448,1.2,0,5,8,10,1
20370,180458,2.85,0,8,11,10,1
20371,180462,0.46,0,3,6,4,1
20372,180473,2.79,0,8,11,11,1
20373,180474,-1.01,0,0,3,1,1
20374,180479,0.95,0,4,7,5,1
20375,180481,-0.52,0,1,4,2,1
20376,180485,0.46,0,3,6,4,1
20377,180489,0.46,0,3,6,4,1
20378,180492,-0.03,0,2,5,3,1
20379,180505,3.22,0,9,12,13,1
20380,180529,5.31,0,14,17,24,1
20381,180530,-1.01,0,0,3,1,1
20382,180532,-0.52,0,1,4,2,1
20383,180544,4.38,0,11,14,12,1
20384,180556,2.73,0,8,11,12,1
20385,180598,6.43,0,18,21,42,1
20386,180604,1.44,0,5,8,6,1
20387,180614,2.85,0,8,11,10,1
20388,180615,-1.01,0,0,3,1,1
20389,180624,2.91,0,8,11,9,1
20390,180630,1.44,0,5,8,6,1
20391,180632,-0.52,0,1,4,2,1
20392,180661,6.11,0,16,19,29,1
20393,180697,7.89,0,20,23,36,1
20394,180716,3.96,0,11,14,19,1
20395,180726,2.3,0,7,10,10,1
20396,180748,6.53,0,16,19,22,1
20397,180756,1.87,0,6,9,8,1
20398,180760,-0.09,0,2,5,4,1
20399,180778,4.57,0,12,15,18,1
20400,180793,3.65,0,10,13,15,1
20401,180796,-0.03,0,2,5,3,1
20402,180802,1.44,0,5,8,6,1
20403,180803,-1.01,0,0,3,1,1
20404,180808,0.95,0,4,7,5,1
20405,180810,-0.52,0,1,4,2,1
20406,180811,-1.01,0,0,3,1,1
20407,180812,-1.01,0,0,3,1,1
20408,180822,3.4,0,9,12,10,1
20409,180835,3.22,0,9,12,13,1
20410,180843,2.42,0,7,10,8,1
20411,180846,-0.03,0,2,5,3,1
20412,180854,1.87,0,6,9,8,1
20413,180862,1.87,0,6,9,8,1
20414,180867,0.4,0,3,6,5,1
20415,180877,2.3,0,7,10,10,1
20416,180880,-0.03,0,2,5,3,1
20417,180884,0.46,0,3,6,4,1
20418,180886,-0.52,0,1,4,2,1
20419,180895,1.81,0,6,9,9,1
20420,180902,1.38,0,5,8,7,1
20421,180908,1.44,0,5,8,6,1
20422,180924,4.69,0,12,15,16,1
20423,180929,0.95,0,4,7,5,1
20424,180934,0.95,0,4,7,5,1
20425,180946,2.18,0,7,10,12,1
20426,180967,4.39,0,12,15,21,1
20427,180979,3.83,0,10,13,12,1
20428,180993,3.16,0,9,12,14,1
20429,180994,-1.01,0,0,3,1,1
20430,181004,3.4,0,9,12,10,1
20431,181006,-0.52,0,1,4,2,1
20432,181035,6.66,0,17,20,29,1
20433,181037,-0.52,0,1,4,2,1
20434,181044,1.38,0,5,8,7,1
20435,181047,-0.03,0,2,5,3,1
20436,181059,3.28,0,9,12,12,1
20437,181078,5.06,0,13,16,19,1
20438,181101,4.82,0,13,16,23,1
20439,181104,-0.03,0,2,5,3,1
20440,181120,4.14,0,11,14,16,1
20441,181131,3.89,0,10,13,11,1
20442,181139,1.32,0,5,8,8,1
20443,181142,-0.03,0,2,5,3,1
20444,181162,6.1,0,15,18,20,1
20445,181174,4.38,0,11,14,12,1
20446,181178,0.46,0,3,6,4,1
20447,181179,-1.01,0,0,3,1,1
20448,181183,0.46,0,3,6,4,1
20449,181191,1.32,0,5,8,8,1
20450,181192,-1.01,0,0,3,1,1
20451,181197,0.95,0,4,7,5,1
20452,181229,5.38,0,15,18,32,1
20453,181230,-1.01,0,0,3,1,1
20454,181244,3.71,0,10,13,14,1
20455,181248,-0.09,0,2,5,4,1
20456,181250,-0.52,0,1,4,2,1
20457,181251,-1.01,0,0,3,1,1
20458,181256,0.95,0,4,7,5,1
20459,181259,-0.03,0,2,5,3,1
20460,181260,-1.01,0,0,3,1,1
20461,181263,-0.03,0,2,5,3,1
20462,181267,0.46,0,3,6,4,1
20463,181274,1.93,0,6,9,7,1
20464,181284,2.85,0,8,11,10,1
20465,181285,-1.01,0,0,3,1,1
20466,181323,6.67,0,18,21,38,1
20467,181337,3.71,0,10,13,14,1
20468,181345,1.87,0,6,9,8,1
20469,181353,1.87,0,6,9,8,1
20470,181359,1.44,0,5,8,6,1
20471,181373,3.71,0,10,13,14,1
20472,181403,6.6,0,17,20,30,1
20473,181413,2.85,0,8,11,10,1
20474,181414,-1.01,0,0,3,1,1
20475,181429,4.2,0,11,14,15,1
20476,181436,1.93,0,6,9,7,1
20477,181445,2.36,0,7,10,9,1
20478,181447,-0.52,0,1,4,2,1
20479,181469,6.53,0,16,19,22,1
20480,181472,-0.03,0,2,5,3,1
20481,181505,6.42,0,17,20,33,1
20482,181513,2.42,0,7,10,8,1
20483,181516,-0.03,0,2,5,3,1
20484,181522,1.44,0,5,8,6,1
20485,181526,-0.09,0,2,5,4,1
20486,181532,0.89,0,4,7,6,1
20487,181533,-1.01,0,0,3,1,1
20488,181554,6.04,0,15,18,21,1
20489,181575,6.59,0,16,19,21,1
20490,181583,2.42,0,7,10,8,1
20491,181595,3.28,0,9,12,12,1
20492,181596,-1.01,0,0,3,1,1
20493,181597,-1.01,0,0,3,1,1
20494,181605,2.42,0,7,10,8,1
20495,181609,0.46,0,3,6,4,1
20496,181614,0.95,0,4,7,5,1
20497,181621,0.83,0,4,7,7,1
20498,181625,0.46,0,3,6,4,1
20499,181647,4.88,0,13,16,22,1
20500,181649,-0.52,0,1,4,2,1
20501,181651,-0.52,0,1,4,2,1
20502,181683,7.58,0,19,22,32,1
20503,181686,-0.03,0,2,5,3,1
20504,181690,0.46,0,3,6,4,1
20505,181695,0.95,0,4,7,5,1
20506,181703,2.42,0,7,10,8,1
20507,181704,-1.01,0,0,3,1,1
20508,181724,5.0,0,13,16,20,1
20509,181742,4.02,0,11,14,18,1
20510,181756,4.81,0,12,15,14,1
20511,181760,0.46,0,3,6,4,1
20512,181768,1.87,0,6,9,8,1
20513,181784,3.04,0,9,12,16,1
20514,181794,2.3,0,7,10,10,1
20515,181802,2.42,0,7,10,8,1
20516,181810,1.87,0,6,9,8,1
20517,181812,-0.52,0,1,4,2,1
20518,181828,3.59,0,10,13,16,1
20519,181829,-1.01,0,0,3,1,1
20520,181830,-1.01,0,0,3,1,1
20521,181843,2.67,0,8,11,13,1
20522,181849,1.44,0,5,8,6,1
20523,181852,-0.03,0,2,5,3,1
20524,181864,2.73,0,8,11,12,1
20525,181869,0.95,0,4,7,5,1
20526,181886,5.18,0,13,16,17,1
20527,181895,2.36,0,7,10,9,1
20528,181901,1.44,0,5,8,6,1
20529,181923,7.08,0,17,20,22,1
20530,181925,-0.52,0,1,4,2,1
20531,181927,-0.52,0,1,4,2,1
20532,181935,1.32,0,5,8,8,1
20533,181936,-1.01,0,0,3,1,1
20534,181952,4.14,0,11,14,16,1
20535,181957,0.4,0,3,6,5,1
20536,181958,-1.01,0,0,3,1,1
20537,181967,2.36,0,7,10,9,1
20538,181968,-1.01,0,0,3,1,1
20539,181974,1.44,0,5,8,6,1
20540,181979,0.95,0,4,7,5,1
20541,181985,0.89,0,4,7,6,1
20542,181995,2.85,0,8,11,10,1
20543,181999,0.46,0,3,6,4,1
20544,182014,3.1,0,9,12,15,1
20545,182029,5.3,0,13,16,15,1
20546,182043,3.16,0,9,12,14,1
20547,182051,2.42,0,7,10,8,1
20548,182056,0.95,0,4,7,5,1
20549,182061,0.95,0,4,7,5,1
20550,182064,-0.03,0,2,5,3,1
20551,182067,-0.03,0,2,5,3,1
20552,182069,-0.52,0,1,4,2,1
20553,182078,2.36,0,7,10,9,1
20554,182086,1.87,0,6,9,8,1
20555,182089,-0.03,0,2,5,3,1
20556,182114,6.35,0,16,19,25,1
20557,182125,2.79,0,8,11,11,1
20558,182127,-0.52,0,1,4,2,1
20559,182189,6.33,0,20,23,62,1
20560,182202,4.87,0,12,15,13,1
20561,182205,-0.03,0,2,5,3,1
20562,182211,1.44,0,5,8,6,1
20563,182220,1.26,0,5,8,9,1
20564,182228,1.87,0,6,9,8,1
20565,182248,4.45,0,12,15,20,1
20566,182250,-0.52,0,1,4,2,1
20567,182254,0.46,0,3,6,4,1
20568,182255,-1.01,0,0,3,1,1
20569,182256,-1.01,0,0,3,1,1
20570,182258,-0.52,0,1,4,2,1
20571,182260,-0.52,0,1,4,2,1
20572,182265,0.4,0,3,6,5,1
20573,182270,0.95,0,4,7,5,1
20574,182282,3.83,0,10,13,12,1
20575,182287,0.95,0,4,7,5,1
20576,182288,-1.01,0,0,3,1,1
20577,182315,4.58,0,13,16,27,1
20578,182322,1.93,0,6,9,7,1
20579,182333,2.79,0,8,11,11,1
20580,182347,3.71,0,10,13,14,1
20581,182351,0.46,0,3,6,4,1
20582,182354,-0.03,0,2,5,3,1
20583,182359,0.95,0,4,7,5,1
20584,182363,0.46,0,3,6,4,1
20585,182364,-1.01,0,0,3,1,1
20586,182375,2.79,0,8,11,11,1
20587,182384,2.91,0,8,11,9,1
20588,182388,0.46,0,3,6,4,1
20589,182394,0.34,0,3,6,6,1
20590,182412,4.57,0,12,15,18,1
20591,182429,5.73,0,14,17,17,1
20592,182440,3.89,0,10,13,11,1
20593,182443,-0.03,0,2,5,3,1
20594,182447,0.46,0,3,6,4,1
20595,182469,5.98,0,15,18,22,1
20596,182478,2.91,0,8,11,9,1
20597,182480,-0.52,0,1,4,2,1
20598,182514,6.36,0,17,20,34,1
20599,182522,2.42,0,7,10,8,1
20600,182530,1.32,0,5,8,8,1
20601,182546,4.14,0,11,14,16,1
20602,182565,5.06,0,13,16,19,1
20603,182572,1.38,0,5,8,7,1
20604,182576,-0.09,0,2,5,4,1
20605,182588,2.73,0,8,11,12,1
20606,182594,1.44,0,5,8,6,1
20607,182596,-0.52,0,1,4,2,1
20608,182603,1.93,0,6,9,7,1
20609,182609,1.44,0,5,8,6,1
20610,182610,-1.01,0,0,3,1,1
20611,182613,-0.03,0,2,5,3,1
20612,182621,1.87,0,6,9,8,1
20613,182623,-0.52,0,1,4,2,1
20614,182632,2.36,0,7,10,9,1
20615,182644,3.83,0,10,13,12,1
20616,182663,5.06,0,13,16,19,1
20617,182666,-0.03,0,2,5,3,1
20618,182675,2.36,0,7,10,9,1
20619,182678,-0.03,0,2,5,3,1
20620,182684,0.89,0,4,7,6,1
20621,182710,6.84,0,17,20,26,1
20622,182730,6.1,0,15,18,20,1
20623,182732,-0.52,0,1,4,2,1
20624,182739,1.93,0,6,9,7,1
20625,182741,-0.52,0,1,4,2,1
20626,182746,0.4,0,3,6,5,1
20627,182753,1.38,0,5,8,7,1
20628,182754,-1.01,0,0,3,1,1
20629,182760,1.44,0,5,8,6,1
20630,182764,0.46,0,3,6,4,1
20631,182770,0.89,0,4,7,6,1
20632,182771,-1.01,0,0,3,1,1
20633,182772,-1.01,0,0,3,1,1
20634,182785,4.32,0,11,14,13,1
20635,182786,-1.01,0,0,3,1,1
20636,182790,0.46,0,3,6,4,1
20637,182798,1.87,0,6,9,8,1
20638,182806,2.42,0,7,10,8,1
20639,182811,0.95,0,4,7,5,1
20640,182827,4.69,0,12,15,16,1
20641,182828,-1.01,0,0,3,1,1
20642,182833,0.95,0,4,7,5,1
20643,182839,1.44,0,5,8,6,1
20644,182864,5.8,0,15,18,25,1
20645,182870,1.44,0,5,8,6,1
20646,182886,4.14,0,11,14,16,1
20647,182891,0.4,0,3,6,5,1
20648,182897,1.44,0,5,8,6,1
20649,182900,-0.03,0,2,5,3,1
20650,182901,-1.01,0,0,3,1,1
20651,182913,3.83,0,10,13,12,1
20652,182920,1.93,0,6,9,7,1
20653,182923,-0.03,0,2,5,3,1
20654,182934,3.34,0,9,12,11,1
20655,182942,1.87,0,6,9,8,1
20656,182943,-1.01,0,0,3,1,1
20657,182950,1.38,0,5,8,7,1
20658,182953,-0.03,0,2,5,3,1
20659,182972,6.16,0,15,18,19,1
20660,182980,1.87,0,6,9,8,1
20661,182987,1.38,0,5,8,7,1
20662,183002,4.2,0,11,14,15,1
20663,183003,-1.01,0,0,3,1,1
20664,183013,2.3,0,7,10,10,1
20665,183036,5.92,0,15,18,23,1
20666,183051,2.55,0,8,11,15,1
20667,183080,3.91,0,12,15,29,1
20668,183083,-0.03,0,2,5,3,1
20669,183084,-1.01,0,0,3,1,1
20670,183085,-1.01,0,0,3,1,1
20671,183092,1.93,0,6,9,7,1
20672,183096,0.46,0,3,6,4,1
20673,183103,1.38,0,5,8,7,1
20674,183116,4.32,0,11,14,13,1
20675,183119,-0.03,0,2,5,3,1
20676,183122,-0.03,0,2,5,3,1
20677,183126,0.46,0,3,6,4,1
20678,183129,-0.03,0,2,5,3,1
20679,183135,1.44,0,5,8,6,1
20680,183141,1.44,0,5,8,6,1
20681,183142,-1.01,0,0,3,1,1
20682,183146,0.46,0,3,6,4,1
20683,183161,4.2,0,11,14,15,1
20684,183162,-1.01,0,0,3,1,1
20685,183167,0.95,0,4,7,5,1
20686,183170,-0.03,0,2,5,3,1
20687,183172,-0.52,0,1,4,2,1
20688,183175,-0.03,0,2,5,3,1
20689,183181,0.89,0,4,7,6,1
20690,183194,3.77,0,10,13,13,1
20691,183233,6.61,0,18,21,39,1
20692,183234,-1.01,0,0,3,1,1
20693,183239,0.95,0,4,7,5,1
20694,183249,2.85,0,8,11,10,1
20695,183251,-0.52,0,1,4,2,1
20696,183256,0.95,0,4,7,5,1
20697,183258,-0.52,0,1,4,2,1
20698,183261,-0.03,0,2,5,3,1
20699,183267,1.44,0,5,8,6,1
20700,183287,5.0,0,13,16,20,1
20701,183295,1.32,0,5,8,8,1
20702,183309,3.71,0,10,13,14,1
20703,183313,-0.09,0,2,5,4,1
20704,183325,3.28,0,9,12,12,1
20705,183326,-1.01,0,0,3,1,1
20706,183332,1.44,0,5,8,6,1
20707,183334,-0.52,0,1,4,2,1
20708,183338,0.46,0,3,6,4,1
20709,183359,4.94,0,13,16,21,1
20710,183373,2.61,0,8,11,14,1
20711,183379,1.44,0,5,8,6,1
20712,183390,3.89,0,10,13,11,1
20713,183391,-1.01,0,0,3,1,1
20714,183425,6.91,0,18,21,34,1
20715,183426,-1.01,0,0,3,1,1
20716,183438,2.73,0,8,11,12,1
20717,183439,-1.01,0,0,3,1,1
20718,183470,5.44,0,15,18,31,1
20719,183479,1.81,0,6,9,9,1
20720,183522,8.02,0,21,24,43,1
20721,183523,-1.01,0,0,3,1,1
20722,183553,4.95,0,14,17,30,1
20723,183558,0.95,0,4,7,5,1
20724,183565,1.93,0,6,9,7,1
20725,183576,3.89,0,10,13,11,1
20726,183577,-1.01,0,0,3,1,1
20727,183586,1.26,0,5,8,9,1
20728,183590,0.46,0,3,6,4,1
20729,183598,1.87,0,6,9,8,1
20730,183600,-0.52,0,1,4,2,1
20731,183607,1.93,0,6,9,7,1
20732,183613,1.44,0,5,8,6,1
20733,183621,1.32,0,5,8,8,1
20734,183622,-1.01,0,0,3,1,1
20735,183624,-0.52,0,1,4,2,1
20736,183629,0.4,0,3,6,5,1
20737,183630,-1.01,0,0,3,1,1
20738,183631,-1.01,0,0,3,1,1
20739,183635,-0.09,0,2,5,4,1
20740,183642,1.93,0,6,9,7,1
20741,183648,1.44,0,5,8,6,1
20742,183659,2.79,0,8,11,11,1
20743,183660,-1.01,0,0,3,1,1
20744,183671,2.79,0,8,11,11,1
20745,183673,-0.52,0,1,4,2,1
20746,183683,2.85,0,8,11,10,1
20747,183693,2.3,0,7,10,10,1
20748,183723,5.5,0,15,18,30,1
20749,183726,-0.03,0,2,5,3,1
20750,183729,-0.03,0,2,5,3,1
20751,183732,-0.03,0,2,5,3,1
20752,183738,1.44,0,5,8,6,1
20753,183743,0.95,0,4,7,5,1
20754,183762,5.06,0,13,16,19,1
20755,183768,1.44,0,5,8,6,1
20756,183769,-1.01,0,0,3,1,1
20757,183782,3.22,0,9,12,13,1
20758,183786,-0.09,0,2,5,4,1
20759,183793,1.93,0,6,9,7,1
20760,183813,3.35,0,10,13,20,1
20761,183815,-0.52,0,1,4,2,1
20762,183817,-0.52,0,1,4,2,1
20763,183839,4.33,0,12,15,22,1
20764,183840,-1.01,0,0,3,1,1
20765,183844,0.46,0,3,6,4,1
20766,183867,5.92,0,15,18,23,1
20767,183870,-0.03,0,2,5,3,1
20768,183881,2.79,0,8,11,11,1
20769,183895,2.61,0,8,11,14,1
20770,183897,-0.52,0,1,4,2,1
20771,183902,0.4,0,3,6,5,1
20772,183916,4.26,0,11,14,14,1
20773,183920,0.46,0,3,6,4,1
20774,183927,1.93,0,6,9,7,1
20775,183929,-0.52,0,1,4,2,1
20776,183933,0.46,0,3,6,4,1
20777,183937,0.46,0,3,6,4,1
20778,183938,-1.01,0,0,3,1,1
20779,183940,-0.52,0,1,4,2,1
20780,183946,1.44,0,5,8,6,1
20781,183964,4.02,0,11,14,18,1
20782,183985,6.04,0,15,18,21,1
20783,184020,5.2,0,15,18,35,1
20784,184026,0.89,0,4,7,6,1
20785,184029,-0.03,0,2,5,3,1
20786,184033,0.46,0,3,6,4,1
20787,184035,-0.52,0,1,4,2,1
20788,184038,-0.03,0,2,5,3,1
20789,184044,0.89,0,4,7,6,1
20790,184055,2.24,0,7,10,11,1
20791,184065,3.4,0,9,12,10,1
20792,184107,6.43,0,18,21,42,1
20793,184143,5.14,0,15,18,36,1
20794,184145,-0.52,0,1,4,2,1
20795,184146,-1.01,0,0,3,1,1
20796,184150,0.46,0,3,6,4,1
20797,184153,-0.03,0,2,5,3,1
20798,184163,2.3,0,7,10,10,1
20799,184175,4.38,0,11,14,12,1
20800,184194,5.06,0,13,16,19,1
20801,184201,1.38,0,5,8,7,1
20802,184204,-0.03,0,2,5,3,1
20803,184253,4.91,0,16,19,49,1
20804,184261,1.87,0,6,9,8,1
20805,184266,0.95,0,4,7,5,1
20806,184270,0.46,0,3,6,4,1
20807,184300,6.6,0,17,20,30,1
20808,184304,0.46,0,3,6,4,1
20809,184306,-0.52,0,1,4,2,1
20810,184309,-0.03,0,2,5,3,1
20811,184317,2.42,0,7,10,8,1
20812,184319,-0.52,0,1,4,2,1
20813,184326,1.93,0,6,9,7,1
20814,184332,0.89,0,4,7,6,1
20815,184333,-1.01,0,0,3,1,1
20816,184359,5.19,0,14,17,26,1
20817,184360,-1.01,0,0,3,1,1
20818,184363,-0.03,0,2,5,3,1
20819,184364,-1.01,0,0,3,1,1
20820,184397,6.42,0,17,20,33,1
20821,184398,-1.01,0,0,3,1,1
20822,184405,1.38,0,5,8,7,1
20823,184414,2.91,0,8,11,9,1
20824,184426,4.38,0,11,14,12,1
20825,184468,11.58,1,22,25,42,0
20826,184472,0.46,0,3,6,4,1
20827,184483,2.24,0,7,10,11,1
20828,184489,1.44,0,5,8,6,1
20829,184493,0.46,0,3,6,4,1
20830,184495,-0.52,0,1,4,2,1
20831,184525,4.4,0,13,16,30,1
20832,184529,-0.09,0,2,5,4,1
20833,184543,3.16,0,9,12,14,1
20834,184552,1.81,0,6,9,9,1
20835,184555,-0.03,0,2,5,3,1
20836,184563,1.87,0,6,9,8,1
20837,184577,4.26,0,11,14,14,1
20838,184578,-1.01,0,0,3,1,1
20839,184625,11.28,1,22,25,47,0
20840,184647,4.33,0,12,15,22,1
20841,184649,-0.52,0,1,4,2,1
20842,184656,1.93,0,6,9,7,1
20843,184659,-0.03,0,2,5,3,1
20844,184675,5.24,0,13,16,16,1
20845,184680,0.95,0,4,7,5,1
20846,184682,-0.52,0,1,4,2,1
20847,184690,2.42,0,7,10,8,1
20848,184691,-1.01,0,0,3,1,1
20849,184714,6.47,0,16,19,23,1
20850,184718,0.46,0,3,6,4,1
20851,184725,1.93,0,6,9,7,1
20852,184728,-0.03,0,2,5,3,1
20853,184739,2.79,0,8,11,11,1
20854,184749,2.85,0,8,11,10,1
20855,184752,-0.03,0,2,5,3,1
20856,184754,-0.52,0,1,4,2,1
20857,184769,4.75,0,12,15,15,1
20858,184774,0.95,0,4,7,5,1
20859,184779,0.95,0,4,7,5,1
20860,184780,-1.01,0,0,3,1,1
20861,184786,1.44,0,5,8,6,1
20862,184797,3.34,0,9,12,11,1
20863,184807,2.3,0,7,10,10,1
20864,184810,-0.03,0,2,5,3,1
20865,184812,-0.52,0,1,4,2,1
20866,184821,2.36,0,7,10,9,1
20867,184822,-1.01,0,0,3,1,1
20868,184831,2.91,0,8,11,9,1
20869,184836,0.95,0,4,7,5,1
20870,184837,-1.01,0,0,3,1,1
20871,184843,1.44,0,5,8,6,1
20872,184858,3.65,0,10,13,15,1
20873,184859,-1.01,0,0,3,1,1
20874,184864,0.4,0,3,6,5,1
20875,184867,-0.03,0,2,5,3,1
20876,184870,-0.03,0,2,5,3,1
20877,184887,4.08,0,11,14,17,1
20878,184888,-1.01,0,0,3,1,1
20879,184910,5.43,0,14,17,22,1
20880,184915,0.95,0,4,7,5,1
20881,184918,-0.03,0,2,5,3,1
20882,184919,-1.01,0,0,3,1,1
20883,184923,0.46,0,3,6,4,1
20884,184927,0.46,0,3,6,4,1
20885,184934,1.93,0,6,9,7,1
20886,184936,-0.52,0,1,4,2,1
20887,184945,2.91,0,8,11,9,1
20888,184947,-0.52,0,1,4,2,1
20889,184956,2.91,0,8,11,9,1
20890,184958,-0.52,0,1,4,2,1
20891,184973,3.1,0,9,12,15,1
20892,184993,5.0,0,13,16,20,1
20893,184998,0.95,0,4,7,5,1
20894,185010,3.28,0,9,12,12,1
20895,185011,-1.01,0,0,3,1,1
20896,185012,-1.01,0,0,3,1,1
20897,185021,2.36,0,7,10,9,1
20898,185022,-1.01,0,0,3,1,1
20899,185028,1.44,0,5,8,6,1
20900,185045,5.18,0,13,16,17,1
20901,185050,0.4,0,3,6,5,1
20902,185056,1.44,0,5,8,6,1
20903,185066,1.2,0,5,8,10,1
20904,185067,-1.01,0,0,3,1,1
20905,185104,7.28,0,19,22,37,1
20906,185107,-0.03,0,2,5,3,1
20907,185110,-0.03,0,2,5,3,1
20908,185111,-1.01,0,0,3,1,1
20909,185115,0.46,0,3,6,4,1
20910,185159,6.31,0,18,21,44,1
20911,185169,2.3,0,7,10,10,1
20912,185178,2.36,0,7,10,9,1
20913,185179,-1.01,0,0,3,1,1
20914,185185,1.44,0,5,8,6,1
20915,185187,-0.52,0,1,4,2,1
20916,185189,-0.52,0,1,4,2,1
20917,185193,0.46,0,3,6,4,1
20918,185205,2.73,0,8,11,12,1
20919,185212,1.93,0,6,9,7,1
20920,185219,1.93,0,6,9,7,1
20921,185235,3.59,0,10,13,16,1
20922,185240,0.4,0,3,6,5,1
20923,185251,3.34,0,9,12,11,1
20924,185253,-0.52,0,1,4,2,1
20925,185258,0.95,0,4,7,5,1
20926,185266,1.87,0,6,9,8,1
20927,185276,2.85,0,8,11,10,1
20928,185282,1.44,0,5,8,6,1
20929,185288,0.89,0,4,7,6,1
20930,185305,4.63,0,12,15,17,1
20931,185309,0.46,0,3,6,4,1
20932,185316,1.93,0,6,9,7,1
20933,185317,-1.01,0,0,3,1,1
20934,185324,1.93,0,6,9,7,1
20935,185333,1.81,0,6,9,9,1
20936,185336,-0.03,0,2,5,3,1
20937,185337,-1.01,0,0,3,1,1
20938,185360,6.47,0,16,19,23,1
20939,185367,1.93,0,6,9,7,1
20940,185377,2.3,0,7,10,10,1
20941,185383,1.44,0,5,8,6,1
20942,185387,0.46,0,3,6,4,1
20943,185397,2.3,0,7,10,10,1
20944,185398,-1.01,0,0,3,1,1
20945,185399,-1.01,0,0,3,1,1
20946,185412,3.77,0,10,13,13,1
20947,185414,-0.52,0,1,4,2,1
20948,185436,5.43,0,14,17,22,1
20949,185456,5.0,0,13,16,20,1
20950,185457,-1.01,0,0,3,1,1
20951,185474,4.08,0,11,14,17,1
20952,185475,-1.01,0,0,3,1,1
20953,185518,5.82,0,17,20,43,1
20954,185544,6.29,0,16,19,26,1
20955,185550,1.44,0,5,8,6,1
20956,185565,3.1,0,9,12,15,1
20957,185571,1.44,0,5,8,6,1
20958,185574,-0.03,0,2,5,3,1
20959,185579,0.4,0,3,6,5,1
20960,185596,3.53,0,10,13,17,1
20961,185616,5.55,0,14,17,20,1
20962,185633,4.08,0,11,14,17,1
20963,185639,0.89,0,4,7,6,1
20964,185642,-0.03,0,2,5,3,1
20965,185645,-0.03,0,2,5,3,1
20966,185659,3.71,0,10,13,14,1
20967,185673,3.16,0,9,12,14,1
20968,185674,-1.01,0,0,3,1,1
20969,185697,4.82,0,13,16,23,1
20970,185731,6.91,0,18,21,34,1
20971,185733,-0.52,0,1,4,2,1
20972,185734,-1.01,0,0,3,1,1
20973,185753,5.61,0,14,17,19,1
20974,185759,1.44,0,5,8,6,1
20975,185779,5.0,0,13,16,20,1
20976,185782,-0.03,0,2,5,3,1
20977,185789,1.93,0,6,9,7,1
20978,185798,2.91,0,8,11,9,1
20979,185806,2.42,0,7,10,8,1
20980,185807,-1.01,0,0,3,1,1
20981,185808,-1.01,0,0,3,1,1
20982,185809,-1.01,0,0,3,1,1
20983,185818,2.91,0,8,11,9,1
20984,185821,-0.03,0,2,5,3,1
20985,185825,0.46,0,3,6,4,1
20986,185835,3.4,0,9,12,10,1
20987,185836,-1.01,0,0,3,1,1
20988,185853,5.73,0,14,17,17,1
20989,185860,1.38,0,5,8,7,1
20990,185861,-1.01,0,0,3,1,1
20991,185872,2.24,0,7,10,11,1
20992,185886,3.16,0,9,12,14,1
20993,185956,6.4,0,21,24,70,1
20994,185958,-0.52,0,1,4,2,1
20995,185964,1.44,0,5,8,6,1
20996,185983,3.96,0,11,14,19,1
20997,185985,-0.52,0,1,4,2,1
20998,185988,-0.03,0,2,5,3,1
20999,186006,5.12,0,13,16,18,1
21000,186012,1.44,0,5,8,6,1
21001,186014,-0.52,0,1,4,2,1
21002,186015,-1.01,0,0,3,1,1
21003,186016,-1.01,0,0,3,1,1
21004,186031,4.75,0,12,15,15,1
21005,186035,0.46,0,3,6,4,1
21006,186036,-1.01,0,0,3,1,1
21007,186045,2.36,0,7,10,9,1
21008,186050,0.95,0,4,7,5,1
21009,186054,0.46,0,3,6,4,1
21010,186056,-0.52,0,1,4,2,1
21011,186080,4.21,0,12,15,24,1
21012,186093,2.12,0,7,10,13,1
21013,186095,-0.52,0,1,4,2,1
21014,186098,-0.03,0,2,5,3,1
21015,186106,1.32,0,5,8,8,1
21016,186127,3.84,0,11,14,21,1
21017,186129,-0.52,0,1,4,2,1
21018,186145,5.24,0,13,16,16,1
21019,186166,6.59,0,16,19,21,1
21020,186174,1.32,0,5,8,8,1
21021,186175,-1.01,0,0,3,1,1
21022,186179,0.46,0,3,6,4,1
21023,186185,1.44,0,5,8,6,1
21024,186194,2.91,0,8,11,9,1
21025,186195,-1.01,0,0,3,1,1
21026,186196,-1.01,0,0,3,1,1
21027,186202,1.44,0,5,8,6,1
21028,186207,0.95,0,4,7,5,1
21029,186222,3.1,0,9,12,15,1
21030,186232,1.75,0,6,9,10,1
21031,186242,3.4,0,9,12,10,1
21032,186246,0.46,0,3,6,4,1
21033,186267,4.94,0,13,16,21,1
21034,186279,3.83,0,10,13,12,1
21035,186298,5.06,0,13,16,19,1
21036,186341,5.82,0,17,20,43,1
21037,186344,-0.03,0,2,5,3,1
21038,186347,-0.03,0,2,5,3,1
21039,186354,1.93,0,6,9,7,1
21040,186359,0.95,0,4,7,5,1
21041,186366,1.93,0,6,9,7,1
21042,186371,0.95,0,4,7,5,1
21043,186391,2.25,0,8,11,20,1
21044,186394,-0.03,0,2,5,3,1
21045,186397,-0.03,0,2,5,3,1
21046,186431,5.81,0,16,19,34,1
21047,186453,4.33,0,12,15,22,1
21048,186454,-1.01,0,0,3,1,1
21049,186467,4.32,0,11,14,13,1
21050,186468,-1.01,0,0,3,1,1
21051,186471,-0.03,0,2,5,3,1
21052,186474,-0.03,0,2,5,3,1
21053,186488,4.81,0,12,15,14,1
21054,186522,5.81,0,16,19,34,1
21055,186530,2.42,0,7,10,8,1
21056,186534,0.46,0,3,6,4,1
21057,186539,0.95,0,4,7,5,1
21058,186541,-0.52,0,1,4,2,1
21059,186553,2.73,0,8,11,12,1
21060,186561,1.32,0,5,8,8,1
21061,186569,2.42,0,7,10,8,1
21062,186577,1.87,0,6,9,8,1
21063,186579,-0.52,0,1,4,2,1
21064,186582,-0.03,0,2,5,3,1
21065,186589,1.93,0,6,9,7,1
21066,186591,-0.52,0,1,4,2,1
21067,186592,-1.01,0,0,3,1,1
21068,186598,1.44,0,5,8,6,1
21069,186625,6.78,0,17,20,27,1
21070,186636,2.79,0,8,11,11,1
21071,186643,1.93,0,6,9,7,1
21072,186650,1.38,0,5,8,7,1
21073,186656,0.89,0,4,7,6,1
21074,186657,-1.01,0,0,3,1,1
21075,186660,-0.03,0,2,5,3,1
21076,186666,1.44,0,5,8,6,1
21077,186675,2.36,0,7,10,9,1
21078,186678,-0.58,0,1,4,3,1
21079,186694,3.59,0,10,13,16,1
21080,186698,-0.09,0,2,5,4,1
21081,186700,-0.52,0,1,4,2,1
21082,186706,1.44,0,5,8,6,1
21083,186709,-0.03,0,2,5,3,1
21084,186712,-0.03,0,2,5,3,1
21085,186713,-1.01,0,0,3,1,1
21086,186715,-0.52,0,1,4,2,1
21087,186716,-1.01,0,0,3,1,1
21088,186719,-0.03,0,2,5,3,1
21089,186728,2.36,0,7,10,9,1
21090,186734,1.44,0,5,8,6,1
21091,186745,3.34,0,9,12,11,1
21092,186751,1.44,0,5,8,6,1
21093,186753,-0.52,0,1,4,2,1
21094,186772,4.51,0,12,15,19,1
21095,186774,-0.52,0,1,4,2,1
21096,186779,0.95,0,4,7,5,1
21097,186790,2.24,0,7,10,11,1
21098,186800,1.2,0,5,8,10,1
21099,186817,4.63,0,12,15,17,1
21100,186822,0.4,0,3,6,5,1
21101,186826,0.46,0,3,6,4,1
21102,186831,0.95,0,4,7,5,1
21103,186852,4.94,0,13,16,21,1
21104,186858,0.89,0,4,7,6,1
21105,186862,-0.09,0,2,5,4,1
21106,186865,-0.03,0,2,5,3,1
21107,186866,-1.01,0,0,3,1,1
21108,186868,-0.52,0,1,4,2,1
21109,186885,5.73,0,14,17,17,1
21110,186888,-0.03,0,2,5,3,1
21111,186893,0.95,0,4,7,5,1
21112,186909,5.24,0,13,16,16,1
21113,186911,-0.52,0,1,4,2,1
21114,186922,3.34,0,9,12,11,1
21115,186929,1.93,0,6,9,7,1
21116,186937,2.42,0,7,10,8,1
21117,186943,0.89,0,4,7,6,1
21118,186945,-0.52,0,1,4,2,1
21119,186949,0.46,0,3,6,4,1
21120,186963,3.71,0,10,13,14,1
21121,186969,1.44,0,5,8,6,1
21122,186970,-1.01,0,0,3,1,1
21123,186974,0.46,0,3,6,4,1
21124,186978,0.46,0,3,6,4,1
21125,186983,0.95,0,4,7,5,1
21126,186992,2.36,0,7,10,9,1
21127,186993,-1.01,0,0,3,1,1
21128,187002,2.36,0,7,10,9,1
21129,187007,0.4,0,3,6,5,1
21130,187012,0.95,0,4,7,5,1
21131,187013,-1.01,0,0,3,1,1
21132,187016,-0.03,0,2,5,3,1
21133,187018,-0.52,0,1,4,2,1
21134,187032,3.16,0,9,12,14,1
21135,187033,-1.01,0,0,3,1,1
21136,187038,0.95,0,4,7,5,1
21137,187048,2.85,0,8,11,10,1
21138,187058,3.4,0,9,12,10,1
21139,187064,1.44,0,5,8,6,1
21140,187081,4.08,0,11,14,17,1
21141,187087,1.44,0,5,8,6,1
21142,187105,4.57,0,12,15,18,1
21143,187117,3.28,0,9,12,12,1
21144,187122,0.95,0,4,7,5,1
21145,187133,2.79,0,8,11,11,1
21146,187135,-0.52,0,1,4,2,1
21147,187145,2.85,0,8,11,10,1
21148,187146,-1.01,0,0,3,1,1
21149,187151,0.4,0,3,6,5,1
21150,187153,-0.52,0,1,4,2,1
21151,187155,-0.52,0,1,4,2,1
21152,187162,1.93,0,6,9,7,1
21153,187170,2.42,0,7,10,8,1
21154,187171,-1.01,0,0,3,1,1
21155,187181,3.4,0,9,12,10,1
21156,187194,3.77,0,10,13,13,1
21157,187196,-0.52,0,1,4,2,1
21158,187203,1.93,0,6,9,7,1
21159,187209,1.44,0,5,8,6,1
21160,187226,4.63,0,12,15,17,1
21161,187229,-0.03,0,2,5,3,1
21162,187230,-1.01,0,0,3,1,1
21163,187241,2.24,0,7,10,11,1
21164,187244,-0.03,0,2,5,3,1
21165,187247,-0.03,0,2,5,3,1
21166,187273,5.74,0,15,18,26,1
21167,187278,0.95,0,4,7,5,1
21168,187279,-1.01,0,0,3,1,1
21169,187280,-1.01,0,0,3,1,1
21170,187284,0.46,0,3,6,4,1
21171,187288,-0.09,0,2,5,4,1
21172,187290,-0.52,0,1,4,2,1
21173,187292,-0.52,0,1,4,2,1
21174,187295,-0.03,0,2,5,3,1
21175,187299,0.46,0,3,6,4,1
21176,187307,1.87,0,6,9,8,1
21177,187308,-1.01,0,0,3,1,1
21178,187312,0.46,0,3,6,4,1
21179,187314,-0.52,0,1,4,2,1
21180,187321,1.93,0,6,9,7,1
21181,187323,-0.52,0,1,4,2,1
21182,187326,-0.03,0,2,5,3,1
21183,187329,-0.03,0,2,5,3,1
21184,187331,-0.52,0,1,4,2,1
21185,187339,2.42,0,7,10,8,1
21186,187357,5.67,0,14,17,18,1
21187,187359,-0.52,0,1,4,2,1
21188,187385,4.64,0,13,16,26,1
21189,187390,0.4,0,3,6,5,1
21190,187396,0.89,0,4,7,6,1
21191,187400,0.46,0,3,6,4,1
21192,187417,4.08,0,11,14,17,1
21193,187420,-0.03,0,2,5,3,1
21194,187426,1.44,0,5,8,6,1
21195,187431,0.95,0,4,7,5,1
21196,187438,1.93,0,6,9,7,1
21197,187461,4.82,0,13,16,23,1
21198,187462,-1.01,0,0,3,1,1
21199,187468,1.44,0,5,8,6,1
21200,187495,6.78,0,17,20,27,1
21201,187514,4.51,0,12,15,19,1
21202,187529,4.2,0,11,14,15,1
21203,187561,5.93,0,16,19,32,1
21204,187569,1.87,0,6,9,8,1
21205,187584,4.2,0,11,14,15,1
21206,187592,1.32,0,5,8,8,1
21207,187597,0.95,0,4,7,5,1
21208,187602,0.95,0,4,7,5,1
21209,187603,-1.01,0,0,3,1,1
21210,187610,1.38,0,5,8,7,1
21211,187611,-1.01,0,0,3,1,1
21212,187615,0.46,0,3,6,4,1
21213,187630,4.2,0,11,14,15,1
21214,187631,-1.01,0,0,3,1,1
21215,187636,0.95,0,4,7,5,1
21216,187638,-0.52,0,1,4,2,1
21217,187645,1.93,0,6,9,7,1
21218,187647,-0.52,0,1,4,2,1
21219,187649,-0.52,0,1,4,2,1
21220,187669,3.9,0,11,14,20,1
21221,187683,4.81,0,12,15,14,1
21222,187685,-0.52,0,1,4,2,1
21223,187690,0.4,0,3,6,5,1
21224,187691,-1.01,0,0,3,1,1
21225,187710,3.41,0,10,13,19,1
21226,187713,-0.03,0,2,5,3,1
21227,187715,-0.52,0,1,4,2,1
21228,187727,3.28,0,9,12,12,1
21229,187767,7.65,0,20,23,40,1
21230,187770,-0.03,0,2,5,3,1
21231,187772,-0.52,0,1,4,2,1
21232,187777,0.95,0,4,7,5,1
21233,187780,-0.03,0,2,5,3,1
21234,187785,0.95,0,4,7,5,1
21235,187789,0.46,0,3,6,4,1
21236,187791,-0.52,0,1,4,2,1
21237,187792,-1.01,0,0,3,1,1
21238,187802,2.3,0,7,10,10,1
21239,187805,-0.03,0,2,5,3,1
21240,187811,0.89,0,4,7,6,1
21241,187813,-0.52,0,1,4,2,1
21242,187814,-1.01,0,0,3,1,1
21243,187826,3.83,0,10,13,12,1
21244,187830,-0.09,0,2,5,4,1
21245,187835,0.95,0,4,7,5,1
21246,187837,-0.52,0,1,4,2,1
21247,187839,-0.52,0,1,4,2,1
21248,187843,0.46,0,3,6,4,1
21249,187847,0.46,0,3,6,4,1
21250,187861,3.71,0,10,13,14,1
21251,187863,-0.52,0,1,4,2,1
21252,187870,1.38,0,5,8,7,1
21253,187878,1.87,0,6,9,8,1
21254,187882,0.46,0,3,6,4,1
21255,187904,5.43,0,14,17,22,1
21256,187916,3.28,0,9,12,12,1
21257,187928,3.28,0,9,12,12,1
21258,187936,1.87,0,6,9,8,1
21259,187941,0.4,0,3,6,5,1
21260,187944,-0.03,0,2,5,3,1
21261,187945,-1.01,0,0,3,1,1
21262,187952,1.38,0,5,8,7,1
21263,187968,5.24,0,13,16,16,1
21264,187978,2.3,0,7,10,10,1
21265,187982,-0.09,0,2,5,4,1
21266,187996,2.06,0,7,10,14,1
21267,188005,1.26,0,5,8,9,1
21268,188010,0.95,0,4,7,5,1
21269,188011,-1.01,0,0,3,1,1
21270,188035,4.76,0,13,16,24,1
21271,188040,0.95,0,4,7,5,1
21272,188049,2.91,0,8,11,9,1
21273,188052,-0.03,0,2,5,3,1
21274,188063,3.34,0,9,12,11,1
21275,188064,-1.01,0,0,3,1,1
21276,188073,2.36,0,7,10,9,1
21277,188083,2.85,0,8,11,10,1
21278,188084,-1.01,0,0,3,1,1
21279,188088,-0.09,0,2,5,4,1
21280,188091,-0.03,0,2,5,3,1
21281,188105,2.06,0,7,10,14,1
21282,188116,3.34,0,9,12,11,1
21283,188128,2.73,0,8,11,12,1
21284,188129,-1.01,0,0,3,1,1
21285,188130,-1.01,0,0,3,1,1
21286,188131,-1.01,0,0,3,1,1
21287,188145,4.26,0,11,14,14,1
21288,188149,0.46,0,3,6,4,1
21289,188150,-1.01,0,0,3,1,1
21290,188151,-1.01,0,0,3,1,1
21291,188152,-1.01,0,0,3,1,1
21292,188158,1.44,0,5,8,6,1
21293,188166,2.42,0,7,10,8,1
21294,188172,0.89,0,4,7,6,1
21295,188177,0.95,0,4,7,5,1
21296,188180,-0.03,0,2,5,3,1
21297,188187,1.38,0,5,8,7,1
21298,188188,-1.01,0,0,3,1,1
21299,188190,-0.52,0,1,4,2,1
21300,188191,-1.01,0,0,3,1,1
21301,188197,1.44,0,5,8,6,1
21302,188200,-0.03,0,2,5,3,1
21303,188218,3.47,0,10,13,18,1
21304,188227,2.36,0,7,10,9,1
21305,188239,3.83,0,10,13,12,1
21306,188252,4.32,0,11,14,13,1
21307,188255,-0.03,0,2,5,3,1
21308,188259,0.46,0,3,6,4,1
21309,188260,-1.01,0,0,3,1,1
21310,188263,-0.03,0,2,5,3,1
21311,188276,2.67,0,8,11,13,1
21312,188280,0.46,0,3,6,4,1
21313,188281,-1.01,0,0,3,1,1
21314,188284,-0.03,0,2,5,3,1
21315,188286,-0.52,0,1,4,2,1
21316,188288,-0.52,0,1,4,2,1
21317,188314,5.74,0,15,18,26,1
21318,188325,2.24,0,7,10,11,1
21319,188327,-0.52,0,1,4,2,1
21320,188337,1.75,0,6,9,10,1
21321,188344,1.38,0,5,8,7,1
21322,188353,2.36,0,7,10,9,1
21323,188360,0.83,0,4,7,7,1
21324,188373,3.22,0,9,12,13,1
21325,188376,-0.03,0,2,5,3,1
21326,188399,3.72,0,11,14,23,1
21327,188401,-0.52,0,1,4,2,1
21328,188417,4.69,0,12,15,16,1
21329,188419,-0.52,0,1,4,2,1
21330,188421,-0.52,0,1,4,2,1
21331,188430,2.91,0,8,11,9,1
21332,188439,2.91,0,8,11,9,1
21333,188446,0.83,0,4,7,7,1
21334,188466,5.55,0,14,17,20,1
21335,188485,6.16,0,15,18,19,1
21336,188486,-1.01,0,0,3,1,1
21337,188490,0.46,0,3,6,4,1
21338,188498,2.42,0,7,10,8,1
21339,188521,5.37,0,14,17,23,1
21340,188547,5.74,0,15,18,26,1
21341,188550,-0.03,0,2,5,3,1
21342,188555,0.4,0,3,6,5,1
21343,188556,-1.01,0,0,3,1,1
21344,188561,0.95,0,4,7,5,1
21345,188572,2.79,0,8,11,11,1
21346,188578,1.44,0,5,8,6,1
21347,188591,3.22,0,9,12,13,1
21348,188609,4.57,0,12,15,18,1
21349,188613,0.46,0,3,6,4,1
21350,188646,6.42,0,17,20,33,1
21351,188651,0.95,0,4,7,5,1
21352,188659,1.32,0,5,8,8,1
21353,188667,2.42,0,7,10,8,1
21354,188680,4.32,0,11,14,13,1
21355,188701,5.49,0,14,17,21,1
21356,188711,3.4,0,9,12,10,1
21357,188723,2.73,0,8,11,12,1
21358,188724,-1.01,0,0,3,1,1
21359,188725,-1.01,0,0,3,1,1
21360,188727,-0.52,0,1,4,2,1
21361,188751,6.41,0,16,19,24,1
21362,188767,3.04,0,9,12,16,1
21363,188786,5.06,0,13,16,19,1
21364,188799,3.22,0,9,12,13,1
21365,188807,1.87,0,6,9,8,1
21366,188813,1.44,0,5,8,6,1
21367,188821,0.77,0,4,7,8,1
21368,188824,-0.03,0,2,5,3,1
21369,188835,3.34,0,9,12,11,1
21370,188839,0.46,0,3,6,4,1
21371,188849,2.85,0,8,11,10,1
21372,188851,-0.52,0,1,4,2,1
21373,188872,5.49,0,14,17,21,1
21374,188877,0.4,0,3,6,5,1
21375,188889,2.73,0,8,11,12,1
21376,188901,2.73,0,8,11,12,1
21377,188903,-0.52,0,1,4,2,1
21378,188907,0.46,0,3,6,4,1
21379,188914,1.38,0,5,8,7,1
21380,188925,2.79,0,8,11,11,1
21381,188932,1.93,0,6,9,7,1
21382,188961,5.56,0,15,18,29,1
21383,188963,-0.52,0,1,4,2,1
21384,188974,2.24,0,7,10,11,1
21385,188982,2.42,0,7,10,8,1
21386,188998,3.59,0,10,13,16,1
21387,189002,0.46,0,3,6,4,1
21388,189004,-0.52,0,1,4,2,1
21389,189008,0.46,0,3,6,4,1
21390,189025,4.63,0,12,15,17,1
21391,189073,4.97,0,16,19,48,1
21392,189074,-1.01,0,0,3,1,1
21393,189076,-0.52,0,1,4,2,1
21394,189099,4.27,0,12,15,23,1
21395,189105,1.44,0,5,8,6,1
21396,189124,4.51,0,12,15,19,1
21397,189126,-0.52,0,1,4,2,1
21398,189131,0.95,0,4,7,5,1
21399,189141,2.85,0,8,11,10,1
21400,189143,-0.52,0,1,4,2,1
21401,189159,4.14,0,11,14,16,1
21402,189165,0.89,0,4,7,6,1
21403,189181,4.14,0,11,14,16,1
21404,189185,0.46,0,3,6,4,1
21405,189194,2.36,0,7,10,9,1
21406,189205,2.24,0,7,10,11,1
21407,189210,0.95,0,4,7,5,1
21408,189216,0.89,0,4,7,6,1
21409,189221,0.95,0,4,7,5,1
21410,189229,1.32,0,5,8,8,1
21411,189234,0.4,0,3,6,5,1
21412,189240,1.44,0,5,8,6,1
21413,189247,1.38,0,5,8,7,1
21414,189251,0.46,0,3,6,4,1
21415,189262,3.34,0,9,12,11,1
21416,189284,4.33,0,12,15,22,1
21417,189304,3.9,0,11,14,20,1
21418,189319,3.65,0,10,13,15,1
21419,189333,5.36,0,13,16,14,1
21420,189343,2.85,0,8,11,10,1
21421,189347,0.46,0,3,6,4,1
21422,189349,-0.52,0,1,4,2,1
21423,189351,-0.52,0,1,4,2,1
21424,189355,0.46,0,3,6,4,1
21425,189365,2.85,0,8,11,10,1
21426,189386,3.84,0,11,14,21,1
21427,189390,0.46,0,3,6,4,1
21428,189394,0.46,0,3,6,4,1
21429,189395,-1.01,0,0,3,1,1
21430,189396,-1.01,0,0,3,1,1
21431,189411,3.1,0,9,12,15,1
21432,189414,-0.03,0,2,5,3,1
21433,189422,1.32,0,5,8,8,1
21434,189433,2.79,0,8,11,11,1
21435,189444,2.24,0,7,10,11,1
21436,189445,-1.01,0,0,3,1,1
21437,189446,-1.01,0,0,3,1,1
21438,189454,1.87,0,6,9,8,1
21439,189455,-1.01,0,0,3,1,1
21440,189464,2.91,0,8,11,9,1
21441,189478,3.71,0,10,13,14,1
21442,189493,4.2,0,11,14,15,1
21443,189499,0.34,0,3,6,6,1
21444,189511,3.83,0,10,13,12,1
21445,189514,-0.03,0,2,5,3,1
21446,189517,-0.03,0,2,5,3,1
21447,189518,-1.01,0,0,3,1,1
21448,189527,1.81,0,6,9,9,1
21449,189539,2.73,0,8,11,12,1
21450,189549,3.4,0,9,12,10,1
21451,189550,-1.01,0,0,3,1,1
21452,189551,-1.01,0,0,3,1,1
21453,189557,1.44,0,5,8,6,1
21454,189570,3.77,0,10,13,13,1
21455,189581,2.79,0,8,11,11,1
21456,189590,1.81,0,6,9,9,1
21457,189597,0.83,0,4,7,7,1
21458,189634,5.63,0,16,19,37,1
21459,189651,4.63,0,12,15,17,1
21460,189656,0.95,0,4,7,5,1
21461,189673,4.08,0,11,14,17,1
21462,189678,0.4,0,3,6,5,1
21463,189700,5.43,0,14,17,22,1
21464,189701,-1.01,0,0,3,1,1
21465,189703,-0.52,0,1,4,2,1
21466,189742,7.71,0,20,23,39,1
21467,189767,5.8,0,15,18,25,1
21468,189771,0.46,0,3,6,4,1
21469,189774,-0.03,0,2,5,3,1
21470,189776,-0.52,0,1,4,2,1
21471,189778,-0.52,0,1,4,2,1
21472,189781,-0.03,0,2,5,3,1
21473,189786,0.95,0,4,7,5,1
21474,189798,4.38,0,11,14,12,1
21475,189801,-0.03,0,2,5,3,1
21476,189851,5.95,0,18,21,50,1
21477,189852,-1.01,0,0,3,1,1
21478,189868,4.14,0,11,14,16,1
21479,189875,1.38,0,5,8,7,1
21480,189888,3.77,0,10,13,13,1
21481,189889,-1.01,0,0,3,1,1
21482,189891,-0.52,0,1,4,2,1
21483,189893,-0.52,0,1,4,2,1
21484,189923,7.15,0,18,21,30,1
21485,189941,5.12,0,13,16,18,1
21486,189942,-1.01,0,0,3,1,1
21487,189948,0.89,0,4,7,6,1
21488,189949,-1.01,0,0,3,1,1
21489,189956,1.38,0,5,8,7,1
21490,189958,-0.52,0,1,4,2,1
21491,189960,-0.52,0,1,4,2,1
21492,189965,0.95,0,4,7,5,1
21493,189976,2.24,0,7,10,11,1
21494,189977,-1.01,0,0,3,1,1
21495,189983,1.44,0,5,8,6,1
21496,189984,-1.01,0,0,3,1,1
21497,189995,2.79,0,8,11,11,1
21498,189997,-0.52,0,1,4,2,1
21499,190027,5.5,0,15,18,30,1
21500,190033,0.89,0,4,7,6,1
21501,190046,3.22,0,9,12,13,1
21502,190051,0.95,0,4,7,5,1
21503,190052,-1.01,0,0,3,1,1
21504,190058,1.44,0,5,8,6,1
21505,190062,0.46,0,3,6,4,1
21506,190065,-0.03,0,2,5,3,1
21507,190072,1.93,0,6,9,7,1
21508,190075,-0.03,0,2,5,3,1
21509,190085,2.3,0,7,10,10,1
21510,190106,6.04,0,15,18,21,1
21511,190120,3.71,0,10,13,14,1
21512,190121,-1.01,0,0,3,1,1
21513,190125,0.46,0,3,6,4,1
21514,190130,0.4,0,3,6,5,1
21515,190132,-0.52,0,1,4,2,1
21516,190133,-1.01,0,0,3,1,1
21517,190138,0.95,0,4,7,5,1
21518,190149,2.79,0,8,11,11,1
21519,190172,4.82,0,13,16,23,1
21520,190174,-0.52,0,1,4,2,1
21521,190186,3.28,0,9,12,12,1
21522,190191,0.95,0,4,7,5,1
21523,190192,-1.01,0,0,3,1,1
21524,190200,1.87,0,6,9,8,1
21525,190213,2.67,0,8,11,13,1
21526,190216,-0.03,0,2,5,3,1
21527,190229,3.22,0,9,12,13,1
21528,190235,1.44,0,5,8,6,1
21529,190240,0.95,0,4,7,5,1
21530,190241,-1.01,0,0,3,1,1
21531,190249,1.87,0,6,9,8,1
21532,190253,0.46,0,3,6,4,1
21533,190273,4.45,0,12,15,20,1
21534,190290,4.08,0,11,14,17,1
21535,190293,-0.03,0,2,5,3,1
21536,190297,0.46,0,3,6,4,1
21537,190306,2.36,0,7,10,9,1
21538,190310,0.46,0,3,6,4,1
21539,190318,2.42,0,7,10,8,1
21540,190322,0.46,0,3,6,4,1
21541,190330,2.42,0,7,10,8,1
21542,190336,1.44,0,5,8,6,1
21543,190337,-1.01,0,0,3,1,1
21544,190341,0.46,0,3,6,4,1
21545,190344,-0.03,0,2,5,3,1
21546,190349,0.4,0,3,6,5,1
21547,190356,1.38,0,5,8,7,1
21548,190362,1.44,0,5,8,6,1
21549,190371,1.81,0,6,9,9,1
21550,190373,-0.52,0,1,4,2,1
21551,190375,-0.52,0,1,4,2,1
21552,190382,1.93,0,6,9,7,1
21553,190383,-1.01,0,0,3,1,1
21554,190388,0.4,0,3,6,5,1
21555,190389,-1.01,0,0,3,1,1
21556,190406,4.08,0,11,14,17,1
21557,190411,0.95,0,4,7,5,1
21558,190417,1.44,0,5,8,6,1
21559,190421,0.46,0,3,6,4,1
21560,190422,-1.01,0,0,3,1,1
21561,190451,5.56,0,15,18,29,1
21562,190481,4.95,0,14,17,30,1
21563,190483,-0.52,0,1,4,2,1
21564,190486,-0.03,0,2,5,3,1
21565,190492,1.44,0,5,8,6,1
21566,190515,6.47,0,16,19,23,1
21567,190517,-0.52,0,1,4,2,1
21568,190535,4.57,0,12,15,18,1
21569,190551,4.14,0,11,14,16,1
21570,190553,-0.52,0,1,4,2,1
21571,190562,2.91,0,8,11,9,1
21572,190565,-0.03,0,2,5,3,1
21573,190583,4.57,0,12,15,18,1
21574,190584,-1.01,0,0,3,1,1
21575,190590,1.44,0,5,8,6,1
21576,190592,-0.52,0,1,4,2,1
21577,190593,-1.01,0,0,3,1,1
21578,190604,3.34,0,9,12,11,1
21579,190607,-0.03,0,2,5,3,1
21580,190609,-0.52,0,1,4,2,1
21581,190617,1.87,0,6,9,8,1
21582,190619,-0.52,0,1,4,2,1
21583,190637,4.02,0,11,14,18,1
21584,190664,4.03,0,12,15,27,1
21585,190667,-0.03,0,2,5,3,1
21586,190669,-0.52,0,1,4,2,1
21587,190672,-0.03,0,2,5,3,1
21588,190677,0.95,0,4,7,5,1
21589,190678,-1.01,0,0,3,1,1
21590,190708,6.05,0,16,19,30,1
21591,190743,5.75,0,16,19,35,1
21592,190746,-0.03,0,2,5,3,1
21593,190751,0.95,0,4,7,5,1
21594,190758,1.93,0,6,9,7,1
21595,190762,0.46,0,3,6,4,1
21596,190764,-0.52,0,1,4,2,1
21597,190789,4.7,0,13,16,25,1
21598,190799,3.4,0,9,12,10,1
21599,190809,2.85,0,8,11,10,1
21600,190835,4.09,0,12,15,26,1
21601,190841,1.44,0,5,8,6,1
21602,190846,0.95,0,4,7,5,1
21603,190847,-1.01,0,0,3,1,1
21604,190849,-0.52,0,1,4,2,1
21605,190850,-1.01,0,0,3,1,1
21606,190870,3.9,0,11,14,20,1
21607,190873,-0.03,0,2,5,3,1
21608,190878,0.95,0,4,7,5,1
21609,190881,-0.03,0,2,5,3,1
21610,190884,-0.03,0,2,5,3,1
21611,190914,6.05,0,16,19,30,1
21612,190920,1.44,0,5,8,6,1
21613,190924,0.46,0,3,6,4,1
21614,190925,-1.01,0,0,3,1,1
21615,190933,1.87,0,6,9,8,1
21616,190937,0.46,0,3,6,4,1
21617,190945,1.32,0,5,8,8,1
21618,190971,7.39,0,18,21,26,1
21619,190977,1.44,0,5,8,6,1
21620,190985,2.42,0,7,10,8,1
21621,190990,0.95,0,4,7,5,1
21622,191001,3.34,0,9,12,11,1
21623,191012,2.79,0,8,11,11,1
21624,191023,1.69,0,6,9,11,1
21625,191053,6.6,0,17,20,30,1
21626,191061,1.87,0,6,9,8,1
21627,191063,-0.52,0,1,4,2,1
21628,191082,3.96,0,11,14,19,1
21629,191087,0.95,0,4,7,5,1
21630,191093,1.44,0,5,8,6,1
21631,191105,2.73,0,8,11,12,1
21632,191106,-1.01,0,0,3,1,1
21633,191112,1.44,0,5,8,6,1
21634,191115,-0.03,0,2,5,3,1
21635,191118,-0.03,0,2,5,3,1
21636,191123,0.95,0,4,7,5,1
21637,191130,1.38,0,5,8,7,1
21638,191152,5.43,0,14,17,22,1
21639,191157,0.95,0,4,7,5,1
21640,191161,0.46,0,3,6,4,1
21641,191166,0.95,0,4,7,5,1
21642,191177,2.24,0,7,10,11,1
21643,191180,-0.03,0,2,5,3,1
21644,191183,-0.03,0,2,5,3,1
21645,191184,-1.01,0,0,3,1,1
21646,191195,2.24,0,7,10,11,1
21647,191197,-0.52,0,1,4,2,1
21648,191199,-0.52,0,1,4,2,1
21649,191208,1.81,0,6,9,9,1
21650,191231,5.92,0,15,18,23,1
21651,191250,4.51,0,12,15,19,1
21652,191253,-0.03,0,2,5,3,1
21653,191258,0.95,0,4,7,5,1
21654,191276,3.47,0,10,13,18,1
21655,191283,1.38,0,5,8,7,1
21656,191285,-0.52,0,1,4,2,1
21657,191300,2.55,0,8,11,15,1
21658,191322,4.88,0,13,16,22,1
21659,191353,7.09,0,18,21,31,1
21660,191359,1.44,0,5,8,6,1
21661,191366,1.93,0,6,9,7,1
21662,191380,3.71,0,10,13,14,1
21663,191388,1.87,0,6,9,8,1
21664,191404,3.59,0,10,13,16,1
21665,191407,-0.03,0,2,5,3,1
21666,191421,4.26,0,11,14,14,1
21667,191423,-0.52,0,1,4,2,1
21668,191437,4.26,0,11,14,14,1
21669,191445,1.87,0,6,9,8,1
21670,191447,-0.52,0,1,4,2,1
21671,191453,0.89,0,4,7,6,1
21672,191465,4.38,0,11,14,12,1
21673,191486,4.39,0,12,15,21,1
21674,191524,7.22,0,19,22,38,1
21675,191528,0.46,0,3,6,4,1
21676,191544,4.14,0,11,14,16,1
21677,191549,0.95,0,4,7,5,1
21678,191557,1.87,0,6,9,8,1
21679,191588,4.89,0,14,17,31,1
21680,191601,4.32,0,11,14,13,1
21681,191610,2.91,0,8,11,9,1
21682,191623,3.22,0,9,12,13,1
21683,191624,-1.01,0,0,3,1,1
21684,191625,-1.01,0,0,3,1,1
21685,191629,0.46,0,3,6,4,1
21686,191634,0.95,0,4,7,5,1
21687,191646,3.83,0,10,13,12,1
21688,191653,1.38,0,5,8,7,1
21689,191660,1.93,0,6,9,7,1
21690,191671,2.79,0,8,11,11,1
21691,191682,3.89,0,10,13,11,1
21692,191685,-0.03,0,2,5,3,1
21693,191742,4.98,0,17,20,57,1
21694,191752,2.3,0,7,10,10,1
21695,191759,1.93,0,6,9,7,1
21696,191764,0.95,0,4,7,5,1
21697,191765,-1.01,0,0,3,1,1
21698,191771,1.44,0,5,8,6,1
21699,191784,3.22,0,9,12,13,1
21700,191802,4.57,0,12,15,18,1
21701,191807,0.95,0,4,7,5,1
21702,191812,0.95,0,4,7,5,1
21703,191814,-0.52,0,1,4,2,1
21704,191824,2.3,0,7,10,10,1
21705,191861,6.18,0,17,20,37,1
21706,191863,-0.52,0,1,4,2,1
21707,191864,-1.01,0,0,3,1,1
21708,191889,6.35,0,16,19,25,1
21709,191891,-0.52,0,1,4,2,1
21710,191909,4.57,0,12,15,18,1
21711,191916,1.38,0,5,8,7,1
21712,191931,4.2,0,11,14,15,1
21713,191932,-1.01,0,0,3,1,1
21714,191936,0.46,0,3,6,4,1
21715,191940,0.46,0,3,6,4,1
21716,191966,5.74,0,15,18,26,1
21717,191983,5.73,0,14,17,17,1
21718,192002,3.41,0,10,13,19,1
21719,192014,3.28,0,9,12,12,1
21720,192019,0.95,0,4,7,5,1
21721,192023,0.46,0,3,6,4,1
21722,192037,4.26,0,11,14,14,1
21723,192038,-1.01,0,0,3,1,1
21724,192044,1.44,0,5,8,6,1
21725,192051,1.93,0,6,9,7,1
21726,192073,4.33,0,12,15,22,1
21727,192079,0.89,0,4,7,6,1
21728,192101,4.88,0,13,16,22,1
21729,192104,-0.03,0,2,5,3,1
21730,192112,1.87,0,6,9,8,1
21731,192117,0.95,0,4,7,5,1
21732,192118,-1.01,0,0,3,1,1
21733,192125,1.93,0,6,9,7,1
21734,192133,2.42,0,7,10,8,1
21735,192144,3.34,0,9,12,11,1
21736,192168,4.76,0,13,16,24,1
21737,192228,5.9,0,19,22,60,1
21738,192240,3.83,0,10,13,12,1
21739,192246,1.44,0,5,8,6,1
21740,192257,2.79,0,8,11,11,1
21741,192267,2.85,0,8,11,10,1
21742,192282,3.1,0,9,12,15,1
21743,192285,-0.03,0,2,5,3,1
21744,192288,-0.03,0,2,5,3,1
21745,192289,-1.01,0,0,3,1,1
21746,192291,-0.52,0,1,4,2,1
21747,192295,0.46,0,3,6,4,1
21748,192298,-0.03,0,2,5,3,1
21749,192300,-0.52,0,1,4,2,1
21750,192309,2.36,0,7,10,9,1
21751,192323,4.81,0,12,15,14,1
21752,192345,5.98,0,15,18,22,1
21753,192348,-0.03,0,2,5,3,1
21754,192355,1.93,0,6,9,7,1
21755,192356,-1.01,0,0,3,1,1
21756,192370,3.16,0,9,12,14,1
21757,192373,-0.03,0,2,5,3,1
21758,192391,4.57,0,12,15,18,1
21759,192394,-0.03,0,2,5,3,1
21760,192396,-0.52,0,1,4,2,1
21761,192401,0.95,0,4,7,5,1
21762,192404,-0.03,0,2,5,3,1
21763,192412,2.42,0,7,10,8,1
21764,192417,0.95,0,4,7,5,1
21765,192424,1.93,0,6,9,7,1
21766,192449,5.25,0,14,17,25,1
21767,192453,0.46,0,3,6,4,1
21768,192462,2.91,0,8,11,9,1
21769,192490,5.62,0,15,18,28,1
21770,192491,-1.01,0,0,3,1,1
21771,192508,4.08,0,11,14,17,1
21772,192520,3.28,0,9,12,12,1
21773,192524,0.46,0,3,6,4,1
21774,192525,-1.01,0,0,3,1,1
21775,192526,-1.01,0,0,3,1,1
21776,192538,2.73,0,8,11,12,1
21777,192541,-0.03,0,2,5,3,1
21778,192543,-0.52,0,1,4,2,1
21779,192551,2.42,0,7,10,8,1
21780,192552,-1.01,0,0,3,1,1
21781,192557,0.95,0,4,7,5,1
21782,192563,1.44,0,5,8,6,1
21783,192565,-0.52,0,1,4,2,1
21784,192568,-0.03,0,2,5,3,1
21785,192591,4.82,0,13,16,23,1
21786,192596,0.95,0,4,7,5,1
21787,192597,-1.01,0,0,3,1,1
21788,192603,0.89,0,4,7,6,1
21789,192621,5.12,0,13,16,18,1
21790,192622,-1.01,0,0,3,1,1
21791,192626,0.46,0,3,6,4,1
21792,192631,0.95,0,4,7,5,1
21793,192634,-0.03,0,2,5,3,1
21794,192637,-0.03,0,2,5,3,1
21795,192663,5.19,0,14,17,26,1
21796,192668,0.95,0,4,7,5,1
21797,192674,1.44,0,5,8,6,1
21798,192683,2.91,0,8,11,9,1
21799,192688,0.95,0,4,7,5,1
21800,192689,-1.01,0,0,3,1,1
21801,192693,0.46,0,3,6,4,1
21802,192703,2.3,0,7,10,10,1
21803,192705,-0.52,0,1,4,2,1
21804,192708,-0.03,0,2,5,3,1
21805,192720,2.73,0,8,11,12,1
21806,192729,2.36,0,7,10,9,1
21807,192734,0.95,0,4,7,5,1
21808,192773,6.06,0,17,20,39,1
21809,192824,6.99,0,20,23,51,1
21810,192832,2.42,0,7,10,8,1
21811,192833,-1.01,0,0,3,1,1
21812,192837,-0.09,0,2,5,4,1
21813,192843,1.44,0,5,8,6,1
21814,192879,6.79,0,18,21,36,1
21815,192884,0.95,0,4,7,5,1
21816,192888,0.46,0,3,6,4,1
21817,192897,2.91,0,8,11,9,1
21818,192898,-1.01,0,0,3,1,1
21819,192917,5.61,0,14,17,19,1
21820,192920,-0.03,0,2,5,3,1
21821,192958,5.57,0,16,19,38,1
21822,192980,3.78,0,11,14,22,1
21823,192981,-1.01,0,0,3,1,1
21824,192982,-1.01,0,0,3,1,1
21825,192983,-1.01,0,0,3,1,1
21826,192985,-0.52,0,1,4,2,1
21827,192990,0.95,0,4,7,5,1
21828,193017,7.33,0,18,21,27,1
21829,193018,-1.01,0,0,3,1,1
21830,193021,-0.03,0,2,5,3,1
21831,193039,5.12,0,13,16,18,1
21832,193048,2.36,0,7,10,9,1
21833,193051,-0.03,0,2,5,3,1
21834,193068,5.18,0,13,16,17,1
21835,193072,0.46,0,3,6,4,1
21836,193073,-1.01,0,0,3,1,1
21837,193086,4.32,0,11,14,13,1
21838,193128,6.43,0,18,21,42,1
21839,193137,2.91,0,8,11,9,1
21840,193138,-1.01,0,0,3,1,1
21841,193141,-0.03,0,2,5,3,1
21842,193165,4.76,0,13,16,24,1
21843,193168,-0.03,0,2,5,3,1
21844,193170,-0.52,0,1,4,2,1
21845,193171,-1.01,0,0,3,1,1
21846,193172,-1.01,0,0,3,1,1
21847,193176,0.46,0,3,6,4,1
21848,193200,3.11,0,10,13,24,1
21849,193203,-0.03,0,2,5,3,1
21850,193208,0.95,0,4,7,5,1
21851,193212,0.46,0,3,6,4,1
21852,193214,-0.52,0,1,4,2,1
21853,193217,-0.03,0,2,5,3,1
21854,193223,1.44,0,5,8,6,1
21855,193245,5.43,0,14,17,22,1
21856,193249,0.46,0,3,6,4,1
21857,193253,0.46,0,3,6,4,1
21858,193259,1.44,0,5,8,6,1
21859,193262,-0.03,0,2,5,3,1
21860,193275,4.87,0,12,15,13,1
21861,193281,1.44,0,5,8,6,1
21862,193282,-1.01,0,0,3,1,1
21863,193287,0.95,0,4,7,5,1
21864,193291,0.46,0,3,6,4,1
21865,193301,2.85,0,8,11,10,1
21866,193302,-1.01,0,0,3,1,1
21867,193305,-0.03,0,2,5,3,1
21868,193306,-1.01,0,0,3,1,1
21869,193321,4.2,0,11,14,15,1
21870,193330,1.81,0,6,9,9,1
21871,193332,-0.52,0,1,4,2,1
21872,193333,-1.01,0,0,3,1,1
21873,193340,1.93,0,6,9,7,1
21874,193354,4.26,0,11,14,14,1
21875,193358,0.46,0,3,6,4,1
21876,193366,1.87,0,6,9,8,1
21877,193375,2.36,0,7,10,9,1
21878,193379,0.46,0,3,6,4,1
21879,193391,2.73,0,8,11,12,1
21880,193396,0.95,0,4,7,5,1
21881,193407,2.79,0,8,11,11,1
21882,193414,1.93,0,6,9,7,1
21883,193416,-0.52,0,1,4,2,1
21884,193447,6.54,0,17,20,31,1
21885,193454,1.38,0,5,8,7,1
21886,193466,3.28,0,9,12,12,1
21887,193469,-0.03,0,2,5,3,1
21888,193476,1.38,0,5,8,7,1
21889,193477,-1.01,0,0,3,1,1
21890,193509,6.48,0,17,20,32,1
21891,193513,0.46,0,3,6,4,1
21892,193514,-1.01,0,0,3,1,1
21893,193522,1.87,0,6,9,8,1
21894,193534,2.73,0,8,11,12,1
21895,193537,-0.03,0,2,5,3,1
21896,193539,-0.52,0,1,4,2,1
21897,193544,0.95,0,4,7,5,1
21898,193553,1.81,0,6,9,9,1
21899,193569,5.79,0,14,17,16,1
21900,193572,-0.03,0,2,5,3,1
21901,193576,0.46,0,3,6,4,1
21902,193578,-0.52,0,1,4,2,1
21903,193591,4.87,0,12,15,13,1
21904,193593,-0.52,0,1,4,2,1
21905,193609,3.59,0,10,13,16,1
21906,193625,4.14,0,11,14,16,1
21907,193634,2.91,0,8,11,9,1
21908,193645,1.69,0,6,9,11,1
21909,193647,-0.52,0,1,4,2,1
21910,193649,-0.52,0,1,4,2,1
21911,193676,4.03,0,12,15,27,1
21912,193678,-0.52,0,1,4,2,1
21913,193694,4.69,0,12,15,16,1
21914,193700,0.89,0,4,7,6,1
21915,193720,6.1,0,15,18,20,1
21916,193723,-0.03,0,2,5,3,1
21917,193733,2.3,0,7,10,10,1
21918,193737,0.46,0,3,6,4,1
21919,193741,0.46,0,3,6,4,1
21920,193746,0.95,0,4,7,5,1
21921,193750,0.46,0,3,6,4,1
21922,193755,0.95,0,4,7,5,1
21923,193774,3.41,0,10,13,19,1
21924,193775,-1.01,0,0,3,1,1
21925,193780,0.95,0,4,7,5,1
21926,193782,-0.52,0,1,4,2,1
21927,193790,2.42,0,7,10,8,1
21928,193791,-1.01,0,0,3,1,1
21929,193803,2.73,0,8,11,12,1
21930,193818,3.65,0,10,13,15,1
21931,193821,-0.03,0,2,5,3,1
21932,193823,-0.52,0,1,4,2,1
21933,193834,3.89,0,10,13,11,1
21934,193837,-0.03,0,2,5,3,1
21935,193838,-1.01,0,0,3,1,1
21936,193845,1.93,0,6,9,7,1
21937,193848,-0.03,0,2,5,3,1
21938,193851,-0.03,0,2,5,3,1
21939,193857,1.44,0,5,8,6,1
21940,193874,4.08,0,11,14,17,1
21941,193875,-1.01,0,0,3,1,1
21942,193883,1.87,0,6,9,8,1
21943,193884,-1.01,0,0,3,1,1
21944,193903,3.96,0,11,14,19,1
21945,193913,3.4,0,9,12,10,1
21946,193929,4.14,0,11,14,16,1
21947,193934,0.95,0,4,7,5,1
21948,193940,1.44,0,5,8,6,1
21949,193943,-0.03,0,2,5,3,1
21950,193949,0.89,0,4,7,6,1
21951,193951,-0.52,0,1,4,2,1
21952,193958,1.38,0,5,8,7,1
21953,193959,-1.01,0,0,3,1,1
21954,193968,2.36,0,7,10,9,1
21955,193978,2.3,0,7,10,10,1
21956,193979,-1.01,0,0,3,1,1
21957,193981,-0.52,0,1,4,2,1
21958,193994,3.22,0,9,12,13,1
21959,194000,0.89,0,4,7,6,1
21960,194001,-1.01,0,0,3,1,1
21961,194009,1.32,0,5,8,8,1
21962,194015,1.44,0,5,8,6,1
21963,194019,0.46,0,3,6,4,1
21964,194022,-0.03,0,2,5,3,1
21965,194037,4.2,0,11,14,15,1
21966,194054,5.18,0,13,16,17,1
21967,194058,0.46,0,3,6,4,1
21968,194068,2.85,0,8,11,10,1
21969,194090,3.78,0,11,14,22,1
21970,194093,-0.03,0,2,5,3,1
21971,194107,3.16,0,9,12,14,1
21972,194130,5.37,0,14,17,23,1
21973,194147,4.08,0,11,14,17,1
21974,194149,-0.52,0,1,4,2,1
21975,194165,4.14,0,11,14,16,1
21976,194168,-0.03,0,2,5,3,1
21977,194172,0.46,0,3,6,4,1
21978,194179,1.93,0,6,9,7,1
21979,194181,-0.52,0,1,4,2,1
21980,194188,1.93,0,6,9,7,1
21981,194193,0.95,0,4,7,5,1
21982,194195,-0.52,0,1,4,2,1
21983,194204,2.36,0,7,10,9,1
21984,194209,0.95,0,4,7,5,1
21985,194218,1.81,0,6,9,9,1
21986,194221,-0.03,0,2,5,3,1
21987,194225,0.46,0,3,6,4,1
21988,194234,1.81,0,6,9,9,1
21989,194240,1.44,0,5,8,6,1
21990,194247,1.93,0,6,9,7,1
21991,194256,2.36,0,7,10,9,1
21992,194273,4.63,0,12,15,17,1
21993,194289,4.69,0,12,15,16,1
21994,194294,0.95,0,4,7,5,1
21995,194296,-0.52,0,1,4,2,1
21996,194299,-0.03,0,2,5,3,1
21997,194319,5.0,0,13,16,20,1
21998,194336,5.18,0,13,16,17,1
21999,194339,-0.03,0,2,5,3,1
22000,194345,1.44,0,5,8,6,1
22001,194349,0.46,0,3,6,4,1
22002,194355,1.44,0,5,8,6,1
22003,194358,-0.03,0,2,5,3,1
22004,194362,0.46,0,3,6,4,1
22005,194364,-0.52,0,1,4,2,1
22006,194370,0.89,0,4,7,6,1
22007,194374,0.46,0,3,6,4,1
22008,194379,0.95,0,4,7,5,1
22009,194384,0.95,0,4,7,5,1
22010,194388,0.46,0,3,6,4,1
22011,194390,-0.52,0,1,4,2,1
22012,194420,6.05,0,16,19,30,1
22013,194423,-0.03,0,2,5,3,1
22014,194431,2.42,0,7,10,8,1
22015,194440,2.36,0,7,10,9,1
22016,194445,0.4,0,3,6,5,1
22017,194448,-0.03,0,2,5,3,1
22018,194454,1.44,0,5,8,6,1
22019,194456,-0.52,0,1,4,2,1
22020,194472,4.69,0,12,15,16,1
22021,194479,1.38,0,5,8,7,1
22022,194545,4.99,0,18,21,66,1
22023,194554,2.91,0,8,11,9,1
22024,194580,5.74,0,15,18,26,1
22025,194586,1.44,0,5,8,6,1
22026,194599,3.22,0,9,12,13,1
22027,194606,1.38,0,5,8,7,1
22028,194638,6.48,0,17,20,32,1
22029,194649,3.34,0,9,12,11,1
22030,194670,4.94,0,13,16,21,1
22031,194672,-0.52,0,1,4,2,1
22032,194675,-0.03,0,2,5,3,1
22033,194678,-0.03,0,2,5,3,1
22034,194682,0.46,0,3,6,4,1
22035,194688,1.44,0,5,8,6,1
22036,194692,-0.09,0,2,5,4,1
22037,194702,1.75,0,6,9,10,1
22038,194717,4.75,0,12,15,15,1
22039,194718,-1.01,0,0,3,1,1
22040,194722,0.46,0,3,6,4,1
22041,194728,1.44,0,5,8,6,1
22042,194735,1.38,0,5,8,7,1
22043,194740,0.95,0,4,7,5,1
22044,194741,-1.01,0,0,3,1,1
22045,194744,-0.03,0,2,5,3,1
22046,194751,1.38,0,5,8,7,1
22047,194757,0.89,0,4,7,6,1
22048,194760,-0.03,0,2,5,3,1
22049,194770,2.3,0,7,10,10,1
22050,194778,2.42,0,7,10,8,1
22051,194781,-0.03,0,2,5,3,1
22052,194783,-0.52,0,1,4,2,1
22053,194787,0.46,0,3,6,4,1
22054,194789,-0.52,0,1,4,2,1
22055,194794,0.95,0,4,7,5,1
22056,194799,0.95,0,4,7,5,1
22057,194822,5.37,0,14,17,23,1
22058,194836,4.26,0,11,14,14,1
22059,194868,5.38,0,15,18,32,1
22060,194874,0.89,0,4,7,6,1
22061,194881,1.93,0,6,9,7,1
22062,194887,1.44,0,5,8,6,1
22063,194902,4.2,0,11,14,15,1
22064,194910,1.87,0,6,9,8,1
22065,194923,3.22,0,9,12,13,1
22066,194924,-1.01,0,0,3,1,1
22067,194928,0.46,0,3,6,4,1
22068,194936,1.32,0,5,8,8,1
22069,194953,4.08,0,11,14,17,1
22070,194954,-1.01,0,0,3,1,1
22071,194960,1.44,0,5,8,6,1
22072,194973,4.87,0,12,15,13,1
22073,194978,0.95,0,4,7,5,1
22074,194989,2.24,0,7,10,11,1
22075,194995,1.44,0,5,8,6,1
22076,195001,1.44,0,5,8,6,1
22077,195027,5.19,0,14,17,26,1
22078,195028,-1.01,0,0,3,1,1
22079,195051,4.27,0,12,15,23,1
22080,195058,1.38,0,5,8,7,1
22081,195062,0.46,0,3,6,4,1
22082,195083,4.94,0,13,16,21,1
22083,195089,1.44,0,5,8,6,1
22084,195102,4.32,0,11,14,13,1
22085,195104,-0.52,0,1,4,2,1
22086,195107,-0.03,0,2,5,3,1
22087,195114,1.93,0,6,9,7,1
22088,195118,0.46,0,3,6,4,1
22089,195120,-0.52,0,1,4,2,1
22090,195124,0.46,0,3,6,4,1
22091,195130,0.89,0,4,7,6,1
22092,195136,1.44,0,5,8,6,1
22093,195138,-0.52,0,1,4,2,1
22094,195139,-1.01,0,0,3,1,1
22095,195144,0.95,0,4,7,5,1
22096,195150,1.44,0,5,8,6,1
22097,195163,3.22,0,9,12,13,1
22098,195175,3.83,0,10,13,12,1
22099,195181,1.44,0,5,8,6,1
22100,195183,-0.52,0,1,4,2,1
22101,195192,2.36,0,7,10,9,1
22102,195193,-1.01,0,0,3,1,1
22103,195194,-1.01,0,0,3,1,1
22104,195242,7.17,0,20,23,48,1
22105,195254,2.73,0,8,11,12,1
22106,195259,0.95,0,4,7,5,1
22107,195262,-0.03,0,2,5,3,1
22108,195263,-1.01,0,0,3,1,1
22109,195269,1.44,0,5,8,6,1
22110,195276,0.83,0,4,7,7,1
22111,195278,-0.52,0,1,4,2,1
22112,195281,-0.03,0,2,5,3,1
22113,195286,0.95,0,4,7,5,1
22114,195290,0.46,0,3,6,4,1
22115,195298,1.87,0,6,9,8,1
22116,195304,0.89,0,4,7,6,1
22117,195306,-0.52,0,1,4,2,1
22118,195316,2.85,0,8,11,10,1
22119,195319,-0.03,0,2,5,3,1
22120,195320,-1.01,0,0,3,1,1
22121,195325,0.95,0,4,7,5,1
22122,195331,1.44,0,5,8,6,1
22123,195337,0.89,0,4,7,6,1
22124,195345,2.42,0,7,10,8,1
22125,195351,1.44,0,5,8,6,1
22126,195385,5.81,0,16,19,34,1
22127,195386,-1.01,0,0,3,1,1
22128,195411,5.25,0,14,17,25,1
22129,195424,4.32,0,11,14,13,1
22130,195430,1.44,0,5,8,6,1
22131,195468,5.57,0,16,19,38,1
22132,195497,6.11,0,16,19,29,1
22133,195504,1.93,0,6,9,7,1
22134,195560,6.14,0,19,22,56,1
22135,195564,0.46,0,3,6,4,1
22136,195583,4.51,0,12,15,19,1
22137,195592,2.36,0,7,10,9,1
22138,195605,3.22,0,9,12,13,1
22139,195626,2.74,0,9,12,21,1
22140,195627,-1.01,0,0,3,1,1
22141,195630,-0.03,0,2,5,3,1
22142,195640,2.85,0,8,11,10,1
22143,195655,3.65,0,10,13,15,1
22144,195662,1.93,0,6,9,7,1
22145,195682,4.45,0,12,15,20,1
22146,195691,2.36,0,7,10,9,1
22147,195699,1.87,0,6,9,8,1
22148,195704,0.95,0,4,7,5,1
22149,195706,-0.52,0,1,4,2,1
22150,195711,0.95,0,4,7,5,1
22151,195726,3.1,0,9,12,15,1
22152,195737,3.34,0,9,12,11,1
22153,195747,2.85,0,8,11,10,1
22154,195751,0.46,0,3,6,4,1
22155,195755,0.46,0,3,6,4,1
22156,195763,1.87,0,6,9,8,1
22157,195771,2.42,0,7,10,8,1
22158,195773,-0.52,0,1,4,2,1
22159,195777,0.46,0,3,6,4,1
22160,195782,0.95,0,4,7,5,1
22161,195799,3.53,0,10,13,17,1
22162,195805,1.44,0,5,8,6,1
22163,195811,1.44,0,5,8,6,1
22164,195812,-1.01,0,0,3,1,1
22165,195825,4.32,0,11,14,13,1
22166,195849,6.96,0,17,20,24,1
22167,195852,-0.03,0,2,5,3,1
22168,195860,1.87,0,6,9,8,1
22169,195863,-0.03,0,2,5,3,1
22170,195866,-0.03,0,2,5,3,1
22171,195884,4.57,0,12,15,18,1
22172,195893,2.91,0,8,11,9,1
22173,195912,5.61,0,14,17,19,1
22174,195924,3.28,0,9,12,12,1
22175,195927,-0.03,0,2,5,3,1
22176,195928,-1.01,0,0,3,1,1
22177,195943,5.3,0,13,16,15,1
22178,195955,2.18,0,7,10,12,1
22179,195970,3.1,0,9,12,15,1
22180,195991,4.94,0,13,16,21,1
22181,196000,2.36,0,7,10,9,1
22182,196006,1.44,0,5,8,6,1
22183,196011,0.95,0,4,7,5,1
22184,196015,0.46,0,3,6,4,1
22185,196017,-0.52,0,1,4,2,1
22186,196023,1.44,0,5,8,6,1
22187,196031,2.42,0,7,10,8,1
22188,196042,2.79,0,8,11,11,1
22189,196053,2.24,0,7,10,11,1
22190,196059,0.89,0,4,7,6,1
22191,196073,3.71,0,10,13,14,1
22192,196074,-1.01,0,0,3,1,1
22193,196090,4.14,0,11,14,16,1
22194,196116,6.84,0,17,20,26,1
22195,196136,5.55,0,14,17,20,1
22196,196138,-0.52,0,1,4,2,1
22197,196142,0.46,0,3,6,4,1
22198,196147,0.95,0,4,7,5,1
22199,196196,5.46,0,17,20,49,1
22200,196197,-1.01,0,0,3,1,1
22201,196205,2.42,0,7,10,8,1
22202,196208,-0.03,0,2,5,3,1
22203,196210,-0.52,0,1,4,2,1
22204,196217,1.38,0,5,8,7,1
22205,196223,0.89,0,4,7,6,1
22206,196229,0.89,0,4,7,6,1
22207,196243,3.71,0,10,13,14,1
22208,196247,0.46,0,3,6,4,1
22209,196250,-0.03,0,2,5,3,1
22210,196251,-1.01,0,0,3,1,1
22211,196262,2.24,0,7,10,11,1
22212,196265,-0.03,0,2,5,3,1
22213,196279,4.26,0,11,14,14,1
22214,196283,0.46,0,3,6,4,1
22215,196295,3.83,0,10,13,12,1
22216,196302,1.93,0,6,9,7,1
22217,196317,3.65,0,10,13,15,1
22218,196338,5.49,0,14,17,21,1
22219,196349,3.34,0,9,12,11,1
22220,196360,3.89,0,10,13,11,1
22221,196366,1.44,0,5,8,6,1
22222,196367,-1.01,0,0,3,1,1
22223,196369,-0.52,0,1,4,2,1
22224,196380,3.34,0,9,12,11,1
22225,196382,-0.52,0,1,4,2,1
22226,196385,-0.03,0,2,5,3,1
22227,196396,2.79,0,8,11,11,1
22228,196398,-0.52,0,1,4,2,1
22229,196407,2.36,0,7,10,9,1
22230,196414,1.38,0,5,8,7,1
22231,196415,-1.01,0,0,3,1,1
22232,196419,0.46,0,3,6,4,1
22233,196450,7.64,0,19,22,31,1
22234,196478,6.72,0,17,20,28,1
22235,196493,4.2,0,11,14,15,1
22236,196498,0.95,0,4,7,5,1
22237,196504,1.44,0,5,8,6,1
22238,196509,0.95,0,4,7,5,1
22239,196514,0.95,0,4,7,5,1
22240,196523,2.36,0,7,10,9,1
22241,196525,-0.52,0,1,4,2,1
22242,196527,-0.52,0,1,4,2,1
22243,196551,5.86,0,15,18,24,1
22244,196554,-0.03,0,2,5,3,1
22245,196557,-0.03,0,2,5,3,1
22246,196563,1.44,0,5,8,6,1
22247,196577,4.81,0,12,15,14,1
22248,196580,-0.03,0,2,5,3,1
22249,196607,5.13,0,14,17,27,1
22250,196630,3.72,0,11,14,23,1
22251,196632,-0.52,0,1,4,2,1
22252,196643,3.89,0,10,13,11,1
22253,196661,5.67,0,14,17,18,1
22254,196662,-1.01,0,0,3,1,1
22255,196674,3.83,0,10,13,12,1
22256,196693,3.41,0,10,13,19,1
22257,196699,1.44,0,5,8,6,1
22258,196703,0.46,0,3,6,4,1
22259,196721,4.57,0,12,15,18,1
22260,196722,-1.01,0,0,3,1,1
22261,196734,3.28,0,9,12,12,1
22262,196738,0.46,0,3,6,4,1
22263,196747,1.81,0,6,9,9,1
22264,196753,0.89,0,4,7,6,1
22265,196756,-0.03,0,2,5,3,1
22266,196762,1.44,0,5,8,6,1
22267,196773,2.79,0,8,11,11,1
22268,196781,2.42,0,7,10,8,1
22269,196786,0.95,0,4,7,5,1
22270,196790,0.46,0,3,6,4,1
22271,196800,1.75,0,6,9,10,1
22272,196806,1.44,0,5,8,6,1
22273,196811,0.95,0,4,7,5,1
22274,196818,1.93,0,6,9,7,1
22275,196827,2.36,0,7,10,9,1
22276,196835,0.77,0,4,7,8,1
22277,196845,3.4,0,9,12,10,1
22278,196864,3.96,0,11,14,19,1
22279,196867,-0.03,0,2,5,3,1
22280,196869,-0.52,0,1,4,2,1
22281,196870,-1.01,0,0,3,1,1
22282,196871,-1.01,0,0,3,1,1
22283,196872,-1.01,0,0,3,1,1
22284,196880,1.32,0,5,8,8,1
22285,196884,0.46,0,3,6,4,1
22286,196897,3.22,0,9,12,13,1
22287,196901,0.46,0,3,6,4,1
22288,196907,0.89,0,4,7,6,1
22289,196909,-0.52,0,1,4,2,1
22290,196926,4.08,0,11,14,17,1
22291,196929,-0.03,0,2,5,3,1
22292,196948,4.51,0,12,15,19,1
22293,196950,-0.52,0,1,4,2,1
22294,196953,-0.03,0,2,5,3,1
22295,196961,2.42,0,7,10,8,1
22296,196962,-1.01,0,0,3,1,1
22297,196963,-1.01,0,0,3,1,1
22298,196970,1.38,0,5,8,7,1
22299,196978,2.42,0,7,10,8,1
22300,196995,5.18,0,13,16,17,1
22301,196997,-0.52,0,1,4,2,1
22302,197000,-0.03,0,2,5,3,1
22303,197003,-0.03,0,2,5,3,1
22304,197008,0.95,0,4,7,5,1
22305,197017,2.91,0,8,11,9,1
22306,197021,0.46,0,3,6,4,1
22307,197037,3.04,0,9,12,16,1
22308,197051,3.16,0,9,12,14,1
22309,197065,3.71,0,10,13,14,1
22310,197072,1.93,0,6,9,7,1
22311,197078,0.89,0,4,7,6,1
22312,197082,0.46,0,3,6,4,1
22313,197101,6.71,0,16,19,19,1
22314,197114,2.12,0,7,10,13,1
22315,197123,1.81,0,6,9,9,1
22316,197125,-0.52,0,1,4,2,1
22317,197139,2.61,0,8,11,14,1
22318,197143,0.46,0,3,6,4,1
22319,197172,5.01,0,14,17,29,1
22320,197183,2.79,0,8,11,11,1
22321,197184,-1.01,0,0,3,1,1
22322,197191,1.93,0,6,9,7,1
22323,197196,0.95,0,4,7,5,1
22324,197200,0.46,0,3,6,4,1
22325,197203,-0.03,0,2,5,3,1
22326,197208,0.95,0,4,7,5,1
22327,197211,-0.03,0,2,5,3,1
22328,197235,5.31,0,14,17,24,1
22329,197239,0.46,0,3,6,4,1
22330,197244,0.95,0,4,7,5,1
22331,197246,-0.52,0,1,4,2,1
22332,197248,-0.52,0,1,4,2,1
22333,197254,1.44,0,5,8,6,1
22334,197256,-0.52,0,1,4,2,1
22335,197257,-1.01,0,0,3,1,1
22336,197266,1.81,0,6,9,9,1
22337,197275,2.36,0,7,10,9,1
22338,197277,-0.52,0,1,4,2,1
22339,197282,0.95,0,4,7,5,1
22340,197292,2.3,0,7,10,10,1
22341,197301,2.36,0,7,10,9,1
22342,197319,3.47,0,10,13,18,1
22343,197324,0.4,0,3,6,5,1
22344,197328,0.46,0,3,6,4,1
22345,197340,2.73,0,8,11,12,1
22346,197341,-1.01,0,0,3,1,1
22347,197343,-0.52,0,1,4,2,1
22348,197347,0.46,0,3,6,4,1
22349,197352,0.4,0,3,6,5,1
22350,197354,-0.52,0,1,4,2,1
22351,197377,6.47,0,16,19,23,1
22352,197378,-1.01,0,0,3,1,1
22353,197409,5.44,0,15,18,31,1
22354,197413,0.46,0,3,6,4,1
22355,197416,-0.03,0,2,5,3,1
22356,197423,1.93,0,6,9,7,1
22357,197427,0.46,0,3,6,4,1
22358,197455,5.07,0,14,17,28,1
22359,197463,1.87,0,6,9,8,1
22360,197465,-0.52,0,1,4,2,1
22361,197473,1.32,0,5,8,8,1
22362,197478,0.95,0,4,7,5,1
22363,197490,4.38,0,11,14,12,1
22364,197493,-0.03,0,2,5,3,1
22365,197514,6.59,0,16,19,21,1
22366,197523,1.81,0,6,9,9,1
22367,197524,-1.01,0,0,3,1,1
22368,197526,-0.52,0,1,4,2,1
22369,197530,-0.09,0,2,5,4,1
22370,197534,0.46,0,3,6,4,1
22371,197546,3.28,0,9,12,12,1
22372,197555,1.81,0,6,9,9,1
22373,197563,1.87,0,6,9,8,1
22374,197564,-1.01,0,0,3,1,1
22375,197565,-1.01,0,0,3,1,1
22376,197581,4.14,0,11,14,16,1
22377,197582,-1.01,0,0,3,1,1
22378,197589,1.38,0,5,8,7,1
22379,197594,0.95,0,4,7,5,1
22380,197599,0.95,0,4,7,5,1
22381,197602,-0.03,0,2,5,3,1
22382,197605,-0.03,0,2,5,3,1
22383,197608,-0.03,0,2,5,3,1
22384,197615,1.93,0,6,9,7,1
22385,197630,3.65,0,10,13,15,1
22386,197635,0.95,0,4,7,5,1
22387,197646,3.34,0,9,12,11,1
22388,197664,4.02,0,11,14,18,1
22389,197674,2.85,0,8,11,10,1
22390,197675,-1.01,0,0,3,1,1
22391,197680,0.95,0,4,7,5,1
22392,197690,2.85,0,8,11,10,1
22393,197731,5.94,0,17,20,41,1
22394,197739,2.42,0,7,10,8,1
22395,197747,1.32,0,5,8,8,1
22396,197759,3.83,0,10,13,12,1
22397,197768,2.36,0,7,10,9,1
22398,197783,2.0,0,7,10,15,1
22399,197790,1.93,0,6,9,7,1
22400,197804,3.16,0,9,12,14,1
22401,197829,7.45,0,18,21,25,1
22402,197832,-0.03,0,2,5,3,1
22403,197836,0.46,0,3,6,4,1
22404,197840,0.46,0,3,6,4,1
22405,197853,2.67,0,8,11,13,1
22406,197855,-0.52,0,1,4,2,1
22407,197861,0.89,0,4,7,6,1
22408,197863,-0.52,0,1,4,2,1
22409,197869,1.44,0,5,8,6,1
22410,197885,3.59,0,10,13,16,1
22411,197902,5.18,0,13,16,17,1
22412,197916,4.81,0,12,15,14,1
22413,197929,3.22,0,9,12,13,1
22414,197963,5.26,0,15,18,34,1
22415,197976,3.22,0,9,12,13,1
22416,197978,-0.52,0,1,4,2,1
22417,197992,4.26,0,11,14,14,1
22418,197998,1.44,0,5,8,6,1
22419,198009,3.34,0,9,12,11,1
22420,198014,0.95,0,4,7,5,1
22421,198020,1.44,0,5,8,6,1
22422,198022,-0.52,0,1,4,2,1
22423,198027,0.95,0,4,7,5,1
22424,198033,1.44,0,5,8,6,1
22425,198039,0.89,0,4,7,6,1
22426,198044,0.95,0,4,7,5,1
22427,198046,-0.52,0,1,4,2,1
22428,198061,4.2,0,11,14,15,1
22429,198080,4.51,0,12,15,19,1
22430,198086,1.44,0,5,8,6,1
22431,198094,1.87,0,6,9,8,1
22432,198095,-1.01,0,0,3,1,1
22433,198107,3.28,0,9,12,12,1
22434,198112,0.95,0,4,7,5,1
22435,198113,-1.01,0,0,3,1,1
22436,198116,-0.03,0,2,5,3,1
22437,198125,1.81,0,6,9,9,1
22438,198132,1.38,0,5,8,7,1
22439,198142,2.85,0,8,11,10,1
22440,198149,1.93,0,6,9,7,1
22441,198152,-0.03,0,2,5,3,1
22442,198158,1.44,0,5,8,6,1
22443,198159,-1.01,0,0,3,1,1
22444,198166,0.83,0,4,7,7,1
22445,198181,4.75,0,12,15,15,1
22446,198186,0.95,0,4,7,5,1
22447,198187,-1.01,0,0,3,1,1
22448,198192,0.95,0,4,7,5,1
22449,198196,0.46,0,3,6,4,1
22450,198198,-0.52,0,1,4,2,1
22451,198201,-0.03,0,2,5,3,1
22452,198213,2.73,0,8,11,12,1
22453,198219,1.44,0,5,8,6,1
22454,198233,2.61,0,8,11,14,1
22455,198237,0.46,0,3,6,4,1
22456,198240,-0.03,0,2,5,3,1
22457,198241,-1.01,0,0,3,1,1
22458,198260,4.51,0,12,15,19,1
22459,198270,3.4,0,9,12,10,1
22460,198271,-1.01,0,0,3,1,1
22461,198279,2.42,0,7,10,8,1
22462,198280,-1.01,0,0,3,1,1
22463,198284,-0.09,0,2,5,4,1
22464,198291,1.38,0,5,8,7,1
22465,198304,4.32,0,11,14,13,1
22466,198312,1.32,0,5,8,8,1
22467,198315,-0.03,0,2,5,3,1
22468,198320,0.95,0,4,7,5,1
22469,198322,-0.52,0,1,4,2,1
22470,198346,6.41,0,16,19,24,1
22471,198363,2.98,0,9,12,17,1
22472,198370,1.93,0,6,9,7,1
22473,198413,5.82,0,17,20,43,1
22474,198415,-0.52,0,1,4,2,1
22475,198460,5.7,0,17,20,45,1
22476,198471,2.79,0,8,11,11,1
22477,198494,4.27,0,12,15,23,1
22478,198496,-0.52,0,1,4,2,1
22479,198501,0.95,0,4,7,5,1
22480,198526,6.35,0,16,19,25,1
22481,198571,7.9,0,21,24,45,1
22482,198577,1.44,0,5,8,6,1
22483,198581,0.46,0,3,6,4,1
22484,198585,0.46,0,3,6,4,1
22485,198591,0.89,0,4,7,6,1
22486,198597,1.44,0,5,8,6,1
22487,198598,-1.01,0,0,3,1,1
22488,198600,-0.52,0,1,4,2,1
22489,198608,2.42,0,7,10,8,1
22490,198623,3.1,0,9,12,15,1
22491,198632,2.91,0,8,11,9,1
22492,198633,-1.01,0,0,3,1,1
22493,198636,-0.03,0,2,5,3,1
22494,198648,3.83,0,10,13,12,1
22495,198651,-0.03,0,2,5,3,1
22496,198652,-1.01,0,0,3,1,1
22497,198662,3.4,0,9,12,10,1
22498,198681,6.16,0,15,18,19,1
22499,198687,1.44,0,5,8,6,1
22500,198696,2.91,0,8,11,9,1
22501,198701,0.95,0,4,7,5,1
22502,198708,1.93,0,6,9,7,1
22503,198710,-0.52,0,1,4,2,1
22504,198727,5.18,0,13,16,17,1
22505,198729,-0.52,0,1,4,2,1
22506,198742,3.22,0,9,12,13,1
22507,198748,1.44,0,5,8,6,1
22508,198751,-0.03,0,2,5,3,1
22509,198756,0.95,0,4,7,5,1
22510,198761,0.95,0,4,7,5,1
22511,198766,0.95,0,4,7,5,1
22512,198773,1.93,0,6,9,7,1
22513,198774,-1.01,0,0,3,1,1
22514,198811,6.18,0,17,20,37,1
22515,198822,2.24,0,7,10,11,1
22516,198829,1.38,0,5,8,7,1
22517,198830,-1.01,0,0,3,1,1
22518,198845,4.75,0,12,15,15,1
22519,198849,0.46,0,3,6,4,1
22520,198861,3.83,0,10,13,12,1
22521,198862,-1.01,0,0,3,1,1
22522,198865,-0.03,0,2,5,3,1
22523,198867,-0.52,0,1,4,2,1
22524,198869,-0.52,0,1,4,2,1
22525,198871,-0.52,0,1,4,2,1
22526,198905,5.81,0,16,19,34,1
22527,198910,0.95,0,4,7,5,1
22528,198920,2.85,0,8,11,10,1
22529,198934,3.71,0,10,13,14,1
22530,198935,-1.01,0,0,3,1,1
22531,198947,3.83,0,10,13,12,1
22532,198955,2.42,0,7,10,8,1
22533,198961,0.89,0,4,7,6,1
22534,198972,2.24,0,7,10,11,1
22535,198978,1.44,0,5,8,6,1
22536,198986,1.87,0,6,9,8,1
22537,199009,5.92,0,15,18,23,1
22538,199023,3.71,0,10,13,14,1
22539,199038,4.2,0,11,14,15,1
22540,199041,-0.03,0,2,5,3,1
22541,199042,-1.01,0,0,3,1,1
22542,199045,-0.03,0,2,5,3,1
22543,199046,-1.01,0,0,3,1,1
22544,199049,-0.03,0,2,5,3,1
22545,199050,-1.01,0,0,3,1,1
22546,199052,-0.52,0,1,4,2,1
22547,199056,0.46,0,3,6,4,1
22548,199062,1.44,0,5,8,6,1
22549,199066,0.46,0,3,6,4,1
22550,199079,3.77,0,10,13,13,1
22551,199087,1.87,0,6,9,8,1
22552,199114,5.13,0,14,17,27,1
22553,199116,-0.52,0,1,4,2,1
22554,199140,4.76,0,13,16,24,1
22555,199177,6.73,0,18,21,37,1
22556,199185,2.42,0,7,10,8,1
22557,199189,-0.09,0,2,5,4,1
22558,199191,-0.52,0,1,4,2,1
22559,199203,3.83,0,10,13,12,1
22560,199223,5.0,0,13,16,20,1
22561,199225,-0.52,0,1,4,2,1
22562,199239,4.26,0,11,14,14,1
22563,199240,-1.01,0,0,3,1,1
22564,199247,1.93,0,6,9,7,1
22565,199250,-0.03,0,2,5,3,1
22566,199253,-0.03,0,2,5,3,1
22567,199265,3.83,0,10,13,12,1
22568,199269,0.46,0,3,6,4,1
22569,199274,0.95,0,4,7,5,1
22570,199303,5.56,0,15,18,29,1
22571,199309,1.44,0,5,8,6,1
22572,199313,0.46,0,3,6,4,1
22573,199327,3.71,0,10,13,14,1
22574,199339,3.28,0,9,12,12,1
22575,199341,-0.52,0,1,4,2,1
22576,199353,2.73,0,8,11,12,1
22577,199374,6.04,0,15,18,21,1
22578,199381,0.83,0,4,7,7,1
22579,199386,0.95,0,4,7,5,1
22580,199393,1.93,0,6,9,7,1
22581,199397,0.46,0,3,6,4,1
22582,199401,0.46,0,3,6,4,1
22583,199408,1.38,0,5,8,7,1
22584,199419,2.79,0,8,11,11,1
22585,199420,-1.01,0,0,3,1,1
22586,199422,-0.52,0,1,4,2,1
22587,199424,-0.52,0,1,4,2,1
22588,199440,4.69,0,12,15,16,1
22589,199452,3.28,0,9,12,12,1
22590,199457,0.95,0,4,7,5,1
22591,199476,5.06,0,13,16,19,1
22592,199478,-0.52,0,1,4,2,1
22593,199485,1.93,0,6,9,7,1
22594,199488,-0.03,0,2,5,3,1
22595,199495,1.38,0,5,8,7,1
22596,199510,4.2,0,11,14,15,1
22597,199518,1.87,0,6,9,8,1
22598,199552,6.36,0,17,20,34,1
22599,199553,-1.01,0,0,3,1,1
22600,199570,4.08,0,11,14,17,1
22601,199575,0.4,0,3,6,5,1
22602,199582,1.93,0,6,9,7,1
22603,199591,2.36,0,7,10,9,1
22604,199594,-0.03,0,2,5,3,1
22605,199595,-1.01,0,0,3,1,1
22606,199604,2.36,0,7,10,9,1
22607,199612,1.87,0,6,9,8,1
22608,199618,1.44,0,5,8,6,1
22609,199628,2.85,0,8,11,10,1
22610,199636,1.87,0,6,9,8,1
22611,199646,2.85,0,8,11,10,1
22612,199667,4.94,0,13,16,21,1
22613,199672,0.4,0,3,6,5,1
22614,199680,2.42,0,7,10,8,1
22615,199698,5.67,0,14,17,18,1
22616,199718,4.45,0,12,15,20,1
22617,199721,-0.03,0,2,5,3,1
22618,199722,-1.01,0,0,3,1,1
22619,199736,3.16,0,9,12,14,1
22620,199746,1.2,0,5,8,10,1
22621,199751,0.95,0,4,7,5,1
22622,199760,2.91,0,8,11,9,1
22623,199768,1.87,0,6,9,8,1
22624,199773,0.95,0,4,7,5,1
22625,199775,-0.52,0,1,4,2,1
22626,199791,3.59,0,10,13,16,1
22627,199803,3.28,0,9,12,12,1
22628,199805,-0.52,0,1,4,2,1
22629,199836,7.09,0,18,21,31,1
22630,199841,0.95,0,4,7,5,1
22631,199850,2.91,0,8,11,9,1
22632,199856,1.44,0,5,8,6,1
22633,199860,0.46,0,3,6,4,1
22634,199864,0.46,0,3,6,4,1
22635,199872,1.32,0,5,8,8,1
22636,199873,-1.01,0,0,3,1,1
22637,199888,5.3,0,13,16,15,1
22638,199906,6.22,0,15,18,18,1
22639,199909,-0.03,0,2,5,3,1
22640,199922,4.32,0,11,14,13,1
22641,199929,1.93,0,6,9,7,1
22642,199933,0.46,0,3,6,4,1
22643,199941,2.42,0,7,10,8,1
22644,199947,1.44,0,5,8,6,1
22645,199953,0.89,0,4,7,6,1
22646,199965,2.18,0,7,10,12,1
22647,199972,1.93,0,6,9,7,1
22648,199978,1.44,0,5,8,6,1
22649,199982,0.46,0,3,6,4,1
22650,199985,-0.03,0,2,5,3,1
22651,199986,-1.01,0,0,3,1,1
22652,199988,-0.52,0,1,4,2,1
22653,200000,4.78,1,10,13,12,0
