episode,env_steps,ep_reward,win,safe_revealed,total_safe,ep_actions,mine_hit
1,7,1.93,0,6,7,7,1
2,19,3.28,0,9,10,12,1
3,36,4.63,0,12,13,17,1
4,51,5.3,0,13,14,15,1
5,87,6.24,0,17,18,36,1
6,116,6.11,0,16,17,29,1
7,119,-0.03,0,2,3,3,1
8,139,5.0,0,13,14,20,1
9,143,-0.09,0,2,3,4,1
10,159,4.14,0,11,12,16,1
11,213,7.36,0,21,22,54,1
12,263,7.6,0,21,22,50,1
13,284,4.94,0,13,14,21,1
14,310,6.29,0,16,17,26,1
15,325,3.65,0,10,11,15,1
16,327,-0.52,0,1,2,2,1
17,382,11.9,1,24,25,55,0
18,417,6.85,0,18,19,35,1
19,455,7.77,0,20,21,38,1
20,514,7.61,0,22,23,59,1
21,531,3.53,0,10,11,17,1
22,555,5.86,0,15,16,24,1
23,572,4.08,0,11,12,17,1
24,601,6.66,0,17,18,29,1
25,664,11.42,1,24,25,63,0
26,705,8.69,0,22,23,41,1
27,714,2.36,0,7,8,9,1
28,728,3.71,0,10,11,14,1
29,733,0.4,0,3,4,5,1
30,736,-0.03,0,2,3,3,1
31,756,5.0,0,13,14,20,1
32,762,0.89,0,4,5,6,1
33,779,5.18,0,13,14,17,1
34,792,3.22,0,9,10,13,1
35,824,7.03,0,18,19,32,1
36,828,0.46,0,3,4,4,1
37,839,3.34,0,9,10,11,1
38,876,6.73,0,18,19,37,1
39,897,6.04,0,15,16,21,1
40,927,9.35,0,22,23,30,1
41,930,-0.03,0,2,3,3,1
42,952,5.43,0,14,15,22,1
43,954,-0.52,0,1,2,2,1
44,965,2.24,0,7,8,11,1
45,967,-0.52,0,1,2,2,1
46,1008,8.14,0,21,22,41,1
47,1019,2.24,0,7,8,11,1
48,1021,-0.52,0,1,2,2,1
49,1032,3.34,0,9,10,11,1
50,1041,1.81,0,6,7,9,1
51,1074,6.42,0,17,18,33,1
52,1090,4.69,0,12,13,16,1
53,1117,6.23,0,16,17,27,1
54,1138,6.04,0,15,16,21,1
55,1149,3.34,0,9,10,11,1
56,1160,2.79,0,8,9,11,1
57,1228,11.12,1,24,25,68,0
58,1268,7.1,0,19,20,40,1
59,1274,1.44,0,5,6,6,1
60,1302,6.17,0,16,17,28,1
61,1304,-0.52,0,1,2,2,1
62,1315,2.79,0,8,9,11,1
63,1317,-0.52,0,1,2,2,1
64,1396,6.96,0,23,24,79,1
65,1438,6.43,0,18,19,42,1
66,1455,5.18,0,13,14,17,1
67,1469,3.71,0,10,11,14,1
68,1512,12.62,1,24,25,43,0
69,1568,6.69,0,20,21,56,1
70,1570,-0.52,0,1,2,2,1
71,1601,5.44,0,15,16,31,1
72,1659,7.12,0,21,22,58,1
73,1664,0.95,0,4,5,5,1
74,1682,4.02,0,11,12,18,1
75,1684,-0.52,0,1,2,2,1
76,1726,7.53,0,20,21,42,1
77,1727,-1.01,0,0,1,1,1
78,1749,7.08,0,17,18,22,1
79,1759,2.85,0,8,9,10,1
80,1764,0.95,0,4,5,5,1
81,1829,7.8,0,23,24,65,1
82,1893,7.31,0,22,23,64,1
83,1967,7.26,0,23,24,74,1
84,2010,6.37,0,18,19,43,1
85,2041,5.44,0,15,16,31,1
86,2066,6.9,0,17,18,25,1
87,2101,5.75,0,16,17,35,1
88,2103,-0.52,0,1,2,2,1
89,2107,0.46,0,3,4,4,1
90,2108,-1.01,0,0,1,1,1
91,2114,1.44,0,5,6,6,1
92,2168,7.91,0,22,23,54,1
93,2171,-0.03,0,2,3,3,1
94,2199,6.17,0,16,17,28,1
95,2235,6.79,0,18,19,36,1
96,2311,10.64,1,24,25,76,0
97,2325,3.71,0,10,11,14,1
98,2365,7.1,0,19,20,40,1
99,2371,1.44,0,5,6,6,1
100,2440,7.56,0,23,24,69,1
101,2446,1.44,0,5,6,6,1
102,2460,3.16,0,9,10,14,1
103,2471,2.79,0,8,9,11,1
104,2473,-0.52,0,1,2,2,1
105,2538,6.7,0,21,22,65,1
106,2566,6.17,0,16,17,28,1
107,2574,1.87,0,6,7,8,1
108,2585,2.79,0,8,9,11,1
109,2589,-0.09,0,2,3,4,1
110,2599,2.3,0,7,8,10,1
111,2627,6.72,0,17,18,28,1
112,2693,7.74,0,23,24,66,1
113,2696,-0.03,0,2,3,3,1
114,2702,1.44,0,5,6,6,1
115,2724,5.43,0,14,15,22,1
116,2777,6.87,0,20,21,53,1
117,2806,6.11,0,16,17,29,1
118,2831,6.9,0,17,18,25,1
119,2866,5.2,0,15,16,35,1
120,2875,1.81,0,6,7,9,1
121,2910,5.75,0,16,17,35,1
122,2942,6.48,0,17,18,32,1
123,2951,2.36,0,7,8,9,1
124,2984,6.42,0,17,18,33,1
125,2995,2.24,0,7,8,11,1
126,3012,4.63,0,12,13,17,1
127,3084,10.88,1,24,25,72,0
128,3120,6.79,0,18,19,36,1
129,3130,3.4,0,9,10,10,1
130,3139,2.91,0,8,9,9,1
131,3146,1.93,0,6,7,7,1
132,3152,1.44,0,5,6,6,1
133,3199,7.23,0,20,21,47,1
134,3229,7.15,0,18,19,30,1
135,3233,0.46,0,3,4,4,1
136,3244,2.24,0,7,8,11,1
137,3246,-0.52,0,1,2,2,1
138,3288,6.98,0,19,20,42,1
139,3361,7.32,0,23,24,73,1
140,3365,0.46,0,3,4,4,1
141,3422,7.73,0,22,23,57,1
142,3486,11.36,1,24,25,64,0
143,3514,7.27,0,18,19,28,1
144,3533,4.51,0,12,13,19,1
145,3566,6.42,0,17,18,33,1
146,3573,1.93,0,6,7,7,1
147,3667,6.06,0,23,24,94,1
148,3675,2.42,0,7,8,8,1
149,3688,3.77,0,10,11,13,1
150,3719,7.09,0,18,19,31,1
151,3764,6.8,0,19,20,45,1
152,3778,4.26,0,11,12,14,1
153,3799,3.84,0,11,12,21,1
154,3809,3.4,0,9,10,10,1
155,3827,4.57,0,12,13,18,1
156,3879,8.58,0,23,24,52,1
157,3942,7.92,0,23,24,63,1
158,3956,3.71,0,10,11,14,1
159,3970,4.81,0,12,13,14,1
160,3974,0.46,0,3,4,4,1
161,4018,6.31,0,18,19,44,1
162,4033,3.1,0,9,10,15,1
163,4041,1.32,0,5,6,8,1
164,4077,7.34,0,19,20,36,1
165,4115,7.77,0,20,21,38,1
166,4145,4.95,0,14,15,30,1
167,4175,6.6,0,17,18,30,1
168,4192,2.98,0,9,10,17,1
169,4257,7.8,0,23,24,65,1
170,4258,-1.01,0,0,1,1,1
171,4332,10.76,1,24,25,74,0
172,4364,6.48,0,17,18,32,1
173,4365,-1.01,0,0,1,1,1
174,4378,4.32,0,11,12,13,1
175,4383,0.95,0,4,5,5,1
176,4386,-0.03,0,2,3,3,1
177,4388,-0.52,0,1,2,2,1
178,4437,6.56,0,19,20,49,1
179,4488,8.09,0,22,23,51,1
180,4504,3.59,0,10,11,16,1
181,4511,1.93,0,6,7,7,1
182,4512,-1.01,0,0,1,1,1
183,4513,-1.01,0,0,1,1,1
184,4565,6.93,0,20,21,52,1
185,4586,6.04,0,15,16,21,1
186,4592,0.89,0,4,5,6,1
187,4609,4.08,0,11,12,17,1
188,4647,5.57,0,16,17,38,1
189,4668,3.29,0,10,11,21,1
190,4697,7.21,0,18,19,29,1
191,4721,6.96,0,17,18,24,1
192,4729,0.77,0,4,5,8,1
193,4730,-1.01,0,0,1,1,1
194,4784,6.26,0,19,20,54,1
195,4812,6.72,0,17,18,28,1
196,4814,-0.52,0,1,2,2,1
197,4840,6.84,0,17,18,26,1
198,4846,0.89,0,4,5,6,1
199,4886,4.9,0,15,16,40,1
200,4901,3.65,0,10,11,15,1
201,4903,-0.52,0,1,2,2,1
202,4913,2.85,0,8,9,10,1
203,4922,1.26,0,5,6,9,1
204,4957,5.2,0,15,16,35,1
205,4986,5.01,0,14,15,29,1
206,4989,-0.03,0,2,3,3,1
207,5016,6.23,0,16,17,27,1
208,5019,-0.03,0,2,3,3,1
209,5063,6.86,0,19,20,44,1
210,5114,6.44,0,19,20,51,1
211,5122,2.42,0,7,8,8,1
212,5158,6.79,0,18,19,36,1
213,5194,6.79,0,18,19,36,1
214,5220,3.54,0,11,12,26,1
215,5265,6.25,0,18,19,45,1
216,5284,3.96,0,11,12,19,1
217,5287,-0.03,0,2,3,3,1
218,5336,7.66,0,21,22,49,1
219,5342,1.44,0,5,6,6,1
220,5343,-1.01,0,0,1,1,1
221,5440,9.38,1,24,25,97,0
222,5456,3.59,0,10,11,16,1
223,5494,6.67,0,18,19,38,1
224,5511,3.53,0,10,11,17,1
225,5531,4.45,0,12,13,20,1
226,5556,5.25,0,14,15,25,1
227,5565,1.81,0,6,7,9,1
228,5613,6.07,0,18,19,48,1
229,5646,6.97,0,18,19,33,1
230,5675,4.46,0,13,14,29,1
231,5685,2.85,0,8,9,10,1
232,5687,-0.52,0,1,2,2,1
233,5737,6.5,0,19,20,50,1
234,5749,2.18,0,7,8,12,1
235,5753,0.46,0,3,4,4,1
236,5771,4.57,0,12,13,18,1
237,5862,6.24,0,23,24,91,1
238,5956,5.51,0,22,23,94,1
239,5957,-1.01,0,0,1,1,1
240,5991,5.26,0,15,16,34,1
241,5996,0.95,0,4,5,5,1
242,6008,3.83,0,10,11,12,1
243,6073,7.25,0,22,23,65,1
244,6096,5.37,0,14,15,23,1
245,6099,-0.03,0,2,3,3,1
246,6109,2.85,0,8,9,10,1
247,6160,7.54,0,21,22,51,1
248,6173,3.77,0,10,11,13,1
249,6248,10.7,1,24,25,75,0
250,6256,2.42,0,7,8,8,1
251,6279,5.92,0,15,16,23,1
252,6301,4.88,0,13,14,22,1
253,6398,9.38,1,24,25,97,0
254,6399,-1.01,0,0,1,1,1
255,6407,0.77,0,4,5,8,1
256,6408,-1.01,0,0,1,1,1
257,6456,5.52,0,17,18,48,1
258,6474,4.02,0,11,12,18,1
259,6507,4.77,0,14,15,33,1
260,6514,1.38,0,5,6,7,1
261,6569,6.75,0,20,21,55,1
262,6581,3.28,0,9,10,12,1
263,6588,1.38,0,5,6,7,1
264,6600,3.83,0,10,11,12,1
265,6601,-1.01,0,0,1,1,1
266,6642,5.94,0,17,18,41,1
267,6643,-1.01,0,0,1,1,1
268,6760,3.58,0,21,22,117,1
269,6773,2.67,0,8,9,13,1
270,6799,5.74,0,15,16,26,1
271,6880,6.29,0,22,23,81,1
272,6881,-1.01,0,0,1,1,1
273,6950,6.46,0,21,22,69,1
274,6984,6.36,0,17,18,34,1
275,7009,6.9,0,17,18,25,1
276,7019,2.3,0,7,8,10,1
277,7021,-0.52,0,1,2,2,1
278,7051,3.85,0,12,13,30,1
279,7065,3.71,0,10,11,14,1
280,7122,11.78,1,24,25,57,0
281,7153,5.99,0,16,17,31,1
282,7190,6.18,0,17,18,37,1
283,7228,5.57,0,16,17,38,1
284,7319,6.24,0,23,24,91,1
285,7332,3.77,0,10,11,13,1
286,7353,3.29,0,10,11,21,1
287,7356,-0.03,0,2,3,3,1
288,7388,5.93,0,16,17,32,1
289,7407,3.96,0,11,12,19,1
290,7429,5.43,0,14,15,22,1
291,7444,4.2,0,11,12,15,1
292,7450,1.44,0,5,6,6,1
293,7488,5.57,0,16,17,38,1
294,7491,-0.03,0,2,3,3,1
295,7492,-1.01,0,0,1,1,1
296,7572,4.7,0,19,20,80,1
297,7574,-0.52,0,1,2,2,1
298,7633,5.41,0,18,19,59,1
299,7721,9.92,1,24,25,88,0
300,7765,6.86,0,19,20,44,1
301,7768,-0.03,0,2,3,3,1
302,7780,3.28,0,9,10,12,1
303,7790,2.85,0,8,9,10,1
304,7917,4.08,0,23,24,127,1
305,7918,-1.01,0,0,1,1,1
306,7921,-0.03,0,2,3,3,1
307,7973,8.03,0,22,23,52,1
308,7978,0.95,0,4,5,5,1
309,8028,8.7,0,23,24,50,1
310,8053,4.7,0,13,14,25,1
311,8088,5.75,0,16,17,35,1
312,8117,5.56,0,15,16,29,1
313,8119,-0.52,0,1,2,2,1
314,8151,4.83,0,14,15,32,1
315,8164,2.12,0,7,8,13,1
316,8233,5.91,0,20,21,69,1
317,8260,5.68,0,15,16,27,1
318,8335,7.2,0,23,24,75,1
319,8362,4.58,0,13,14,27,1
320,8412,5.95,0,18,19,50,1
321,8415,-0.03,0,2,3,3,1
322,8429,3.71,0,10,11,14,1
323,8432,-0.03,0,2,3,3,1
324,8486,5.71,0,18,19,54,1
325,8575,9.86,1,24,25,89,0
326,8607,7.03,0,18,19,32,1
327,8642,6.3,0,17,18,35,1
328,8648,1.44,0,5,6,6,1
329,8701,6.87,0,20,21,53,1
330,8724,5.92,0,15,16,23,1
331,8726,-0.52,0,1,2,2,1
332,8791,6.15,0,20,21,65,1
333,8819,5.07,0,14,15,28,1
334,8866,6.68,0,19,20,47,1
335,8892,5.74,0,15,16,26,1
336,8923,7.09,0,18,19,31,1
337,8953,5.5,0,15,16,30,1
338,8983,4.95,0,14,15,30,1
339,8989,1.44,0,5,6,6,1
340,9015,4.09,0,12,13,26,1
341,9049,6.36,0,17,18,34,1
342,9064,2.55,0,8,9,15,1
343,9081,4.63,0,12,13,17,1
344,9090,1.81,0,6,7,9,1
345,9132,7.53,0,20,21,42,1
346,9238,8.84,1,24,25,106,0
347,9295,8.28,0,23,24,57,1
348,9308,3.22,0,9,10,13,1
349,9320,3.28,0,9,10,12,1
350,9368,7.17,0,20,21,48,1
351,9372,0.46,0,3,4,4,1
352,9377,0.95,0,4,5,5,1
353,9396,4.51,0,12,13,19,1
354,9402,1.44,0,5,6,6,1
355,9451,7.66,0,21,22,49,1
356,9480,6.11,0,16,17,29,1
357,9509,7.21,0,18,19,29,1
358,9603,9.56,1,24,25,94,0
359,9622,3.41,0,10,11,19,1
360,9646,6.41,0,16,17,24,1
361,9681,4.65,0,14,15,35,1
362,9694,3.22,0,9,10,13,1
363,9760,7.19,0,22,23,66,1
364,9766,0.34,0,3,4,6,1
365,9790,4.76,0,13,14,24,1
366,9808,4.57,0,12,13,18,1
367,9819,2.79,0,8,9,11,1
368,9844,3.05,0,10,11,25,1
369,9846,-0.52,0,1,2,2,1
370,9869,5.92,0,15,16,23,1
371,9950,6.84,0,23,24,81,1
372,9960,2.85,0,8,9,10,1
373,10004,7.96,0,21,22,44,1
374,10092,9.92,1,24,25,88,0
375,10189,5.88,0,23,24,97,1
376,10202,3.22,0,9,10,13,1
377,10221,3.96,0,11,12,19,1
378,10225,0.46,0,3,4,4,1
379,10255,6.05,0,16,17,30,1
380,10341,6.54,0,23,24,86,1
381,10361,5.0,0,13,14,20,1
382,10448,5.38,0,21,22,87,1
383,10473,4.7,0,13,14,25,1
384,10517,7.96,0,21,22,44,1
385,10587,7.5,0,23,24,70,1
386,10629,7.53,0,20,21,42,1
387,10653,5.31,0,14,15,24,1
388,10658,0.95,0,4,5,5,1
389,10687,4.46,0,13,14,29,1
390,10695,1.87,0,6,7,8,1
391,10758,6.27,0,20,21,63,1
392,10798,7.1,0,19,20,40,1
393,10839,3.74,0,13,14,41,1
394,10842,-0.03,0,2,3,3,1
395,10895,7.42,0,21,22,53,1
396,10913,4.02,0,11,12,18,1
397,10940,4.03,0,12,13,27,1
398,10997,8.28,0,23,24,57,1
399,11023,6.29,0,16,17,26,1
400,11033,2.85,0,8,9,10,1
401,11041,2.42,0,7,8,8,1
402,11054,2.67,0,8,9,13,1
403,11093,7.16,0,19,20,39,1
404,11155,11.48,1,24,25,62,0
405,11156,-1.01,0,0,1,1,1
406,11175,3.41,0,10,11,19,1
407,11219,6.31,0,18,19,44,1
408,11225,1.44,0,5,6,6,1
409,11293,4.87,0,18,19,68,1
410,11307,4.26,0,11,12,14,1
411,11323,2.49,0,8,9,16,1
412,11340,4.63,0,12,13,17,1
413,11345,0.4,0,3,4,5,1
414,11373,6.17,0,16,17,28,1
415,11416,5.27,0,16,17,43,1
416,11452,6.24,0,17,18,36,1
417,11514,5.23,0,18,19,62,1
418,11519,-0.15,0,2,3,5,1
419,11638,8.06,1,24,25,119,0
420,11681,7.47,0,20,21,43,1
421,11754,4.57,0,18,19,73,1
422,11779,4.15,0,12,13,25,1
423,11805,5.19,0,14,15,26,1
424,11826,3.29,0,10,11,21,1
425,11828,-0.52,0,1,2,2,1
426,11833,0.4,0,3,4,5,1
427,11837,0.46,0,3,4,4,1
428,11875,5.57,0,16,17,38,1
429,11894,4.51,0,12,13,19,1
430,11911,4.08,0,11,12,17,1
431,11998,4.83,0,20,21,87,1
432,11999,-1.01,0,0,1,1,1
433,12009,2.3,0,7,8,10,1
434,12018,2.36,0,7,8,9,1
435,12019,-1.01,0,0,1,1,1
436,12072,4.67,0,16,17,53,1
437,12082,1.75,0,6,7,10,1
438,12142,6.45,0,20,21,60,1
439,12143,-1.01,0,0,1,1,1
440,12170,5.13,0,14,15,27,1
441,12201,5.44,0,15,16,31,1
442,12249,7.72,0,21,22,48,1
443,12257,1.87,0,6,7,8,1
444,12338,5.19,0,20,21,81,1
445,12393,4.55,0,16,17,55,1
446,12472,6.96,0,23,24,79,1
447,12529,6.63,0,20,21,57,1
448,12570,8.14,0,21,22,41,1
449,12572,-0.52,0,1,2,2,1
450,12593,4.94,0,13,14,21,1
451,12662,11.06,1,24,25,69,0
452,12707,7.35,0,20,21,45,1
453,12708,-1.01,0,0,1,1,1
454,12710,-0.52,0,1,2,2,1
455,12747,4.53,0,14,15,37,1
456,12808,6.94,0,21,22,61,1
457,12819,3.34,0,9,10,11,1
458,12827,2.42,0,7,8,8,1
459,12864,7.83,0,20,21,37,1
460,12927,6.82,0,21,22,63,1
461,12973,5.64,0,17,18,46,1
462,13017,5.21,0,16,17,44,1
463,13069,5.83,0,18,19,52,1
464,13075,0.89,0,4,5,6,1
465,13085,2.3,0,7,8,10,1
466,13089,0.46,0,3,4,4,1
467,13095,1.44,0,5,6,6,1
468,13096,-1.01,0,0,1,1,1
469,13115,3.96,0,11,12,19,1
470,13159,6.86,0,19,20,44,1
471,13165,1.44,0,5,6,6,1
472,13196,3.79,0,12,13,31,1
473,13200,0.46,0,3,4,4,1
474,13214,3.16,0,9,10,14,1
475,13222,1.87,0,6,7,8,1
476,13242,6.1,0,15,16,20,1
477,13281,6.61,0,18,19,39,1
478,13301,3.35,0,10,11,20,1
479,13385,10.16,1,24,25,84,0
480,13388,-0.03,0,2,3,3,1
481,13406,5.12,0,13,14,18,1
482,13462,7.24,0,21,22,56,1
483,13521,7.61,0,22,23,59,1
484,13562,9.24,0,23,24,41,1
485,13582,4.45,0,12,13,20,1
486,13612,3.85,0,12,13,30,1
487,13692,6.35,0,22,23,80,1
488,13707,3.65,0,10,11,15,1
489,13740,6.97,0,18,19,33,1
490,13771,6.54,0,17,18,31,1
491,13776,0.95,0,4,5,5,1
492,13784,1.32,0,5,6,8,1
493,13830,5.64,0,17,18,46,1
494,13919,6.36,0,23,24,89,1
495,13933,2.06,0,7,8,14,1
496,13950,3.53,0,10,11,17,1
497,13986,7.34,0,19,20,36,1
498,14062,6.04,0,21,22,76,1
499,14101,6.61,0,18,19,39,1
500,14113,2.18,0,7,8,12,1
501,14208,6.0,0,23,24,95,1
502,14212,0.46,0,3,4,4,1
503,14217,0.95,0,4,5,5,1
504,14244,5.68,0,15,16,27,1
505,14273,4.46,0,13,14,29,1
506,14339,7.19,0,22,23,66,1
507,14355,4.14,0,11,12,16,1
508,14375,5.0,0,13,14,20,1
509,14415,6.0,0,17,18,40,1
510,14428,3.22,0,9,10,13,1
511,14521,6.12,0,23,24,93,1
512,14531,3.4,0,9,10,10,1
513,14554,4.27,0,12,13,23,1
514,14568,3.71,0,10,11,14,1
515,14603,4.65,0,14,15,35,1
516,14609,1.44,0,5,6,6,1
517,14611,-0.52,0,1,2,2,1
518,14623,2.73,0,8,9,12,1
519,14679,5.59,0,18,19,56,1
520,14682,-0.03,0,2,3,3,1
521,14693,1.69,0,6,7,11,1
522,14698,0.4,0,3,4,5,1
523,14718,3.9,0,11,12,20,1
524,14726,1.87,0,6,7,8,1
525,14734,2.42,0,7,8,8,1
526,14737,-0.03,0,2,3,3,1
527,14763,2.99,0,10,11,26,1
528,14792,7.21,0,18,19,29,1
529,14806,2.61,0,8,9,14,1
530,14826,4.45,0,12,13,20,1
531,14859,5.87,0,16,17,33,1
532,14864,0.95,0,4,5,5,1
533,14886,5.43,0,14,15,22,1
534,14922,4.59,0,14,15,36,1
535,14935,3.22,0,9,10,13,1
536,14947,2.18,0,7,8,12,1
537,14960,2.67,0,8,9,13,1
538,14965,0.95,0,4,5,5,1
539,14970,0.95,0,4,5,5,1
540,14994,5.31,0,14,15,24,1
541,15009,4.2,0,11,12,15,1
542,15055,5.64,0,17,18,46,1
543,15077,4.88,0,13,14,22,1
544,15095,5.12,0,13,14,18,1
545,15127,3.73,0,12,13,32,1
546,15140,3.22,0,9,10,13,1
547,15193,7.42,0,21,22,53,1
548,15195,-0.52,0,1,2,2,1
549,15260,11.3,1,24,25,65,0
550,15279,3.41,0,10,11,19,1
551,15314,6.85,0,18,19,35,1
552,15329,3.65,0,10,11,15,1
553,15397,7.62,0,23,24,68,1
554,15504,4.73,0,22,23,107,1
555,15516,3.83,0,10,11,12,1
556,15551,4.65,0,14,15,35,1
557,15583,4.83,0,14,15,32,1
558,15594,2.24,0,7,8,11,1
559,15597,-0.03,0,2,3,3,1
560,15602,0.95,0,4,5,5,1
561,15609,1.93,0,6,7,7,1
562,15742,7.22,1,24,25,133,0
563,15748,0.89,0,4,5,6,1
564,15803,6.75,0,20,21,55,1
565,15842,3.86,0,13,14,39,1
566,15854,2.73,0,8,9,12,1
567,15873,5.06,0,13,14,19,1
568,15883,2.3,0,7,8,10,1
569,15939,11.84,1,24,25,56,0
570,16013,7.26,0,23,24,74,1
571,16074,11.54,1,24,25,61,0
572,16155,6.29,0,22,23,81,1
573,16187,7.58,0,19,20,32,1
574,16220,4.77,0,14,15,33,1
575,16233,2.12,0,7,8,13,1
576,16234,-1.01,0,0,1,1,1
577,16261,4.03,0,12,13,27,1
578,16319,6.57,0,20,21,58,1
579,16335,3.59,0,10,11,16,1
580,16340,0.4,0,3,4,5,1
581,16380,6.0,0,17,18,40,1
582,16407,5.68,0,15,16,27,1
583,16453,6.74,0,19,20,46,1
584,16540,5.93,0,22,23,87,1
585,16550,2.3,0,7,8,10,1
586,16573,4.27,0,12,13,23,1
587,16773,0.65,1,23,24,200,0
588,16835,6.88,0,21,22,62,1
589,16878,6.37,0,18,19,43,1
590,16941,7.37,0,22,23,63,1
591,16946,0.4,0,3,4,5,1
592,16951,0.95,0,4,5,5,1
593,16974,5.92,0,15,16,23,1
594,17004,6.6,0,17,18,30,1
595,17103,5.76,0,23,24,99,1
596,17166,6.82,0,21,22,63,1
597,17205,7.71,0,20,21,39,1
598,17235,6.05,0,16,17,30,1
599,17324,5.26,0,21,22,89,1
600,17333,1.81,0,6,7,9,1
601,17386,6.32,0,19,20,53,1
602,17395,1.81,0,6,7,9,1
603,17457,6.88,0,21,22,62,1
604,17466,1.81,0,6,7,9,1
605,17473,1.93,0,6,7,7,1
606,17474,-1.01,0,0,1,1,1
607,17482,1.32,0,5,6,8,1
608,17488,0.89,0,4,5,6,1
609,17518,7.15,0,18,19,30,1
610,17553,6.3,0,17,18,35,1
611,17556,-0.03,0,2,3,3,1
612,17614,11.72,1,24,25,58,0
613,17669,7.85,0,22,23,55,1
614,17784,4.8,0,23,24,115,1
615,17853,11.06,1,24,25,69,0
616,17858,0.95,0,4,5,5,1
617,17867,2.36,0,7,8,9,1
618,17879,2.73,0,8,9,12,1
619,17907,6.17,0,16,17,28,1
620,17910,-0.03,0,2,3,3,1
621,17938,4.52,0,13,14,28,1
622,17984,6.74,0,19,20,46,1
623,18066,10.28,1,24,25,82,0
624,18095,5.01,0,14,15,29,1
625,18109,3.16,0,9,10,14,1
626,18128,4.51,0,12,13,19,1
627,18129,-1.01,0,0,1,1,1
628,18183,5.16,0,17,18,54,1
629,18215,5.38,0,15,16,32,1
630,18223,1.87,0,6,7,8,1
631,18227,0.46,0,3,4,4,1
632,18245,3.47,0,10,11,18,1
633,18296,6.44,0,19,20,51,1
634,18345,6.56,0,19,20,49,1
635,18367,7.08,0,17,18,22,1
636,18447,6.9,0,23,24,80,1
637,18475,5.07,0,14,15,28,1
638,18496,4.94,0,13,14,21,1
639,18510,2.06,0,7,8,14,1
640,18598,6.42,0,23,24,88,1
641,18654,7.24,0,21,22,56,1
642,18668,3.71,0,10,11,14,1
643,18705,6.18,0,17,18,37,1
644,18706,-1.01,0,0,1,1,1
645,18717,3.34,0,9,10,11,1
646,18738,3.84,0,11,12,21,1
647,18782,6.86,0,19,20,44,1
648,18835,7.97,0,22,23,53,1
649,18851,4.69,0,12,13,16,1
650,18866,3.65,0,10,11,15,1
651,18869,-0.03,0,2,3,3,1
652,18911,7.53,0,20,21,42,1
653,18915,0.46,0,3,4,4,1
654,18948,6.42,0,17,18,33,1
655,18970,4.33,0,12,13,22,1
656,18983,3.22,0,9,10,13,1
657,18985,-0.52,0,1,2,2,1
658,18995,2.3,0,7,8,10,1
659,18998,-0.03,0,2,3,3,1
660,19020,4.88,0,13,14,22,1
661,19028,1.87,0,6,7,8,1
662,19080,8.03,0,22,23,52,1
663,19087,1.38,0,5,6,7,1
664,19090,-0.03,0,2,3,3,1
665,19134,6.86,0,19,20,44,1
666,19173,4.96,0,15,16,39,1
667,19195,4.88,0,13,14,22,1
668,19204,1.26,0,5,6,9,1
669,19254,6.5,0,19,20,50,1
670,19261,1.38,0,5,6,7,1
671,19288,5.13,0,14,15,27,1
672,19311,5.92,0,15,16,23,1
673,19344,6.42,0,17,18,33,1
674,19420,6.04,0,21,22,76,1
675,19421,-1.01,0,0,1,1,1
676,19428,0.83,0,4,5,7,1
677,19435,1.93,0,6,7,7,1
678,19460,6.9,0,17,18,25,1
679,19557,9.38,1,24,25,97,0
680,19572,5.3,0,13,14,15,1
681,19603,5.99,0,16,17,31,1
682,19669,6.09,0,20,21,66,1
683,19672,-0.03,0,2,3,3,1
684,19677,0.95,0,4,5,5,1
685,19692,4.2,0,11,12,15,1
686,19715,4.27,0,12,13,23,1
687,19724,2.36,0,7,8,9,1
688,19775,7.54,0,21,22,51,1
689,19779,-0.09,0,2,3,4,1
690,19787,2.42,0,7,8,8,1
691,19796,2.36,0,7,8,9,1
692,19864,11.12,1,24,25,68,0
693,19867,-0.03,0,2,3,3,1
694,19871,0.46,0,3,4,4,1
695,19878,1.93,0,6,7,7,1
696,19918,6.0,0,17,18,40,1
697,19973,6.75,0,20,21,55,1
698,19985,3.28,0,9,10,12,1
699,20006,4.39,0,12,13,21,1
700,20018,3.28,0,9,10,12,1
701,20063,7.35,0,20,21,45,1
702,20110,5.03,0,16,17,47,1
703,20112,-0.52,0,1,2,2,1
704,20119,1.38,0,5,6,7,1
705,20156,5.08,0,15,16,37,1
706,20172,3.59,0,10,11,16,1
707,20204,5.38,0,15,16,32,1
708,20206,-0.52,0,1,2,2,1
709,20282,7.14,0,23,24,76,1
710,20289,1.93,0,6,7,7,1
711,20313,5.86,0,15,16,24,1
712,20334,4.39,0,12,13,21,1
713,20347,2.67,0,8,9,13,1
714,20373,5.19,0,14,15,26,1
715,20459,5.99,0,22,23,86,1
716,20493,7.46,0,19,20,34,1
717,20507,3.71,0,10,11,14,1
718,20594,6.48,0,23,24,87,1
719,20606,3.28,0,9,10,12,1
720,20731,4.2,0,23,24,125,1
721,20779,6.07,0,18,19,48,1
722,20788,2.91,0,8,9,9,1
723,20798,1.75,0,6,7,10,1
724,20883,5.5,0,21,22,85,1
725,20956,7.32,0,23,24,73,1
726,21054,9.32,1,24,25,98,0
727,21139,10.1,1,24,25,85,0
728,21148,1.81,0,6,7,9,1
729,21229,10.34,1,24,25,81,0
730,21249,3.35,0,10,11,20,1
731,21252,-0.03,0,2,3,3,1
732,21253,-1.01,0,0,1,1,1
733,21292,6.61,0,18,19,39,1
734,21304,3.28,0,9,10,12,1
735,21327,3.17,0,10,11,23,1
736,21332,0.95,0,4,5,5,1
737,21336,0.46,0,3,4,4,1
738,21385,7.11,0,20,21,49,1
739,21408,5.92,0,15,16,23,1
740,21427,2.31,0,8,9,19,1
741,21436,2.36,0,7,8,9,1
742,21470,6.91,0,18,19,34,1
743,21474,-0.09,0,2,3,4,1
744,21530,6.14,0,19,20,56,1
745,21559,5.56,0,15,16,29,1
746,21562,-0.03,0,2,3,3,1
747,21584,3.78,0,11,12,22,1
748,21605,5.49,0,14,15,21,1
749,21622,4.08,0,11,12,17,1
750,21627,0.4,0,3,4,5,1
751,21639,3.28,0,9,10,12,1
752,21645,0.89,0,4,5,6,1
753,21646,-1.01,0,0,1,1,1
754,21723,7.08,0,23,24,77,1
755,21763,7.1,0,19,20,40,1
756,21764,-1.01,0,0,1,1,1
757,21773,2.36,0,7,8,9,1
758,21812,7.16,0,19,20,39,1
759,21816,0.46,0,3,4,4,1
760,21844,4.52,0,13,14,28,1
761,21868,7.51,0,18,19,24,1
762,21872,0.46,0,3,4,4,1
763,21972,5.7,0,23,24,100,1
764,21974,-0.52,0,1,2,2,1
765,22004,6.05,0,16,17,30,1
766,22009,0.95,0,4,5,5,1
767,22031,4.33,0,12,13,22,1
768,22039,1.87,0,6,7,8,1
769,22097,7.12,0,21,22,58,1
770,22127,6.05,0,16,17,30,1
771,22143,4.69,0,12,13,16,1
772,22180,6.18,0,17,18,37,1
773,22190,2.85,0,8,9,10,1
774,22206,4.14,0,11,12,16,1
775,22221,4.75,0,12,13,15,1
776,22237,3.59,0,10,11,16,1
777,22243,1.44,0,5,6,6,1
778,22247,0.46,0,3,4,4,1
779,22268,6.04,0,15,16,21,1
780,22298,3.85,0,12,13,30,1
781,22310,3.83,0,10,11,12,1
782,22327,4.08,0,11,12,17,1
783,22347,3.9,0,11,12,20,1
784,22353,1.44,0,5,6,6,1
785,22382,6.11,0,16,17,29,1
786,22479,5.88,0,23,24,97,1
787,22480,-1.01,0,0,1,1,1
788,22535,6.2,0,19,20,55,1
789,22553,4.57,0,12,13,18,1
790,22599,7.84,0,21,22,46,1
791,22663,6.76,0,21,22,64,1
792,22677,3.71,0,10,11,14,1
793,22698,4.39,0,12,13,21,1
794,22699,-1.01,0,0,1,1,1
795,22702,-0.03,0,2,3,3,1
796,22716,2.61,0,8,9,14,1
797,22772,6.69,0,20,21,56,1
798,22809,6.18,0,17,18,37,1
799,22810,-1.01,0,0,1,1,1
800,22845,6.85,0,18,19,35,1
801,22847,-0.52,0,1,2,2,1
802,22924,7.08,0,23,24,77,1
803,22971,7.23,0,20,21,47,1
804,23006,6.3,0,17,18,35,1
805,23026,4.45,0,12,13,20,1
806,23066,7.1,0,19,20,40,1
807,23077,2.24,0,7,8,11,1
808,23085,1.32,0,5,6,8,1
809,23088,-0.03,0,2,3,3,1
810,23090,-0.52,0,1,2,2,1
811,23120,5.5,0,15,16,30,1
812,23122,-0.52,0,1,2,2,1
813,23179,8.28,0,23,24,57,1
814,23247,6.52,0,21,22,68,1
815,23281,6.91,0,18,19,34,1
816,23288,1.93,0,6,7,7,1
817,23332,6.86,0,19,20,44,1
818,23391,6.51,0,20,21,59,1
819,23410,5.61,0,14,15,19,1
820,23416,1.44,0,5,6,6,1
821,23430,3.16,0,9,10,14,1
822,23515,6.6,0,23,24,85,1
823,23523,2.42,0,7,8,8,1
824,23611,9.92,1,24,25,88,0
825,23616,0.95,0,4,5,5,1
826,23635,4.51,0,12,13,19,1
827,23642,1.38,0,5,6,7,1
828,23671,6.66,0,17,18,29,1
829,23699,5.07,0,14,15,28,1
830,23705,1.44,0,5,6,6,1
831,23759,6.81,0,20,21,54,1
832,23801,5.88,0,17,18,42,1
833,23858,11.78,1,24,25,57,0
834,23870,3.28,0,9,10,12,1
835,23895,5.8,0,15,16,25,1
836,23942,6.68,0,19,20,47,1
837,23948,0.89,0,4,5,6,1
838,23949,-1.01,0,0,1,1,1
839,24001,5.83,0,18,19,52,1
840,24039,6.67,0,18,19,38,1
841,24045,0.89,0,4,5,6,1
842,24062,3.53,0,10,11,17,1
843,24082,3.9,0,11,12,20,1
844,24083,-1.01,0,0,1,1,1
845,24117,7.46,0,19,20,34,1
846,24196,6.96,0,23,24,79,1
847,24255,5.96,0,19,20,59,1
848,24288,5.32,0,15,16,33,1
849,24320,7.03,0,18,19,32,1
850,24325,0.95,0,4,5,5,1
851,24335,2.85,0,8,9,10,1
852,24444,4.61,0,22,23,109,1
853,24519,10.7,1,24,25,75,0
854,24527,1.87,0,6,7,8,1
855,24530,-0.03,0,2,3,3,1
856,24586,7.79,0,22,23,56,1
857,24631,7.35,0,20,21,45,1
858,24642,3.34,0,9,10,11,1
859,24669,5.68,0,15,16,27,1
860,24706,7.28,0,19,20,37,1
861,24750,7.41,0,20,21,44,1
862,24765,4.2,0,11,12,15,1
863,24770,0.95,0,4,5,5,1
864,24816,7.84,0,21,22,46,1
865,24841,4.7,0,13,14,25,1
866,24843,-0.52,0,1,2,2,1
867,24845,-0.52,0,1,2,2,1
868,24869,6.96,0,17,18,24,1
869,24873,-0.09,0,2,3,4,1
870,24906,7.52,0,19,20,33,1
871,24936,7.15,0,18,19,30,1
872,24946,2.85,0,8,9,10,1
873,24970,5.86,0,15,16,24,1
874,24975,0.95,0,4,5,5,1
875,24982,1.38,0,5,6,7,1
876,25008,5.19,0,14,15,26,1
877,25016,1.32,0,5,6,8,1
878,25068,8.03,0,22,23,52,1
879,25171,5.52,0,23,24,103,1
880,25225,6.81,0,20,21,54,1
881,25238,3.77,0,10,11,13,1
882,25266,3.97,0,12,13,28,1
883,25268,-0.52,0,1,2,2,1
884,25321,6.32,0,19,20,53,1
885,25322,-1.01,0,0,1,1,1
886,25340,4.02,0,11,12,18,1
887,25344,0.46,0,3,4,4,1
888,25394,7.6,0,21,22,50,1
889,25428,6.91,0,18,19,34,1
890,25438,2.3,0,7,8,10,1
891,25462,5.31,0,14,15,24,1
892,25470,1.87,0,6,7,8,1
893,25502,7.58,0,19,20,32,1
894,25555,7.42,0,21,22,53,1
895,25572,4.08,0,11,12,17,1
896,25583,3.34,0,9,10,11,1
897,25589,1.44,0,5,6,6,1
898,25596,1.93,0,6,7,7,1
899,25631,6.3,0,17,18,35,1
900,25640,2.91,0,8,9,9,1
901,25656,3.59,0,10,11,16,1
902,25663,1.93,0,6,7,7,1
903,25785,7.88,1,24,25,122,0
904,25795,3.4,0,9,10,10,1
905,25801,0.89,0,4,5,6,1
906,25833,5.93,0,16,17,32,1
907,25840,0.83,0,4,5,7,1
908,25842,-0.52,0,1,2,2,1
909,25843,-1.01,0,0,1,1,1
910,25865,4.33,0,12,13,22,1
911,25906,7.59,0,20,21,41,1
912,25923,2.98,0,9,10,17,1
913,25971,7.17,0,20,21,48,1
914,26021,7.05,0,20,21,50,1
915,26025,0.46,0,3,4,4,1
916,26069,7.96,0,21,22,44,1
917,26137,7.62,0,23,24,68,1
918,26140,-0.03,0,2,3,3,1
919,26157,3.53,0,10,11,17,1
920,26220,11.42,1,24,25,63,0
921,26270,6.5,0,19,20,50,1
922,26273,-0.03,0,2,3,3,1
923,26320,7.78,0,21,22,47,1
924,26357,6.18,0,17,18,37,1
925,26361,0.46,0,3,4,4,1
926,26414,7.42,0,21,22,53,1
927,26423,2.91,0,8,9,9,1
928,26429,0.34,0,3,4,6,1
929,26468,6.06,0,17,18,39,1
930,26539,6.34,0,21,22,71,1
931,26548,2.91,0,8,9,9,1
932,26611,7.37,0,22,23,63,1
933,26619,1.87,0,6,7,8,1
934,26666,7.23,0,20,21,47,1
935,26683,4.63,0,12,13,17,1
936,26694,3.34,0,9,10,11,1
937,26698,0.46,0,3,4,4,1
938,26782,6.66,0,23,24,84,1
939,26797,4.2,0,11,12,15,1
940,26841,6.86,0,19,20,44,1
941,26873,6.48,0,17,18,32,1
942,26881,1.32,0,5,6,8,1
943,26961,6.9,0,23,24,80,1
944,27042,10.34,1,24,25,81,0
945,27076,8.01,0,20,21,34,1
946,27120,6.86,0,19,20,44,1
947,27129,1.81,0,6,7,9,1
948,27217,6.42,0,23,24,88,1
949,27237,5.0,0,13,14,20,1
950,27256,5.06,0,13,14,19,1
951,27286,6.05,0,16,17,30,1
952,27295,1.26,0,5,6,9,1
953,27298,-0.03,0,2,3,3,1
954,27319,4.94,0,13,14,21,1
955,27336,3.53,0,10,11,17,1
956,27338,-0.52,0,1,2,2,1
957,27371,6.97,0,18,19,33,1
958,27373,-0.52,0,1,2,2,1
959,27385,2.73,0,8,9,12,1
960,27393,1.87,0,6,7,8,1
961,27428,5.2,0,15,16,35,1
962,27476,7.72,0,21,22,48,1
963,27508,5.93,0,16,17,32,1
964,27528,6.65,0,16,17,20,1
965,27573,6.25,0,18,19,45,1
966,27588,2.0,0,7,8,15,1
967,27608,6.65,0,16,17,20,1
968,27622,3.71,0,10,11,14,1
969,27639,5.18,0,13,14,17,1
970,27702,7.37,0,22,23,63,1
971,27725,4.27,0,12,13,23,1
972,27744,3.41,0,10,11,19,1
973,27761,3.53,0,10,11,17,1
974,27880,8.06,1,24,25,119,0
975,27909,7.21,0,18,19,29,1
976,27935,4.09,0,12,13,26,1
977,27954,3.41,0,10,11,19,1
978,27980,5.19,0,14,15,26,1
979,28005,5.25,0,14,15,25,1
980,28051,6.74,0,19,20,46,1
981,28065,3.16,0,9,10,14,1
982,28069,0.46,0,3,4,4,1
983,28071,-0.52,0,1,2,2,1
984,28099,7.27,0,18,19,28,1
985,28115,3.04,0,9,10,16,1
986,28163,7.17,0,20,21,48,1
987,28239,6.59,0,22,23,76,1
988,28256,2.98,0,9,10,17,1
989,28288,5.93,0,16,17,32,1
990,28346,7.12,0,21,22,58,1
991,28363,5.18,0,13,14,17,1
992,28368,0.95,0,4,5,5,1
993,28370,-0.52,0,1,2,2,1
994,28394,5.31,0,14,15,24,1
995,28410,1.94,0,7,8,16,1
996,28432,4.88,0,13,14,22,1
997,28440,1.32,0,5,6,8,1
998,28477,7.28,0,19,20,37,1
999,28568,5.69,0,22,23,91,1
1000,28638,7.5,0,23,24,70,1
1001,28646,2.42,0,7,8,8,1
1002,28651,0.4,0,3,4,5,1
1003,28695,7.96,0,21,22,44,1
1004,28716,4.39,0,12,13,21,1
1005,28734,4.57,0,12,13,18,1
1006,28761,5.68,0,15,16,27,1
1007,28762,-1.01,0,0,1,1,1
1008,28771,2.36,0,7,8,9,1
1009,28788,4.63,0,12,13,17,1
1010,28798,2.85,0,8,9,10,1
1011,28804,1.44,0,5,6,6,1
1012,28831,6.78,0,17,18,27,1
1013,28848,4.63,0,12,13,17,1
1014,28865,4.08,0,11,12,17,1
1015,28913,6.62,0,19,20,48,1
1016,28973,4.8,0,17,18,60,1
1017,28982,2.36,0,7,8,9,1
1018,29001,3.96,0,11,12,19,1
1019,29056,11.9,1,24,25,55,0
1020,29067,2.79,0,8,9,11,1
1021,29070,-0.03,0,2,3,3,1
1022,29071,-1.01,0,0,1,1,1
1023,29077,0.34,0,3,4,6,1
1024,29116,6.61,0,18,19,39,1
1025,29134,4.57,0,12,13,18,1
1026,29156,4.33,0,12,13,22,1
1027,29158,-0.52,0,1,2,2,1
1028,29177,6.16,0,15,16,19,1
1029,29192,5.3,0,13,14,15,1
1030,29202,2.3,0,7,8,10,1
1031,29242,6.0,0,17,18,40,1
1032,29246,0.46,0,3,4,4,1
1033,29259,1.57,0,6,7,13,1
1034,29269,1.75,0,6,7,10,1
1035,29278,1.81,0,6,7,9,1
1036,29283,0.4,0,3,4,5,1
1037,29284,-1.01,0,0,1,1,1
1038,29317,6.97,0,18,19,33,1
1039,29330,3.22,0,9,10,13,1
1040,29360,6.6,0,17,18,30,1
1041,29445,10.1,1,24,25,85,0
1042,29478,7.52,0,19,20,33,1
1043,29493,3.65,0,10,11,15,1
1044,29504,2.24,0,7,8,11,1
1045,29511,1.93,0,6,7,7,1
1046,29526,3.1,0,9,10,15,1
1047,29544,5.12,0,13,14,18,1
1048,29546,-0.52,0,1,2,2,1
1049,29562,4.14,0,11,12,16,1
1050,29563,-1.01,0,0,1,1,1
1051,29611,7.72,0,21,22,48,1
1052,29615,0.46,0,3,4,4,1
1053,29622,1.38,0,5,6,7,1
1054,29657,7.4,0,19,20,35,1
1055,29765,8.72,1,24,25,108,0
1056,29832,7.68,0,23,24,67,1
1057,29838,0.34,0,3,4,6,1
1058,29864,5.19,0,14,15,26,1
1059,29878,2.61,0,8,9,14,1
1060,29911,6.42,0,17,18,33,1
1061,29912,-1.01,0,0,1,1,1
1062,29947,6.85,0,18,19,35,1
1063,30029,10.28,1,24,25,82,0
1064,30065,6.24,0,17,18,36,1
1065,30081,3.59,0,10,11,16,1
1066,30082,-1.01,0,0,1,1,1
1067,30123,4.84,0,15,16,41,1
1068,30130,1.38,0,5,6,7,1
1069,30176,7.84,0,21,22,46,1
1070,30192,5.24,0,13,14,16,1
1071,30198,1.44,0,5,6,6,1
1072,30204,1.44,0,5,6,6,1
1073,30223,5.61,0,14,15,19,1
1074,30264,6.49,0,18,19,41,1
1075,30324,6.45,0,20,21,60,1
1076,30353,6.66,0,17,18,29,1
1077,30379,6.29,0,16,17,26,1
1078,30402,6.47,0,16,17,23,1
1079,30468,5.54,0,19,20,66,1
1080,30480,3.83,0,10,11,12,1
1081,30531,6.99,0,20,21,51,1
1082,30541,2.85,0,8,9,10,1
1083,30542,-1.01,0,0,1,1,1
1084,30546,0.46,0,3,4,4,1
1085,30614,11.12,1,24,25,68,0
1086,30655,7.04,0,19,20,41,1
1087,30716,11.54,1,24,25,61,0
1088,30733,4.08,0,11,12,17,1
1089,30749,4.69,0,12,13,16,1
1090,30769,5.0,0,13,14,20,1
1091,30779,2.3,0,7,8,10,1
1092,30802,5.37,0,14,15,23,1
1093,30826,5.31,0,14,15,24,1
1094,30876,7.05,0,20,21,50,1
1095,30884,1.87,0,6,7,8,1
1096,30923,7.16,0,19,20,39,1
1097,30930,1.38,0,5,6,7,1
1098,30966,6.79,0,18,19,36,1
1099,30975,1.81,0,6,7,9,1
1100,31050,10.7,1,24,25,75,0
1101,31052,-0.52,0,1,2,2,1
1102,31110,7.12,0,21,22,58,1
1103,31148,7.77,0,20,21,38,1
1104,31196,7.17,0,20,21,48,1
1105,31201,0.95,0,4,5,5,1
1106,31241,6.55,0,18,19,40,1
1107,31261,4.45,0,12,13,20,1
1108,31262,-1.01,0,0,1,1,1
1109,31269,1.93,0,6,7,7,1
1110,31290,4.94,0,13,14,21,1
1111,31303,4.32,0,11,12,13,1
1112,31330,6.78,0,17,18,27,1
1113,31372,8.63,0,22,23,42,1
1114,31375,-0.03,0,2,3,3,1
1115,31391,4.69,0,12,13,16,1
1116,31392,-1.01,0,0,1,1,1
1117,31419,6.23,0,16,17,27,1
1118,31423,-0.09,0,2,3,4,1
1119,31439,3.04,0,9,10,16,1
1120,31520,6.84,0,23,24,81,1
1121,31535,5.3,0,13,14,15,1
1122,31569,5.81,0,16,17,34,1
1123,31583,3.16,0,9,10,14,1
1124,31602,3.41,0,10,11,19,1
1125,31624,3.23,0,10,11,22,1
1126,31636,2.73,0,8,9,12,1
1127,31733,5.88,0,23,24,97,1
1128,31740,1.38,0,5,6,7,1
1129,31745,0.4,0,3,4,5,1
1130,31773,6.72,0,17,18,28,1
1131,31827,6.26,0,19,20,54,1
1132,31831,0.46,0,3,4,4,1
1133,31896,7.25,0,22,23,65,1
1134,31900,-0.09,0,2,3,4,1
1135,31904,0.46,0,3,4,4,1
1136,31944,6.0,0,17,18,40,1
1137,31949,0.95,0,4,5,5,1
1138,31993,5.76,0,17,18,44,1
1139,32016,6.47,0,16,17,23,1
1140,32034,4.57,0,12,13,18,1
1141,32080,8.39,0,22,23,46,1
1142,32152,10.88,1,24,25,72,0
1143,32187,6.3,0,17,18,35,1
1144,32208,6.59,0,16,17,21,1
1145,32212,-0.09,0,2,3,4,1
1146,32217,0.95,0,4,5,5,1
1147,32284,7.13,0,22,23,67,1
1148,32288,0.46,0,3,4,4,1
1149,32333,7.35,0,20,21,45,1
1150,32339,0.89,0,4,5,6,1
1151,32342,-0.03,0,2,3,3,1
1152,32345,-0.03,0,2,3,3,1
1153,32351,1.44,0,5,6,6,1
1154,32352,-1.01,0,0,1,1,1
1155,32357,0.95,0,4,5,5,1
1156,32376,4.51,0,12,13,19,1
1157,32377,-1.01,0,0,1,1,1
1158,32379,-0.52,0,1,2,2,1
1159,32400,4.94,0,13,14,21,1
1160,32415,4.2,0,11,12,15,1
1161,32431,5.24,0,13,14,16,1
1162,32455,5.86,0,15,16,24,1
1163,32458,-0.03,0,2,3,3,1
1164,32486,7.27,0,18,19,28,1
1165,32572,5.99,0,22,23,86,1
1166,32592,6.65,0,16,17,20,1
1167,32627,8.5,0,21,22,35,1
1168,32745,4.62,0,23,24,118,1
1169,32750,0.95,0,4,5,5,1
1170,32753,-0.03,0,2,3,3,1
1171,32773,4.45,0,12,13,20,1
1172,32794,4.39,0,12,13,21,1
1173,32804,3.4,0,9,10,10,1
1174,32818,4.26,0,11,12,14,1
1175,32830,3.28,0,9,10,12,1
1176,32904,6.16,0,21,22,74,1
1177,32937,5.32,0,15,16,33,1
1178,32942,0.95,0,4,5,5,1
1179,32997,7.3,0,21,22,55,1
1180,33003,0.89,0,4,5,6,1
1181,33037,8.01,0,20,21,34,1
1182,33038,-1.01,0,0,1,1,1
1183,33049,3.89,0,10,11,11,1
1184,33061,2.73,0,8,9,12,1
1185,33108,6.13,0,18,19,47,1
1186,33119,3.34,0,9,10,11,1
1187,33197,6.47,0,22,23,78,1
1188,33205,1.32,0,5,6,8,1
1189,33224,5.61,0,14,15,19,1
1190,33234,1.75,0,6,7,10,1
1191,33309,7.2,0,23,24,75,1
1192,33326,2.98,0,9,10,17,1
1193,33327,-1.01,0,0,1,1,1
1194,33333,-0.21,0,2,3,6,1
1195,33334,-1.01,0,0,1,1,1
1196,33349,3.65,0,10,11,15,1
1197,33358,1.81,0,6,7,9,1
1198,33359,-1.01,0,0,1,1,1
1199,33384,4.7,0,13,14,25,1
1200,33403,5.06,0,13,14,19,1
1201,33414,2.79,0,8,9,11,1
1202,33419,0.4,0,3,4,5,1
1203,33421,-0.52,0,1,2,2,1
1204,33423,-0.52,0,1,2,2,1
1205,33451,8.37,0,20,21,28,1
1206,33461,3.4,0,9,10,10,1
1207,33473,3.83,0,10,11,12,1
1208,33479,1.44,0,5,6,6,1
1209,33491,2.18,0,7,8,12,1
1210,33511,5.55,0,14,15,20,1
1211,33521,2.85,0,8,9,10,1
1212,33533,2.73,0,8,9,12,1
1213,33534,-1.01,0,0,1,1,1
1214,33539,0.4,0,3,4,5,1
1215,33547,1.87,0,6,7,8,1
1216,33564,4.08,0,11,12,17,1
1217,33597,7.52,0,19,20,33,1
1218,33599,-0.52,0,1,2,2,1
1219,33621,5.43,0,14,15,22,1
1220,33628,1.38,0,5,6,7,1
1221,33652,5.86,0,15,16,24,1
1222,33666,4.81,0,12,13,14,1
1223,33683,4.08,0,11,12,17,1
1224,33743,8.1,0,23,24,60,1
1225,33775,8.68,0,21,22,32,1
1226,33822,7.23,0,20,21,47,1
1227,33833,2.79,0,8,9,11,1
1228,33834,-1.01,0,0,1,1,1
1229,33842,1.87,0,6,7,8,1
1230,33877,6.85,0,18,19,35,1
1231,33907,7.15,0,18,19,30,1
1232,33909,-0.52,0,1,2,2,1
1233,33914,0.4,0,3,4,5,1
1234,33923,1.81,0,6,7,9,1
1235,33930,1.38,0,5,6,7,1
1236,33934,0.46,0,3,4,4,1
1237,33945,1.14,0,5,6,11,1
1238,33962,4.63,0,12,13,17,1
1239,33970,1.87,0,6,7,8,1
1240,33982,3.28,0,9,10,12,1
1241,33991,2.36,0,7,8,9,1
1242,34030,6.61,0,18,19,39,1
1243,34036,0.89,0,4,5,6,1
1244,34098,7.98,0,23,24,62,1
1245,34099,-1.01,0,0,1,1,1
1246,34140,7.59,0,20,21,41,1
1247,34154,3.16,0,9,10,14,1
1248,34181,4.58,0,13,14,27,1
1249,34194,2.12,0,7,8,13,1
1250,34203,2.36,0,7,8,9,1
1251,34207,0.46,0,3,4,4,1
1252,34221,3.71,0,10,11,14,1
1253,34246,5.8,0,15,16,25,1
1254,34252,0.89,0,4,5,6,1
1255,34281,7.76,0,19,20,29,1
1256,34288,1.38,0,5,6,7,1
1257,34313,6.9,0,17,18,25,1
1258,34375,6.88,0,21,22,62,1
1259,34379,-0.09,0,2,3,4,1
1260,34396,2.98,0,9,10,17,1
1261,34399,-0.03,0,2,3,3,1
1262,34427,6.17,0,16,17,28,1
1263,34448,4.94,0,13,14,21,1
1264,34483,7.95,0,20,21,35,1
1265,34499,4.69,0,12,13,16,1
1266,34514,3.1,0,9,10,15,1
1267,34520,1.44,0,5,6,6,1
1268,34573,12.02,1,24,25,53,0
1269,34617,6.31,0,18,19,44,1
1270,34631,3.71,0,10,11,14,1
1271,34639,1.32,0,5,6,8,1
1272,34648,2.36,0,7,8,9,1
1273,34679,6.54,0,17,18,31,1
1274,34681,-0.52,0,1,2,2,1
1275,34694,3.77,0,10,11,13,1
1276,34700,0.89,0,4,5,6,1
1277,34794,6.06,0,23,24,94,1
1278,34810,3.59,0,10,11,16,1
1279,34820,2.3,0,7,8,10,1
1280,34839,4.51,0,12,13,19,1
1281,34842,-0.03,0,2,3,3,1
1282,34845,-0.03,0,2,3,3,1
1283,34850,0.4,0,3,4,5,1
1284,34901,7.54,0,21,22,51,1
1285,34918,3.53,0,10,11,17,1
1286,34969,6.99,0,20,21,51,1
1287,35014,7.9,0,21,22,45,1
1288,35018,0.46,0,3,4,4,1
1289,35042,4.76,0,13,14,24,1
1290,35115,10.82,1,24,25,73,0
1291,35121,1.44,0,5,6,6,1
1292,35189,7.62,0,23,24,68,1
1293,35192,-0.03,0,2,3,3,1
1294,35194,-0.52,0,1,2,2,1
1295,35198,0.46,0,3,4,4,1
1296,35206,2.42,0,7,8,8,1
1297,35219,3.77,0,10,11,13,1
1298,35221,-0.52,0,1,2,2,1
1299,35238,4.08,0,11,12,17,1
1300,35244,0.34,0,3,4,6,1
1301,35253,2.91,0,8,9,9,1
1302,35281,5.62,0,15,16,28,1
1303,35290,1.81,0,6,7,9,1
1304,35388,9.32,1,24,25,98,0
1305,35390,-0.52,0,1,2,2,1
1306,35461,6.89,0,22,23,71,1
1307,35487,5.19,0,14,15,26,1
1308,35490,-0.03,0,2,3,3,1
1309,35503,3.77,0,10,11,13,1
1310,35517,3.16,0,9,10,14,1
1311,35580,7.92,0,23,24,63,1
1312,35594,3.71,0,10,11,14,1
1313,35641,7.23,0,20,21,47,1
1314,35649,1.87,0,6,7,8,1
1315,35653,-0.09,0,2,3,4,1
1316,35706,6.87,0,20,21,53,1
1317,35724,5.67,0,14,15,18,1
1318,35764,6.55,0,18,19,40,1
1319,35774,2.85,0,8,9,10,1
1320,35819,8.45,0,22,23,45,1
1321,35841,4.88,0,13,14,22,1
1322,35860,5.06,0,13,14,19,1
1323,35877,4.63,0,12,13,17,1
1324,35878,-1.01,0,0,1,1,1
1325,35901,5.92,0,15,16,23,1
1326,35946,7.35,0,20,21,45,1
1327,35958,3.28,0,9,10,12,1
1328,35963,0.95,0,4,5,5,1
1329,35969,1.44,0,5,6,6,1
1330,36008,5.51,0,16,17,39,1
1331,36032,5.86,0,15,16,24,1
1332,36049,4.63,0,12,13,17,1
1333,36097,6.62,0,19,20,48,1
1334,36120,3.72,0,11,12,23,1
1335,36141,6.04,0,15,16,21,1
1336,36157,5.24,0,13,14,16,1
1337,36175,4.02,0,11,12,18,1
1338,36182,1.93,0,6,7,7,1
1339,36185,-0.03,0,2,3,3,1
1340,36201,5.24,0,13,14,16,1
1341,36208,0.83,0,4,5,7,1
1342,36211,-0.03,0,2,3,3,1
1343,36214,-0.03,0,2,3,3,1
1344,36244,7.15,0,18,19,30,1
1345,36298,5.71,0,18,19,54,1
1346,36320,5.43,0,14,15,22,1
1347,36346,6.29,0,16,17,26,1
1348,36352,0.89,0,4,5,6,1
1349,36378,5.19,0,14,15,26,1
1350,36394,4.14,0,11,12,16,1
1351,36402,2.42,0,7,8,8,1
1352,36404,-0.52,0,1,2,2,1
1353,36440,4.59,0,14,15,36,1
1354,36468,5.62,0,15,16,28,1
1355,36482,4.26,0,11,12,14,1
1356,36491,2.36,0,7,8,9,1
1357,36497,1.44,0,5,6,6,1
1358,36502,-0.15,0,2,3,5,1
1359,36547,6.8,0,19,20,45,1
1360,36557,2.85,0,8,9,10,1
1361,36587,6.05,0,16,17,30,1
1362,36613,7.39,0,18,19,26,1
1363,36662,8.21,0,22,23,49,1
1364,36706,6.86,0,19,20,44,1
1365,36751,5.7,0,17,18,45,1
1366,36758,0.83,0,4,5,7,1
1367,36761,-0.03,0,2,3,3,1
1368,36763,-0.52,0,1,2,2,1
1369,36764,-1.01,0,0,1,1,1
1370,36790,5.74,0,15,16,26,1
1371,36813,4.82,0,13,14,23,1
1372,36913,5.7,0,23,24,100,1
1373,36916,-0.03,0,2,3,3,1
1374,36929,4.32,0,11,12,13,1
1375,36940,1.69,0,6,7,11,1
1376,36971,5.44,0,15,16,31,1
1377,36976,0.4,0,3,4,5,1
1378,37050,10.76,1,24,25,74,0
1379,37051,-1.01,0,0,1,1,1
1380,37086,7.4,0,19,20,35,1
1381,37098,3.28,0,9,10,12,1
1382,37101,-0.03,0,2,3,3,1
1383,37122,4.94,0,13,14,21,1
1384,37131,2.91,0,8,9,9,1
1385,37154,4.82,0,13,14,23,1
1386,37173,3.41,0,10,11,19,1
1387,37264,9.74,1,24,25,91,0
1388,37301,6.73,0,18,19,37,1
1389,37302,-1.01,0,0,1,1,1
1390,37315,3.22,0,9,10,13,1
1391,37373,6.02,0,19,20,58,1
1392,37393,5.55,0,14,15,20,1
1393,37429,6.79,0,18,19,36,1
1394,37430,-1.01,0,0,1,1,1
1395,37444,3.16,0,9,10,14,1
1396,37450,0.89,0,4,5,6,1
1397,37469,5.06,0,13,14,19,1
1398,37472,-0.58,0,1,2,3,1
1399,37496,6.96,0,17,18,24,1
1400,37531,6.85,0,18,19,35,1
1401,37589,6.02,0,19,20,58,1
1402,37641,12.08,1,24,25,52,0
1403,37654,2.12,0,7,8,13,1
1404,37661,1.38,0,5,6,7,1
1405,37682,4.39,0,12,13,21,1
1406,37736,7.91,0,22,23,54,1
1407,37754,2.92,0,9,10,18,1
1408,37783,4.46,0,13,14,29,1
1409,37788,0.95,0,4,5,5,1
1410,37793,0.95,0,4,5,5,1
1411,37806,2.67,0,8,9,13,1
1412,37810,0.46,0,3,4,4,1
1413,37822,2.73,0,8,9,12,1
1414,37825,-0.03,0,2,3,3,1
1415,37830,0.95,0,4,5,5,1
1416,37831,-1.01,0,0,1,1,1
1417,37863,4.83,0,14,15,32,1
1418,37904,8.14,0,21,22,41,1
1419,37977,6.77,0,22,23,73,1
1420,38010,8.07,0,20,21,33,1
1421,38038,6.17,0,16,17,28,1
1422,38093,7.85,0,22,23,55,1
1423,38100,1.38,0,5,6,7,1
1424,38129,6.11,0,16,17,29,1
1425,38135,0.89,0,4,5,6,1
1426,38204,7.01,0,22,23,69,1
1427,38254,7.05,0,20,21,50,1
1428,38307,7.42,0,21,22,53,1
1429,38321,4.26,0,11,12,14,1
1430,38352,5.44,0,15,16,31,1
1431,38430,10.52,1,24,25,78,0
1432,38463,6.42,0,17,18,33,1
1433,38467,0.46,0,3,4,4,1
1434,38481,3.71,0,10,11,14,1
1435,38484,-0.03,0,2,3,3,1
1436,38507,5.37,0,14,15,23,1
1437,38544,7.83,0,20,21,37,1
1438,38613,11.06,1,24,25,69,0
1439,38638,4.7,0,13,14,25,1
1440,38707,7.56,0,23,24,69,1
1441,38712,0.95,0,4,5,5,1
1442,38719,1.38,0,5,6,7,1
1443,38850,3.84,0,23,24,131,1
1444,38870,6.65,0,16,17,20,1
1445,38894,5.31,0,14,15,24,1
1446,38925,7.09,0,18,19,31,1
1447,38952,5.68,0,15,16,27,1
1448,38976,5.86,0,15,16,24,1
1449,38984,1.87,0,6,7,8,1
1450,39036,7.48,0,21,22,52,1
1451,39044,1.32,0,5,6,8,1
1452,39108,11.36,1,24,25,64,0
1453,39115,1.93,0,6,7,7,1
1454,39140,6.35,0,16,17,25,1
1455,39186,5.64,0,17,18,46,1
1456,39192,0.89,0,4,5,6,1
1457,39266,10.76,1,24,25,74,0
1458,39279,4.87,0,12,13,13,1
1459,39317,7.77,0,20,21,38,1
1460,39325,2.42,0,7,8,8,1
1461,39355,6.05,0,16,17,30,1
1462,39365,2.85,0,8,9,10,1
1463,39389,5.31,0,14,15,24,1
1464,39393,0.46,0,3,4,4,1
1465,39459,7.74,0,23,24,66,1
1466,39460,-1.01,0,0,1,1,1
1467,39465,0.95,0,4,5,5,1
1468,39507,6.43,0,18,19,42,1
1469,39509,-0.52,0,1,2,2,1
1470,39526,5.18,0,13,14,17,1
1471,39588,6.88,0,21,22,62,1
1472,39686,9.32,1,24,25,98,0
1473,39763,6.53,0,22,23,77,1
1474,39787,4.76,0,13,14,24,1
1475,39805,3.47,0,10,11,18,1
1476,39822,4.08,0,11,12,17,1
1477,39833,3.34,0,9,10,11,1
1478,39895,7.98,0,23,24,62,1
1479,39917,4.88,0,13,14,22,1
1480,39940,4.82,0,13,14,23,1
1481,40033,9.62,1,24,25,93,0
1482,40069,8.44,0,21,22,36,1
1483,40096,5.68,0,15,16,27,1
1484,40097,-1.01,0,0,1,1,1
1485,40183,5.99,0,22,23,86,1
1486,40227,7.41,0,20,21,44,1
1487,40230,-0.03,0,2,3,3,1
1488,40253,5.92,0,15,16,23,1
1489,40262,2.36,0,7,8,9,1
1490,40269,1.93,0,6,7,7,1
1491,40270,-1.01,0,0,1,1,1
1492,40304,6.36,0,17,18,34,1
1493,40306,-0.52,0,1,2,2,1
1494,40382,7.14,0,23,24,76,1
1495,40460,7.02,0,23,24,78,1
1496,40466,1.44,0,5,6,6,1
1497,40493,5.13,0,14,15,27,1
1498,40570,10.58,1,24,25,77,0
1499,40603,6.97,0,18,19,33,1
1500,40606,-0.58,0,1,2,3,1
1501,40609,-0.03,0,2,3,3,1
1502,40614,0.95,0,4,5,5,1
1503,40627,3.77,0,10,11,13,1
1504,40631,0.46,0,3,4,4,1
1505,40632,-1.01,0,0,1,1,1
1506,40650,6.22,0,15,16,18,1
1507,40652,-0.52,0,1,2,2,1
1508,40672,2.8,0,9,10,20,1
1509,40687,4.2,0,11,12,15,1
1510,40739,12.08,1,24,25,52,0
1511,40743,0.46,0,3,4,4,1
1512,40766,5.37,0,14,15,23,1
1513,40769,-0.03,0,2,3,3,1
1514,40791,5.98,0,15,16,22,1
1515,40804,2.67,0,8,9,13,1
1516,40815,3.34,0,9,10,11,1
1517,40819,0.46,0,3,4,4,1
1518,40891,10.88,1,24,25,72,0
1519,40913,4.33,0,12,13,22,1
1520,40952,6.06,0,17,18,39,1
1521,40979,5.68,0,15,16,27,1
1522,41030,5.34,0,17,18,51,1
1523,41032,-0.52,0,1,2,2,1
1524,41033,-1.01,0,0,1,1,1
1525,41035,-0.52,0,1,2,2,1
1526,41052,5.18,0,13,14,17,1
1527,41097,7.35,0,20,21,45,1
1528,41175,6.47,0,22,23,78,1
1529,41176,-1.01,0,0,1,1,1
1530,41220,7.41,0,20,21,44,1
1531,41249,6.66,0,17,18,29,1
1532,41288,8.26,0,21,22,39,1
1533,41291,-0.03,0,2,3,3,1
1534,41294,-0.03,0,2,3,3,1
1535,41399,5.4,0,23,24,105,1
1536,41401,-0.52,0,1,2,2,1
1537,41413,2.18,0,7,8,12,1
1538,41416,-0.03,0,2,3,3,1
1539,41420,0.46,0,3,4,4,1
1540,41421,-1.01,0,0,1,1,1
1541,41476,11.9,1,24,25,55,0
1542,41560,10.16,1,24,25,84,0
1543,41647,5.38,0,21,22,87,1
1544,41670,5.92,0,15,16,23,1
1545,41708,8.32,0,21,22,38,1
1546,41777,11.06,1,24,25,69,0
1547,41839,7.43,0,22,23,62,1
1548,41851,3.83,0,10,11,12,1
1549,41862,2.79,0,8,9,11,1
1550,41905,7.47,0,20,21,43,1
1551,41907,-0.52,0,1,2,2,1
1552,41932,4.7,0,13,14,25,1
1553,41944,4.38,0,11,12,12,1
1554,41959,3.1,0,9,10,15,1
1555,41961,-0.52,0,1,2,2,1
1556,41982,4.94,0,13,14,21,1
1557,41983,-1.01,0,0,1,1,1
1558,41986,-0.03,0,2,3,3,1
1559,42042,7.24,0,21,22,56,1
1560,42129,6.48,0,23,24,87,1
1561,42141,2.18,0,7,8,12,1
1562,42160,5.06,0,13,14,19,1
1563,42202,4.78,0,15,16,42,1
1564,42233,5.44,0,15,16,31,1
1565,42235,-0.52,0,1,2,2,1
1566,42244,2.36,0,7,8,9,1
1567,42261,5.18,0,13,14,17,1
1568,42301,6.0,0,17,18,40,1
1569,42302,-1.01,0,0,1,1,1
1570,42321,4.51,0,12,13,19,1
1571,42325,-0.09,0,2,3,4,1
1572,42350,4.15,0,12,13,25,1
1573,42381,6.54,0,17,18,31,1
1574,42422,8.14,0,21,22,41,1
1575,42478,8.34,0,23,24,56,1
1576,42488,2.3,0,7,8,10,1
1577,42549,6.39,0,20,21,61,1
1578,42552,-0.03,0,2,3,3,1
1579,42582,7.15,0,18,19,30,1
1580,42607,5.25,0,14,15,25,1
1581,42641,5.81,0,16,17,34,1
1582,42688,8.88,0,23,24,47,1
1583,42691,-0.03,0,2,3,3,1
1584,42701,2.85,0,8,9,10,1
1585,42708,1.93,0,6,7,7,1
1586,42722,3.16,0,9,10,14,1
1587,42774,8.58,0,23,24,52,1
1588,42788,4.26,0,11,12,14,1
1589,42806,4.02,0,11,12,18,1
1590,42926,8.0,1,24,25,120,0
1591,42938,3.28,0,9,10,12,1
1592,42961,4.82,0,13,14,23,1
1593,42981,6.65,0,16,17,20,1
1594,43000,5.61,0,14,15,19,1
1595,43007,1.93,0,6,7,7,1
1596,43036,6.11,0,16,17,29,1
1597,43052,3.59,0,10,11,16,1
1598,43098,7.84,0,21,22,46,1
1599,43119,5.49,0,14,15,21,1
1600,43194,7.2,0,23,24,75,1
1601,43211,5.18,0,13,14,17,1
1602,43265,11.96,1,24,25,54,0
1603,43293,3.97,0,12,13,28,1
1604,43306,3.77,0,10,11,13,1
1605,43311,0.95,0,4,5,5,1
1606,43320,2.36,0,7,8,9,1
1607,43322,-0.52,0,1,2,2,1
1608,43330,2.42,0,7,8,8,1
1609,43379,6.01,0,18,19,49,1
1610,43403,4.21,0,12,13,24,1
1611,43474,6.89,0,22,23,71,1
1612,43508,6.91,0,18,19,34,1
1613,43529,4.94,0,13,14,21,1
1614,43559,6.05,0,16,17,30,1
1615,43575,4.14,0,11,12,16,1
1616,43605,7.15,0,18,19,30,1
1617,43606,-1.01,0,0,1,1,1
1618,43625,4.51,0,12,13,19,1
1619,43627,-0.52,0,1,2,2,1
1620,43642,3.1,0,9,10,15,1
1621,43685,7.47,0,20,21,43,1
1622,43688,-0.03,0,2,3,3,1
1623,43697,1.81,0,6,7,9,1
1624,43703,1.44,0,5,6,6,1
1625,43761,4.92,0,17,18,58,1
1626,43790,3.91,0,12,13,29,1
1627,43805,4.75,0,12,13,15,1
1628,43813,1.87,0,6,7,8,1
1629,43871,7.12,0,21,22,58,1
1630,43916,7.9,0,21,22,45,1
1631,43994,6.47,0,22,23,78,1
1632,44020,3.54,0,11,12,26,1
1633,44043,5.92,0,15,16,23,1
1634,44052,1.81,0,6,7,9,1
1635,44093,12.74,1,24,25,41,0
1636,44103,2.3,0,7,8,10,1
1637,44122,4.51,0,12,13,19,1
1638,44141,3.96,0,11,12,19,1
1639,44147,1.44,0,5,6,6,1
1640,44160,3.22,0,9,10,13,1
1641,44170,2.3,0,7,8,10,1
1642,44198,5.62,0,15,16,28,1
1643,44215,4.63,0,12,13,17,1
1644,44225,2.3,0,7,8,10,1
1645,44235,2.3,0,7,8,10,1
1646,44268,7.52,0,19,20,33,1
1647,44278,1.75,0,6,7,10,1
1648,44289,2.79,0,8,9,11,1
1649,44290,-1.01,0,0,1,1,1
1650,44292,-0.52,0,1,2,2,1
1651,44366,6.71,0,22,23,74,1
1652,44378,3.83,0,10,11,12,1
1653,44415,5.08,0,15,16,37,1
1654,44428,3.22,0,9,10,13,1
1655,44454,5.74,0,15,16,26,1
1656,44495,6.49,0,18,19,41,1
1657,44507,3.28,0,9,10,12,1
1658,44520,3.77,0,10,11,13,1
1659,44524,0.46,0,3,4,4,1
1660,44526,-0.52,0,1,2,2,1
1661,44548,5.43,0,14,15,22,1
1662,44554,0.89,0,4,5,6,1
1663,44603,7.66,0,21,22,49,1
1664,44618,3.1,0,9,10,15,1
1665,44665,6.68,0,19,20,47,1
1666,44698,6.97,0,18,19,33,1
1667,44706,1.87,0,6,7,8,1
1668,44743,7.83,0,20,21,37,1
1669,44775,6.48,0,17,18,32,1
1670,44783,1.87,0,6,7,8,1
1671,44824,7.04,0,19,20,41,1
1672,44902,6.47,0,22,23,78,1
1673,44911,1.26,0,5,6,9,1
1674,44925,3.71,0,10,11,14,1
1675,44948,5.92,0,15,16,23,1
1676,44951,-0.03,0,2,3,3,1
1677,45003,7.48,0,21,22,52,1
1678,45012,2.36,0,7,8,9,1
1679,45017,0.95,0,4,5,5,1
1680,45072,11.9,1,24,25,55,0
1681,45141,7.56,0,23,24,69,1
1682,45170,6.66,0,17,18,29,1
1683,45246,7.14,0,23,24,76,1
1684,45274,5.62,0,15,16,28,1
1685,45287,3.22,0,9,10,13,1
1686,45304,5.18,0,13,14,17,1
1687,45378,7.26,0,23,24,74,1
1688,45429,12.14,1,24,25,51,0
1689,45440,3.34,0,9,10,11,1
1690,45443,-0.03,0,2,3,3,1
1691,45459,4.14,0,11,12,16,1
1692,45465,1.44,0,5,6,6,1
1693,45474,1.26,0,5,6,9,1
1694,45501,6.78,0,17,18,27,1
1695,45553,8.03,0,22,23,52,1
1696,45570,5.73,0,14,15,17,1
1697,45576,1.44,0,5,6,6,1
1698,45577,-1.01,0,0,1,1,1
1699,45589,2.18,0,7,8,12,1
1700,45605,3.59,0,10,11,16,1
1701,45613,2.42,0,7,8,8,1
1702,45627,3.16,0,9,10,14,1
1703,45643,4.69,0,12,13,16,1
1704,45660,4.63,0,12,13,17,1
1705,45667,1.93,0,6,7,7,1
1706,45672,0.95,0,4,5,5,1
1707,45681,1.81,0,6,7,9,1
1708,45688,1.93,0,6,7,7,1
1709,45726,6.67,0,18,19,38,1
1710,45727,-1.01,0,0,1,1,1
1711,45819,9.68,1,24,25,92,0
1712,45842,6.47,0,16,17,23,1
1713,45855,4.32,0,11,12,13,1
1714,45858,-0.03,0,2,3,3,1
1715,45862,0.46,0,3,4,4,1
1716,45875,2.12,0,7,8,13,1
1717,45894,5.61,0,14,15,19,1
1718,45905,2.79,0,8,9,11,1
1719,45915,2.3,0,7,8,10,1
1720,45921,0.89,0,4,5,6,1
1721,45927,0.89,0,4,5,6,1
1722,45970,8.02,0,21,22,43,1
1723,45993,5.37,0,14,15,23,1
1724,46016,5.92,0,15,16,23,1
1725,46031,4.2,0,11,12,15,1
1726,46066,6.85,0,18,19,35,1
1727,46144,7.02,0,23,24,78,1
1728,46187,6.92,0,19,20,43,1
1729,46203,3.59,0,10,11,16,1
1730,46232,5.01,0,14,15,29,1
1731,46308,10.64,1,24,25,76,0
1732,46329,6.59,0,16,17,21,1
1733,46366,6.18,0,17,18,37,1
1734,46386,3.35,0,10,11,20,1
1735,46391,0.95,0,4,5,5,1
1736,46394,-0.03,0,2,3,3,1
1737,46472,10.52,1,24,25,78,0
1738,46560,9.92,1,24,25,88,0
1739,46619,6.51,0,20,21,59,1
1740,46620,-1.01,0,0,1,1,1
1741,46634,3.71,0,10,11,14,1
1742,46680,7.29,0,20,21,46,1
1743,46684,-0.09,0,2,3,4,1
1744,46704,5.55,0,14,15,20,1
1745,46735,8.19,0,20,21,31,1
1746,46745,2.85,0,8,9,10,1
1747,46784,5.51,0,16,17,39,1
1748,46790,1.44,0,5,6,6,1
1749,46909,8.06,1,24,25,119,0
1750,46916,1.38,0,5,6,7,1
1751,46985,6.46,0,21,22,69,1
1752,46992,1.93,0,6,7,7,1
1753,47044,8.58,0,23,24,52,1
1754,47061,4.63,0,12,13,17,1
1755,47082,4.39,0,12,13,21,1
1756,47104,5.43,0,14,15,22,1
1757,47123,5.61,0,14,15,19,1
1758,47131,1.87,0,6,7,8,1
1759,47134,-0.03,0,2,3,3,1
1760,47140,1.44,0,5,6,6,1
1761,47174,8.01,0,20,21,34,1
1762,47236,7.98,0,23,24,62,1
1763,47242,1.44,0,5,6,6,1
1764,47244,-0.52,0,1,2,2,1
1765,47289,6.25,0,18,19,45,1
1766,47361,7.38,0,23,24,72,1
1767,47388,5.13,0,14,15,27,1
1768,47400,3.28,0,9,10,12,1
1769,47414,3.71,0,10,11,14,1
1770,47429,3.65,0,10,11,15,1
1771,47439,2.3,0,7,8,10,1
1772,47470,5.99,0,16,17,31,1
1773,47528,7.12,0,21,22,58,1
1774,47582,11.96,1,24,25,54,0
1775,47643,6.94,0,21,22,61,1
1776,47644,-1.01,0,0,1,1,1
1777,47684,8.2,0,21,22,40,1
1778,47729,8.45,0,22,23,45,1
1779,47740,3.34,0,9,10,11,1
1780,47795,5.65,0,18,19,55,1
1781,47802,1.93,0,6,7,7,1
1782,47810,2.42,0,7,8,8,1
1783,47833,4.82,0,13,14,23,1
1784,47835,-0.52,0,1,2,2,1
1785,47842,1.38,0,5,6,7,1
1786,47846,0.46,0,3,4,4,1
1787,47852,1.44,0,5,6,6,1
1788,47863,2.24,0,7,8,11,1
1789,47874,2.79,0,8,9,11,1
1790,47925,6.44,0,19,20,51,1
1791,47934,2.36,0,7,8,9,1
1792,47940,1.44,0,5,6,6,1
1793,47965,5.8,0,15,16,25,1
1794,47992,5.68,0,15,16,27,1
1795,47998,1.44,0,5,6,6,1
1796,48019,4.39,0,12,13,21,1
1797,48051,5.93,0,16,17,32,1
1798,48129,6.47,0,22,23,78,1
1799,48168,6.06,0,17,18,39,1
1800,48170,-0.52,0,1,2,2,1
1801,48179,1.81,0,6,7,9,1
1802,48212,8.62,0,21,22,33,1
1803,48247,7.4,0,19,20,35,1
1804,48285,8.87,0,22,23,38,1
1805,48288,-0.03,0,2,3,3,1
1806,48363,7.2,0,23,24,75,1
1807,48419,11.84,1,24,25,56,0
1808,48426,1.38,0,5,6,7,1
1809,48486,7.55,0,22,23,60,1
1810,48538,8.03,0,22,23,52,1
1811,48542,0.46,0,3,4,4,1
1812,48548,1.44,0,5,6,6,1
1813,48576,7.27,0,18,19,28,1
1814,48587,2.79,0,8,9,11,1
1815,48607,7.2,0,17,18,20,1
1816,48622,4.2,0,11,12,15,1
1817,48634,4.38,0,11,12,12,1
1818,48654,5.55,0,14,15,20,1
1819,48657,-0.03,0,2,3,3,1
1820,48671,4.26,0,11,12,14,1
1821,48681,1.75,0,6,7,10,1
1822,48743,7.43,0,22,23,62,1
1823,48749,1.44,0,5,6,6,1
1824,48783,5.26,0,15,16,34,1
1825,48827,5.76,0,17,18,44,1
1826,48843,4.69,0,12,13,16,1
1827,48906,6.82,0,21,22,63,1
1828,48924,4.57,0,12,13,18,1
1829,48973,6.56,0,19,20,49,1
1830,48986,3.77,0,10,11,13,1
1831,49051,7.25,0,22,23,65,1
1832,49130,10.46,1,24,25,79,0
1833,49188,7.12,0,21,22,58,1
1834,49197,1.26,0,5,6,9,1
1835,49308,5.04,0,23,24,111,1
1836,49323,2.55,0,8,9,15,1
1837,49343,3.9,0,11,12,20,1
1838,49350,1.93,0,6,7,7,1
1839,49385,6.85,0,18,19,35,1
1840,49393,1.87,0,6,7,8,1
1841,49420,4.58,0,13,14,27,1
1842,49442,5.98,0,15,16,22,1
1843,49457,4.75,0,12,13,15,1
1844,49521,11.36,1,24,25,64,0
1845,49531,2.85,0,8,9,10,1
1846,49582,7.54,0,21,22,51,1
1847,49594,4.38,0,11,12,12,1
1848,49626,5.38,0,15,16,32,1
1849,49647,6.04,0,15,16,21,1
1850,49676,7.21,0,18,19,29,1
1851,49741,11.3,1,24,25,65,0
1852,49774,6.42,0,17,18,33,1
1853,49782,1.32,0,5,6,8,1
1854,49839,11.78,1,24,25,57,0
1855,49847,1.87,0,6,7,8,1
1856,49858,2.24,0,7,8,11,1
1857,49899,8.69,0,22,23,41,1
1858,49956,8.28,0,23,24,57,1
1859,50037,10.34,1,24,25,81,0
1860,50050,3.22,0,9,10,13,1
1861,50071,2.74,0,9,10,21,1
1862,50142,7.44,0,23,24,71,1
1863,50181,6.61,0,18,19,39,1
1864,50194,3.77,0,10,11,13,1
1865,50197,-0.58,0,1,2,3,1
1866,50210,3.22,0,9,10,13,1
1867,50226,3.04,0,9,10,16,1
1868,50261,5.75,0,16,17,35,1
1869,50271,2.85,0,8,9,10,1
1870,50293,5.98,0,15,16,22,1
1871,50313,5.0,0,13,14,20,1
1872,50317,0.46,0,3,4,4,1
1873,50337,5.0,0,13,14,20,1
1874,50349,3.83,0,10,11,12,1
1875,50359,2.3,0,7,8,10,1
1876,50386,6.23,0,16,17,27,1
1877,50390,0.46,0,3,4,4,1
1878,50393,-0.03,0,2,3,3,1
1879,50409,5.24,0,13,14,16,1
1880,50417,1.32,0,5,6,8,1
1881,50445,7.27,0,18,19,28,1
1882,50448,-0.03,0,2,3,3,1
1883,50513,7.25,0,22,23,65,1
1884,50603,5.75,0,22,23,90,1
1885,50671,11.12,1,24,25,68,0
1886,50697,6.29,0,16,17,26,1
1887,50730,8.07,0,20,21,33,1
1888,50737,1.93,0,6,7,7,1
1889,50813,6.59,0,22,23,76,1
1890,50826,2.12,0,7,8,13,1
1891,50847,4.94,0,13,14,21,1
1892,50850,-0.03,0,2,3,3,1
1893,50856,1.44,0,5,6,6,1
1894,50878,6.53,0,16,17,22,1
1895,50913,7.4,0,19,20,35,1
1896,50949,6.24,0,17,18,36,1
1897,50955,1.44,0,5,6,6,1
1898,50961,1.44,0,5,6,6,1
1899,50986,4.7,0,13,14,25,1
1900,50996,2.85,0,8,9,10,1
1901,51007,3.34,0,9,10,11,1
1902,51008,-1.01,0,0,1,1,1
1903,51015,1.93,0,6,7,7,1
1904,51044,6.11,0,16,17,29,1
1905,51048,0.46,0,3,4,4,1
1906,51061,3.22,0,9,10,13,1
1907,51066,0.95,0,4,5,5,1
1908,51070,0.46,0,3,4,4,1
1909,51130,8.1,0,23,24,60,1
1910,51133,-0.03,0,2,3,3,1
1911,51158,6.9,0,17,18,25,1
1912,51182,5.86,0,15,16,24,1
1913,51199,4.63,0,12,13,17,1
1914,51205,0.89,0,4,5,6,1
1915,51206,-1.01,0,0,1,1,1
1916,51209,-0.03,0,2,3,3,1
1917,51216,1.93,0,6,7,7,1
1918,51292,7.14,0,23,24,76,1
1919,51318,7.39,0,18,19,26,1
1920,51374,11.84,1,24,25,56,0
1921,51428,7.36,0,21,22,54,1
1922,51446,4.02,0,11,12,18,1
1923,51451,0.95,0,4,5,5,1
1924,51475,6.96,0,17,18,24,1
1925,51477,-0.52,0,1,2,2,1
1926,51495,4.02,0,11,12,18,1
1927,51512,4.08,0,11,12,17,1
1928,51549,7.83,0,20,21,37,1
1929,51591,6.98,0,19,20,42,1
1930,51639,7.72,0,21,22,48,1
1931,51673,5.26,0,15,16,34,1
1932,51692,4.51,0,12,13,19,1
1933,51706,3.71,0,10,11,14,1
1934,51729,6.47,0,16,17,23,1
1935,51744,4.2,0,11,12,15,1
1936,51776,5.38,0,15,16,32,1
1937,51794,3.47,0,10,11,18,1
1938,51795,-1.01,0,0,1,1,1
1939,51806,2.24,0,7,8,11,1
1940,51873,11.18,1,24,25,67,0
1941,51898,6.35,0,16,17,25,1
1942,51911,3.77,0,10,11,13,1
1943,51917,0.89,0,4,5,6,1
1944,51944,5.68,0,15,16,27,1
1945,51946,-0.52,0,1,2,2,1
1946,51989,6.37,0,18,19,43,1
1947,52000,2.79,0,8,9,11,1
1948,52072,7.38,0,23,24,72,1
1949,52123,6.99,0,20,21,51,1
1950,52130,0.83,0,4,5,7,1
1951,52131,-1.01,0,0,1,1,1
1952,52155,6.41,0,16,17,24,1
1953,52157,-0.52,0,1,2,2,1
1954,52184,6.23,0,16,17,27,1
1955,52228,7.96,0,21,22,44,1
1956,52236,2.42,0,7,8,8,1
1957,52243,1.38,0,5,6,7,1
1958,52245,-0.52,0,1,2,2,1
1959,52315,7.5,0,23,24,70,1
1960,52321,1.44,0,5,6,6,1
1961,52359,6.67,0,18,19,38,1
1962,52384,5.8,0,15,16,25,1
1963,52403,5.06,0,13,14,19,1
1964,52416,3.22,0,9,10,13,1
1965,52430,3.71,0,10,11,14,1
1966,52470,8.2,0,21,22,40,1
1967,52479,2.36,0,7,8,9,1
1968,52486,1.93,0,6,7,7,1
1969,52516,6.05,0,16,17,30,1
1970,52524,1.87,0,6,7,8,1
1971,52548,5.86,0,15,16,24,1
1972,52558,3.4,0,9,10,10,1
1973,52562,0.46,0,3,4,4,1
1974,52590,5.62,0,15,16,28,1
1975,52593,-0.03,0,2,3,3,1
1976,52594,-1.01,0,0,1,1,1
1977,52602,1.87,0,6,7,8,1
1978,52627,4.7,0,13,14,25,1
1979,52648,6.04,0,15,16,21,1
1980,52705,8.28,0,23,24,57,1
1981,52735,6.6,0,17,18,30,1
1982,52750,3.65,0,10,11,15,1
1983,52751,-1.01,0,0,1,1,1
1984,52752,-1.01,0,0,1,1,1
1985,52769,4.63,0,12,13,17,1
1986,52801,5.93,0,16,17,32,1
1987,52818,4.08,0,11,12,17,1
1988,52875,11.78,1,24,25,57,0
1989,52909,9.11,0,22,23,34,1
1990,52945,8.44,0,21,22,36,1
1991,52958,4.32,0,11,12,13,1
1992,52960,-0.52,0,1,2,2,1
1993,53027,7.68,0,23,24,67,1
1994,53028,-1.01,0,0,1,1,1
1995,53063,6.85,0,18,19,35,1
1996,53074,2.24,0,7,8,11,1
1997,53090,3.59,0,10,11,16,1
1998,53107,4.63,0,12,13,17,1
1999,53108,-1.01,0,0,1,1,1
2000,53117,1.81,0,6,7,9,1
2001,53134,4.08,0,11,12,17,1
2002,53145,2.79,0,8,9,11,1
2003,53195,8.7,0,23,24,50,1
2004,53213,4.57,0,12,13,18,1
2005,53270,7.73,0,22,23,57,1
2006,53271,-1.01,0,0,1,1,1
2007,53331,8.1,0,23,24,60,1
2008,53361,7.7,0,19,20,30,1
2009,53384,5.37,0,14,15,23,1
2010,53386,-0.52,0,1,2,2,1
2011,53397,3.34,0,9,10,11,1
2012,53439,6.43,0,18,19,42,1
2013,53451,2.18,0,7,8,12,1
2014,53463,3.83,0,10,11,12,1
2015,53485,5.43,0,14,15,22,1
2016,53486,-1.01,0,0,1,1,1
2017,53494,2.42,0,7,8,8,1
2018,53506,2.73,0,8,9,12,1
2019,53512,1.44,0,5,6,6,1
2020,53538,5.19,0,14,15,26,1
2021,53566,5.07,0,14,15,28,1
2022,53578,3.28,0,9,10,12,1
2023,53647,7.01,0,22,23,69,1
2024,53672,5.8,0,15,16,25,1
2025,53716,7.96,0,21,22,44,1
2026,53723,1.38,0,5,6,7,1
2027,53762,9.36,0,23,24,39,1
2028,53765,-0.03,0,2,3,3,1
2029,53828,6.82,0,21,22,63,1
2030,53830,-0.52,0,1,2,2,1
2031,53831,-1.01,0,0,1,1,1
2032,53851,5.0,0,13,14,20,1
2033,53866,3.65,0,10,11,15,1
2034,53869,-0.03,0,2,3,3,1
2035,53893,6.96,0,17,18,24,1
2036,53937,6.86,0,19,20,44,1
2037,53948,2.24,0,7,8,11,1
2038,53949,-1.01,0,0,1,1,1
2039,53952,-0.03,0,2,3,3,1
2040,53956,0.46,0,3,4,4,1
2041,53960,0.46,0,3,4,4,1
2042,53973,2.12,0,7,8,13,1
2043,53985,2.18,0,7,8,12,1
2044,54002,4.63,0,12,13,17,1
2045,54017,3.65,0,10,11,15,1
2046,54034,2.98,0,9,10,17,1
2047,54095,11.54,1,24,25,61,0
2048,54104,1.81,0,6,7,9,1
2049,54146,5.88,0,17,18,42,1
2050,54172,6.29,0,16,17,26,1
2051,54176,0.46,0,3,4,4,1
2052,54193,3.53,0,10,11,17,1
2053,54200,1.38,0,5,6,7,1
2054,54213,3.77,0,10,11,13,1
2055,54233,5.0,0,13,14,20,1
2056,54277,6.86,0,19,20,44,1
2057,54304,7.88,0,19,20,27,1
2058,54321,4.08,0,11,12,17,1
2059,54385,6.21,0,20,21,64,1
2060,54412,5.13,0,14,15,27,1
2061,54437,5.25,0,14,15,25,1
2062,54464,6.23,0,16,17,27,1
2063,54471,1.38,0,5,6,7,1
2064,54494,4.82,0,13,14,23,1
2065,54539,7.9,0,21,22,45,1
2066,54547,1.32,0,5,6,8,1
2067,54551,-0.09,0,2,3,4,1
2068,54555,0.46,0,3,4,4,1
2069,54586,7.64,0,19,20,31,1
2070,54603,4.63,0,12,13,17,1
2071,54621,4.02,0,11,12,18,1
2072,54630,1.26,0,5,6,9,1
2073,54644,4.81,0,12,13,14,1
2074,54766,7.88,1,24,25,122,0
2075,54777,3.34,0,9,10,11,1
2076,54805,5.62,0,15,16,28,1
2077,54824,5.06,0,13,14,19,1
2078,54825,-1.01,0,0,1,1,1
2079,54849,4.76,0,13,14,24,1
2080,54855,1.44,0,5,6,6,1
2081,54887,6.48,0,17,18,32,1
2082,54918,5.44,0,15,16,31,1
2083,54956,7.22,0,19,20,38,1
2084,54958,-0.52,0,1,2,2,1
2085,54965,0.83,0,4,5,7,1
2086,54968,-0.03,0,2,3,3,1
2087,54969,-1.01,0,0,1,1,1
2088,54991,5.98,0,15,16,22,1
2089,55026,6.85,0,18,19,35,1
2090,55090,7.31,0,22,23,64,1
2091,55097,1.38,0,5,6,7,1
2092,55100,-0.03,0,2,3,3,1
2093,55161,11.54,1,24,25,61,0
2094,55178,3.53,0,10,11,17,1
2095,55180,-0.52,0,1,2,2,1
2096,55181,-1.01,0,0,1,1,1
2097,55216,7.4,0,19,20,35,1
2098,55224,2.42,0,7,8,8,1
2099,55290,7.74,0,23,24,66,1
2100,55360,11.0,1,24,25,70,0
2101,55394,6.91,0,18,19,34,1
2102,55413,6.71,0,16,17,19,1
2103,55432,5.06,0,13,14,19,1
2104,55465,6.97,0,18,19,33,1
2105,55511,6.74,0,19,20,46,1
2106,55524,3.22,0,9,10,13,1
2107,55565,7.59,0,20,21,41,1
2108,55594,5.56,0,15,16,29,1
2109,55596,-0.52,0,1,2,2,1
2110,55615,4.51,0,12,13,19,1
2111,55662,8.33,0,22,23,47,1
2112,55686,6.41,0,16,17,24,1
2113,55704,3.47,0,10,11,18,1
2114,55736,5.38,0,15,16,32,1
2115,55765,6.66,0,17,18,29,1
2116,55774,2.36,0,7,8,9,1
2117,55800,5.74,0,15,16,26,1
2118,55823,5.37,0,14,15,23,1
2119,55848,5.8,0,15,16,25,1
2120,55853,0.95,0,4,5,5,1
2121,55887,6.91,0,18,19,34,1
2122,55971,10.16,1,24,25,84,0
2123,55978,1.38,0,5,6,7,1
2124,55982,0.46,0,3,4,4,1
2125,56022,6.55,0,18,19,40,1
2126,56025,-0.03,0,2,3,3,1
2127,56038,3.22,0,9,10,13,1
2128,56043,0.95,0,4,5,5,1
2129,56078,7.95,0,20,21,35,1
2130,56139,8.04,0,23,24,61,1
2131,56142,-0.03,0,2,3,3,1
2132,56146,0.46,0,3,4,4,1
2133,56175,5.56,0,15,16,29,1
2134,56193,3.47,0,10,11,18,1
2135,56199,1.44,0,5,6,6,1
2136,56224,6.9,0,17,18,25,1
2137,56252,4.52,0,13,14,28,1
2138,56258,0.89,0,4,5,6,1
2139,56306,8.27,0,22,23,48,1
2140,56318,4.38,0,11,12,12,1
2141,56400,6.78,0,23,24,82,1
2142,56422,5.98,0,15,16,22,1
2143,56441,5.06,0,13,14,19,1
2144,56465,5.31,0,14,15,24,1
2145,56479,3.16,0,9,10,14,1
2146,56621,3.18,0,23,24,142,1
2147,56634,4.32,0,11,12,13,1
2148,56645,2.24,0,7,8,11,1
2149,56685,6.55,0,18,19,40,1
2150,56701,2.49,0,8,9,16,1
2151,56740,7.71,0,20,21,39,1
2152,56756,5.79,0,14,15,16,1
2153,56763,1.93,0,6,7,7,1
2154,56770,1.38,0,5,6,7,1
2155,56778,1.87,0,6,7,8,1
2156,56856,10.52,1,24,25,78,0
2157,56885,5.01,0,14,15,29,1
2158,56891,1.44,0,5,6,6,1
2159,56898,1.93,0,6,7,7,1
2160,56913,2.55,0,8,9,15,1
2161,56928,3.65,0,10,11,15,1
2162,56936,1.87,0,6,7,8,1
2163,56938,-0.52,0,1,2,2,1
2164,56954,3.59,0,10,11,16,1
2165,56980,6.29,0,16,17,26,1
2166,56996,3.59,0,10,11,16,1
2167,57025,7.21,0,18,19,29,1
2168,57028,-0.03,0,2,3,3,1
2169,57059,7.64,0,19,20,31,1
2170,57060,-1.01,0,0,1,1,1
2171,57067,1.38,0,5,6,7,1
2172,57075,2.42,0,7,8,8,1
2173,57082,1.38,0,5,6,7,1
2174,57086,0.46,0,3,4,4,1
2175,57093,1.38,0,5,6,7,1
2176,57128,7.95,0,20,21,35,1
2177,57156,5.62,0,15,16,28,1
2178,57184,5.62,0,15,16,28,1
2179,57222,8.32,0,21,22,38,1
2180,57253,7.64,0,19,20,31,1
2181,57260,1.38,0,5,6,7,1
2182,57285,6.35,0,16,17,25,1
2183,57298,2.67,0,8,9,13,1
2184,57391,5.02,0,21,22,93,1
2185,57467,10.64,1,24,25,76,0
2186,57538,6.89,0,22,23,71,1
2187,57603,7.8,0,23,24,65,1
2188,57620,4.63,0,12,13,17,1
2189,57656,4.04,0,13,14,36,1
2190,57667,3.34,0,9,10,11,1
2191,57683,5.79,0,14,15,16,1
2192,57735,8.03,0,22,23,52,1
2193,57759,5.86,0,15,16,24,1
2194,57779,5.55,0,14,15,20,1
2195,57807,7.27,0,18,19,28,1
2196,57812,0.95,0,4,5,5,1
2197,57820,1.87,0,6,7,8,1
2198,57848,6.17,0,16,17,28,1
2199,57863,4.2,0,11,12,15,1
2200,57874,3.34,0,9,10,11,1
2201,57902,7.27,0,18,19,28,1
2202,57957,6.75,0,20,21,55,1
2203,58004,8.33,0,22,23,47,1
2204,58050,7.84,0,21,22,46,1
2205,58062,3.28,0,9,10,12,1
2206,58077,3.65,0,10,11,15,1
2207,58081,0.46,0,3,4,4,1
2208,58213,7.28,1,24,25,132,0
2209,58220,1.93,0,6,7,7,1
2210,58235,3.65,0,10,11,15,1
2211,58282,8.88,0,23,24,47,1
2212,58335,7.42,0,21,22,53,1
2213,58362,6.78,0,17,18,27,1
2214,58419,7.18,0,21,22,57,1
2215,58435,4.14,0,11,12,16,1
2216,58443,1.32,0,5,6,8,1
2217,58445,-0.52,0,1,2,2,1
2218,58455,2.3,0,7,8,10,1
2219,58462,1.93,0,6,7,7,1
2220,58516,6.26,0,19,20,54,1
2221,58549,8.62,0,21,22,33,1
2222,58553,-0.09,0,2,3,4,1
2223,58572,4.51,0,12,13,19,1
2224,58611,6.06,0,17,18,39,1
2225,58647,6.79,0,18,19,36,1
2226,58697,8.15,0,22,23,50,1
2227,58706,2.36,0,7,8,9,1
2228,58720,2.61,0,8,9,14,1
2229,58732,2.73,0,8,9,12,1
2230,58762,6.05,0,16,17,30,1
2231,58770,1.32,0,5,6,8,1
2232,58802,7.03,0,18,19,32,1
2233,58835,4.22,0,13,14,33,1
2234,58849,3.71,0,10,11,14,1
2235,58941,6.18,0,23,24,92,1
2236,58972,3.79,0,12,13,31,1
2237,58987,4.75,0,12,13,15,1
2238,58989,-0.52,0,1,2,2,1
2239,58992,-0.03,0,2,3,3,1
2240,59039,8.33,0,22,23,47,1
2241,59043,0.46,0,3,4,4,1
2242,59053,1.75,0,6,7,10,1
2243,59086,5.87,0,16,17,33,1
2244,59124,6.67,0,18,19,38,1
2245,59174,7.6,0,21,22,50,1
2246,59218,7.96,0,21,22,44,1
2247,59235,4.08,0,11,12,17,1
2248,59256,5.49,0,14,15,21,1
2249,59269,3.22,0,9,10,13,1
2250,59273,0.46,0,3,4,4,1
2251,59275,-0.52,0,1,2,2,1
2252,59292,3.53,0,10,11,17,1
2253,59318,6.29,0,16,17,26,1
2254,59391,10.82,1,24,25,73,0
2255,59453,7.43,0,22,23,62,1
2256,59473,6.1,0,15,16,20,1
2257,59481,1.87,0,6,7,8,1
2258,59499,3.47,0,10,11,18,1
2259,59508,1.26,0,5,6,9,1
2260,59509,-1.01,0,0,1,1,1
2261,59523,4.26,0,11,12,14,1
2262,59558,5.2,0,15,16,35,1
2263,59587,6.11,0,16,17,29,1
2264,59589,-0.52,0,1,2,2,1
2265,59618,4.46,0,13,14,29,1
2266,59656,7.77,0,20,21,38,1
2267,59659,-0.03,0,2,3,3,1
2268,59678,3.96,0,11,12,19,1
2269,59682,0.46,0,3,4,4,1
2270,59713,5.44,0,15,16,31,1
2271,59738,6.9,0,17,18,25,1
2272,59740,-0.52,0,1,2,2,1
2273,59743,-0.03,0,2,3,3,1
2274,59765,5.98,0,15,16,22,1
2275,59818,7.42,0,21,22,53,1
2276,59855,7.83,0,20,21,37,1
2277,59859,0.46,0,3,4,4,1
2278,59866,1.38,0,5,6,7,1
2279,59949,6.72,0,23,24,83,1
2280,59957,2.42,0,7,8,8,1
2281,59960,-0.03,0,2,3,3,1
2282,59963,-0.03,0,2,3,3,1
2283,59970,1.93,0,6,7,7,1
2284,59987,2.98,0,9,10,17,1
2285,60052,6.15,0,20,21,65,1
2286,60074,5.98,0,15,16,22,1
2287,60159,6.05,0,22,23,85,1
2288,60162,-0.03,0,2,3,3,1
2289,60184,5.98,0,15,16,22,1
2290,60210,6.84,0,17,18,26,1
2291,60240,6.6,0,17,18,30,1
2292,60252,2.73,0,8,9,12,1
2293,60283,8.19,0,20,21,31,1
2294,60330,8.33,0,22,23,47,1
2295,60387,11.78,1,24,25,57,0
2296,60440,8.52,0,23,24,53,1
2297,60487,8.33,0,22,23,47,1
2298,60546,11.66,1,24,25,59,0
2299,60558,2.73,0,8,9,12,1
2300,60566,1.87,0,6,7,8,1
2301,60598,8.13,0,20,21,32,1
2302,60614,5.79,0,14,15,16,1
2303,60652,6.67,0,18,19,38,1
2304,60661,2.91,0,8,9,9,1
2305,60665,0.46,0,3,4,4,1
2306,60758,9.62,1,24,25,93,0
2307,60761,-0.03,0,2,3,3,1
2308,60770,2.36,0,7,8,9,1
2309,60775,0.95,0,4,5,5,1
2310,60781,0.89,0,4,5,6,1
2311,60789,1.32,0,5,6,8,1
2312,60856,6.58,0,21,22,67,1
2313,60930,6.16,0,21,22,74,1
2314,60955,6.35,0,16,17,25,1
2315,60959,0.46,0,3,4,4,1
2316,60974,4.75,0,12,13,15,1
2317,60992,4.57,0,12,13,18,1
2318,61057,11.3,1,24,25,65,0
2319,61070,3.22,0,9,10,13,1
2320,61082,3.28,0,9,10,12,1
2321,61127,7.9,0,21,22,45,1
2322,61146,6.16,0,15,16,19,1
2323,61151,0.95,0,4,5,5,1
2324,61179,8.37,0,20,21,28,1
2325,61186,0.83,0,4,5,7,1
2326,61257,10.94,1,24,25,71,0
2327,61267,2.3,0,7,8,10,1
2328,61285,5.12,0,13,14,18,1
2329,61323,6.12,0,17,18,38,1
2330,61353,6.05,0,16,17,30,1
2331,61402,6.56,0,19,20,49,1
2332,61444,6.43,0,18,19,42,1
2333,61490,8.39,0,22,23,46,1
2334,61545,7.85,0,22,23,55,1
2335,61553,1.32,0,5,6,8,1
2336,61568,3.65,0,10,11,15,1
2337,61605,7.28,0,19,20,37,1
2338,61686,6.84,0,23,24,81,1
2339,61691,0.95,0,4,5,5,1
2340,61703,4.38,0,11,12,12,1
2341,61723,6.1,0,15,16,20,1
2342,61730,1.93,0,6,7,7,1
2343,61747,2.98,0,9,10,17,1
2344,61767,5.55,0,14,15,20,1
2345,61778,2.79,0,8,9,11,1
2346,61794,5.24,0,13,14,16,1
2347,61810,4.69,0,12,13,16,1
2348,61849,7.71,0,20,21,39,1
2349,61863,3.16,0,9,10,14,1
2350,61875,2.73,0,8,9,12,1
2351,61892,5.18,0,13,14,17,1
2352,61927,7.4,0,19,20,35,1
2353,61961,6.36,0,17,18,34,1
2354,61981,5.55,0,14,15,20,1
2355,62020,8.81,0,22,23,39,1
2356,62029,2.91,0,8,9,9,1
2357,62034,0.4,0,3,4,5,1
2358,62042,2.42,0,7,8,8,1
2359,62066,5.31,0,14,15,24,1
2360,62114,7.17,0,20,21,48,1
2361,62127,2.12,0,7,8,13,1
2362,62161,8.56,0,21,22,34,1
2363,62179,5.67,0,14,15,18,1
2364,62197,4.57,0,12,13,18,1
2365,62221,5.86,0,15,16,24,1
2366,62268,6.68,0,19,20,47,1
2367,62269,-1.01,0,0,1,1,1
2368,62302,6.42,0,17,18,33,1
2369,62331,6.11,0,16,17,29,1
2370,62346,3.1,0,9,10,15,1
2371,62391,8.45,0,22,23,45,1
2372,62400,2.91,0,8,9,9,1
2373,62406,1.44,0,5,6,6,1
2374,62414,1.87,0,6,7,8,1
2375,62445,5.99,0,16,17,31,1
2376,62467,5.43,0,14,15,22,1
2377,62479,2.18,0,7,8,12,1
2378,62490,1.69,0,6,7,11,1
2379,62495,0.95,0,4,5,5,1
2380,62515,4.45,0,12,13,20,1
2381,62538,3.17,0,10,11,23,1
2382,62575,7.83,0,20,21,37,1
2383,62576,-1.01,0,0,1,1,1
2384,62580,-0.09,0,2,3,4,1
2385,62607,6.23,0,16,17,27,1
2386,62611,0.46,0,3,4,4,1
2387,62615,0.46,0,3,4,4,1
2388,62633,2.92,0,9,10,18,1
2389,62636,-0.03,0,2,3,3,1
2390,62637,-1.01,0,0,1,1,1
2391,62665,6.72,0,17,18,28,1
2392,62666,-1.01,0,0,1,1,1
2393,62676,2.85,0,8,9,10,1
2394,62684,1.87,0,6,7,8,1
2395,62710,5.74,0,15,16,26,1
2396,62718,1.87,0,6,7,8,1
2397,62742,8.06,0,19,20,24,1
2398,62801,11.66,1,24,25,59,0
2399,62816,5.3,0,13,14,15,1
2400,62827,3.89,0,10,11,11,1
2401,62913,6.54,0,23,24,86,1
2402,62931,5.67,0,14,15,18,1
2403,62945,3.71,0,10,11,14,1
2404,62999,7.91,0,22,23,54,1
2405,63007,1.87,0,6,7,8,1
2406,63044,7.83,0,20,21,37,1
2407,63071,7.33,0,18,19,27,1
2408,63097,5.74,0,15,16,26,1
2409,63110,4.32,0,11,12,13,1
2410,63121,3.34,0,9,10,11,1
2411,63131,1.75,0,6,7,10,1
2412,63159,6.72,0,17,18,28,1
2413,63162,-0.03,0,2,3,3,1
2414,63175,2.67,0,8,9,13,1
2415,63176,-1.01,0,0,1,1,1
2416,63208,6.48,0,17,18,32,1
2417,63252,12.56,1,24,25,44,0
2418,63257,0.95,0,4,5,5,1
2419,63265,1.87,0,6,7,8,1
2420,63307,9.18,0,23,24,42,1
2421,63327,4.45,0,12,13,20,1
2422,63356,6.11,0,16,17,29,1
2423,63394,6.67,0,18,19,38,1
2424,63415,4.94,0,13,14,21,1
2425,63438,5.37,0,14,15,23,1
2426,63439,-1.01,0,0,1,1,1
2427,63468,7.76,0,19,20,29,1
2428,63480,3.83,0,10,11,12,1
2429,63489,2.91,0,8,9,9,1
2430,63491,-0.52,0,1,2,2,1
2431,63538,6.13,0,18,19,47,1
2432,63560,6.53,0,16,17,22,1
2433,63580,4.45,0,12,13,20,1
2434,63586,0.89,0,4,5,6,1
2435,63599,3.77,0,10,11,13,1
2436,63604,0.95,0,4,5,5,1
2437,63626,7.08,0,17,18,22,1
2438,63634,1.32,0,5,6,8,1
2439,63683,7.66,0,21,22,49,1
2440,63717,5.81,0,16,17,34,1
2441,63732,3.1,0,9,10,15,1
2442,63757,6.35,0,16,17,25,1
2443,63761,0.46,0,3,4,4,1
2444,63778,4.63,0,12,13,17,1
2445,63792,3.71,0,10,11,14,1
2446,63802,2.3,0,7,8,10,1
2447,63822,5.0,0,13,14,20,1
2448,63863,8.14,0,21,22,41,1
2449,63874,3.34,0,9,10,11,1
2450,63881,1.38,0,5,6,7,1
2451,63907,4.64,0,13,14,26,1
2452,63912,0.95,0,4,5,5,1
2453,63936,6.96,0,17,18,24,1
2454,63977,8.14,0,21,22,41,1
2455,63978,-1.01,0,0,1,1,1
2456,64013,7.4,0,19,20,35,1
2457,64016,-0.03,0,2,3,3,1
2458,64051,7.4,0,19,20,35,1
2459,64078,5.68,0,15,16,27,1
2460,64088,1.75,0,6,7,10,1
2461,64112,7.51,0,18,19,24,1
2462,64114,-0.52,0,1,2,2,1
2463,64136,5.43,0,14,15,22,1
2464,64199,7.92,0,23,24,63,1
2465,64217,4.57,0,12,13,18,1
2466,64266,8.21,0,22,23,49,1
2467,64295,8.86,0,21,22,29,1
2468,64322,6.23,0,16,17,27,1
2469,64366,7.41,0,20,21,44,1
2470,64383,5.18,0,13,14,17,1
2471,64390,1.38,0,5,6,7,1
2472,64391,-1.01,0,0,1,1,1
2473,64424,6.42,0,17,18,33,1
2474,64485,6.94,0,21,22,61,1
2475,64488,-0.03,0,2,3,3,1
2476,64595,5.28,0,23,24,107,1
2477,64600,0.95,0,4,5,5,1
2478,64609,2.91,0,8,9,9,1
2479,64673,7.31,0,22,23,64,1
2480,64697,5.86,0,15,16,24,1
2481,64726,6.66,0,17,18,29,1
2482,64789,7.92,0,23,24,63,1
2483,64828,7.71,0,20,21,39,1
2484,64860,8.13,0,20,21,32,1
2485,64868,1.87,0,6,7,8,1
2486,64881,3.77,0,10,11,13,1
2487,64949,7.62,0,23,24,68,1
2488,64967,4.57,0,12,13,18,1
2489,64988,4.94,0,13,14,21,1
2490,64993,0.95,0,4,5,5,1
2491,64995,-0.52,0,1,2,2,1
2492,65012,2.98,0,9,10,17,1
2493,65047,8.5,0,21,22,35,1
2494,65054,1.93,0,6,7,7,1
2495,65055,-1.01,0,0,1,1,1
2496,65070,3.65,0,10,11,15,1
2497,65073,-0.03,0,2,3,3,1
2498,65078,0.95,0,4,5,5,1
2499,65119,8.14,0,21,22,41,1
2500,65125,1.44,0,5,6,6,1
2501,65137,3.28,0,9,10,12,1
2502,65157,5.55,0,14,15,20,1
2503,65166,1.81,0,6,7,9,1
2504,65175,2.91,0,8,9,9,1
2505,65214,9.36,0,23,24,39,1
2506,65240,6.84,0,17,18,26,1
2507,65289,8.21,0,22,23,49,1
2508,65294,0.95,0,4,5,5,1
2509,65363,7.56,0,23,24,69,1
2510,65366,-0.03,0,2,3,3,1
2511,65394,5.62,0,15,16,28,1
2512,65415,6.59,0,16,17,21,1
2513,65419,0.46,0,3,4,4,1
2514,65421,-0.52,0,1,2,2,1
2515,65498,7.08,0,23,24,77,1
2516,65515,5.73,0,14,15,17,1
2517,65516,-1.01,0,0,1,1,1
2518,65523,1.93,0,6,7,7,1
2519,65563,7.1,0,19,20,40,1
2520,65599,6.24,0,17,18,36,1
2521,65617,4.57,0,12,13,18,1
2522,65624,1.38,0,5,6,7,1
2523,65680,7.24,0,21,22,56,1
2524,65681,-1.01,0,0,1,1,1
2525,65693,3.28,0,9,10,12,1
2526,65700,1.38,0,5,6,7,1
2527,65725,6.9,0,17,18,25,1
2528,65738,3.77,0,10,11,13,1
2529,65756,4.02,0,11,12,18,1
2530,65787,6.54,0,17,18,31,1
2531,65847,7.0,0,21,22,60,1
2532,65871,6.96,0,17,18,24,1
2533,65906,7.4,0,19,20,35,1
2534,65985,10.46,1,24,25,79,0
2535,65986,-1.01,0,0,1,1,1
2536,66040,7.36,0,21,22,54,1
2537,66048,1.87,0,6,7,8,1
2538,66111,11.42,1,24,25,63,0
2539,66170,7.61,0,22,23,59,1
2540,66235,7.25,0,22,23,65,1
2541,66263,6.17,0,16,17,28,1
2542,66276,3.77,0,10,11,13,1
2543,66298,5.98,0,15,16,22,1
2544,66329,7.64,0,19,20,31,1
2545,66338,1.81,0,6,7,9,1
2546,66342,0.46,0,3,4,4,1
2547,66349,1.93,0,6,7,7,1
2548,66363,3.71,0,10,11,14,1
2549,66385,5.98,0,15,16,22,1
2550,66431,7.84,0,21,22,46,1
2551,66435,0.46,0,3,4,4,1
2552,66440,0.4,0,3,4,5,1
2553,66470,6.05,0,16,17,30,1
2554,66478,2.42,0,7,8,8,1
2555,66513,7.95,0,20,21,35,1
2556,66539,5.74,0,15,16,26,1
2557,66561,5.43,0,14,15,22,1
2558,66589,4.52,0,13,14,28,1
2559,66594,0.95,0,4,5,5,1
2560,66607,3.22,0,9,10,13,1
2561,66635,7.82,0,19,20,28,1
2562,66672,8.38,0,21,22,37,1
2563,66677,0.95,0,4,5,5,1
2564,66687,2.3,0,7,8,10,1
2565,66693,1.44,0,5,6,6,1
2566,66710,5.73,0,14,15,17,1
2567,66731,4.94,0,13,14,21,1
2568,66735,0.46,0,3,4,4,1
2569,66754,5.61,0,14,15,19,1
2570,66763,2.36,0,7,8,9,1
2571,66785,6.53,0,16,17,22,1
2572,66786,-1.01,0,0,1,1,1
2573,66842,7.79,0,22,23,56,1
2574,66880,8.87,0,22,23,38,1
2575,66884,0.46,0,3,4,4,1
2576,66892,1.32,0,5,6,8,1
2577,66931,9.36,0,23,24,39,1
2578,66956,5.8,0,15,16,25,1
2579,66967,2.79,0,8,9,11,1
2580,66997,6.05,0,16,17,30,1
2581,67053,7.24,0,21,22,56,1
2582,67065,3.28,0,9,10,12,1
2583,67076,3.34,0,9,10,11,1
2584,67085,1.81,0,6,7,9,1
2585,67103,4.02,0,11,12,18,1
2586,67132,8.86,0,21,22,29,1
2587,67144,3.28,0,9,10,12,1
2588,67169,5.25,0,14,15,25,1
2589,67170,-1.01,0,0,1,1,1
2590,67190,6.1,0,15,16,20,1
2591,67226,6.79,0,18,19,36,1
2592,67286,6.45,0,20,21,60,1
2593,67303,4.63,0,12,13,17,1
2594,67307,-0.09,0,2,3,4,1
2595,67351,7.96,0,21,22,44,1
2596,67366,4.2,0,11,12,15,1
2597,67384,6.22,0,15,16,18,1
2598,67427,8.57,0,22,23,43,1
2599,67437,3.4,0,9,10,10,1
2600,67443,1.44,0,5,6,6,1
2601,67509,7.74,0,23,24,66,1
2602,67517,1.87,0,6,7,8,1
2603,67553,7.34,0,19,20,36,1
2604,67571,5.67,0,14,15,18,1
2605,67572,-1.01,0,0,1,1,1
2606,67574,-0.52,0,1,2,2,1
2607,67577,-0.03,0,2,3,3,1
2608,67583,0.89,0,4,5,6,1
2609,67592,2.36,0,7,8,9,1
2610,67594,-0.52,0,1,2,2,1
2611,67612,5.67,0,14,15,18,1
2612,67683,10.94,1,24,25,71,0
2613,67687,0.46,0,3,4,4,1
2614,67738,8.64,0,23,24,51,1
2615,67751,3.77,0,10,11,13,1
2616,67813,7.98,0,23,24,62,1
2617,67847,5.81,0,16,17,34,1
2618,67863,4.14,0,11,12,16,1
2619,67900,7.83,0,20,21,37,1
2620,67959,7.61,0,22,23,59,1
2621,68001,7.53,0,20,21,42,1
2622,68035,8.56,0,21,22,34,1
2623,68075,8.2,0,21,22,40,1
2624,68083,1.87,0,6,7,8,1
2625,68100,5.18,0,13,14,17,1
2626,68180,10.4,1,24,25,80,0
2627,68185,0.4,0,3,4,5,1
2628,68257,6.83,0,22,23,72,1
2629,68283,6.29,0,16,17,26,1
2630,68328,7.35,0,20,21,45,1
2631,68392,7.31,0,22,23,64,1
2632,68417,4.7,0,13,14,25,1
2633,68418,-1.01,0,0,1,1,1
2634,68445,2.38,0,9,10,27,1
2635,68477,6.48,0,17,18,32,1
2636,68520,7.47,0,20,21,43,1
2637,68568,12.32,1,24,25,48,0
2638,68580,2.73,0,8,9,12,1
2639,68581,-1.01,0,0,1,1,1
2640,68587,1.44,0,5,6,6,1
2641,68630,8.02,0,21,22,43,1
2642,68635,0.4,0,3,4,5,1
2643,68661,7.39,0,18,19,26,1
2644,68764,5.52,0,23,24,103,1
2645,68777,2.12,0,7,8,13,1
2646,68824,6.68,0,19,20,47,1
2647,68845,4.94,0,13,14,21,1
2648,68851,1.44,0,5,6,6,1
2649,68895,8.51,0,22,23,44,1
2650,68903,2.42,0,7,8,8,1
2651,69003,5.7,0,23,24,100,1
2652,69033,6.6,0,17,18,30,1
2653,69071,8.87,0,22,23,38,1
2654,69083,3.28,0,9,10,12,1
2655,69090,1.38,0,5,6,7,1
2656,69134,6.86,0,19,20,44,1
2657,69147,3.77,0,10,11,13,1
2658,69193,7.84,0,21,22,46,1
2659,69233,6.0,0,17,18,40,1
2660,69274,8.69,0,22,23,41,1
2661,69289,3.65,0,10,11,15,1
2662,69296,1.38,0,5,6,7,1
2663,69313,5.18,0,13,14,17,1
2664,69340,5.68,0,15,16,27,1
2665,69341,-1.01,0,0,1,1,1
2666,69389,7.17,0,20,21,48,1
2667,69397,1.87,0,6,7,8,1
2668,69444,8.33,0,22,23,47,1
2669,69464,3.35,0,10,11,20,1
2670,69497,7.52,0,19,20,33,1
2671,69563,7.74,0,23,24,66,1
2672,69574,2.24,0,7,8,11,1
2673,69602,6.72,0,17,18,28,1
2674,69675,10.82,1,24,25,73,0
2675,69680,0.95,0,4,5,5,1
2676,69739,7.06,0,21,22,59,1
2677,69795,8.34,0,23,24,56,1
2678,69796,-1.01,0,0,1,1,1
2679,69821,6.35,0,16,17,25,1
2680,69838,2.98,0,9,10,17,1
2681,69861,5.92,0,15,16,23,1
2682,69929,11.12,1,24,25,68,0
2683,69941,3.28,0,9,10,12,1
2684,69951,2.85,0,8,9,10,1
2685,69953,-0.52,0,1,2,2,1
2686,69983,8.25,0,20,21,30,1
2687,70003,5.55,0,14,15,20,1
2688,70029,5.74,0,15,16,26,1
2689,70051,6.53,0,16,17,22,1
2690,70070,4.51,0,12,13,19,1
2691,70095,5.8,0,15,16,25,1
2692,70123,3.97,0,12,13,28,1
2693,70145,5.43,0,14,15,22,1
2694,70199,11.96,1,24,25,54,0
2695,70227,7.27,0,18,19,28,1
2696,70231,0.46,0,3,4,4,1
2697,70274,7.47,0,20,21,43,1
2698,70308,8.01,0,20,21,34,1
2699,70316,1.87,0,6,7,8,1
2700,70341,6.35,0,16,17,25,1
2701,70344,-0.03,0,2,3,3,1
2702,70370,6.29,0,16,17,26,1
2703,70408,7.77,0,20,21,38,1
2704,70410,-0.52,0,1,2,2,1
2705,70420,2.85,0,8,9,10,1
2706,70436,4.14,0,11,12,16,1
2707,70446,3.4,0,9,10,10,1
2708,70458,3.28,0,9,10,12,1
2709,70506,7.72,0,21,22,48,1
2710,70514,2.42,0,7,8,8,1
2711,70530,5.24,0,13,14,16,1
2712,70569,7.71,0,20,21,39,1
2713,70588,3.96,0,11,12,19,1
2714,70600,3.28,0,9,10,12,1
2715,70608,1.87,0,6,7,8,1
2716,70647,7.71,0,20,21,39,1
2717,70676,6.66,0,17,18,29,1
2718,70787,8.54,1,24,25,111,0
2719,70826,7.16,0,19,20,39,1
2720,70836,2.85,0,8,9,10,1
2721,70854,4.02,0,11,12,18,1
2722,70865,2.79,0,8,9,11,1
2723,70875,2.85,0,8,9,10,1
2724,70892,2.98,0,9,10,17,1
2725,70901,2.36,0,7,8,9,1
2726,70920,5.06,0,13,14,19,1
2727,70925,0.4,0,3,4,5,1
2728,70939,4.81,0,12,13,14,1
2729,70975,6.79,0,18,19,36,1
2730,71001,6.84,0,17,18,26,1
2731,71009,1.87,0,6,7,8,1
2732,71014,0.95,0,4,5,5,1
2733,71033,5.61,0,14,15,19,1
2734,71043,2.85,0,8,9,10,1
2735,71062,5.61,0,14,15,19,1
2736,71089,6.23,0,16,17,27,1
2737,71123,6.91,0,18,19,34,1
2738,71147,4.76,0,13,14,24,1
2739,71148,-1.01,0,0,1,1,1
2740,71162,4.81,0,12,13,14,1
2741,71176,3.16,0,9,10,14,1
2742,71189,3.22,0,9,10,13,1
2743,71240,8.09,0,22,23,51,1
2744,71261,4.39,0,12,13,21,1
2745,71291,6.6,0,17,18,30,1
2746,71299,1.87,0,6,7,8,1
2747,71322,7.02,0,17,18,23,1
2748,71338,3.04,0,9,10,16,1
2749,71359,4.94,0,13,14,21,1
2750,71375,4.69,0,12,13,16,1
2751,71400,6.35,0,16,17,25,1
2752,71401,-1.01,0,0,1,1,1
2753,71407,0.89,0,4,5,6,1
2754,71438,6.54,0,17,18,31,1
2755,71480,6.98,0,19,20,42,1
2756,71501,4.39,0,12,13,21,1
2757,71531,7.7,0,19,20,30,1
2758,71612,6.84,0,23,24,81,1
2759,71625,3.77,0,10,11,13,1
2760,71628,-0.03,0,2,3,3,1
2761,71640,2.73,0,8,9,12,1
2762,71688,7.17,0,20,21,48,1
2763,71698,2.85,0,8,9,10,1
2764,71739,5.94,0,17,18,41,1
2765,71768,8.31,0,20,21,29,1
2766,71781,3.77,0,10,11,13,1
2767,71790,1.81,0,6,7,9,1
2768,71793,-0.03,0,2,3,3,1
2769,71855,7.98,0,23,24,62,1
2770,71890,5.2,0,15,16,35,1
2771,71892,-0.52,0,1,2,2,1
2772,71894,-0.52,0,1,2,2,1
2773,71902,1.87,0,6,7,8,1
2774,71946,7.96,0,21,22,44,1
2775,72000,7.36,0,21,22,54,1
2776,72028,5.62,0,15,16,28,1
2777,72068,8.2,0,21,22,40,1
2778,72093,8.0,0,19,20,25,1
2779,72104,3.89,0,10,11,11,1
2780,72116,3.83,0,10,11,12,1
2781,72124,1.87,0,6,7,8,1
2782,72126,-0.52,0,1,2,2,1
2783,72167,7.59,0,20,21,41,1
2784,72170,-0.03,0,2,3,3,1
2785,72176,1.44,0,5,6,6,1
2786,72188,3.83,0,10,11,12,1
2787,72230,5.88,0,17,18,42,1
2788,72235,0.95,0,4,5,5,1
2789,72239,0.46,0,3,4,4,1
2790,72279,7.65,0,20,21,40,1
2791,72338,11.66,1,24,25,59,0
2792,72351,1.57,0,6,7,13,1
2793,72398,8.33,0,22,23,47,1
2794,72445,7.23,0,20,21,47,1
2795,72452,1.93,0,6,7,7,1
2796,72489,8.38,0,21,22,37,1
2797,72494,0.95,0,4,5,5,1
2798,72568,10.76,1,24,25,74,0
2799,72595,7.33,0,18,19,27,1
2800,72699,8.96,1,24,25,104,0
2801,72758,7.61,0,22,23,59,1
2802,72780,5.43,0,14,15,22,1
2803,72879,5.76,0,23,24,99,1
2804,72893,4.81,0,12,13,14,1
2805,72899,1.44,0,5,6,6,1
2806,72905,1.44,0,5,6,6,1
2807,72914,2.36,0,7,8,9,1
2808,72932,3.47,0,10,11,18,1
2809,72999,11.18,1,24,25,67,0
2810,73011,3.28,0,9,10,12,1
2811,73021,2.3,0,7,8,10,1
2812,73032,2.79,0,8,9,11,1
2813,73038,1.44,0,5,6,6,1
2814,73047,2.36,0,7,8,9,1
2815,73070,5.37,0,14,15,23,1
2816,73109,6.61,0,18,19,39,1
2817,73121,3.28,0,9,10,12,1
2818,73133,2.18,0,7,8,12,1
2819,73159,6.29,0,16,17,26,1
2820,73184,6.9,0,17,18,25,1
2821,73238,11.96,1,24,25,54,0
2822,73329,9.74,1,24,25,91,0
2823,73347,4.57,0,12,13,18,1
2824,73358,3.89,0,10,11,11,1
2825,73386,5.62,0,15,16,28,1
2826,73404,5.12,0,13,14,18,1
2827,73405,-1.01,0,0,1,1,1
2828,73466,7.49,0,22,23,61,1
2829,73476,3.4,0,9,10,10,1
2830,73487,3.34,0,9,10,11,1
2831,73520,5.32,0,15,16,33,1
2832,73529,2.91,0,8,9,9,1
2833,73569,7.1,0,19,20,40,1
2834,73602,5.32,0,15,16,33,1
2835,73614,3.83,0,10,11,12,1
2836,73616,-0.52,0,1,2,2,1
2837,73623,1.93,0,6,7,7,1
2838,73665,6.43,0,18,19,42,1
2839,73686,4.39,0,12,13,21,1
2840,73691,0.95,0,4,5,5,1
2841,73726,6.3,0,17,18,35,1
2842,73744,4.02,0,11,12,18,1
2843,73805,8.04,0,23,24,61,1
2844,73809,0.46,0,3,4,4,1
2845,73856,12.38,1,24,25,47,0
2846,73867,3.34,0,9,10,11,1
2847,73875,1.32,0,5,6,8,1
2848,73892,4.63,0,12,13,17,1
2849,73904,3.83,0,10,11,12,1
2850,73909,0.4,0,3,4,5,1
2851,73995,10.04,1,24,25,86,0
2852,74049,11.96,1,24,25,54,0
2853,74060,1.69,0,6,7,11,1
2854,74127,6.58,0,21,22,67,1
2855,74134,1.93,0,6,7,7,1
2856,74137,-0.03,0,2,3,3,1
2857,74202,11.3,1,24,25,65,0
2858,74206,0.46,0,3,4,4,1
2859,74285,6.96,0,23,24,79,1
2860,74295,2.85,0,8,9,10,1
2861,74385,6.3,0,23,24,90,1
2862,74393,1.87,0,6,7,8,1
2863,74402,1.81,0,6,7,9,1
2864,74464,7.98,0,23,24,62,1
2865,74483,5.61,0,14,15,19,1
2866,74545,7.43,0,22,23,62,1
2867,74553,1.32,0,5,6,8,1
2868,74555,-0.52,0,1,2,2,1
2869,74562,1.93,0,6,7,7,1
2870,74579,4.63,0,12,13,17,1
2871,74622,8.02,0,21,22,43,1
2872,74660,7.77,0,20,21,38,1
2873,74667,1.93,0,6,7,7,1
2874,74686,5.61,0,14,15,19,1
2875,74769,5.62,0,21,22,83,1
2876,74775,0.89,0,4,5,6,1
2877,74843,11.12,1,24,25,68,0
2878,74857,3.16,0,9,10,14,1
2879,74863,1.44,0,5,6,6,1
2880,74887,5.31,0,14,15,24,1
2881,74893,1.44,0,5,6,6,1
2882,74917,5.86,0,15,16,24,1
2883,75019,9.08,1,24,25,102,0
2884,75026,1.93,0,6,7,7,1
2885,75059,7.52,0,19,20,33,1
2886,75070,3.34,0,9,10,11,1
2887,75096,5.19,0,14,15,26,1
2888,75139,8.02,0,21,22,43,1
2889,75188,8.21,0,22,23,49,1
2890,75218,6.6,0,17,18,30,1
2891,75312,6.06,0,23,24,94,1
2892,75326,3.71,0,10,11,14,1
2893,75333,1.38,0,5,6,7,1
2894,75338,0.95,0,4,5,5,1
2895,75340,-0.52,0,1,2,2,1
2896,75365,6.9,0,17,18,25,1
2897,75388,6.47,0,16,17,23,1
2898,75389,-1.01,0,0,1,1,1
2899,75419,7.15,0,18,19,30,1
2900,75447,7.27,0,18,19,28,1
2901,75503,6.14,0,19,20,56,1
2902,75504,-1.01,0,0,1,1,1
2903,75505,-1.01,0,0,1,1,1
2904,75509,0.46,0,3,4,4,1
2905,75550,5.94,0,17,18,41,1
2906,75623,7.32,0,23,24,73,1
2907,75632,2.36,0,7,8,9,1
2908,75644,3.83,0,10,11,12,1
2909,75656,4.38,0,11,12,12,1
2910,75690,6.91,0,18,19,34,1
2911,75691,-1.01,0,0,1,1,1
2912,75758,11.18,1,24,25,67,0
2913,75814,8.34,0,23,24,56,1
2914,75887,7.32,0,23,24,73,1
2915,75892,0.95,0,4,5,5,1
2916,75904,4.38,0,11,12,12,1
2917,75905,-1.01,0,0,1,1,1
2918,75908,-0.03,0,2,3,3,1
2919,75939,6.54,0,17,18,31,1
2920,75972,6.42,0,17,18,33,1
2921,75975,-0.03,0,2,3,3,1
2922,76047,7.38,0,23,24,72,1
2923,76103,7.24,0,21,22,56,1
2924,76118,4.2,0,11,12,15,1
2925,76120,-0.52,0,1,2,2,1
2926,76130,2.85,0,8,9,10,1
2927,76135,0.95,0,4,5,5,1
2928,76159,5.86,0,15,16,24,1
2929,76182,6.47,0,16,17,23,1
2930,76193,2.24,0,7,8,11,1
2931,76251,7.12,0,21,22,58,1
2932,76255,0.46,0,3,4,4,1
2933,76261,1.44,0,5,6,6,1
2934,76263,-0.52,0,1,2,2,1
2935,76282,4.51,0,12,13,19,1
2936,76293,3.34,0,9,10,11,1
2937,76329,6.24,0,17,18,36,1
2938,76345,3.59,0,10,11,16,1
2939,76366,5.49,0,14,15,21,1
2940,76386,5.55,0,14,15,20,1
2941,76456,6.95,0,22,23,70,1
2942,76468,3.28,0,9,10,12,1
2943,76480,3.28,0,9,10,12,1
2944,76484,0.46,0,3,4,4,1
2945,76485,-1.01,0,0,1,1,1
2946,76540,11.9,1,24,25,55,0
2947,76613,6.77,0,22,23,73,1
2948,76675,11.48,1,24,25,62,0
2949,76685,2.85,0,8,9,10,1
2950,76707,5.98,0,15,16,22,1
2951,76717,2.85,0,8,9,10,1
2952,76748,8.19,0,20,21,31,1
2953,76754,1.44,0,5,6,6,1
2954,76759,0.95,0,4,5,5,1
2955,76792,6.97,0,18,19,33,1
2956,76800,1.87,0,6,7,8,1
2957,76909,8.66,1,24,25,109,0
2958,76942,9.17,0,22,23,33,1
2959,76948,0.89,0,4,5,6,1
2960,76953,0.4,0,3,4,5,1
2961,76955,-0.52,0,1,2,2,1
2962,77001,6.74,0,19,20,46,1
2963,77010,2.36,0,7,8,9,1
2964,77018,1.32,0,5,6,8,1
2965,77022,0.46,0,3,4,4,1
2966,77064,8.63,0,22,23,42,1
2967,77086,5.43,0,14,15,22,1
2968,77134,8.27,0,22,23,48,1
2969,77138,0.46,0,3,4,4,1
2970,77164,7.94,0,19,20,26,1
2971,77165,-1.01,0,0,1,1,1
2972,77180,4.75,0,12,13,15,1
2973,77218,5.02,0,15,16,38,1
2974,77228,2.85,0,8,9,10,1
2975,77243,4.75,0,12,13,15,1
2976,77246,-0.03,0,2,3,3,1
2977,77251,0.95,0,4,5,5,1
2978,77256,0.95,0,4,5,5,1
2979,77280,6.96,0,17,18,24,1
2980,77283,-0.03,0,2,3,3,1
2981,77289,1.44,0,5,6,6,1
2982,77303,4.26,0,11,12,14,1
2983,77350,8.88,0,23,24,47,1
2984,77366,4.69,0,12,13,16,1
2985,77407,8.14,0,21,22,41,1
2986,77423,4.69,0,12,13,16,1
2987,77500,7.08,0,23,24,77,1
2988,77505,0.4,0,3,4,5,1
2989,77511,1.44,0,5,6,6,1
2990,77533,4.88,0,13,14,22,1
2991,77567,6.91,0,18,19,34,1
2992,77581,4.26,0,11,12,14,1
2993,77582,-1.01,0,0,1,1,1
2994,77602,5.55,0,14,15,20,1
2995,77628,6.29,0,16,17,26,1
2996,77663,8.5,0,21,22,35,1
2997,77664,-1.01,0,0,1,1,1
2998,77706,5.88,0,17,18,42,1
2999,77752,7.29,0,20,21,46,1
3000,77777,7.45,0,18,19,25,1
3001,77816,7.16,0,19,20,39,1
3002,77849,6.97,0,18,19,33,1
3003,77858,2.91,0,8,9,9,1
3004,77861,-0.03,0,2,3,3,1
3005,78007,6.44,1,24,25,146,0
3006,78022,3.1,0,9,10,15,1
3007,78089,7.68,0,23,24,67,1
3008,78090,-1.01,0,0,1,1,1
3009,78102,3.28,0,9,10,12,1
3010,78172,7.5,0,23,24,70,1
3011,78175,-0.03,0,2,3,3,1
3012,78205,6.05,0,16,17,30,1
3013,78208,-0.58,0,1,2,3,1
3014,78226,5.12,0,13,14,18,1
3015,78263,7.28,0,19,20,37,1
3016,78266,-0.03,0,2,3,3,1
3017,78271,0.4,0,3,4,5,1
3018,78280,1.81,0,6,7,9,1
3019,78310,5.5,0,15,16,30,1
3020,78318,2.42,0,7,8,8,1
3021,78325,1.93,0,6,7,7,1
3022,78332,1.93,0,6,7,7,1
3023,78347,4.2,0,11,12,15,1
3024,78356,2.36,0,7,8,9,1
3025,78371,4.2,0,11,12,15,1
3026,78372,-1.01,0,0,1,1,1
3027,78430,7.67,0,22,23,58,1
3028,78450,2.8,0,9,10,20,1
3029,78459,2.36,0,7,8,9,1
3030,78465,1.44,0,5,6,6,1
3031,78477,3.28,0,9,10,12,1
3032,78495,4.02,0,11,12,18,1
3033,78503,1.87,0,6,7,8,1
3034,78553,6.5,0,19,20,50,1
3035,78565,3.83,0,10,11,12,1
3036,78566,-1.01,0,0,1,1,1
3037,78622,11.84,1,24,25,56,0
3038,78648,4.09,0,12,13,26,1
3039,78656,2.42,0,7,8,8,1
3040,78665,1.81,0,6,7,9,1
3041,78675,2.3,0,7,8,10,1
3042,78693,5.67,0,14,15,18,1
3043,78754,8.04,0,23,24,61,1
3044,78779,6.9,0,17,18,25,1
3045,78799,4.45,0,12,13,20,1
3046,78810,3.89,0,10,11,11,1
3047,78818,2.42,0,7,8,8,1
3048,78845,7.33,0,18,19,27,1
3049,78851,0.89,0,4,5,6,1
3050,78863,3.28,0,9,10,12,1
3051,78932,7.56,0,23,24,69,1
3052,78974,8.08,0,21,22,42,1
3053,78980,1.44,0,5,6,6,1
3054,78986,1.44,0,5,6,6,1
3055,79001,4.75,0,12,13,15,1
3056,79003,-0.52,0,1,2,2,1
3057,79032,5.01,0,14,15,29,1
3058,79066,8.56,0,21,22,34,1
3059,79102,6.24,0,17,18,36,1
3060,79117,4.2,0,11,12,15,1
3061,79158,8.69,0,22,23,41,1
3062,79178,4.45,0,12,13,20,1
3063,79199,5.49,0,14,15,21,1
3064,79223,6.41,0,16,17,24,1
3065,79241,4.57,0,12,13,18,1
3066,79247,1.44,0,5,6,6,1
3067,79312,11.3,1,24,25,65,0
3068,79315,-0.03,0,2,3,3,1
3069,79322,1.38,0,5,6,7,1
3070,79330,1.87,0,6,7,8,1
3071,79386,6.14,0,19,20,56,1
3072,79391,0.95,0,4,5,5,1
3073,79406,4.2,0,11,12,15,1
3074,79423,5.18,0,13,14,17,1
3075,79427,0.46,0,3,4,4,1
3076,79439,2.73,0,8,9,12,1
3077,79455,5.24,0,13,14,16,1
3078,79461,1.44,0,5,6,6,1
3079,79466,0.95,0,4,5,5,1
3080,79471,0.95,0,4,5,5,1
3081,79495,5.31,0,14,15,24,1
3082,79515,5.0,0,13,14,20,1
3083,79533,5.12,0,13,14,18,1
3084,79622,6.36,0,23,24,89,1
3085,79655,8.62,0,21,22,33,1
3086,79658,-0.03,0,2,3,3,1
3087,79668,2.3,0,7,8,10,1
3088,79673,0.95,0,4,5,5,1
3089,79689,4.14,0,11,12,16,1
3090,79726,6.18,0,17,18,37,1
3091,79747,4.94,0,13,14,21,1
3092,79829,10.28,1,24,25,82,0
3093,79835,1.44,0,5,6,6,1
3094,79846,2.24,0,7,8,11,1
3095,79848,-0.52,0,1,2,2,1
3096,79854,1.44,0,5,6,6,1
3097,79867,2.12,0,7,8,13,1
3098,79912,7.9,0,21,22,45,1
3099,79916,0.46,0,3,4,4,1
3100,79946,8.25,0,20,21,30,1
3101,79962,4.69,0,12,13,16,1
3102,79963,-1.01,0,0,1,1,1
3103,79972,2.36,0,7,8,9,1
3104,79983,3.34,0,9,10,11,1
3105,80024,8.69,0,22,23,41,1
3106,80068,5.76,0,17,18,44,1
3107,80069,-1.01,0,0,1,1,1
3108,80090,4.94,0,13,14,21,1
3109,80146,11.84,1,24,25,56,0
3110,80149,-0.03,0,2,3,3,1
3111,80200,6.99,0,20,21,51,1
3112,80246,8.39,0,22,23,46,1
3113,80268,4.88,0,13,14,22,1
3114,80308,7.65,0,20,21,40,1
3115,80318,1.75,0,6,7,10,1
3116,80371,7.97,0,22,23,53,1
3117,80381,1.75,0,6,7,10,1
3118,80389,2.42,0,7,8,8,1
3119,80400,3.89,0,10,11,11,1
3120,80402,-0.52,0,1,2,2,1
3121,80438,4.59,0,14,15,36,1
3122,80492,6.81,0,20,21,54,1
3123,80528,7.89,0,20,21,36,1
3124,80568,9.3,0,23,24,40,1
3125,80619,6.99,0,20,21,51,1
3126,80626,1.93,0,6,7,7,1
3127,80645,5.06,0,13,14,19,1
3128,80671,7.39,0,18,19,26,1
3129,80749,10.52,1,24,25,78,0
3130,80770,5.49,0,14,15,21,1
3131,80815,6.8,0,19,20,45,1
3132,80824,2.36,0,7,8,9,1
3133,80833,2.36,0,7,8,9,1
3134,80855,6.53,0,16,17,22,1
3135,80868,4.32,0,11,12,13,1
3136,80884,4.14,0,11,12,16,1
3137,80890,1.44,0,5,6,6,1
3138,80935,8.45,0,22,23,45,1
3139,81002,7.68,0,23,24,67,1
3140,81022,4.45,0,12,13,20,1
3141,81027,0.95,0,4,5,5,1
3142,81044,3.53,0,10,11,17,1
3143,81065,3.84,0,11,12,21,1
3144,81082,5.18,0,13,14,17,1
3145,81094,2.73,0,8,9,12,1
3146,81150,7.79,0,22,23,56,1
3147,81166,4.14,0,11,12,16,1
3148,81214,7.72,0,21,22,48,1
3149,81239,6.35,0,16,17,25,1
3150,81246,1.93,0,6,7,7,1
3151,81289,6.92,0,19,20,43,1
3152,81295,1.44,0,5,6,6,1
3153,81304,2.36,0,7,8,9,1
3154,81312,2.42,0,7,8,8,1
3155,81326,3.71,0,10,11,14,1
3156,81383,11.78,1,24,25,57,0
3157,81402,5.06,0,13,14,19,1
3158,81403,-1.01,0,0,1,1,1
3159,81408,0.95,0,4,5,5,1
3160,81414,0.34,0,3,4,6,1
3161,81428,1.51,0,6,7,14,1
3162,81441,4.32,0,11,12,13,1
3163,81444,-0.03,0,2,3,3,1
3164,81470,6.29,0,16,17,26,1
3165,81498,8.37,0,20,21,28,1
3166,81519,5.49,0,14,15,21,1
3167,81533,4.26,0,11,12,14,1
3168,81549,4.14,0,11,12,16,1
3169,81581,5.93,0,16,17,32,1
3170,81585,0.46,0,3,4,4,1
3171,81629,7.41,0,20,21,44,1
3172,81640,3.34,0,9,10,11,1
3173,81663,6.47,0,16,17,23,1
3174,81679,4.14,0,11,12,16,1
3175,81717,7.77,0,20,21,38,1
3176,81726,2.36,0,7,8,9,1
3177,81746,4.45,0,12,13,20,1
3178,81780,6.36,0,17,18,34,1
3179,81782,-0.52,0,1,2,2,1
3180,81799,4.08,0,11,12,17,1
3181,81825,6.29,0,16,17,26,1
3182,81837,4.38,0,11,12,12,1
3183,81866,7.76,0,19,20,29,1
3184,81870,0.46,0,3,4,4,1
3185,81877,1.93,0,6,7,7,1
3186,81881,0.46,0,3,4,4,1
3187,81904,5.92,0,15,16,23,1
3188,81940,7.89,0,20,21,36,1
3189,81969,5.56,0,15,16,29,1
3190,82018,8.21,0,22,23,49,1
3191,82026,1.32,0,5,6,8,1
3192,82040,4.26,0,11,12,14,1
3193,82048,1.32,0,5,6,8,1
3194,82055,1.93,0,6,7,7,1
3195,82063,2.42,0,7,8,8,1
3196,82070,1.93,0,6,7,7,1
3197,82073,-0.03,0,2,3,3,1
3198,82082,1.81,0,6,7,9,1
3199,82089,1.38,0,5,6,7,1
3200,82091,-0.52,0,1,2,2,1
3201,82104,2.67,0,8,9,13,1
3202,82123,5.06,0,13,14,19,1
3203,82124,-1.01,0,0,1,1,1
3204,82130,1.44,0,5,6,6,1
3205,82140,2.85,0,8,9,10,1
3206,82176,5.69,0,16,17,36,1
3207,82179,-0.03,0,2,3,3,1
3208,82190,2.24,0,7,8,11,1
3209,82205,3.65,0,10,11,15,1
3210,82240,7.4,0,19,20,35,1
3211,82248,1.87,0,6,7,8,1
3212,82278,8.25,0,20,21,30,1
3213,82300,5.43,0,14,15,22,1
3214,82331,9.29,0,22,23,31,1
3215,82357,6.84,0,17,18,26,1
3216,82359,-0.52,0,1,2,2,1
3217,82374,3.65,0,10,11,15,1
3218,82386,3.28,0,9,10,12,1
3219,82394,1.32,0,5,6,8,1
3220,82449,8.4,0,23,24,55,1
3221,82529,10.4,1,24,25,80,0
3222,82539,2.3,0,7,8,10,1
3223,82558,5.61,0,14,15,19,1
3224,82563,0.95,0,4,5,5,1
3225,82590,6.23,0,16,17,27,1
3226,82696,8.84,1,24,25,106,0
3227,82776,6.35,0,22,23,80,1
3228,82790,3.16,0,9,10,14,1
3229,82814,3.66,0,11,12,24,1
3230,82890,10.64,1,24,25,76,0
3231,82930,7.1,0,19,20,40,1
3232,82943,4.32,0,11,12,13,1
3233,83001,7.12,0,21,22,58,1
3234,83014,2.67,0,8,9,13,1
3235,83070,11.84,1,24,25,56,0
3236,83089,3.41,0,10,11,19,1
3237,83099,3.4,0,9,10,10,1
3238,83108,2.36,0,7,8,9,1
3239,83166,11.72,1,24,25,58,0
3240,83174,1.87,0,6,7,8,1
3241,83203,7.21,0,18,19,29,1
3242,83218,4.2,0,11,12,15,1
3243,83220,-0.52,0,1,2,2,1
3244,83224,0.46,0,3,4,4,1
3245,83293,6.46,0,21,22,69,1
3246,83334,5.94,0,17,18,41,1
3247,83346,3.28,0,9,10,12,1
3248,83369,5.92,0,15,16,23,1
3249,83453,6.66,0,23,24,84,1
3250,83482,7.76,0,19,20,29,1
3251,83490,1.87,0,6,7,8,1
3252,83526,6.79,0,18,19,36,1
3253,83553,6.78,0,17,18,27,1
3254,83558,0.95,0,4,5,5,1
3255,83563,0.95,0,4,5,5,1
3256,83598,5.75,0,16,17,35,1
3257,83636,8.32,0,21,22,38,1
3258,83701,11.3,1,24,25,65,0
3259,83752,6.44,0,19,20,51,1
3260,83766,4.81,0,12,13,14,1
3261,83770,0.46,0,3,4,4,1
3262,83788,5.67,0,14,15,18,1
3263,83814,7.39,0,18,19,26,1
3264,83818,0.46,0,3,4,4,1
3265,83824,1.44,0,5,6,6,1
3266,83894,7.5,0,23,24,70,1
3267,83897,-0.03,0,2,3,3,1
3268,83900,-0.03,0,2,3,3,1
3269,83913,4.32,0,11,12,13,1
3270,83931,4.57,0,12,13,18,1
3271,83932,-1.01,0,0,1,1,1
3272,83960,6.17,0,16,17,28,1
3273,83973,3.77,0,10,11,13,1
3274,83978,0.95,0,4,5,5,1
3275,83981,-0.03,0,2,3,3,1
3276,84008,6.23,0,16,17,27,1
3277,84041,7.52,0,19,20,33,1
3278,84062,5.49,0,14,15,21,1
3279,84070,1.87,0,6,7,8,1
3280,84080,2.85,0,8,9,10,1
3281,84095,3.65,0,10,11,15,1
3282,84112,2.98,0,9,10,17,1
3283,84135,5.92,0,15,16,23,1
3284,84152,5.18,0,13,14,17,1
3285,84162,2.85,0,8,9,10,1
3286,84176,2.61,0,8,9,14,1
3287,84281,4.3,0,21,22,105,1
3288,84291,2.85,0,8,9,10,1
3289,84335,6.86,0,19,20,44,1
3290,84343,2.42,0,7,8,8,1
3291,84419,7.14,0,23,24,76,1
3292,84424,0.4,0,3,4,5,1
3293,84427,-0.03,0,2,3,3,1
3294,84452,8.55,0,20,21,25,1
3295,84488,8.44,0,21,22,36,1
3296,84490,-0.52,0,1,2,2,1
3297,84502,2.73,0,8,9,12,1
3298,84542,8.2,0,21,22,40,1
3299,84566,4.76,0,13,14,24,1
3300,84575,1.81,0,6,7,9,1
3301,84576,-1.01,0,0,1,1,1
3302,84603,7.33,0,18,19,27,1
3303,84656,8.52,0,23,24,53,1
3304,84709,12.02,1,24,25,53,0
3305,84724,4.75,0,12,13,15,1
3306,84741,4.63,0,12,13,17,1
3307,84789,6.07,0,18,19,48,1
3308,84790,-1.01,0,0,1,1,1
3309,84807,4.08,0,11,12,17,1
3310,84837,4.95,0,14,15,30,1
3311,84841,0.46,0,3,4,4,1
3312,84876,7.95,0,20,21,35,1
3313,84941,11.3,1,24,25,65,0
3314,84943,-0.52,0,1,2,2,1
3315,84949,1.44,0,5,6,6,1
3316,84954,0.95,0,4,5,5,1
3317,84956,-0.52,0,1,2,2,1
3318,84989,6.97,0,18,19,33,1
3319,85042,7.42,0,21,22,53,1
3320,85059,4.63,0,12,13,17,1
3321,85076,3.53,0,10,11,17,1
3322,85088,3.28,0,9,10,12,1
3323,85119,6.54,0,17,18,31,1
3324,85124,0.95,0,4,5,5,1
3325,85125,-1.01,0,0,1,1,1
3326,85158,6.42,0,17,18,33,1
3327,85178,3.9,0,11,12,20,1
3328,85194,4.14,0,11,12,16,1
3329,85276,6.23,0,22,23,82,1
3330,85284,1.87,0,6,7,8,1
3331,85287,-0.03,0,2,3,3,1
3332,85316,5.56,0,15,16,29,1
3333,85378,6.88,0,21,22,62,1
3334,85433,7.3,0,21,22,55,1
3335,85436,-0.03,0,2,3,3,1
3336,85450,3.16,0,9,10,14,1
3337,85452,-0.52,0,1,2,2,1
3338,85460,1.87,0,6,7,8,1
3339,85493,7.52,0,19,20,33,1
3340,85497,0.46,0,3,4,4,1
3341,85535,5.57,0,16,17,38,1
3342,85553,4.57,0,12,13,18,1
3343,85554,-1.01,0,0,1,1,1
3344,85666,4.98,0,23,24,112,1
3345,85718,6.38,0,19,20,52,1
3346,85758,7.1,0,19,20,40,1
3347,85760,-0.52,0,1,2,2,1
3348,85817,7.73,0,22,23,57,1
3349,85845,6.17,0,16,17,28,1
3350,85915,11.0,1,24,25,70,0
3351,85920,0.95,0,4,5,5,1
3352,85928,2.42,0,7,8,8,1
3353,85940,3.28,0,9,10,12,1
3354,85995,8.4,0,23,24,55,1
3355,85997,-0.52,0,1,2,2,1
3356,86006,2.91,0,8,9,9,1
3357,86017,2.24,0,7,8,11,1
3358,86027,2.85,0,8,9,10,1
3359,86035,1.87,0,6,7,8,1
3360,86063,5.62,0,15,16,28,1
3361,86092,6.11,0,16,17,29,1
3362,86134,7.53,0,20,21,42,1
3363,86136,-0.52,0,1,2,2,1
3364,86161,5.8,0,15,16,25,1
3365,86175,3.16,0,9,10,14,1
3366,86203,5.62,0,15,16,28,1
3367,86245,12.68,1,24,25,42,0
3368,86251,0.89,0,4,5,6,1
3369,86274,6.47,0,16,17,23,1
3370,86313,7.71,0,20,21,39,1
3371,86319,1.44,0,5,6,6,1
3372,86324,0.4,0,3,4,5,1
3373,86354,5.5,0,15,16,30,1
3374,86357,-0.03,0,2,3,3,1
3375,86401,7.41,0,20,21,44,1
3376,86421,3.9,0,11,12,20,1
3377,86424,-0.03,0,2,3,3,1
3378,86444,4.45,0,12,13,20,1
3379,86446,-0.52,0,1,2,2,1
3380,86478,5.93,0,16,17,32,1
3381,86497,4.51,0,12,13,19,1
3382,86501,0.46,0,3,4,4,1
3383,86519,4.57,0,12,13,18,1
3384,86544,5.8,0,15,16,25,1
3385,86547,-0.03,0,2,3,3,1
3386,86588,5.94,0,17,18,41,1
3387,86650,6.33,0,20,21,62,1
3388,86658,1.87,0,6,7,8,1
3389,86675,4.08,0,11,12,17,1
3390,86684,0.71,0,4,5,9,1
3391,86730,12.44,1,24,25,46,0
3392,86757,5.68,0,15,16,27,1
3393,86837,10.4,1,24,25,80,0
3394,86857,6.1,0,15,16,20,1
3395,86867,2.85,0,8,9,10,1
3396,86877,2.85,0,8,9,10,1
3397,86883,0.89,0,4,5,6,1
3398,86891,2.42,0,7,8,8,1
3399,86899,2.42,0,7,8,8,1
3400,86915,4.69,0,12,13,16,1
3401,86935,5.55,0,14,15,20,1
3402,86941,0.89,0,4,5,6,1
3403,86976,6.3,0,17,18,35,1
3404,86995,2.86,0,9,10,19,1
3405,87038,8.02,0,21,22,43,1
3406,87052,3.71,0,10,11,14,1
3407,87116,11.36,1,24,25,64,0
3408,87142,5.19,0,14,15,26,1
3409,87191,7.66,0,21,22,49,1
3410,87280,6.36,0,23,24,89,1
3411,87375,6.0,0,23,24,95,1
3412,87418,6.92,0,19,20,43,1
3413,87422,0.46,0,3,4,4,1
3414,87428,1.44,0,5,6,6,1
3415,87441,3.77,0,10,11,13,1
3416,87562,7.94,1,24,25,121,0
3417,87575,4.32,0,11,12,13,1
3418,87599,5.31,0,14,15,24,1
3419,87650,6.99,0,20,21,51,1
3420,87666,3.59,0,10,11,16,1
3421,87685,5.61,0,14,15,19,1
3422,87689,0.46,0,3,4,4,1
3423,87690,-1.01,0,0,1,1,1
3424,87719,6.66,0,17,18,29,1
3425,87720,-1.01,0,0,1,1,1
3426,87727,1.38,0,5,6,7,1
3427,87769,8.08,0,21,22,42,1
3428,87773,0.46,0,3,4,4,1
3429,87779,1.44,0,5,6,6,1
3430,87797,4.57,0,12,13,18,1
3431,87801,-0.09,0,2,3,4,1
3432,87852,6.99,0,20,21,51,1
3433,87858,1.44,0,5,6,6,1
3434,87872,3.16,0,9,10,14,1
3435,87873,-1.01,0,0,1,1,1
3436,87881,1.32,0,5,6,8,1
3437,87901,3.9,0,11,12,20,1
3438,87909,1.87,0,6,7,8,1
3439,87915,1.44,0,5,6,6,1
3440,87923,1.87,0,6,7,8,1
3441,87958,5.75,0,16,17,35,1
3442,87962,0.46,0,3,4,4,1
3443,87999,6.73,0,18,19,37,1
3444,88020,4.94,0,13,14,21,1
3445,88045,5.25,0,14,15,25,1
3446,88056,2.24,0,7,8,11,1
3447,88057,-1.01,0,0,1,1,1
3448,88069,2.73,0,8,9,12,1
3449,88121,6.93,0,20,21,52,1
3450,88157,7.34,0,19,20,36,1
3451,88159,-0.52,0,1,2,2,1
3452,88166,1.38,0,5,6,7,1
3453,88179,4.32,0,11,12,13,1
3454,88196,5.73,0,14,15,17,1
3455,88259,11.42,1,24,25,63,0
3456,88330,10.94,1,24,25,71,0
3457,88335,0.4,0,3,4,5,1
3458,88416,6.84,0,23,24,81,1
3459,88424,1.87,0,6,7,8,1
3460,88425,-1.01,0,0,1,1,1
3461,88456,7.64,0,19,20,31,1
3462,88459,-0.03,0,2,3,3,1
3463,88517,6.02,0,19,20,58,1
3464,88569,8.58,0,23,24,52,1
3465,88582,4.32,0,11,12,13,1
3466,88588,1.44,0,5,6,6,1
3467,88595,1.38,0,5,6,7,1
3468,88600,0.95,0,4,5,5,1
3469,88620,4.45,0,12,13,20,1
3470,88642,5.43,0,14,15,22,1
3471,88653,3.34,0,9,10,11,1
3472,88680,6.23,0,16,17,27,1
3473,88729,7.11,0,20,21,49,1
3474,88739,2.85,0,8,9,10,1
3475,88760,4.94,0,13,14,21,1
3476,88766,1.44,0,5,6,6,1
3477,88789,5.92,0,15,16,23,1
3478,88805,4.69,0,12,13,16,1
3479,88819,4.81,0,12,13,14,1
3480,88840,4.39,0,12,13,21,1
3481,88866,6.84,0,17,18,26,1
3482,88922,8.34,0,23,24,56,1
3483,88926,0.46,0,3,4,4,1
3484,88953,6.78,0,17,18,27,1
3485,89022,7.56,0,23,24,69,1
3486,89043,4.94,0,13,14,21,1
3487,89116,10.82,1,24,25,73,0
3488,89131,4.2,0,11,12,15,1
3489,89162,5.44,0,15,16,31,1
3490,89177,3.65,0,10,11,15,1
3491,89246,11.06,1,24,25,69,0
3492,89313,6.03,0,20,21,67,1
3493,89337,5.31,0,14,15,24,1
3494,89361,5.31,0,14,15,24,1
3495,89375,3.71,0,10,11,14,1
3496,89395,3.35,0,10,11,20,1
3497,89444,7.66,0,21,22,49,1
3498,89445,-1.01,0,0,1,1,1
3499,89466,4.94,0,13,14,21,1
3500,89467,-1.01,0,0,1,1,1
3501,89481,3.16,0,9,10,14,1
3502,89546,7.8,0,23,24,65,1
3503,89561,2.55,0,8,9,15,1
3504,89609,7.72,0,21,22,48,1
3505,89611,-0.52,0,1,2,2,1
3506,89679,11.12,1,24,25,68,0
3507,89689,2.3,0,7,8,10,1
3508,89698,1.26,0,5,6,9,1
3509,89699,-1.01,0,0,1,1,1
3510,89719,6.1,0,15,16,20,1
3511,89747,4.52,0,13,14,28,1
3512,89792,6.8,0,19,20,45,1
3513,89797,0.95,0,4,5,5,1
3514,89811,4.26,0,11,12,14,1
3515,89814,-0.03,0,2,3,3,1
3516,89834,5.0,0,13,14,20,1
3517,89847,3.22,0,9,10,13,1
3518,89855,2.42,0,7,8,8,1
3519,89888,6.97,0,18,19,33,1
3520,89900,3.28,0,9,10,12,1
3521,89925,5.25,0,14,15,25,1
3522,89950,6.9,0,17,18,25,1
3523,90001,8.64,0,23,24,51,1
3524,90013,2.18,0,7,8,12,1
3525,90028,4.75,0,12,13,15,1
3526,90070,8.63,0,22,23,42,1
3527,90124,7.91,0,22,23,54,1
3528,90155,5.99,0,16,17,31,1
3529,90165,2.3,0,7,8,10,1
3530,90194,6.66,0,17,18,29,1
3531,90213,3.96,0,11,12,19,1
3532,90237,5.86,0,15,16,24,1
3533,90243,1.44,0,5,6,6,1
3534,90304,6.39,0,20,21,61,1
3535,90326,6.53,0,16,17,22,1
3536,90337,2.79,0,8,9,11,1
3537,90376,7.71,0,20,21,39,1
3538,90411,8.5,0,21,22,35,1
3539,90449,6.67,0,18,19,38,1
3540,90561,4.98,0,23,24,112,1
3541,90579,4.02,0,11,12,18,1
3542,90585,1.44,0,5,6,6,1
3543,90601,5.24,0,13,14,16,1
3544,90609,1.32,0,5,6,8,1
3545,90710,9.14,1,24,25,101,0
3546,90727,4.63,0,12,13,17,1
3547,90833,5.34,0,23,24,106,1
3548,90846,2.12,0,7,8,13,1
3549,90870,5.31,0,14,15,24,1
3550,90924,11.96,1,24,25,54,0
3551,90946,4.33,0,12,13,22,1
3552,90959,3.22,0,9,10,13,1
3553,90984,3.6,0,11,12,25,1
3554,90985,-1.01,0,0,1,1,1
3555,91012,5.13,0,14,15,27,1
3556,91054,6.98,0,19,20,42,1
3557,91078,6.41,0,16,17,24,1
3558,91086,1.87,0,6,7,8,1
3559,91107,4.94,0,13,14,21,1
3560,91116,1.81,0,6,7,9,1
3561,91132,3.04,0,9,10,16,1
3562,91162,7.15,0,18,19,30,1
3563,91191,5.01,0,14,15,29,1
3564,91192,-1.01,0,0,1,1,1
3565,91292,5.15,0,22,23,100,1
3566,91310,4.57,0,12,13,18,1
3567,91314,0.46,0,3,4,4,1
3568,91327,3.22,0,9,10,13,1
3569,91328,-1.01,0,0,1,1,1
3570,91340,3.83,0,10,11,12,1
3571,91352,3.83,0,10,11,12,1
3572,91353,-1.01,0,0,1,1,1
3573,91412,5.41,0,18,19,59,1
3574,91456,7.96,0,21,22,44,1
3575,91463,1.93,0,6,7,7,1
3576,91492,5.56,0,15,16,29,1
3577,91564,6.83,0,22,23,72,1
3578,91593,6.66,0,17,18,29,1
3579,91618,5.25,0,14,15,25,1
3580,91622,0.46,0,3,4,4,1
3581,91656,6.91,0,18,19,34,1
3582,91672,3.59,0,10,11,16,1
3583,91674,-0.52,0,1,2,2,1
3584,91716,7.53,0,20,21,42,1
3585,91746,7.7,0,19,20,30,1
3586,91759,3.77,0,10,11,13,1
3587,91821,7.98,0,23,24,62,1
3588,91856,8.5,0,21,22,35,1
3589,91860,0.46,0,3,4,4,1
3590,91880,4.45,0,12,13,20,1
3591,91925,6.8,0,19,20,45,1
3592,91996,7.44,0,23,24,71,1
3593,91997,-1.01,0,0,1,1,1
3594,92004,1.93,0,6,7,7,1
3595,92032,5.62,0,15,16,28,1
3596,92050,4.02,0,11,12,18,1
3597,92054,0.46,0,3,4,4,1
3598,92062,2.42,0,7,8,8,1
3599,92069,0.83,0,4,5,7,1
3600,92094,4.7,0,13,14,25,1
3601,92111,4.63,0,12,13,17,1
3602,92115,0.46,0,3,4,4,1
3603,92148,5.87,0,16,17,33,1
3604,92159,2.79,0,8,9,11,1
3605,92163,0.46,0,3,4,4,1
3606,92186,4.82,0,13,14,23,1
3607,92189,-0.03,0,2,3,3,1
3608,92231,6.43,0,18,19,42,1
3609,92261,8.25,0,20,21,30,1
3610,92272,2.79,0,8,9,11,1
3611,92322,12.2,1,24,25,50,0
3612,92389,6.03,0,20,21,67,1
3613,92423,7.46,0,19,20,34,1
3614,92455,7.58,0,19,20,32,1
3615,92456,-1.01,0,0,1,1,1
3616,92472,4.69,0,12,13,16,1
3617,92473,-1.01,0,0,1,1,1
3618,92485,2.73,0,8,9,12,1
3619,92489,0.46,0,3,4,4,1
3620,92490,-1.01,0,0,1,1,1
3621,92509,3.41,0,10,11,19,1
3622,92551,6.43,0,18,19,42,1
3623,92567,5.24,0,13,14,16,1
3624,92580,3.22,0,9,10,13,1
3625,92585,0.95,0,4,5,5,1
3626,92587,-0.52,0,1,2,2,1
3627,92645,6.57,0,20,21,58,1
3628,92656,2.79,0,8,9,11,1
3629,92663,1.93,0,6,7,7,1
3630,92688,6.35,0,16,17,25,1
3631,92720,5.93,0,16,17,32,1
3632,92730,2.85,0,8,9,10,1
3633,92752,5.98,0,15,16,22,1
3634,92757,0.95,0,4,5,5,1
3635,92788,6.54,0,17,18,31,1
3636,92831,6.92,0,19,20,43,1
3637,92837,1.44,0,5,6,6,1
3638,92851,4.81,0,12,13,14,1
3639,92864,3.22,0,9,10,13,1
3640,92895,6.54,0,17,18,31,1
3641,92963,6.52,0,21,22,68,1
3642,92964,-1.01,0,0,1,1,1
3643,93002,8.32,0,21,22,38,1
3644,93006,-0.09,0,2,3,4,1
3645,93030,4.21,0,12,13,24,1
3646,93033,-0.03,0,2,3,3,1
3647,93055,4.88,0,13,14,22,1
3648,93087,7.03,0,18,19,32,1
3649,93088,-1.01,0,0,1,1,1
3650,93091,-0.03,0,2,3,3,1
3651,93098,0.83,0,4,5,7,1
3652,93242,3.06,0,23,24,144,1
3653,93318,7.14,0,23,24,76,1
3654,93365,7.78,0,21,22,47,1
3655,93403,8.87,0,22,23,38,1
3656,93412,1.81,0,6,7,9,1
3657,93485,10.82,1,24,25,73,0
3658,93486,-1.01,0,0,1,1,1
3659,93496,2.85,0,8,9,10,1
3660,93515,5.61,0,14,15,19,1
3661,93537,4.88,0,13,14,22,1
3662,93620,6.17,0,22,23,83,1
3663,93657,8.38,0,21,22,37,1
3664,93658,-1.01,0,0,1,1,1
3665,93682,5.31,0,14,15,24,1
3666,93699,4.08,0,11,12,17,1
3667,93768,7.56,0,23,24,69,1
3668,93806,6.67,0,18,19,38,1
3669,93809,-0.03,0,2,3,3,1
3670,93810,-1.01,0,0,1,1,1
3671,93873,7.37,0,22,23,63,1
3672,93893,3.9,0,11,12,20,1
3673,93911,3.47,0,10,11,18,1
3674,93912,-1.01,0,0,1,1,1
3675,93972,11.6,1,24,25,60,0
3676,93985,3.77,0,10,11,13,1
3677,93994,1.26,0,5,6,9,1
3678,94096,5.58,0,23,24,102,1
3679,94111,4.2,0,11,12,15,1
3680,94125,3.71,0,10,11,14,1
3681,94154,5.56,0,15,16,29,1
3682,94158,0.46,0,3,4,4,1
3683,94175,4.63,0,12,13,17,1
3684,94176,-1.01,0,0,1,1,1
3685,94222,7.84,0,21,22,46,1
3686,94230,2.42,0,7,8,8,1
3687,94263,5.87,0,16,17,33,1
3688,94325,7.43,0,22,23,62,1
3689,94340,4.2,0,11,12,15,1
3690,94342,-0.52,0,1,2,2,1
3691,94352,3.4,0,9,10,10,1
3692,94410,8.22,0,23,24,58,1
3693,94411,-1.01,0,0,1,1,1
3694,94413,-0.52,0,1,2,2,1
3695,94415,-0.52,0,1,2,2,1
3696,94453,7.22,0,19,20,38,1
3697,94456,-0.03,0,2,3,3,1
3698,94472,4.69,0,12,13,16,1
3699,94486,4.26,0,11,12,14,1
3700,94595,5.16,0,23,24,109,1
3701,94597,-0.52,0,1,2,2,1
3702,94610,2.67,0,8,9,13,1
3703,94617,1.93,0,6,7,7,1
3704,94620,-0.03,0,2,3,3,1
3705,94630,2.85,0,8,9,10,1
3706,94691,7.49,0,22,23,61,1
3707,94693,-0.52,0,1,2,2,1
3708,94707,3.71,0,10,11,14,1
3709,94745,6.67,0,18,19,38,1
3710,94750,0.95,0,4,5,5,1
3711,94757,1.93,0,6,7,7,1
3712,94761,0.46,0,3,4,4,1
3713,94779,4.02,0,11,12,18,1
3714,94794,4.75,0,12,13,15,1
3715,94798,-0.09,0,2,3,4,1
3716,94815,5.18,0,13,14,17,1
3717,94882,7.68,0,23,24,67,1
3718,94887,0.4,0,3,4,5,1
3719,94943,6.69,0,20,21,56,1
3720,94958,4.2,0,11,12,15,1
3721,94968,3.4,0,9,10,10,1
3722,94970,-0.52,0,1,2,2,1
3723,94998,4.52,0,13,14,28,1
3724,95014,4.14,0,11,12,16,1
3725,95025,2.79,0,8,9,11,1
3726,95086,7.49,0,22,23,61,1
3727,95112,7.39,0,18,19,26,1
3728,95144,5.93,0,16,17,32,1
3729,95162,5.12,0,13,14,18,1
3730,95172,2.85,0,8,9,10,1
3731,95197,5.8,0,15,16,25,1
3732,95212,4.2,0,11,12,15,1
3733,95227,3.65,0,10,11,15,1
3734,95230,-0.03,0,2,3,3,1
3735,95241,3.34,0,9,10,11,1
3736,95271,6.6,0,17,18,30,1
3737,95283,4.38,0,11,12,12,1
3738,95306,5.92,0,15,16,23,1
3739,95312,1.44,0,5,6,6,1
3740,95314,-0.52,0,1,2,2,1
3741,95330,4.14,0,11,12,16,1
3742,95366,6.79,0,18,19,36,1
3743,95377,3.89,0,10,11,11,1
3744,95464,4.83,0,20,21,87,1
3745,95525,5.29,0,18,19,61,1
3746,95539,3.16,0,9,10,14,1
3747,95551,3.28,0,9,10,12,1
3748,95558,1.38,0,5,6,7,1
3749,95596,6.67,0,18,19,38,1
3750,95609,3.22,0,9,10,13,1
3751,95623,4.26,0,11,12,14,1
3752,95631,1.32,0,5,6,8,1
3753,95681,5.95,0,18,19,50,1
3754,95746,6.7,0,21,22,65,1
3755,95785,4.41,0,14,15,39,1
3756,95794,2.36,0,7,8,9,1
3757,95896,9.08,1,24,25,102,0
3758,95936,6.55,0,18,19,40,1
3759,95942,0.34,0,3,4,6,1
3760,95974,9.23,0,22,23,32,1
3761,96061,6.48,0,23,24,87,1
3762,96081,3.9,0,11,12,20,1
3763,96170,6.36,0,23,24,89,1
3764,96292,7.88,1,24,25,122,0
3765,96355,7.37,0,22,23,63,1
3766,96408,8.52,0,23,24,53,1
3767,96424,5.24,0,13,14,16,1
3768,96426,-0.52,0,1,2,2,1
3769,96484,6.57,0,20,21,58,1
3770,96490,0.89,0,4,5,6,1
3771,96538,8.82,0,23,24,48,1
3772,96630,5.63,0,22,23,92,1
3773,96636,1.44,0,5,6,6,1
3774,96685,8.21,0,22,23,49,1
3775,96702,5.73,0,14,15,17,1
3776,96703,-1.01,0,0,1,1,1
3777,96761,11.72,1,24,25,58,0
3778,96798,6.18,0,17,18,37,1
3779,96816,4.57,0,12,13,18,1
3780,96821,0.95,0,4,5,5,1
3781,96856,7.4,0,19,20,35,1
3782,96864,1.87,0,6,7,8,1
3783,96977,8.42,1,24,25,113,0
3784,97001,6.41,0,16,17,24,1
3785,97013,3.83,0,10,11,12,1
3786,97032,4.51,0,12,13,19,1
3787,97046,4.26,0,11,12,14,1
3788,97064,4.57,0,12,13,18,1
3789,97104,7.65,0,20,21,40,1
3790,97125,6.04,0,15,16,21,1
3791,97136,2.24,0,7,8,11,1
3792,97174,6.67,0,18,19,38,1
3793,97213,6.06,0,17,18,39,1
3794,97227,3.71,0,10,11,14,1
3795,97260,6.42,0,17,18,33,1
3796,97262,-0.52,0,1,2,2,1
3797,97331,11.06,1,24,25,69,0
3798,97354,4.82,0,13,14,23,1
3799,97368,2.06,0,7,8,14,1
3800,97383,3.65,0,10,11,15,1
3801,97444,7.49,0,22,23,61,1
3802,97460,3.59,0,10,11,16,1
3803,97475,4.75,0,12,13,15,1
3804,97524,7.66,0,21,22,49,1
3805,97587,7.92,0,23,24,63,1
3806,97632,8.45,0,22,23,45,1
3807,97636,0.46,0,3,4,4,1
3808,97657,6.04,0,15,16,21,1
3809,97716,8.16,0,23,24,59,1
3810,97770,11.96,1,24,25,54,0
3811,97772,-0.52,0,1,2,2,1
3812,97795,5.92,0,15,16,23,1
3813,97800,0.95,0,4,5,5,1
3814,97823,5.37,0,14,15,23,1
3815,97867,7.41,0,20,21,44,1
3816,97883,4.69,0,12,13,16,1
3817,97892,2.91,0,8,9,9,1
3818,97984,6.18,0,23,24,92,1
3819,98054,6.95,0,22,23,70,1
3820,98055,-1.01,0,0,1,1,1
3821,98074,4.51,0,12,13,19,1
3822,98094,5.0,0,13,14,20,1
3823,98097,-0.03,0,2,3,3,1
3824,98124,7.33,0,18,19,27,1
3825,98148,6.41,0,16,17,24,1
3826,98161,2.67,0,8,9,13,1
3827,98175,4.26,0,11,12,14,1
3828,98199,3.66,0,11,12,24,1
3829,98257,7.12,0,21,22,58,1
3830,98260,-0.03,0,2,3,3,1
3831,98287,7.88,0,19,20,27,1
3832,98298,2.79,0,8,9,11,1
3833,98320,5.98,0,15,16,22,1
3834,98325,0.95,0,4,5,5,1
3835,98390,7.25,0,22,23,65,1
3836,98409,3.96,0,11,12,19,1
3837,98426,4.08,0,11,12,17,1
3838,98445,4.51,0,12,13,19,1
3839,98450,0.95,0,4,5,5,1
3840,98474,4.76,0,13,14,24,1
3841,98492,5.12,0,13,14,18,1
3842,98497,0.95,0,4,5,5,1
3843,98505,2.42,0,7,8,8,1
3844,98511,0.89,0,4,5,6,1
3845,98514,-0.03,0,2,3,3,1
3846,98543,5.56,0,15,16,29,1
3847,98560,5.73,0,14,15,17,1
3848,98561,-1.01,0,0,1,1,1
3849,98601,6.0,0,17,18,40,1
3850,98627,3.54,0,11,12,26,1
3851,98659,5.38,0,15,16,32,1
3852,98662,-0.03,0,2,3,3,1
3853,98703,6.49,0,18,19,41,1
3854,98734,7.64,0,19,20,31,1
3855,98748,3.16,0,9,10,14,1
3856,98749,-1.01,0,0,1,1,1
3857,98799,12.2,1,24,25,50,0
3858,98899,5.15,0,22,23,100,1
3859,98903,0.46,0,3,4,4,1
3860,98919,3.59,0,10,11,16,1
3861,98936,3.53,0,10,11,17,1
3862,98937,-1.01,0,0,1,1,1
3863,98997,7.0,0,21,22,60,1
3864,99009,3.28,0,9,10,12,1
3865,99029,5.55,0,14,15,20,1
3866,99035,0.89,0,4,5,6,1
3867,99070,7.4,0,19,20,35,1
3868,99143,10.82,1,24,25,73,0
3869,99206,7.92,0,23,24,63,1
3870,99217,2.79,0,8,9,11,1
3871,99224,1.93,0,6,7,7,1
3872,99239,3.1,0,9,10,15,1
3873,99241,-0.52,0,1,2,2,1
3874,99286,7.35,0,20,21,45,1
3875,99388,5.58,0,23,24,102,1
3876,99389,-1.01,0,0,1,1,1
3877,99430,5.94,0,17,18,41,1
3878,99444,3.71,0,10,11,14,1
3879,99447,-0.03,0,2,3,3,1
3880,99469,7.08,0,17,18,22,1
3881,99535,7.74,0,23,24,66,1
3882,99537,-0.52,0,1,2,2,1
3883,99557,6.65,0,16,17,20,1
3884,99621,7.86,0,23,24,64,1
3885,99624,-0.03,0,2,3,3,1
3886,99673,7.11,0,20,21,49,1
3887,99744,6.89,0,22,23,71,1
3888,99751,1.38,0,5,6,7,1
3889,99753,-0.52,0,1,2,2,1
3890,99836,6.72,0,23,24,83,1
3891,99837,-1.01,0,0,1,1,1
3892,99843,0.89,0,4,5,6,1
3893,99848,0.95,0,4,5,5,1
3894,99855,1.93,0,6,7,7,1
3895,99862,1.93,0,6,7,7,1
3896,99915,7.42,0,21,22,53,1
3897,99933,5.67,0,14,15,18,1
3898,99992,11.66,1,24,25,59,0
3899,100016,6.41,0,16,17,24,1
3900,100018,-0.52,0,1,2,2,1
3901,100034,4.69,0,12,13,16,1
3902,100077,8.02,0,21,22,43,1
3903,100101,5.31,0,14,15,24,1
3904,100167,11.24,1,24,25,66,0
3905,100182,4.2,0,11,12,15,1
3906,100191,1.81,0,6,7,9,1
3907,100206,4.75,0,12,13,15,1
3908,100283,6.53,0,22,23,77,1
3909,100310,6.78,0,17,18,27,1
3910,100344,7.46,0,19,20,34,1
3911,100362,4.02,0,11,12,18,1
3912,100367,0.95,0,4,5,5,1
3913,100404,8.38,0,21,22,37,1
3914,100414,2.3,0,7,8,10,1
3915,100476,11.48,1,24,25,62,0
3916,100479,-0.03,0,2,3,3,1
3917,100577,5.82,0,23,24,98,1
3918,100583,0.89,0,4,5,6,1
3919,100650,7.13,0,22,23,67,1
3920,100659,2.91,0,8,9,9,1
3921,100660,-1.01,0,0,1,1,1
3922,100668,1.32,0,5,6,8,1
3923,100672,0.46,0,3,4,4,1
3924,100697,6.9,0,17,18,25,1
3925,100741,8.51,0,22,23,44,1
3926,100803,11.48,1,24,25,62,0
3927,100805,-0.52,0,1,2,2,1
3928,100814,2.36,0,7,8,9,1
3929,100869,11.9,1,24,25,55,0
3930,100909,8.2,0,21,22,40,1
3931,100952,7.47,0,20,21,43,1
3932,100972,3.9,0,11,12,20,1
3933,100977,0.95,0,4,5,5,1
3934,100983,1.44,0,5,6,6,1
3935,100989,1.44,0,5,6,6,1
3936,100994,0.4,0,3,4,5,1
3937,101000,1.44,0,5,6,6,1
3938,101015,3.65,0,10,11,15,1
3939,101041,6.29,0,16,17,26,1
3940,101069,6.17,0,16,17,28,1
3941,101104,7.95,0,20,21,35,1
3942,101106,-0.52,0,1,2,2,1
3943,101114,1.87,0,6,7,8,1
3944,101115,-1.01,0,0,1,1,1
3945,101238,4.32,0,23,24,123,1
3946,101262,6.41,0,16,17,24,1
3947,101267,0.95,0,4,5,5,1
3948,101348,10.34,1,24,25,81,0
3949,101364,3.59,0,10,11,16,1
3950,101425,6.94,0,21,22,61,1
3951,101449,4.21,0,12,13,24,1
3952,101454,0.95,0,4,5,5,1
3953,101462,1.32,0,5,6,8,1
3954,101493,6.54,0,17,18,31,1
3955,101526,6.97,0,18,19,33,1
3956,101533,1.93,0,6,7,7,1
3957,101564,5.99,0,16,17,31,1
3958,101599,7.4,0,19,20,35,1
3959,101645,8.94,0,23,24,46,1
3960,101646,-1.01,0,0,1,1,1
3961,101654,1.87,0,6,7,8,1
3962,101725,6.89,0,22,23,71,1
3963,101750,6.35,0,16,17,25,1
3964,101858,5.22,0,23,24,108,1
3965,101861,-0.03,0,2,3,3,1
3966,101863,-0.52,0,1,2,2,1
3967,101887,5.86,0,15,16,24,1
3968,101896,1.26,0,5,6,9,1
3969,101905,2.91,0,8,9,9,1
3970,101909,0.46,0,3,4,4,1
3971,101911,-0.52,0,1,2,2,1
3972,101951,8.2,0,21,22,40,1
3973,101987,7.34,0,19,20,36,1
3974,102060,6.22,0,21,22,73,1
3975,102090,6.05,0,16,17,30,1
3976,102123,7.52,0,19,20,33,1
3977,102133,2.3,0,7,8,10,1
3978,102228,5.45,0,22,23,95,1
3979,102372,6.56,1,24,25,144,0
3980,102425,8.52,0,23,24,53,1
3981,102492,11.18,1,24,25,67,0
3982,102528,5.14,0,15,16,36,1
3983,102606,10.52,1,24,25,78,0
3984,102629,5.37,0,14,15,23,1
3985,102638,1.81,0,6,7,9,1
3986,102655,5.18,0,13,14,17,1
3987,102657,-0.52,0,1,2,2,1
3988,102709,6.38,0,19,20,52,1
3989,102737,5.07,0,14,15,28,1
3990,102743,0.89,0,4,5,6,1
3991,102809,7.74,0,23,24,66,1
3992,102811,-0.52,0,1,2,2,1
3993,102813,-0.52,0,1,2,2,1
3994,102824,2.24,0,7,8,11,1
3995,102886,6.33,0,20,21,62,1
3996,102925,8.26,0,21,22,39,1
3997,102943,5.12,0,13,14,18,1
3998,102971,5.62,0,15,16,28,1
3999,103001,6.05,0,16,17,30,1
4000,103002,-1.01,0,0,1,1,1
4001,103018,3.04,0,9,10,16,1
4002,103028,3.4,0,9,10,10,1
4003,103041,3.22,0,9,10,13,1
4004,103074,8.07,0,20,21,33,1
4005,103136,7.43,0,22,23,62,1
4006,103143,1.93,0,6,7,7,1
4007,103176,5.87,0,16,17,33,1
4008,103179,-0.03,0,2,3,3,1
4009,103191,3.83,0,10,11,12,1
4010,103224,6.42,0,17,18,33,1
4011,103244,5.55,0,14,15,20,1
4012,103261,4.08,0,11,12,17,1
4013,103282,4.39,0,12,13,21,1
4014,103306,6.41,0,16,17,24,1
4015,103327,3.84,0,11,12,21,1
4016,103331,0.46,0,3,4,4,1
4017,103391,8.1,0,23,24,60,1
4018,103427,7.89,0,20,21,36,1
4019,103471,7.96,0,21,22,44,1
4020,103492,4.39,0,12,13,21,1
4021,103493,-1.01,0,0,1,1,1
4022,103496,-0.03,0,2,3,3,1
4023,103564,7.62,0,23,24,68,1
4024,103571,1.93,0,6,7,7,1
4025,103578,1.38,0,5,6,7,1
4026,103619,7.59,0,20,21,41,1
4027,103630,2.24,0,7,8,11,1
4028,103632,-0.52,0,1,2,2,1
4029,103682,7.6,0,21,22,50,1
4030,103688,1.44,0,5,6,6,1
4031,103734,8.39,0,22,23,46,1
4032,103768,8.01,0,20,21,34,1
4033,103815,12.38,1,24,25,47,0
4034,103876,6.94,0,21,22,61,1
4035,103900,5.86,0,15,16,24,1
4036,103915,3.65,0,10,11,15,1
4037,103962,8.33,0,22,23,47,1
4038,103972,1.75,0,6,7,10,1
4039,104031,7.61,0,22,23,59,1
4040,104084,7.97,0,22,23,53,1
4041,104134,8.7,0,23,24,50,1
4042,104153,5.61,0,14,15,19,1
4043,104164,1.69,0,6,7,11,1
4044,104189,8.0,0,19,20,25,1
4045,104215,6.29,0,16,17,26,1
4046,104235,4.45,0,12,13,20,1
4047,104240,0.95,0,4,5,5,1
4048,104243,-0.03,0,2,3,3,1
4049,104306,6.82,0,21,22,63,1
4050,104308,-0.52,0,1,2,2,1
4051,104318,2.3,0,7,8,10,1
4052,104349,7.09,0,18,19,31,1
4053,104352,-0.03,0,2,3,3,1
4054,104392,7.65,0,20,21,40,1
4055,104397,0.4,0,3,4,5,1
4056,104398,-1.01,0,0,1,1,1
4057,104400,-0.52,0,1,2,2,1
4058,104413,3.77,0,10,11,13,1
4059,104479,7.74,0,23,24,66,1
4060,104486,1.38,0,5,6,7,1
4061,104524,7.22,0,19,20,38,1
4062,104549,5.25,0,14,15,25,1
4063,104666,4.68,0,23,24,117,1
4064,104675,2.91,0,8,9,9,1
4065,104684,2.36,0,7,8,9,1
4066,104718,8.01,0,20,21,34,1
4067,104740,3.23,0,10,11,22,1
4068,104771,8.74,0,21,22,31,1
4069,104797,6.29,0,16,17,26,1
4070,104810,3.77,0,10,11,13,1
4071,104825,5.85,0,14,15,15,1
4072,104894,7.56,0,23,24,69,1
4073,104904,2.85,0,8,9,10,1
4074,104934,7.15,0,18,19,30,1
4075,104963,6.11,0,16,17,29,1
4076,105033,6.95,0,22,23,70,1
4077,105045,2.73,0,8,9,12,1
4078,105065,6.65,0,16,17,20,1
4079,105096,7.09,0,18,19,31,1
4080,105107,3.89,0,10,11,11,1
4081,105159,8.03,0,22,23,52,1
4082,105172,3.77,0,10,11,13,1
4083,105173,-1.01,0,0,1,1,1
4084,105182,2.91,0,8,9,9,1
4085,105230,8.82,0,23,24,48,1
4086,105244,4.26,0,11,12,14,1
4087,105253,1.81,0,6,7,9,1
4088,105263,2.85,0,8,9,10,1
4089,105273,2.85,0,8,9,10,1
4090,105297,6.41,0,16,17,24,1
4091,105307,2.85,0,8,9,10,1
4092,105308,-1.01,0,0,1,1,1
4093,105318,2.85,0,8,9,10,1
4094,105346,6.72,0,17,18,28,1
4095,105370,4.76,0,13,14,24,1
4096,105378,1.87,0,6,7,8,1
4097,105402,5.31,0,14,15,24,1
4098,105416,4.26,0,11,12,14,1
4099,105486,7.5,0,23,24,70,1
4100,105492,1.44,0,5,6,6,1
4101,105571,6.41,0,22,23,79,1
4102,105582,3.34,0,9,10,11,1
4103,105625,6.92,0,19,20,43,1
4104,105727,9.08,1,24,25,102,0
4105,105739,3.28,0,9,10,12,1
4106,105778,12.86,1,24,25,39,0
4107,105781,-0.03,0,2,3,3,1
4108,105828,8.33,0,22,23,47,1
4109,105834,0.89,0,4,5,6,1
4110,105897,11.42,1,24,25,63,0
4111,105924,6.78,0,17,18,27,1
4112,105948,5.31,0,14,15,24,1
4113,105970,5.43,0,14,15,22,1
4114,106037,7.68,0,23,24,67,1
4115,106071,6.36,0,17,18,34,1
4116,106073,-0.52,0,1,2,2,1
4117,106112,5.51,0,16,17,39,1
4118,106168,6.14,0,19,20,56,1
4119,106176,2.42,0,7,8,8,1
4120,106193,5.18,0,13,14,17,1
4121,106205,3.83,0,10,11,12,1
4122,106223,3.47,0,10,11,18,1
4123,106225,-0.52,0,1,2,2,1
4124,106235,2.3,0,7,8,10,1
4125,106243,1.87,0,6,7,8,1
4126,106375,3.78,0,23,24,132,1
4127,106380,0.95,0,4,5,5,1
4128,106423,9.12,0,23,24,43,1
4129,106436,2.67,0,8,9,13,1
4130,106449,3.22,0,9,10,13,1
4131,106510,6.94,0,21,22,61,1
4132,106520,1.2,0,5,6,10,1
4133,106593,6.77,0,22,23,73,1
4134,106613,5.55,0,14,15,20,1
4135,106616,-0.03,0,2,3,3,1
4136,106648,7.03,0,18,19,32,1
4137,106669,5.49,0,14,15,21,1
4138,106710,8.69,0,22,23,41,1
4139,106759,7.11,0,20,21,49,1
4140,106765,1.44,0,5,6,6,1
4141,106768,-0.03,0,2,3,3,1
4142,106779,3.89,0,10,11,11,1
4143,106809,7.15,0,18,19,30,1
4144,106832,4.82,0,13,14,23,1
4145,106891,11.66,1,24,25,59,0
4146,106898,1.38,0,5,6,7,1
4147,106911,3.77,0,10,11,13,1
4148,106963,8.03,0,22,23,52,1
4149,106997,6.91,0,18,19,34,1
4150,107015,5.12,0,13,14,18,1
4151,107066,6.99,0,20,21,51,1
4152,107080,4.26,0,11,12,14,1
4153,107140,6.45,0,20,21,60,1
4154,107208,7.62,0,23,24,68,1
4155,107210,-0.52,0,1,2,2,1
4156,107258,7.17,0,20,21,48,1
4157,107275,5.18,0,13,14,17,1
4158,107282,1.93,0,6,7,7,1
4159,107283,-1.01,0,0,1,1,1
4160,107304,5.49,0,14,15,21,1
4161,107306,-0.52,0,1,2,2,1
4162,107313,1.38,0,5,6,7,1
4163,107314,-1.01,0,0,1,1,1
4164,107330,3.04,0,9,10,16,1
4165,107365,7.4,0,19,20,35,1
4166,107375,3.4,0,9,10,10,1
4167,107376,-1.01,0,0,1,1,1
4168,107379,-0.03,0,2,3,3,1
4169,107388,1.81,0,6,7,9,1
4170,107399,3.34,0,9,10,11,1
4171,107400,-1.01,0,0,1,1,1
4172,107405,0.95,0,4,5,5,1
4173,107423,5.12,0,13,14,18,1
4174,107436,2.67,0,8,9,13,1
4175,107457,6.59,0,16,17,21,1
4176,107474,4.63,0,12,13,17,1
4177,107524,7.05,0,20,21,50,1
4178,107538,2.61,0,8,9,14,1
4179,107562,5.31,0,14,15,24,1
4180,107574,3.28,0,9,10,12,1
4181,107601,6.78,0,17,18,27,1
4182,107615,2.61,0,8,9,14,1
4183,107623,2.42,0,7,8,8,1
4184,107650,5.13,0,14,15,27,1
4185,107651,-1.01,0,0,1,1,1
4186,107688,5.63,0,16,17,37,1
4187,107697,1.81,0,6,7,9,1
4188,107708,3.34,0,9,10,11,1
4189,107768,7.55,0,22,23,60,1
4190,107822,7.91,0,22,23,54,1
4191,107856,6.36,0,17,18,34,1
4192,107864,1.32,0,5,6,8,1
4193,107867,-0.03,0,2,3,3,1
4194,107871,0.46,0,3,4,4,1
4195,107872,-1.01,0,0,1,1,1
4196,107878,1.44,0,5,6,6,1
4197,107890,3.28,0,9,10,12,1
4198,107910,6.1,0,15,16,20,1
4199,107916,1.44,0,5,6,6,1
4200,107965,6.56,0,19,20,49,1
4201,108036,5.79,0,20,21,71,1
4202,108051,3.65,0,10,11,15,1
4203,108110,11.66,1,24,25,59,0
4204,108183,10.82,1,24,25,73,0
4205,108238,8.4,0,23,24,55,1
4206,108240,-0.52,0,1,2,2,1
4207,108252,2.73,0,8,9,12,1
4208,108257,0.4,0,3,4,5,1
4209,108287,6.05,0,16,17,30,1
4210,108290,-0.03,0,2,3,3,1
4211,108294,-0.09,0,2,3,4,1
4212,108344,7.6,0,21,22,50,1
4213,108348,0.46,0,3,4,4,1
4214,108357,1.81,0,6,7,9,1
4215,108436,6.41,0,22,23,79,1
4216,108459,5.37,0,14,15,23,1
4217,108460,-1.01,0,0,1,1,1
4218,108461,-1.01,0,0,1,1,1
4219,108462,-1.01,0,0,1,1,1
4220,108471,2.91,0,8,9,9,1
4221,108572,9.14,1,24,25,101,0
4222,108638,7.19,0,22,23,66,1
4223,108702,11.36,1,24,25,64,0
4224,108725,4.27,0,12,13,23,1
4225,108737,3.83,0,10,11,12,1
4226,108763,6.29,0,16,17,26,1
4227,108779,5.24,0,13,14,16,1
4228,108856,5.98,0,21,22,77,1
4229,108910,8.46,0,23,24,54,1
4230,108920,1.2,0,5,6,10,1
4231,108966,5.64,0,17,18,46,1
4232,108986,5.55,0,14,15,20,1
4233,109016,6.6,0,17,18,30,1
4234,109100,6.66,0,23,24,84,1
4235,109104,0.46,0,3,4,4,1
4236,109113,2.36,0,7,8,9,1
4237,109120,1.93,0,6,7,7,1
4238,109137,4.08,0,11,12,17,1
4239,109151,4.26,0,11,12,14,1
4240,109164,3.77,0,10,11,13,1
4241,109181,4.63,0,12,13,17,1
4242,109199,5.12,0,13,14,18,1
4243,109225,5.74,0,15,16,26,1
4244,109226,-1.01,0,0,1,1,1
4245,109263,6.18,0,17,18,37,1
4246,109322,7.61,0,22,23,59,1
4247,109357,9.05,0,22,23,35,1
4248,109444,6.48,0,23,24,87,1
4249,109473,5.56,0,15,16,29,1
4250,109500,6.78,0,17,18,27,1
4251,109507,1.38,0,5,6,7,1
4252,109535,5.07,0,14,15,28,1
4253,109568,7.52,0,19,20,33,1
4254,109646,6.47,0,22,23,78,1
4255,109688,8.08,0,21,22,42,1
4256,109704,4.69,0,12,13,16,1
4257,109743,8.26,0,21,22,39,1
4258,109768,5.8,0,15,16,25,1
4259,109771,-0.03,0,2,3,3,1
4260,109818,7.78,0,21,22,47,1
4261,109835,4.08,0,11,12,17,1
4262,109970,3.6,0,23,24,135,1
4263,109975,0.95,0,4,5,5,1
4264,109983,1.87,0,6,7,8,1
4265,109990,1.38,0,5,6,7,1
4266,110014,5.86,0,15,16,24,1
4267,110041,6.78,0,17,18,27,1
4268,110098,7.18,0,21,22,57,1
4269,110106,1.87,0,6,7,8,1
4270,110110,0.46,0,3,4,4,1
4271,110113,-0.03,0,2,3,3,1
4272,110123,2.3,0,7,8,10,1
4273,110168,8.45,0,22,23,45,1
4274,110180,2.18,0,7,8,12,1
4275,110206,6.29,0,16,17,26,1
4276,110214,1.87,0,6,7,8,1
4277,110226,3.28,0,9,10,12,1
4278,110249,5.92,0,15,16,23,1
4279,110290,5.94,0,17,18,41,1
4280,110313,5.37,0,14,15,23,1
4281,110342,7.21,0,18,19,29,1
4282,110345,-0.03,0,2,3,3,1
4283,110353,2.42,0,7,8,8,1
4284,110376,7.02,0,17,18,23,1
4285,110380,0.46,0,3,4,4,1
4286,110409,7.76,0,19,20,29,1
4287,110448,7.16,0,19,20,39,1
4288,110478,7.15,0,18,19,30,1
4289,110540,6.88,0,21,22,62,1
4290,110558,5.67,0,14,15,18,1
4291,110569,3.34,0,9,10,11,1
4292,110572,-0.03,0,2,3,3,1
4293,110664,9.68,1,24,25,92,0
4294,110665,-1.01,0,0,1,1,1
4295,110666,-1.01,0,0,1,1,1
4296,110696,6.6,0,17,18,30,1
4297,110723,6.23,0,16,17,27,1
4298,110826,5.52,0,23,24,103,1
4299,110832,0.89,0,4,5,6,1
4300,110913,6.84,0,23,24,81,1
4301,110921,1.87,0,6,7,8,1
4302,110980,8.16,0,23,24,59,1
4303,111003,5.37,0,14,15,23,1
4304,111031,7.27,0,18,19,28,1
4305,111064,5.87,0,16,17,33,1
4306,111076,3.28,0,9,10,12,1
4307,111078,-0.52,0,1,2,2,1
4308,111098,3.35,0,10,11,20,1
4309,111153,8.4,0,23,24,55,1
4310,111162,2.36,0,7,8,9,1
4311,111167,0.4,0,3,4,5,1
4312,111203,7.34,0,19,20,36,1
4313,111257,7.91,0,22,23,54,1
4314,111267,2.85,0,8,9,10,1
4315,111269,-0.52,0,1,2,2,1
4316,111290,4.94,0,13,14,21,1
4317,111348,8.22,0,23,24,58,1
4318,111350,-0.52,0,1,2,2,1
4319,111372,3.78,0,11,12,22,1
4320,111411,7.16,0,19,20,39,1
4321,111413,-0.52,0,1,2,2,1
4322,111457,9.06,0,23,24,44,1
4323,111465,1.87,0,6,7,8,1
4324,111491,5.74,0,15,16,26,1
4325,111492,-1.01,0,0,1,1,1
4326,111510,3.47,0,10,11,18,1
4327,111516,1.44,0,5,6,6,1
4328,111547,7.64,0,19,20,31,1
4329,111563,4.14,0,11,12,16,1
4330,111567,0.46,0,3,4,4,1
4331,111594,5.68,0,15,16,27,1
4332,111656,5.78,0,19,20,62,1
4333,111724,11.12,1,24,25,68,0
4334,111763,6.61,0,18,19,39,1
4335,111787,5.31,0,14,15,24,1
4336,111829,7.53,0,20,21,42,1
4337,111845,4.69,0,12,13,16,1
4338,111850,0.95,0,4,5,5,1
4339,111880,6.6,0,17,18,30,1
4340,111890,2.3,0,7,8,10,1
4341,111919,7.76,0,19,20,29,1
4342,111970,6.44,0,19,20,51,1
4343,111978,1.32,0,5,6,8,1
4344,112000,5.43,0,14,15,22,1
4345,112041,9.24,0,23,24,41,1
4346,112105,6.76,0,21,22,64,1
4347,112113,1.32,0,5,6,8,1
4348,112116,-0.03,0,2,3,3,1
4349,112122,1.44,0,5,6,6,1
4350,112192,11.0,1,24,25,70,0
4351,112214,5.98,0,15,16,22,1
4352,112222,2.42,0,7,8,8,1
4353,112226,0.46,0,3,4,4,1
4354,112253,6.23,0,16,17,27,1
4355,112262,2.36,0,7,8,9,1
4356,112310,7.17,0,20,21,48,1
4357,112325,3.65,0,10,11,15,1
4358,112395,6.95,0,22,23,70,1
4359,112409,3.71,0,10,11,14,1
4360,112414,0.4,0,3,4,5,1
4361,112420,0.89,0,4,5,6,1
4362,112431,3.34,0,9,10,11,1
4363,112447,3.59,0,10,11,16,1
4364,112475,5.62,0,15,16,28,1
4365,112477,-0.52,0,1,2,2,1
4366,112509,5.93,0,16,17,32,1
4367,112515,0.34,0,3,4,6,1
4368,112524,2.36,0,7,8,9,1
4369,112554,5.5,0,15,16,30,1
4370,112561,1.38,0,5,6,7,1
4371,112579,4.57,0,12,13,18,1
4372,112591,3.28,0,9,10,12,1
4373,112615,5.86,0,15,16,24,1
4374,112616,-1.01,0,0,1,1,1
4375,112701,6.05,0,22,23,85,1
4376,112710,2.91,0,8,9,9,1
4377,112792,5.68,0,21,22,82,1
4378,112812,5.0,0,13,14,20,1
4379,112850,6.67,0,18,19,38,1
4380,112859,2.91,0,8,9,9,1
4381,112896,7.28,0,19,20,37,1
4382,112897,-1.01,0,0,1,1,1
4383,112899,-0.52,0,1,2,2,1
4384,112925,5.19,0,14,15,26,1
4385,112929,0.46,0,3,4,4,1
4386,112934,0.4,0,3,4,5,1
4387,112967,8.07,0,20,21,33,1
4388,112993,6.29,0,16,17,26,1
4389,113007,3.16,0,9,10,14,1
4390,113047,6.0,0,17,18,40,1
4391,113139,6.18,0,23,24,92,1
4392,113142,-0.03,0,2,3,3,1
4393,113145,-0.03,0,2,3,3,1
4394,113150,0.4,0,3,4,5,1
4395,113176,4.64,0,13,14,26,1
4396,113185,1.26,0,5,6,9,1
4397,113198,3.77,0,10,11,13,1
4398,113232,6.36,0,17,18,34,1
4399,113243,2.24,0,7,8,11,1
4400,113276,6.42,0,17,18,33,1
4401,113298,6.53,0,16,17,22,1
4402,113300,-0.52,0,1,2,2,1
4403,113367,7.68,0,23,24,67,1
4404,113371,0.46,0,3,4,4,1
4405,113405,5.26,0,15,16,34,1
4406,113459,7.91,0,22,23,54,1
4407,113489,7.15,0,18,19,30,1
4408,113495,1.44,0,5,6,6,1
4409,113509,3.71,0,10,11,14,1
4410,113561,8.03,0,22,23,52,1
4411,113577,3.04,0,9,10,16,1
4412,113594,3.53,0,10,11,17,1
4413,113596,-0.52,0,1,2,2,1
4414,113668,6.28,0,21,22,72,1
4415,113680,3.28,0,9,10,12,1
4416,113708,5.07,0,14,15,28,1
4417,113726,5.67,0,14,15,18,1
4418,113742,4.14,0,11,12,16,1
4419,113749,1.38,0,5,6,7,1
4420,113776,5.13,0,14,15,27,1
4421,113846,7.5,0,23,24,70,1
4422,113864,6.22,0,15,16,18,1
4423,113914,7.05,0,20,21,50,1
4424,113921,1.93,0,6,7,7,1
4425,113993,10.88,1,24,25,72,0
4426,114026,4.77,0,14,15,33,1
4427,114069,6.92,0,19,20,43,1
4428,114078,2.36,0,7,8,9,1
4429,114126,6.07,0,18,19,48,1
4430,114160,7.46,0,19,20,34,1
4431,114230,5.85,0,20,21,70,1
4432,114237,0.83,0,4,5,7,1
4433,114297,8.1,0,23,24,60,1
4434,114326,5.56,0,15,16,29,1
4435,114329,-0.03,0,2,3,3,1
4436,114340,2.24,0,7,8,11,1
4437,114418,5.92,0,21,22,78,1
4438,114427,1.26,0,5,6,9,1
4439,114456,5.56,0,15,16,29,1
4440,114543,6.48,0,23,24,87,1
4441,114591,6.62,0,19,20,48,1
4442,114658,6.58,0,21,22,67,1
4443,114717,11.66,1,24,25,59,0
4444,114771,6.26,0,19,20,54,1
4445,114775,-0.09,0,2,3,4,1
4446,114776,-1.01,0,0,1,1,1
4447,114794,5.12,0,13,14,18,1
4448,114840,6.74,0,19,20,46,1
4449,114902,7.43,0,22,23,62,1
4450,114989,9.98,1,24,25,87,0
4451,115088,9.26,1,24,25,99,0
4452,115126,7.22,0,19,20,38,1
4453,115139,3.77,0,10,11,13,1
4454,115237,5.82,0,23,24,98,1
4455,115317,6.9,0,23,24,80,1
4456,115350,8.07,0,20,21,33,1
4457,115407,11.78,1,24,25,57,0
4458,115430,4.27,0,12,13,23,1
4459,115452,4.88,0,13,14,22,1
4460,115462,2.85,0,8,9,10,1
4461,115469,1.38,0,5,6,7,1
4462,115470,-1.01,0,0,1,1,1
4463,115502,5.38,0,15,16,32,1
4464,115547,7.35,0,20,21,45,1
4465,115566,5.06,0,13,14,19,1
4466,115581,4.2,0,11,12,15,1
4467,115595,2.61,0,8,9,14,1
4468,115597,-0.52,0,1,2,2,1
4469,115615,3.47,0,10,11,18,1
4470,115621,0.89,0,4,5,6,1
4471,115671,12.2,1,24,25,50,0
4472,115722,7.54,0,21,22,51,1
4473,115734,2.73,0,8,9,12,1
4474,115809,5.55,0,20,21,75,1
4475,115827,5.67,0,14,15,18,1
4476,115835,1.87,0,6,7,8,1
4477,115846,2.79,0,8,9,11,1
4478,115857,1.69,0,6,7,11,1
4479,115884,6.23,0,16,17,27,1
4480,115899,3.1,0,9,10,15,1
4481,115910,3.34,0,9,10,11,1
4482,115938,2.87,0,10,11,28,1
4483,115943,0.95,0,4,5,5,1
4484,115971,7.82,0,19,20,28,1
4485,115973,-0.52,0,1,2,2,1
4486,116068,9.5,1,24,25,95,0
4487,116101,6.97,0,18,19,33,1
4488,116122,4.94,0,13,14,21,1
4489,116140,3.47,0,10,11,18,1
4490,116143,-0.03,0,2,3,3,1
4491,116155,3.28,0,9,10,12,1
4492,116186,8.19,0,20,21,31,1
4493,116190,0.46,0,3,4,4,1
4494,116226,6.24,0,17,18,36,1
4495,116265,4.96,0,15,16,39,1
4496,116285,4.45,0,12,13,20,1
4497,116286,-1.01,0,0,1,1,1
4498,116288,-0.52,0,1,2,2,1
4499,116289,-1.01,0,0,1,1,1
4500,116317,7.82,0,19,20,28,1
4501,116337,5.55,0,14,15,20,1
4502,116368,7.64,0,19,20,31,1
4503,116371,-0.03,0,2,3,3,1
4504,116376,0.4,0,3,4,5,1
4505,116377,-1.01,0,0,1,1,1
4506,116383,0.89,0,4,5,6,1
4507,116430,8.88,0,23,24,47,1
4508,116459,6.11,0,16,17,29,1
4509,116467,1.32,0,5,6,8,1
4510,116468,-1.01,0,0,1,1,1
4511,116476,2.42,0,7,8,8,1
4512,116513,7.83,0,20,21,37,1
4513,116541,6.17,0,16,17,28,1
4514,116559,4.02,0,11,12,18,1
4515,116601,5.88,0,17,18,42,1
4516,116619,6.22,0,15,16,18,1
4517,116622,-0.03,0,2,3,3,1
4518,116624,-0.52,0,1,2,2,1
4519,116671,7.23,0,20,21,47,1
4520,116682,2.79,0,8,9,11,1
4521,116708,7.39,0,18,19,26,1
4522,116734,5.19,0,14,15,26,1
4523,116787,7.42,0,21,22,53,1
4524,116789,-0.52,0,1,2,2,1
4525,116802,3.22,0,9,10,13,1
4526,116805,-0.03,0,2,3,3,1
4527,116834,3.91,0,12,13,29,1
4528,116929,5.45,0,22,23,95,1
4529,116932,-0.03,0,2,3,3,1
4530,116964,5.38,0,15,16,32,1
4531,116968,0.46,0,3,4,4,1
4532,116993,6.35,0,16,17,25,1
4533,117014,3.84,0,11,12,21,1
4534,117036,5.98,0,15,16,22,1
4535,117046,2.85,0,8,9,10,1
4536,117100,7.91,0,22,23,54,1
4537,117107,1.93,0,6,7,7,1
4538,117110,-0.03,0,2,3,3,1
4539,117155,7.9,0,21,22,45,1
4540,117242,6.48,0,23,24,87,1
4541,117260,3.47,0,10,11,18,1
4542,117308,8.82,0,23,24,48,1
4543,117313,0.95,0,4,5,5,1
4544,117325,3.83,0,10,11,12,1
4545,117359,6.91,0,18,19,34,1
4546,117410,8.09,0,22,23,51,1
4547,117449,7.16,0,19,20,39,1
4548,117495,7.84,0,21,22,46,1
4549,117508,3.77,0,10,11,13,1
4550,117515,1.93,0,6,7,7,1
4551,117520,0.95,0,4,5,5,1
4552,117531,3.89,0,10,11,11,1
4553,117535,-0.09,0,2,3,4,1
4554,117587,5.83,0,18,19,52,1
4555,117609,5.43,0,14,15,22,1
4556,117616,1.93,0,6,7,7,1
4557,117617,-1.01,0,0,1,1,1
4558,117631,4.26,0,11,12,14,1
4559,117641,2.3,0,7,8,10,1
4560,117645,-0.09,0,2,3,4,1
4561,117649,-0.09,0,2,3,4,1
4562,117693,7.41,0,20,21,44,1
4563,117724,5.99,0,16,17,31,1
4564,117757,5.87,0,16,17,33,1
4565,117791,6.91,0,18,19,34,1
4566,117808,4.08,0,11,12,17,1
4567,117820,2.73,0,8,9,12,1
4568,117832,3.83,0,10,11,12,1
4569,117851,5.06,0,13,14,19,1
4570,117873,8.18,0,19,20,22,1
4571,117937,11.36,1,24,25,64,0
4572,117944,1.38,0,5,6,7,1
4573,118009,11.3,1,24,25,65,0
4574,118013,-0.09,0,2,3,4,1
4575,118024,2.79,0,8,9,11,1
4576,118154,3.9,0,23,24,130,1
4577,118206,8.58,0,23,24,52,1
4578,118217,2.24,0,7,8,11,1
4579,118256,6.61,0,18,19,39,1
4580,118291,5.2,0,15,16,35,1
4581,118317,5.74,0,15,16,26,1
4582,118345,7.82,0,19,20,28,1
4583,118352,1.38,0,5,6,7,1
4584,118374,4.88,0,13,14,22,1
4585,118403,6.11,0,16,17,29,1
4586,118437,6.36,0,17,18,34,1
4587,118478,6.49,0,18,19,41,1
4588,118483,0.95,0,4,5,5,1
4589,118487,0.46,0,3,4,4,1
4590,118498,3.34,0,9,10,11,1
4591,118524,6.84,0,17,18,26,1
4592,118562,8.32,0,21,22,38,1
4593,118586,5.31,0,14,15,24,1
4594,118669,10.22,1,24,25,83,0
4595,118679,1.2,0,5,6,10,1
4596,118763,6.66,0,23,24,84,1
4597,118772,2.36,0,7,8,9,1
4598,118785,3.77,0,10,11,13,1
4599,118850,11.3,1,24,25,65,0
4600,118906,11.84,1,24,25,56,0
4601,118909,-0.03,0,2,3,3,1
4602,118920,2.79,0,8,9,11,1
4603,118959,6.06,0,17,18,39,1
4604,118969,3.4,0,9,10,10,1
4605,119021,6.93,0,20,21,52,1
4606,119058,6.73,0,18,19,37,1
4607,119067,1.81,0,6,7,9,1
4608,119077,1.75,0,6,7,10,1
4609,119087,2.85,0,8,9,10,1
4610,119137,8.15,0,22,23,50,1
4611,119196,8.16,0,23,24,59,1
4612,119214,4.02,0,11,12,18,1
4613,119256,8.08,0,21,22,42,1
4614,119273,4.63,0,12,13,17,1
4615,119347,10.76,1,24,25,74,0
4616,119355,1.87,0,6,7,8,1
4617,119377,6.53,0,16,17,22,1
4618,119394,4.08,0,11,12,17,1
4619,119443,7.66,0,21,22,49,1
4620,119457,3.71,0,10,11,14,1
4621,119468,2.79,0,8,9,11,1
4622,119494,7.94,0,19,20,26,1
4623,119529,6.3,0,17,18,35,1
4624,119547,3.47,0,10,11,18,1
4625,119609,11.48,1,24,25,62,0
4626,119613,0.46,0,3,4,4,1
4627,119664,12.14,1,24,25,51,0
4628,119687,5.92,0,15,16,23,1
4629,119717,5.5,0,15,16,30,1
4630,119738,6.04,0,15,16,21,1
4631,119789,8.64,0,23,24,51,1
4632,119834,8.45,0,22,23,45,1
4633,119868,7.46,0,19,20,34,1
4634,119902,7.46,0,19,20,34,1
4635,119940,7.77,0,20,21,38,1
4636,119958,5.12,0,13,14,18,1
4637,119961,-0.03,0,2,3,3,1
4638,119984,4.82,0,13,14,23,1
4639,120001,2.98,0,9,10,17,1
4640,120022,5.49,0,14,15,21,1
4641,120040,5.12,0,13,14,18,1
4642,120041,-1.01,0,0,1,1,1
4643,120056,4.75,0,12,13,15,1
4644,120062,0.89,0,4,5,6,1
4645,120110,7.72,0,21,22,48,1
4646,120114,0.46,0,3,4,4,1
4647,120120,1.44,0,5,6,6,1
4648,120125,0.95,0,4,5,5,1
4649,120140,4.2,0,11,12,15,1
4650,120168,5.62,0,15,16,28,1
4651,120181,3.77,0,10,11,13,1
4652,120204,7.02,0,17,18,23,1
4653,120235,5.99,0,16,17,31,1
4654,120236,-1.01,0,0,1,1,1
4655,120265,7.76,0,19,20,29,1
4656,120287,6.53,0,16,17,22,1
4657,120331,9.06,0,23,24,44,1
4658,120415,6.66,0,23,24,84,1
4659,120431,4.14,0,11,12,16,1
4660,120443,2.18,0,7,8,12,1
4661,120480,6.18,0,17,18,37,1
4662,120524,7.41,0,20,21,44,1
4663,120556,8.68,0,21,22,32,1
4664,120559,-0.03,0,2,3,3,1
4665,120561,-0.52,0,1,2,2,1
4666,120562,-1.01,0,0,1,1,1
4667,120613,12.14,1,24,25,51,0
4668,120619,1.44,0,5,6,6,1
4669,120633,2.61,0,8,9,14,1
4670,120651,3.47,0,10,11,18,1
4671,120663,3.28,0,9,10,12,1
4672,120698,7.4,0,19,20,35,1
4673,120753,7.85,0,22,23,55,1
4674,120809,7.24,0,21,22,56,1
4675,120815,0.89,0,4,5,6,1
4676,120825,1.75,0,6,7,10,1
4677,120877,6.93,0,20,21,52,1
4678,120894,5.73,0,14,15,17,1
4679,120915,5.49,0,14,15,21,1
4680,120923,1.32,0,5,6,8,1
4681,120931,2.42,0,7,8,8,1
4682,120963,5.93,0,16,17,32,1
4683,120966,-0.03,0,2,3,3,1
4684,120988,6.53,0,16,17,22,1
4685,121031,6.37,0,18,19,43,1
4686,121037,1.44,0,5,6,6,1
4687,121041,0.46,0,3,4,4,1
4688,121124,5.07,0,20,21,83,1
4689,121155,7.64,0,19,20,31,1
4690,121169,3.71,0,10,11,14,1
4691,121208,12.86,1,24,25,39,0
4692,121243,7.4,0,19,20,35,1
4693,121290,12.38,1,24,25,47,0
4694,121296,1.44,0,5,6,6,1
4695,121299,-0.03,0,2,3,3,1
4696,121366,7.13,0,22,23,67,1
4697,121373,1.38,0,5,6,7,1
4698,121407,6.36,0,17,18,34,1
4699,121421,4.26,0,11,12,14,1
4700,121423,-0.52,0,1,2,2,1
4701,121439,4.69,0,12,13,16,1
4702,121500,7.49,0,22,23,61,1
4703,121507,1.38,0,5,6,7,1
4704,121564,8.28,0,23,24,57,1
4705,121576,2.73,0,8,9,12,1
4706,121622,6.74,0,19,20,46,1
4707,121649,7.33,0,18,19,27,1
4708,121677,6.72,0,17,18,28,1
4709,121682,0.4,0,3,4,5,1
4710,121697,3.1,0,9,10,15,1
4711,121707,3.4,0,9,10,10,1
4712,121726,5.61,0,14,15,19,1
4713,121730,0.46,0,3,4,4,1
4714,121731,-1.01,0,0,1,1,1
4715,121757,6.84,0,17,18,26,1
4716,121784,5.13,0,14,15,27,1
4717,121792,2.42,0,7,8,8,1
4718,121826,7.46,0,19,20,34,1
4719,121853,4.03,0,12,13,27,1
4720,121856,-0.03,0,2,3,3,1
4721,121916,8.1,0,23,24,60,1
4722,121964,8.82,0,23,24,48,1
4723,121995,5.99,0,16,17,31,1
4724,122004,2.91,0,8,9,9,1
4725,122041,7.83,0,20,21,37,1
4726,122052,3.89,0,10,11,11,1
4727,122060,2.42,0,7,8,8,1
4728,122085,6.35,0,16,17,25,1
4729,122111,7.94,0,19,20,26,1
4730,122136,6.35,0,16,17,25,1
4731,122176,7.1,0,19,20,40,1
4732,122195,5.06,0,13,14,19,1
4733,122196,-1.01,0,0,1,1,1
4734,122225,7.21,0,18,19,29,1
4735,122262,6.73,0,18,19,37,1
4736,122301,8.26,0,21,22,39,1
4737,122308,1.93,0,6,7,7,1
4738,122346,7.22,0,19,20,38,1
4739,122350,0.46,0,3,4,4,1
4740,122368,4.57,0,12,13,18,1
4741,122386,5.67,0,14,15,18,1
4742,122446,11.6,1,24,25,60,0
4743,122448,-0.52,0,1,2,2,1
4744,122453,0.95,0,4,5,5,1
4745,122456,-0.03,0,2,3,3,1
4746,122461,0.4,0,3,4,5,1
4747,122479,4.57,0,12,13,18,1
4748,122495,4.14,0,11,12,16,1
4749,122540,5.7,0,17,18,45,1
4750,122558,6.22,0,15,16,18,1
4751,122589,5.99,0,16,17,31,1
4752,122603,4.26,0,11,12,14,1
4753,122673,11.0,1,24,25,70,0
4754,122676,-0.03,0,2,3,3,1
4755,122717,8.69,0,22,23,41,1
4756,122729,3.83,0,10,11,12,1
4757,122749,6.65,0,16,17,20,1
4758,122858,5.16,0,23,24,109,1
4759,122866,2.42,0,7,8,8,1
4760,122970,5.46,0,23,24,104,1
4761,123049,6.96,0,23,24,79,1
4762,123071,4.88,0,13,14,22,1
4763,123080,2.91,0,8,9,9,1
4764,123090,3.4,0,9,10,10,1
4765,123150,7.55,0,22,23,60,1
4766,123203,12.02,1,24,25,53,0
4767,123218,4.2,0,11,12,15,1
4768,123226,1.87,0,6,7,8,1
4769,123256,7.7,0,19,20,30,1
4770,123260,0.46,0,3,4,4,1
4771,123262,-0.52,0,1,2,2,1
4772,123270,0.22,0,3,4,8,1
4773,123311,5.94,0,17,18,41,1
4774,123342,5.44,0,15,16,31,1
4775,123361,5.06,0,13,14,19,1
4776,123380,5.06,0,13,14,19,1
4777,123419,7.16,0,19,20,39,1
4778,123433,3.16,0,9,10,14,1
4779,123444,2.79,0,8,9,11,1
4780,123497,7.97,0,22,23,53,1
4781,123515,4.02,0,11,12,18,1
4782,123525,2.85,0,8,9,10,1
4783,123571,8.39,0,22,23,46,1
4784,123604,6.97,0,18,19,33,1
4785,123638,8.56,0,21,22,34,1
4786,123642,0.46,0,3,4,4,1
4787,123661,5.61,0,14,15,19,1
4788,123665,-0.09,0,2,3,4,1
4789,123669,0.46,0,3,4,4,1
4790,123671,-0.52,0,1,2,2,1
4791,123674,-0.03,0,2,3,3,1
4792,123742,7.62,0,23,24,68,1
4793,123776,8.01,0,20,21,34,1
4794,123777,-1.01,0,0,1,1,1
4795,123784,1.38,0,5,6,7,1
4796,123800,5.79,0,14,15,16,1
4797,123852,12.08,1,24,25,52,0
4798,123878,6.29,0,16,17,26,1
4799,123936,8.22,0,23,24,58,1
4800,123972,5.69,0,16,17,36,1
4801,124013,8.14,0,21,22,41,1
4802,124024,2.24,0,7,8,11,1
4803,124026,-0.52,0,1,2,2,1
4804,124044,4.57,0,12,13,18,1
4805,124065,6.04,0,15,16,21,1
4806,124092,5.68,0,15,16,27,1
4807,124111,6.16,0,15,16,19,1
4808,124187,7.14,0,23,24,76,1
4809,124189,-0.52,0,1,2,2,1
4810,124199,2.85,0,8,9,10,1
4811,124316,4.68,0,23,24,117,1
4812,124355,12.86,1,24,25,39,0
4813,124387,7.58,0,19,20,32,1
4814,124399,3.83,0,10,11,12,1
4815,124433,7.46,0,19,20,34,1
4816,124450,3.53,0,10,11,17,1
4817,124495,9.0,0,23,24,45,1
4818,124503,2.42,0,7,8,8,1
4819,124538,6.3,0,17,18,35,1
4820,124562,6.41,0,16,17,24,1
4821,124612,8.15,0,22,23,50,1
4822,124625,3.77,0,10,11,13,1
4823,124640,5.3,0,13,14,15,1
4824,124662,5.43,0,14,15,22,1
4825,124684,5.98,0,15,16,22,1
4826,124716,7.03,0,18,19,32,1
4827,124717,-1.01,0,0,1,1,1
4828,124763,7.29,0,20,21,46,1
4829,124772,1.81,0,6,7,9,1
4830,124786,2.61,0,8,9,14,1
4831,124826,6.0,0,17,18,40,1
4832,124829,-0.03,0,2,3,3,1
4833,124886,7.73,0,22,23,57,1
4834,124954,7.62,0,23,24,68,1
4835,124955,-1.01,0,0,1,1,1
4836,124973,4.57,0,12,13,18,1
4837,125032,8.16,0,23,24,59,1
4838,125070,6.67,0,18,19,38,1
4839,125094,5.86,0,15,16,24,1
4840,125149,11.9,1,24,25,55,0
4841,125250,5.09,0,22,23,101,1
4842,125263,2.12,0,7,8,13,1
4843,125298,7.4,0,19,20,35,1
4844,125312,5.36,0,13,14,14,1
4845,125317,0.95,0,4,5,5,1
4846,125342,6.35,0,16,17,25,1
4847,125347,0.95,0,4,5,5,1
4848,125386,7.16,0,19,20,39,1
4849,125398,2.18,0,7,8,12,1
4850,125427,5.01,0,14,15,29,1
4851,125478,7.54,0,21,22,51,1
4852,125486,1.32,0,5,6,8,1
4853,125521,6.85,0,18,19,35,1
4854,125539,2.92,0,9,10,18,1
4855,125545,1.44,0,5,6,6,1
4856,125566,6.04,0,15,16,21,1
4857,125577,2.24,0,7,8,11,1
4858,125592,4.2,0,11,12,15,1
4859,125642,6.5,0,19,20,50,1
4860,125679,7.83,0,20,21,37,1
4861,125723,7.96,0,21,22,44,1
4862,125742,3.96,0,11,12,19,1
4863,125773,8.74,0,21,22,31,1
4864,125790,4.63,0,12,13,17,1
4865,125806,4.69,0,12,13,16,1
4866,125847,7.59,0,20,21,41,1
4867,125849,-0.52,0,1,2,2,1
4868,125883,8.01,0,20,21,34,1
4869,125896,2.12,0,7,8,13,1
4870,125899,-0.03,0,2,3,3,1
4871,125901,-0.52,0,1,2,2,1
4872,125945,9.06,0,23,24,44,1
4873,125959,3.71,0,10,11,14,1
4874,125967,1.87,0,6,7,8,1
4875,125969,-0.52,0,1,2,2,1
4876,126008,12.86,1,24,25,39,0
4877,126044,6.24,0,17,18,36,1
4878,126054,2.3,0,7,8,10,1
4879,126055,-1.01,0,0,1,1,1
4880,126088,6.42,0,17,18,33,1
4881,126129,8.14,0,21,22,41,1
4882,126186,11.78,1,24,25,57,0
4883,126247,6.39,0,20,21,61,1
4884,126262,4.75,0,12,13,15,1
4885,126285,4.27,0,12,13,23,1
4886,126290,0.95,0,4,5,5,1
4887,126338,7.72,0,21,22,48,1
4888,126359,6.59,0,16,17,21,1
4889,126423,7.86,0,23,24,64,1
4890,126495,10.88,1,24,25,72,0
4891,126514,5.61,0,14,15,19,1
4892,126524,2.3,0,7,8,10,1
4893,126564,8.2,0,21,22,40,1
4894,126588,5.31,0,14,15,24,1
4895,126614,5.74,0,15,16,26,1
4896,126659,6.25,0,18,19,45,1
4897,126686,7.33,0,18,19,27,1
4898,126702,5.24,0,13,14,16,1
4899,126724,7.08,0,17,18,22,1
4900,126782,11.72,1,24,25,58,0
4901,126793,3.34,0,9,10,11,1
4902,126867,7.26,0,23,24,74,1
4903,126899,7.03,0,18,19,32,1
4904,126925,5.19,0,14,15,26,1
4905,126982,7.18,0,21,22,57,1
4906,127003,4.94,0,13,14,21,1
4907,127027,6.41,0,16,17,24,1
4908,127065,6.67,0,18,19,38,1
4909,127075,3.4,0,9,10,10,1
4910,127087,3.28,0,9,10,12,1
4911,127088,-1.01,0,0,1,1,1
4912,127092,0.46,0,3,4,4,1
4913,127123,7.09,0,18,19,31,1
4914,127165,6.98,0,19,20,42,1
4915,127206,7.04,0,19,20,41,1
4916,127213,1.38,0,5,6,7,1
4917,127230,5.73,0,14,15,17,1
4918,127294,7.86,0,23,24,64,1
4919,127335,8.14,0,21,22,41,1
4920,127358,5.92,0,15,16,23,1
4921,127383,6.9,0,17,18,25,1
4922,127400,5.18,0,13,14,17,1
4923,127411,2.79,0,8,9,11,1
4924,127445,6.91,0,18,19,34,1
4925,127476,6.54,0,17,18,31,1
4926,127547,7.44,0,23,24,71,1
4927,127580,8.62,0,21,22,33,1
4928,127608,7.82,0,19,20,28,1
4929,127614,1.44,0,5,6,6,1
4930,127642,6.72,0,17,18,28,1
4931,127649,1.93,0,6,7,7,1
4932,127671,4.88,0,13,14,22,1
4933,127691,5.0,0,13,14,20,1
4934,127696,0.4,0,3,4,5,1
4935,127736,6.0,0,17,18,40,1
4936,127748,3.28,0,9,10,12,1
4937,127757,2.91,0,8,9,9,1
4938,127768,3.34,0,9,10,11,1
4939,127776,2.42,0,7,8,8,1
4940,127811,6.85,0,18,19,35,1
4941,127882,10.94,1,24,25,71,0
4942,127925,7.47,0,20,21,43,1
4943,127926,-1.01,0,0,1,1,1
4944,127940,3.71,0,10,11,14,1
4945,127965,4.7,0,13,14,25,1
4946,127986,4.94,0,13,14,21,1
4947,128005,3.96,0,11,12,19,1
4948,128013,1.87,0,6,7,8,1
4949,128035,3.78,0,11,12,22,1
4950,128036,-1.01,0,0,1,1,1
4951,128088,7.48,0,21,22,52,1
4952,128153,7.25,0,22,23,65,1
4953,128155,-0.52,0,1,2,2,1
4954,128160,0.4,0,3,4,5,1
4955,128169,2.36,0,7,8,9,1
4956,128208,8.26,0,21,22,39,1
4957,128265,11.78,1,24,25,57,0
4958,128279,3.71,0,10,11,14,1
4959,128281,-0.52,0,1,2,2,1
4960,128295,3.71,0,10,11,14,1
4961,128364,7.56,0,23,24,69,1
4962,128368,0.46,0,3,4,4,1
4963,128382,3.71,0,10,11,14,1
4964,128451,11.06,1,24,25,69,0
4965,128487,8.44,0,21,22,36,1
4966,128566,10.46,1,24,25,79,0
4967,128570,0.46,0,3,4,4,1
4968,128604,6.91,0,18,19,34,1
4969,128605,-1.01,0,0,1,1,1
4970,128615,2.3,0,7,8,10,1
4971,128749,3.66,0,23,24,134,1
4972,128806,8.28,0,23,24,57,1
4973,128814,1.87,0,6,7,8,1
4974,128834,5.0,0,13,14,20,1
4975,128862,8.37,0,20,21,28,1
4976,128898,6.24,0,17,18,36,1
4977,128915,4.08,0,11,12,17,1
4978,128922,0.83,0,4,5,7,1
4979,128924,-0.52,0,1,2,2,1
4980,128925,-1.01,0,0,1,1,1
4981,128972,8.33,0,22,23,47,1
4982,128983,2.24,0,7,8,11,1
4983,129020,8.38,0,21,22,37,1
4984,129039,4.51,0,12,13,19,1
4985,129087,8.82,0,23,24,48,1
4986,129131,6.31,0,18,19,44,1
4987,129144,4.32,0,11,12,13,1
4988,129176,6.48,0,17,18,32,1
4989,129182,0.89,0,4,5,6,1
4990,129203,5.49,0,14,15,21,1
4991,129206,-0.03,0,2,3,3,1
4992,129241,6.85,0,18,19,35,1
4993,129300,8.16,0,23,24,59,1
4994,129303,-0.03,0,2,3,3,1
4995,129356,6.87,0,20,21,53,1
4996,129366,3.4,0,9,10,10,1
4997,129372,1.44,0,5,6,6,1
4998,129375,-0.03,0,2,3,3,1
4999,129433,7.67,0,22,23,58,1
5000,129459,5.19,0,14,15,26,1
5001,129470,3.34,0,9,10,11,1
5002,129501,7.09,0,18,19,31,1
5003,129502,-1.01,0,0,1,1,1
5004,129507,-0.15,0,2,3,5,1
5005,129521,2.61,0,8,9,14,1
5006,129552,7.09,0,18,19,31,1
5007,129568,4.14,0,11,12,16,1
5008,129612,7.96,0,21,22,44,1
5009,129624,4.38,0,11,12,12,1
5010,129697,10.82,1,24,25,73,0
5011,129757,7.0,0,21,22,60,1
5012,129819,7.98,0,23,24,62,1
5013,129842,4.27,0,12,13,23,1
5014,129869,7.88,0,19,20,27,1
5015,129914,8.45,0,22,23,45,1
5016,129923,2.36,0,7,8,9,1
5017,129941,5.67,0,14,15,18,1
5018,129977,6.79,0,18,19,36,1
5019,129994,4.63,0,12,13,17,1
5020,130001,1.93,0,6,7,7,1
5021,130024,6.47,0,16,17,23,1
5022,130039,3.65,0,10,11,15,1
5023,130058,5.61,0,14,15,19,1
5024,130060,-0.52,0,1,2,2,1
5025,130087,6.78,0,17,18,27,1
5026,130102,4.2,0,11,12,15,1
5027,130105,-0.03,0,2,3,3,1
5028,130117,2.73,0,8,9,12,1
5029,130119,-0.52,0,1,2,2,1
5030,130131,3.83,0,10,11,12,1
5031,130162,7.64,0,19,20,31,1
5032,130174,2.18,0,7,8,12,1
5033,130177,-0.03,0,2,3,3,1
5034,130181,0.46,0,3,4,4,1
5035,130186,0.95,0,4,5,5,1
5036,130194,1.87,0,6,7,8,1
5037,130244,5.95,0,18,19,50,1
5038,130249,0.95,0,4,5,5,1
5039,130256,1.93,0,6,7,7,1
5040,130273,4.63,0,12,13,17,1
5041,130293,6.1,0,15,16,20,1
5042,130301,1.87,0,6,7,8,1
5043,130312,3.34,0,9,10,11,1
5044,130316,0.46,0,3,4,4,1
5045,130322,0.34,0,3,4,6,1
5046,130335,4.32,0,11,12,13,1
5047,130373,7.22,0,19,20,38,1
5048,130387,4.26,0,11,12,14,1
5049,130396,2.36,0,7,8,9,1
5050,130452,6.69,0,20,21,56,1
5051,130453,-1.01,0,0,1,1,1
5052,130454,-1.01,0,0,1,1,1
5053,130511,11.78,1,24,25,57,0
5054,130517,0.34,0,3,4,6,1
5055,130528,3.89,0,10,11,11,1
5056,130572,7.41,0,20,21,44,1
5057,130575,-0.03,0,2,3,3,1
5058,130649,6.71,0,22,23,74,1
5059,130701,12.08,1,24,25,52,0
5060,130707,0.89,0,4,5,6,1
5061,130752,12.5,1,24,25,45,0
5062,130767,4.2,0,11,12,15,1
5063,130785,4.57,0,12,13,18,1
5064,130824,7.71,0,20,21,39,1
5065,130854,6.05,0,16,17,30,1
5066,130855,-1.01,0,0,1,1,1
5067,130864,1.26,0,5,6,9,1
5068,130865,-1.01,0,0,1,1,1
5069,130901,6.79,0,18,19,36,1
5070,130944,7.47,0,20,21,43,1
5071,130998,8.46,0,23,24,54,1
5072,131036,7.22,0,19,20,38,1
5073,131041,0.95,0,4,5,5,1
5074,131045,0.46,0,3,4,4,1
5075,131082,6.73,0,18,19,37,1
5076,131095,3.22,0,9,10,13,1
5077,131100,0.95,0,4,5,5,1
5078,131113,4.32,0,11,12,13,1
5079,131119,1.44,0,5,6,6,1
5080,131128,2.36,0,7,8,9,1
5081,131134,1.44,0,5,6,6,1
5082,131187,8.52,0,23,24,53,1
5083,131251,7.31,0,22,23,64,1
5084,131260,2.91,0,8,9,9,1
5085,131266,1.44,0,5,6,6,1
5086,131324,6.02,0,19,20,58,1
5087,131345,4.39,0,12,13,21,1
5088,131348,-0.03,0,2,3,3,1
5089,131431,10.22,1,24,25,83,0
5090,131475,7.96,0,21,22,44,1
5091,131476,-1.01,0,0,1,1,1
5092,131481,0.4,0,3,4,5,1
5093,131555,10.76,1,24,25,74,0
5094,131588,6.97,0,18,19,33,1
5095,131619,7.64,0,19,20,31,1
5096,131717,9.32,1,24,25,98,0
5097,131732,3.1,0,9,10,15,1
5098,131742,3.4,0,9,10,10,1
5099,131746,-0.09,0,2,3,4,1
5100,131808,11.48,1,24,25,62,0
5101,131862,7.91,0,22,23,54,1
5102,131915,7.97,0,22,23,53,1
5103,131952,8.93,0,22,23,37,1
5104,131999,8.33,0,22,23,47,1
5105,132037,8.32,0,21,22,38,1
5106,132057,5.55,0,14,15,20,1
5107,132068,1.69,0,6,7,11,1
5108,132084,4.69,0,12,13,16,1
5109,132098,3.71,0,10,11,14,1
5110,132130,7.58,0,19,20,32,1
5111,132135,0.95,0,4,5,5,1
5112,132140,0.95,0,4,5,5,1
5113,132184,7.41,0,20,21,44,1
5114,132189,0.95,0,4,5,5,1
5115,132199,1.75,0,6,7,10,1
5116,132208,2.36,0,7,8,9,1
5117,132210,-0.52,0,1,2,2,1
5118,132220,2.3,0,7,8,10,1
5119,132258,8.87,0,22,23,38,1
5120,132267,2.91,0,8,9,9,1
5121,132275,2.42,0,7,8,8,1
5122,132300,7.45,0,18,19,25,1
5123,132310,2.85,0,8,9,10,1
5124,132321,3.34,0,9,10,11,1
5125,132406,6.05,0,22,23,85,1
5126,132463,7.73,0,22,23,57,1
5127,132466,-0.03,0,2,3,3,1
5128,132536,6.4,0,21,22,70,1
5129,132538,-0.52,0,1,2,2,1
5130,132574,6.79,0,18,19,36,1
5131,132583,2.91,0,8,9,9,1
5132,132632,7.66,0,21,22,49,1
5133,132642,2.85,0,8,9,10,1
5134,132655,4.87,0,12,13,13,1
5135,132673,5.67,0,14,15,18,1
5136,132695,5.98,0,15,16,22,1
5137,132759,7.31,0,22,23,64,1
5138,132782,7.02,0,17,18,23,1
5139,132820,5.57,0,16,17,38,1
5140,132822,-0.52,0,1,2,2,1
5141,132834,2.73,0,8,9,12,1
5142,132849,4.75,0,12,13,15,1
5143,132852,-0.03,0,2,3,3,1
5144,132868,3.59,0,10,11,16,1
5145,132959,5.69,0,22,23,91,1
5146,133024,11.3,1,24,25,65,0
5147,133049,6.35,0,16,17,25,1
5148,133071,4.88,0,13,14,22,1
5149,133090,5.61,0,14,15,19,1
5150,133094,0.46,0,3,4,4,1
5151,133239,3.0,0,23,24,145,1
5152,133310,6.34,0,21,22,71,1
5153,133330,6.1,0,15,16,20,1
5154,133373,8.02,0,21,22,43,1
5155,133379,0.89,0,4,5,6,1
5156,133388,1.81,0,6,7,9,1
5157,133392,0.46,0,3,4,4,1
5158,133394,-0.52,0,1,2,2,1
5159,133418,4.76,0,13,14,24,1
5160,133436,2.37,0,8,9,18,1
5161,133440,-0.09,0,2,3,4,1
5162,133442,-0.52,0,1,2,2,1
5163,133443,-1.01,0,0,1,1,1
5164,133445,-0.52,0,1,2,2,1
5165,133475,6.6,0,17,18,30,1
5166,133545,7.5,0,23,24,70,1
5167,133573,6.72,0,17,18,28,1
5168,133582,1.81,0,6,7,9,1
5169,133683,5.09,0,22,23,101,1
5170,133688,0.95,0,4,5,5,1
5171,133739,6.99,0,20,21,51,1
5172,133758,5.06,0,13,14,19,1
5173,133801,9.12,0,23,24,43,1
5174,133820,5.06,0,13,14,19,1
5175,133847,6.78,0,17,18,27,1
5176,133857,2.85,0,8,9,10,1
5177,133870,3.77,0,10,11,13,1
5178,133873,-0.03,0,2,3,3,1
5179,133894,6.04,0,15,16,21,1
5180,133896,-0.52,0,1,2,2,1
5181,133921,6.35,0,16,17,25,1
5182,133950,7.76,0,19,20,29,1
5183,133966,3.59,0,10,11,16,1
5184,134047,6.84,0,23,24,81,1
5185,134057,2.85,0,8,9,10,1
5186,134067,2.85,0,8,9,10,1
5187,134070,-0.03,0,2,3,3,1
5188,134078,2.42,0,7,8,8,1
5189,134086,0.77,0,4,5,8,1
5190,134150,11.36,1,24,25,64,0
5191,134161,1.14,0,5,6,11,1
5192,134188,6.78,0,17,18,27,1
5193,134193,0.4,0,3,4,5,1
5194,134260,7.68,0,23,24,67,1
5195,134323,7.37,0,22,23,63,1
5196,134372,8.21,0,22,23,49,1
5197,134399,6.23,0,16,17,27,1
5198,134402,-0.03,0,2,3,3,1
5199,134414,2.73,0,8,9,12,1
5200,134470,6.14,0,19,20,56,1
5201,134512,6.98,0,19,20,42,1
5202,134524,2.18,0,7,8,12,1
5203,134569,7.9,0,21,22,45,1
5204,134582,3.77,0,10,11,13,1
5205,134627,8.45,0,22,23,45,1
5206,134645,4.57,0,12,13,18,1
5207,134661,4.69,0,12,13,16,1
5208,134704,6.92,0,19,20,43,1
5209,134714,2.85,0,8,9,10,1
5210,134731,4.08,0,11,12,17,1
5211,134743,3.28,0,9,10,12,1
5212,134783,7.65,0,20,21,40,1
5213,134784,-1.01,0,0,1,1,1
5214,134826,6.43,0,18,19,42,1
5215,134847,6.04,0,15,16,21,1
5216,134854,0.83,0,4,5,7,1
5217,134862,1.32,0,5,6,8,1
5218,134885,4.27,0,12,13,23,1
5219,134891,1.44,0,5,6,6,1
5220,134913,5.98,0,15,16,22,1
5221,134923,2.85,0,8,9,10,1
5222,134928,0.95,0,4,5,5,1
5223,134957,4.46,0,13,14,29,1
5224,134962,0.4,0,3,4,5,1
5225,134970,0.77,0,4,5,8,1
5226,134972,-0.52,0,1,2,2,1
5227,134984,3.28,0,9,10,12,1
5228,135043,5.96,0,19,20,59,1
5229,135088,6.8,0,19,20,45,1
5230,135106,4.02,0,11,12,18,1
5231,135121,3.1,0,9,10,15,1
5232,135127,1.44,0,5,6,6,1
5233,135129,-0.52,0,1,2,2,1
5234,135144,4.2,0,11,12,15,1
5235,135180,8.99,0,22,23,36,1
5236,135211,6.54,0,17,18,31,1
5237,135248,7.28,0,19,20,37,1
5238,135252,0.46,0,3,4,4,1
5239,135277,7.45,0,18,19,25,1
5240,135281,0.46,0,3,4,4,1
5241,135371,6.3,0,23,24,90,1
5242,135391,5.55,0,14,15,20,1
5243,135397,1.44,0,5,6,6,1
5244,135427,7.7,0,19,20,30,1
5245,135482,6.75,0,20,21,55,1
5246,135493,3.89,0,10,11,11,1
5247,135496,-0.03,0,2,3,3,1
5248,135499,-0.03,0,2,3,3,1
5249,135521,5.43,0,14,15,22,1
5250,135532,2.24,0,7,8,11,1
5251,135581,7.66,0,21,22,49,1
5252,135597,4.69,0,12,13,16,1
5253,135628,7.09,0,18,19,31,1
5254,135651,5.37,0,14,15,23,1
5255,135673,5.98,0,15,16,22,1
5256,135724,12.14,1,24,25,51,0
5257,135752,6.72,0,17,18,28,1
5258,135779,5.13,0,14,15,27,1
5259,135806,5.68,0,15,16,27,1
5260,135985,0.96,0,23,24,179,1
5261,135998,3.77,0,10,11,13,1
5262,136048,8.15,0,22,23,50,1
5263,136058,2.85,0,8,9,10,1
5264,136069,3.89,0,10,11,11,1
5265,136148,10.46,1,24,25,79,0
5266,136222,10.76,1,24,25,74,0
5267,136275,6.32,0,19,20,53,1
5268,136298,6.47,0,16,17,23,1
5269,136301,-0.03,0,2,3,3,1
5270,136327,6.84,0,17,18,26,1
5271,136346,4.51,0,12,13,19,1
5272,136383,7.28,0,19,20,37,1
5273,136441,11.72,1,24,25,58,0
5274,136474,7.52,0,19,20,33,1
5275,136506,7.58,0,19,20,32,1
5276,136530,5.86,0,15,16,24,1
5277,136550,5.55,0,14,15,20,1
5278,136564,4.26,0,11,12,14,1
5279,136569,0.4,0,3,4,5,1
5280,136678,8.66,1,24,25,109,0
5281,136692,5.36,0,13,14,14,1
5282,136736,7.96,0,21,22,44,1
5283,136759,7.02,0,17,18,23,1
5284,136795,7.89,0,20,21,36,1
5285,136819,5.86,0,15,16,24,1
5286,136843,5.31,0,14,15,24,1
5287,136871,7.27,0,18,19,28,1
5288,136891,5.55,0,14,15,20,1
5289,136933,7.53,0,20,21,42,1
5290,136939,1.44,0,5,6,6,1
5291,136941,-0.52,0,1,2,2,1
5292,136951,2.3,0,7,8,10,1
5293,136968,4.63,0,12,13,17,1
5294,137014,5.09,0,16,17,46,1
5295,137055,9.24,0,23,24,41,1
5296,137111,7.79,0,22,23,56,1
5297,137131,6.65,0,16,17,20,1
5298,137145,3.71,0,10,11,14,1
5299,137166,2.74,0,9,10,21,1
5300,137178,3.83,0,10,11,12,1
5301,137185,1.93,0,6,7,7,1
5302,137206,5.49,0,14,15,21,1
5303,137225,5.61,0,14,15,19,1
5304,137258,6.42,0,17,18,33,1
5305,137260,-0.52,0,1,2,2,1
5306,137274,4.26,0,11,12,14,1
5307,137329,8.4,0,23,24,55,1
5308,137342,3.77,0,10,11,13,1
5309,137387,7.9,0,21,22,45,1
5310,137391,0.46,0,3,4,4,1
5311,137427,6.24,0,17,18,36,1
5312,137430,-0.03,0,2,3,3,1
5313,137444,4.26,0,11,12,14,1
5314,137502,6.57,0,20,21,58,1
5315,137548,7.29,0,20,21,46,1
5316,137557,2.36,0,7,8,9,1
5317,137586,7.21,0,18,19,29,1
5318,137644,7.12,0,21,22,58,1
5319,137647,-0.03,0,2,3,3,1
5320,137662,5.3,0,13,14,15,1
5321,137690,6.17,0,16,17,28,1
5322,137699,1.81,0,6,7,9,1
5323,137722,5.37,0,14,15,23,1
5324,137765,8.02,0,21,22,43,1
5325,137784,4.51,0,12,13,19,1
5326,137788,-0.09,0,2,3,4,1
5327,137793,0.95,0,4,5,5,1
5328,137814,4.94,0,13,14,21,1
5329,137823,2.36,0,7,8,9,1
5330,137832,2.36,0,7,8,9,1
5331,137859,4.03,0,12,13,27,1
5332,137885,5.19,0,14,15,26,1
5333,137908,7.02,0,17,18,23,1
5334,137909,-1.01,0,0,1,1,1
5335,137916,1.93,0,6,7,7,1
5336,137953,8.38,0,21,22,37,1
5337,137978,6.9,0,17,18,25,1
5338,137979,-1.01,0,0,1,1,1
5339,138003,7.51,0,18,19,24,1
5340,138037,5.81,0,16,17,34,1
5341,138051,4.26,0,11,12,14,1
5342,138057,1.44,0,5,6,6,1
5343,138085,5.62,0,15,16,28,1
5344,138090,0.95,0,4,5,5,1
5345,138112,6.53,0,16,17,22,1
5346,138181,6.46,0,21,22,69,1
5347,138185,0.46,0,3,4,4,1
5348,138261,6.59,0,22,23,76,1
5349,138318,8.28,0,23,24,57,1
5350,138357,7.16,0,19,20,39,1
5351,138370,4.32,0,11,12,13,1
5352,138496,7.64,1,24,25,126,0
5353,138510,3.16,0,9,10,14,1
5354,138514,0.46,0,3,4,4,1
5355,138542,5.62,0,15,16,28,1
5356,138557,5.3,0,13,14,15,1
5357,138583,6.29,0,16,17,26,1
5358,138632,7.66,0,21,22,49,1
5359,138645,3.77,0,10,11,13,1
5360,138675,8.25,0,20,21,30,1
5361,138712,7.28,0,19,20,37,1
5362,138740,5.62,0,15,16,28,1
5363,138758,4.57,0,12,13,18,1
5364,138821,7.37,0,22,23,63,1
5365,138839,4.02,0,11,12,18,1
5366,138850,3.89,0,10,11,11,1
5367,138885,7.4,0,19,20,35,1
5368,138889,0.46,0,3,4,4,1
5369,138901,3.28,0,9,10,12,1
5370,138907,0.89,0,4,5,6,1
5371,138936,6.66,0,17,18,29,1
5372,138942,1.44,0,5,6,6,1
5373,138945,-0.03,0,2,3,3,1
5374,138961,3.04,0,9,10,16,1
5375,139018,7.73,0,22,23,57,1
5376,139039,5.49,0,14,15,21,1
5377,139044,0.4,0,3,4,5,1
5378,139048,0.46,0,3,4,4,1
5379,139095,8.33,0,22,23,47,1
5380,139107,2.18,0,7,8,12,1
5381,139112,0.95,0,4,5,5,1
5382,139118,0.89,0,4,5,6,1
5383,139175,7.73,0,22,23,57,1
5384,139211,6.79,0,18,19,36,1
5385,139245,6.91,0,18,19,34,1
5386,139381,7.04,1,24,25,136,0
5387,139382,-1.01,0,0,1,1,1
5388,139391,2.36,0,7,8,9,1
5389,139410,4.51,0,12,13,19,1
5390,139425,4.2,0,11,12,15,1
5391,139441,4.14,0,11,12,16,1
5392,139452,3.34,0,9,10,11,1
5393,139512,8.1,0,23,24,60,1
5394,139551,6.61,0,18,19,39,1
5395,139565,3.16,0,9,10,14,1
5396,139593,6.17,0,16,17,28,1
5397,139600,1.93,0,6,7,7,1
5398,139614,4.81,0,12,13,14,1
5399,139644,8.8,0,21,22,30,1
5400,139669,5.8,0,15,16,25,1
5401,139705,7.34,0,19,20,36,1
5402,139720,3.65,0,10,11,15,1
5403,139737,4.08,0,11,12,17,1
5404,139745,1.87,0,6,7,8,1
5405,139764,6.71,0,16,17,19,1
5406,139835,7.44,0,23,24,71,1
5407,139843,1.87,0,6,7,8,1
5408,139855,3.83,0,10,11,12,1
5409,139902,7.78,0,21,22,47,1
5410,139912,3.4,0,9,10,10,1
5411,139931,4.51,0,12,13,19,1
5412,139933,-0.52,0,1,2,2,1
5413,139986,8.52,0,23,24,53,1
5414,140002,3.59,0,10,11,16,1
5415,140006,0.46,0,3,4,4,1
5416,140095,6.36,0,23,24,89,1
5417,140181,6.54,0,23,24,86,1
5418,140201,6.1,0,15,16,20,1
5419,140223,7.08,0,17,18,22,1
5420,140246,6.47,0,16,17,23,1
5421,140249,-0.03,0,2,3,3,1
5422,140289,7.65,0,20,21,40,1
5423,140364,7.2,0,23,24,75,1
5424,140367,-0.58,0,1,2,3,1
5425,140371,0.46,0,3,4,4,1
5426,140498,7.58,1,24,25,127,0
5427,140518,4.45,0,12,13,20,1
5428,140522,0.46,0,3,4,4,1
5429,140547,6.35,0,16,17,25,1
5430,140576,4.46,0,13,14,29,1
5431,140588,3.28,0,9,10,12,1
5432,140619,7.09,0,18,19,31,1
5433,140684,7.25,0,22,23,65,1
5434,140702,5.67,0,14,15,18,1
5435,140711,2.91,0,8,9,9,1
5436,140772,6.94,0,21,22,61,1
5437,140778,0.89,0,4,5,6,1
5438,140827,7.11,0,20,21,49,1
5439,140845,5.12,0,13,14,18,1
5440,140854,2.91,0,8,9,9,1
5441,140932,7.02,0,23,24,78,1
5442,140956,6.41,0,16,17,24,1
5443,140966,3.4,0,9,10,10,1
5444,141037,7.44,0,23,24,71,1
5445,141058,7.14,0,17,18,21,1
5446,141124,7.74,0,23,24,66,1
5447,141187,11.42,1,24,25,63,0
5448,141189,-0.52,0,1,2,2,1
5449,141201,3.28,0,9,10,12,1
5450,141247,8.94,0,23,24,46,1
5451,141288,5.94,0,17,18,41,1
5452,141310,4.88,0,13,14,22,1
5453,141321,3.34,0,9,10,11,1
5454,141393,5.73,0,20,21,72,1
5455,141440,8.33,0,22,23,47,1
5456,141453,3.22,0,9,10,13,1
5457,141500,8.33,0,22,23,47,1
5458,141506,0.89,0,4,5,6,1
5459,141507,-1.01,0,0,1,1,1
5460,141524,4.08,0,11,12,17,1
5461,141526,-0.52,0,1,2,2,1
5462,141534,2.42,0,7,8,8,1
5463,141545,1.69,0,6,7,11,1
5464,141561,4.69,0,12,13,16,1
5465,141612,8.09,0,22,23,51,1
5466,141639,5.68,0,15,16,27,1
5467,141657,5.67,0,14,15,18,1
5468,141680,4.82,0,13,14,23,1
5469,141699,5.61,0,14,15,19,1
5470,141712,3.22,0,9,10,13,1
5471,141714,-0.52,0,1,2,2,1
5472,141755,6.49,0,18,19,41,1
5473,141776,5.49,0,14,15,21,1
5474,141797,4.94,0,13,14,21,1
5475,141847,7.6,0,21,22,50,1
5476,141860,4.32,0,11,12,13,1
5477,141883,6.47,0,16,17,23,1
5478,141908,5.8,0,15,16,25,1
5479,141950,6.98,0,19,20,42,1
5480,141985,6.85,0,18,19,35,1
5481,142024,8.26,0,21,22,39,1
5482,142049,5.25,0,14,15,25,1
5483,142072,5.92,0,15,16,23,1
5484,142073,-1.01,0,0,1,1,1
5485,142095,5.43,0,14,15,22,1
5486,142118,5.37,0,14,15,23,1
5487,142170,7.48,0,21,22,52,1
5488,142185,4.2,0,11,12,15,1
5489,142186,-1.01,0,0,1,1,1
5490,142193,1.93,0,6,7,7,1
5491,142220,7.33,0,18,19,27,1
5492,142239,5.61,0,14,15,19,1
5493,142248,1.81,0,6,7,9,1
5494,142253,0.4,0,3,4,5,1
5495,142311,6.57,0,20,21,58,1
5496,142319,1.87,0,6,7,8,1
5497,142392,10.82,1,24,25,73,0
5498,142436,8.51,0,22,23,44,1
5499,142455,5.06,0,13,14,19,1
5500,142485,6.6,0,17,18,30,1
5501,142513,7.82,0,19,20,28,1
5502,142601,9.92,1,24,25,88,0
5503,142606,0.95,0,4,5,5,1
5504,142622,4.14,0,11,12,16,1
5505,142634,3.28,0,9,10,12,1
5506,142646,3.83,0,10,11,12,1
5507,142683,6.73,0,18,19,37,1
5508,142714,4.89,0,14,15,31,1
5509,142739,4.7,0,13,14,25,1
5510,142760,5.49,0,14,15,21,1
5511,142793,5.32,0,15,16,33,1
5512,142794,-1.01,0,0,1,1,1
5513,142796,-0.52,0,1,2,2,1
5514,142813,4.63,0,12,13,17,1
5515,142824,2.79,0,8,9,11,1
5516,142846,4.33,0,12,13,22,1
5517,142851,0.95,0,4,5,5,1
5518,142868,4.63,0,12,13,17,1
5519,142872,0.46,0,3,4,4,1
5520,142894,5.43,0,14,15,22,1
5521,142903,1.81,0,6,7,9,1
5522,142946,12.62,1,24,25,43,0
5523,142974,7.27,0,18,19,28,1
5524,142975,-1.01,0,0,1,1,1
5525,143017,8.08,0,21,22,42,1
5526,143028,1.69,0,6,7,11,1
5527,143050,6.53,0,16,17,22,1
5528,143054,0.46,0,3,4,4,1
5529,143067,2.12,0,7,8,13,1
5530,143110,8.57,0,22,23,43,1
5531,143151,8.69,0,22,23,41,1
5532,143157,1.44,0,5,6,6,1
5533,143211,8.46,0,23,24,54,1
5534,143266,7.85,0,22,23,55,1
5535,143279,4.32,0,11,12,13,1
5536,143316,7.83,0,20,21,37,1
5537,143326,3.4,0,9,10,10,1
5538,143341,4.75,0,12,13,15,1
5539,143369,7.82,0,19,20,28,1
5540,143430,11.54,1,24,25,61,0
5541,143462,7.03,0,18,19,32,1
5542,143559,5.33,0,22,23,97,1
5543,143562,-0.03,0,2,3,3,1
5544,143584,5.98,0,15,16,22,1
5545,143593,2.91,0,8,9,9,1
5546,143596,-0.03,0,2,3,3,1
5547,143635,7.16,0,19,20,39,1
5548,143665,8.25,0,20,21,30,1
5549,143699,6.36,0,17,18,34,1
5550,143726,7.33,0,18,19,27,1
5551,143767,7.04,0,19,20,41,1
5552,143771,0.46,0,3,4,4,1
5553,143774,-0.03,0,2,3,3,1
5554,143786,3.83,0,10,11,12,1
5555,143793,1.93,0,6,7,7,1
5556,143821,7.82,0,19,20,28,1
5557,143881,11.6,1,24,25,60,0
5558,143900,5.61,0,14,15,19,1
5559,143901,-1.01,0,0,1,1,1
5560,143911,2.3,0,7,8,10,1
5561,143959,7.17,0,20,21,48,1
5562,143962,-0.03,0,2,3,3,1
5563,143994,8.68,0,21,22,32,1
5564,144026,7.03,0,18,19,32,1
5565,144045,5.06,0,13,14,19,1
5566,144049,0.46,0,3,4,4,1
5567,144061,2.18,0,7,8,12,1
5568,144076,4.2,0,11,12,15,1
5569,144144,7.62,0,23,24,68,1
5570,144167,5.37,0,14,15,23,1
5571,144238,7.44,0,23,24,71,1
5572,144294,11.84,1,24,25,56,0
5573,144313,3.96,0,11,12,19,1
5574,144352,8.81,0,22,23,39,1
5575,144383,8.74,0,21,22,31,1
5576,144408,6.9,0,17,18,25,1
5577,144431,5.92,0,15,16,23,1
5578,144447,4.69,0,12,13,16,1
5579,144454,1.38,0,5,6,7,1
5580,144483,8.31,0,20,21,29,1
5581,144522,7.16,0,19,20,39,1
5582,144537,3.65,0,10,11,15,1
5583,144548,2.24,0,7,8,11,1
5584,144573,5.25,0,14,15,25,1
5585,144575,-0.52,0,1,2,2,1
5586,144590,3.1,0,9,10,15,1
5587,144595,0.95,0,4,5,5,1
5588,144604,2.36,0,7,8,9,1
5589,144619,5.3,0,13,14,15,1
5590,144676,7.18,0,21,22,57,1
5591,144698,4.88,0,13,14,22,1
5592,144724,7.94,0,19,20,26,1
5593,144761,7.83,0,20,21,37,1
5594,144821,11.6,1,24,25,60,0
5595,144833,4.38,0,11,12,12,1
5596,144872,7.71,0,20,21,39,1
5597,144891,5.06,0,13,14,19,1
5598,144934,6.92,0,19,20,43,1
5599,144938,0.46,0,3,4,4,1
5600,144952,4.26,0,11,12,14,1
5601,144955,-0.03,0,2,3,3,1
5602,144956,-1.01,0,0,1,1,1
5603,144958,-0.52,0,1,2,2,1
5604,144964,1.44,0,5,6,6,1
5605,144974,2.3,0,7,8,10,1
5606,144982,1.87,0,6,7,8,1
5607,144987,0.95,0,4,5,5,1
5608,145028,8.14,0,21,22,41,1
5609,145082,11.96,1,24,25,54,0
5610,145089,1.93,0,6,7,7,1
5611,145153,11.36,1,24,25,64,0
5612,145219,6.09,0,20,21,66,1
5613,145294,10.7,1,24,25,75,0
5614,145295,-1.01,0,0,1,1,1
5615,145296,-1.01,0,0,1,1,1
5616,145340,5.76,0,17,18,44,1
5617,145345,0.95,0,4,5,5,1
5618,145359,4.26,0,11,12,14,1
5619,145361,-0.52,0,1,2,2,1
5620,145369,0.77,0,4,5,8,1
5621,145371,-0.52,0,1,2,2,1
5622,145383,3.28,0,9,10,12,1
5623,145395,3.83,0,10,11,12,1
5624,145417,6.53,0,16,17,22,1
5625,145420,-0.03,0,2,3,3,1
5626,145458,6.67,0,18,19,38,1
5627,145496,8.32,0,21,22,38,1
5628,145505,2.91,0,8,9,9,1
5629,145528,6.47,0,16,17,23,1
5630,145534,1.44,0,5,6,6,1
5631,145547,3.22,0,9,10,13,1
5632,145567,2.8,0,9,10,20,1
5633,145598,4.34,0,13,14,31,1
5634,145604,1.44,0,5,6,6,1
5635,145639,7.95,0,20,21,35,1
5636,145666,5.68,0,15,16,27,1
5637,145669,-0.03,0,2,3,3,1
5638,145685,3.59,0,10,11,16,1
5639,145692,1.38,0,5,6,7,1
5640,145747,8.4,0,23,24,55,1
5641,145782,6.3,0,17,18,35,1
5642,145809,4.03,0,12,13,27,1
5643,145856,7.78,0,21,22,47,1
5644,145872,4.69,0,12,13,16,1
5645,145896,4.76,0,13,14,24,1
5646,145924,6.17,0,16,17,28,1
5647,145936,2.18,0,7,8,12,1
5648,145943,0.83,0,4,5,7,1
5649,145971,6.17,0,16,17,28,1
5650,146011,8.2,0,21,22,40,1
5651,146071,11.6,1,24,25,60,0
5652,146133,11.48,1,24,25,62,0
5653,146138,0.95,0,4,5,5,1
5654,146177,8.26,0,21,22,39,1
5655,146181,0.46,0,3,4,4,1
5656,146189,1.87,0,6,7,8,1
5657,146273,6.11,0,22,23,84,1
5658,146294,4.94,0,13,14,21,1
5659,146311,3.53,0,10,11,17,1
5660,146398,5.93,0,22,23,87,1
5661,146399,-1.01,0,0,1,1,1
5662,146415,2.49,0,8,9,16,1
5663,146433,5.67,0,14,15,18,1
5664,146436,-0.03,0,2,3,3,1
5665,146464,6.17,0,16,17,28,1
5666,146503,7.16,0,19,20,39,1
5667,146511,2.42,0,7,8,8,1
5668,146536,5.8,0,15,16,25,1
5669,146589,7.97,0,22,23,53,1
5670,146628,6.61,0,18,19,39,1
5671,146644,4.14,0,11,12,16,1
5672,146681,7.28,0,19,20,37,1
5673,146693,2.73,0,8,9,12,1
5674,146696,-0.03,0,2,3,3,1
5675,146705,2.91,0,8,9,9,1
5676,146740,5.2,0,15,16,35,1
5677,146747,1.38,0,5,6,7,1
5678,146756,1.81,0,6,7,9,1
5679,146782,6.29,0,16,17,26,1
5680,146812,7.15,0,18,19,30,1
5681,146849,5.63,0,16,17,37,1
5682,146854,0.95,0,4,5,5,1
5683,146899,7.9,0,21,22,45,1
5684,146923,5.31,0,14,15,24,1
5685,146953,7.15,0,18,19,30,1
5686,146992,7.16,0,19,20,39,1
5687,147002,2.3,0,7,8,10,1
5688,147088,5.99,0,22,23,86,1
5689,147194,5.34,0,23,24,106,1
5690,147249,7.85,0,22,23,55,1
5691,147267,4.57,0,12,13,18,1
5692,147274,1.93,0,6,7,7,1
5693,147278,0.46,0,3,4,4,1
5694,147298,5.55,0,14,15,20,1
5695,147384,10.04,1,24,25,86,0
5696,147447,7.37,0,22,23,63,1
5697,147468,4.94,0,13,14,21,1
5698,147528,11.6,1,24,25,60,0
5699,147552,5.31,0,14,15,24,1
5700,147577,4.7,0,13,14,25,1
5701,147635,7.67,0,22,23,58,1
5702,147664,6.11,0,16,17,29,1
5703,147670,1.44,0,5,6,6,1
5704,147679,1.81,0,6,7,9,1
5705,147682,-0.03,0,2,3,3,1
5706,147749,7.13,0,22,23,67,1
5707,147797,7.17,0,20,21,48,1
5708,147820,6.47,0,16,17,23,1
5709,147840,5.0,0,13,14,20,1
5710,147869,5.56,0,15,16,29,1
5711,147916,7.23,0,20,21,47,1
5712,147979,11.42,1,24,25,63,0
5713,147990,3.34,0,9,10,11,1
5714,147996,0.89,0,4,5,6,1
5715,148026,6.05,0,16,17,30,1
5716,148062,8.44,0,21,22,36,1
5717,148136,10.76,1,24,25,74,0
5718,148142,1.44,0,5,6,6,1
5719,148148,0.89,0,4,5,6,1
5720,148178,7.15,0,18,19,30,1
5721,148226,8.82,0,23,24,48,1
5722,148252,5.19,0,14,15,26,1
5723,148256,0.46,0,3,4,4,1
5724,148258,-0.52,0,1,2,2,1
5725,148280,4.33,0,12,13,22,1
5726,148302,4.88,0,13,14,22,1
5727,148343,6.49,0,18,19,41,1
5728,148397,7.91,0,22,23,54,1
5729,148418,4.39,0,12,13,21,1
5730,148467,8.76,0,23,24,49,1
5731,148485,5.12,0,13,14,18,1
5732,148530,7.9,0,21,22,45,1
5733,148532,-0.52,0,1,2,2,1
5734,148582,8.7,0,23,24,50,1
5735,148654,10.88,1,24,25,72,0
5736,148678,7.51,0,18,19,24,1
5737,148699,6.04,0,15,16,21,1
5738,148703,0.46,0,3,4,4,1
5739,148741,8.32,0,21,22,38,1
5740,148815,10.76,1,24,25,74,0
5741,148863,8.27,0,22,23,48,1
5742,148904,8.14,0,21,22,41,1
5743,148912,1.87,0,6,7,8,1
5744,148926,3.71,0,10,11,14,1
5745,148952,7.94,0,19,20,26,1
5746,149027,6.65,0,22,23,75,1
5747,149040,3.77,0,10,11,13,1
5748,149050,2.85,0,8,9,10,1
5749,149084,8.01,0,20,21,34,1
5750,149107,5.37,0,14,15,23,1
5751,149111,0.46,0,3,4,4,1
5752,149132,6.04,0,15,16,21,1
5753,149136,0.46,0,3,4,4,1
5754,149138,-0.52,0,1,2,2,1
5755,149141,-0.03,0,2,3,3,1
5756,149184,7.47,0,20,21,43,1
5757,149215,8.74,0,21,22,31,1
5758,149225,3.4,0,9,10,10,1
5759,149249,6.96,0,17,18,24,1
5760,149271,4.88,0,13,14,22,1
5761,149281,2.3,0,7,8,10,1
5762,149302,5.49,0,14,15,21,1
5763,149348,8.94,0,23,24,46,1
5764,149356,1.87,0,6,7,8,1
5765,149398,8.08,0,21,22,42,1
5766,149419,5.49,0,14,15,21,1
5767,149472,7.97,0,22,23,53,1
5768,149493,6.59,0,16,17,21,1
5769,149528,9.05,0,22,23,35,1
5770,149570,8.08,0,21,22,42,1
5771,149613,8.57,0,22,23,43,1
5772,149681,5.42,0,19,20,68,1
5773,149682,-1.01,0,0,1,1,1
5774,149711,7.21,0,18,19,29,1
5775,149723,3.28,0,9,10,12,1
5776,149728,0.95,0,4,5,5,1
5777,149764,7.34,0,19,20,36,1
5778,149773,1.81,0,6,7,9,1
5779,149817,5.76,0,17,18,44,1
5780,149840,5.37,0,14,15,23,1
5781,149846,0.89,0,4,5,6,1
5782,149909,7.92,0,23,24,63,1
5783,149914,0.4,0,3,4,5,1
5784,149919,0.95,0,4,5,5,1
5785,149922,-0.03,0,2,3,3,1
5786,149935,3.77,0,10,11,13,1
5787,149944,2.36,0,7,8,9,1
5788,149945,-1.01,0,0,1,1,1
5789,149962,4.63,0,12,13,17,1
5790,149978,4.14,0,11,12,16,1
5791,149986,1.87,0,6,7,8,1
5792,150010,4.21,0,12,13,24,1
5793,150041,7.64,0,19,20,31,1
5794,150099,7.67,0,22,23,58,1
5795,150105,1.44,0,5,6,6,1
5796,150117,2.73,0,8,9,12,1
5797,150137,6.65,0,16,17,20,1
5798,150184,12.38,1,24,25,47,0
5799,150204,6.65,0,16,17,20,1
5800,150206,-0.52,0,1,2,2,1
5801,150217,2.79,0,8,9,11,1
5802,150255,7.77,0,20,21,38,1
5803,150287,6.48,0,17,18,32,1
5804,150298,2.79,0,8,9,11,1
5805,150341,8.02,0,21,22,43,1
5806,150378,6.73,0,18,19,37,1
5807,150380,-0.52,0,1,2,2,1
5808,150434,7.36,0,21,22,54,1
5809,150441,1.93,0,6,7,7,1
5810,150505,6.76,0,21,22,64,1
5811,150546,8.14,0,21,22,41,1
5812,150559,4.32,0,11,12,13,1
5813,150579,5.0,0,13,14,20,1
5814,150615,7.34,0,19,20,36,1
5815,150632,4.08,0,11,12,17,1
5816,150703,7.44,0,23,24,71,1
5817,150706,-0.03,0,2,3,3,1
5818,150710,0.46,0,3,4,4,1
5819,150716,1.44,0,5,6,6,1
5820,150771,8.4,0,23,24,55,1
5821,150789,4.57,0,12,13,18,1
5822,150790,-1.01,0,0,1,1,1
5823,150908,8.12,1,24,25,118,0
5824,150924,5.24,0,13,14,16,1
5825,150928,0.46,0,3,4,4,1
5826,151001,10.82,1,24,25,73,0
5827,151016,3.65,0,10,11,15,1
5828,151021,0.95,0,4,5,5,1
5829,151024,-0.03,0,2,3,3,1
5830,151032,1.87,0,6,7,8,1
5831,151107,10.7,1,24,25,75,0
5832,151138,7.09,0,18,19,31,1
5833,151139,-1.01,0,0,1,1,1
5834,151182,6.37,0,18,19,43,1
5835,151184,-0.52,0,1,2,2,1
5836,151197,4.87,0,12,13,13,1
5837,151223,6.84,0,17,18,26,1
5838,151249,7.39,0,18,19,26,1
5839,151254,0.95,0,4,5,5,1
5840,151278,7.51,0,18,19,24,1
5841,151292,5.36,0,13,14,14,1
5842,151301,2.91,0,8,9,9,1
5843,151364,11.42,1,24,25,63,0
5844,151371,1.93,0,6,7,7,1
5845,151373,-0.52,0,1,2,2,1
5846,151398,6.35,0,16,17,25,1
5847,151422,5.86,0,15,16,24,1
5848,151445,6.47,0,16,17,23,1
5849,151455,3.4,0,9,10,10,1
5850,151468,4.32,0,11,12,13,1
5851,151477,2.36,0,7,8,9,1
5852,151479,-0.52,0,1,2,2,1
5853,151492,3.77,0,10,11,13,1
5854,151510,6.22,0,15,16,18,1
5855,151527,4.08,0,11,12,17,1
5856,151573,8.94,0,23,24,46,1
5857,151591,4.57,0,12,13,18,1
5858,151640,6.01,0,18,19,49,1
5859,151655,4.2,0,11,12,15,1
5860,151678,4.82,0,13,14,23,1
5861,151723,7.35,0,20,21,45,1
5862,151757,6.91,0,18,19,34,1
5863,151777,5.55,0,14,15,20,1
5864,151808,6.54,0,17,18,31,1
5865,151809,-1.01,0,0,1,1,1
5866,151813,0.46,0,3,4,4,1
5867,151823,3.4,0,9,10,10,1
5868,151827,0.46,0,3,4,4,1
5869,151849,4.88,0,13,14,22,1
5870,151871,5.43,0,14,15,22,1
5871,151887,5.24,0,13,14,16,1
5872,151950,11.42,1,24,25,63,0
5873,152040,6.3,0,23,24,90,1
5874,152064,6.41,0,16,17,24,1
5875,152107,7.47,0,20,21,43,1
5876,152116,2.36,0,7,8,9,1
5877,152139,5.37,0,14,15,23,1
5878,152199,6.45,0,20,21,60,1
5879,152213,4.26,0,11,12,14,1
5880,152240,6.23,0,16,17,27,1
5881,152272,7.03,0,18,19,32,1
5882,152331,6.51,0,20,21,59,1
5883,152369,7.22,0,19,20,38,1
5884,152404,6.85,0,18,19,35,1
5885,152416,3.83,0,10,11,12,1
5886,152437,3.29,0,10,11,21,1
5887,152486,8.21,0,22,23,49,1
5888,152516,4.4,0,13,14,30,1
5889,152522,0.89,0,4,5,6,1
5890,152552,5.5,0,15,16,30,1
5891,152577,4.7,0,13,14,25,1
5892,152583,1.44,0,5,6,6,1
5893,152599,4.69,0,12,13,16,1
5894,152601,-0.52,0,1,2,2,1
5895,152620,6.71,0,16,17,19,1
5896,152623,-0.03,0,2,3,3,1
5897,152700,7.08,0,23,24,77,1
5898,152709,2.91,0,8,9,9,1
5899,152818,8.66,1,24,25,109,0
5900,152838,5.0,0,13,14,20,1
5901,152844,0.89,0,4,5,6,1
5902,152879,7.95,0,20,21,35,1
5903,152884,0.95,0,4,5,5,1
5904,152914,6.05,0,16,17,30,1
5905,152919,0.95,0,4,5,5,1
5906,152948,5.56,0,15,16,29,1
5907,152949,-1.01,0,0,1,1,1
5908,152954,0.4,0,3,4,5,1
5909,153021,6.03,0,20,21,67,1
5910,153031,2.3,0,7,8,10,1
5911,153041,2.3,0,7,8,10,1
5912,153082,8.69,0,22,23,41,1
5913,153101,5.61,0,14,15,19,1
5914,153114,4.32,0,11,12,13,1
5915,153164,7.05,0,20,21,50,1
5916,153168,0.46,0,3,4,4,1
5917,153216,7.72,0,21,22,48,1
5918,153235,5.06,0,13,14,19,1
5919,153245,2.85,0,8,9,10,1
5920,153261,3.59,0,10,11,16,1
5921,153288,6.78,0,17,18,27,1
5922,153295,1.93,0,6,7,7,1
5923,153298,-0.03,0,2,3,3,1
5924,153358,7.55,0,22,23,60,1
5925,153366,1.87,0,6,7,8,1
5926,153382,4.69,0,12,13,16,1
5927,153390,1.87,0,6,7,8,1
5928,153433,6.92,0,19,20,43,1
5929,153452,5.61,0,14,15,19,1
5930,153535,6.72,0,23,24,83,1
5931,153544,2.91,0,8,9,9,1
5932,153586,8.08,0,21,22,42,1
5933,153662,10.64,1,24,25,76,0
5934,153669,1.38,0,5,6,7,1
5935,153671,-0.52,0,1,2,2,1
5936,153711,8.2,0,21,22,40,1
5937,153713,-0.52,0,1,2,2,1
5938,153717,0.46,0,3,4,4,1
5939,153733,4.14,0,11,12,16,1
5940,153751,3.47,0,10,11,18,1
5941,153778,7.88,0,19,20,27,1
5942,153791,2.67,0,8,9,13,1
5943,153808,4.63,0,12,13,17,1
5944,153812,0.46,0,3,4,4,1
5945,153879,7.13,0,22,23,67,1
5946,153924,7.9,0,21,22,45,1
5947,153931,1.93,0,6,7,7,1
5948,153943,3.28,0,9,10,12,1
5949,154029,10.04,1,24,25,86,0
5950,154044,3.65,0,10,11,15,1
5951,154046,-0.52,0,1,2,2,1
5952,154105,11.66,1,24,25,59,0
5953,154136,8.19,0,20,21,31,1
5954,154163,7.33,0,18,19,27,1
5955,154174,2.79,0,8,9,11,1
5956,154223,8.21,0,22,23,49,1
5957,154241,5.12,0,13,14,18,1
5958,154242,-1.01,0,0,1,1,1
5959,154263,5.49,0,14,15,21,1
5960,154293,7.15,0,18,19,30,1
5961,154328,8.5,0,21,22,35,1
5962,154356,6.17,0,16,17,28,1
5963,154363,1.38,0,5,6,7,1
5964,154389,6.84,0,17,18,26,1
5965,154448,5.96,0,19,20,59,1
5966,154467,3.96,0,11,12,19,1
5967,154470,-0.03,0,2,3,3,1
5968,154511,7.04,0,19,20,41,1
5969,154547,7.89,0,20,21,36,1
5970,154578,5.99,0,16,17,31,1
5971,154602,5.31,0,14,15,24,1
5972,154632,6.05,0,16,17,30,1
5973,154678,8.94,0,23,24,46,1
5974,154802,7.76,1,24,25,124,0
5975,154820,4.57,0,12,13,18,1
5976,154826,1.44,0,5,6,6,1
5977,154834,2.42,0,7,8,8,1
5978,154871,8.38,0,21,22,37,1
5979,154923,8.03,0,22,23,52,1
5980,154994,6.89,0,22,23,71,1
5981,155065,10.94,1,24,25,71,0
5982,155114,7.66,0,21,22,49,1
5983,155129,4.75,0,12,13,15,1
5984,155154,4.7,0,13,14,25,1
5985,155186,7.03,0,18,19,32,1
5986,155197,3.34,0,9,10,11,1
5987,155213,4.69,0,12,13,16,1
5988,155227,3.71,0,10,11,14,1
5989,155301,6.16,0,21,22,74,1
5990,155358,8.28,0,23,24,57,1
5991,155413,6.2,0,19,20,55,1
5992,155427,3.16,0,9,10,14,1
5993,155432,0.4,0,3,4,5,1
5994,155441,2.36,0,7,8,9,1
5995,155451,2.85,0,8,9,10,1
5996,155464,2.67,0,8,9,13,1
5997,155470,1.44,0,5,6,6,1
5998,155497,6.23,0,16,17,27,1
5999,155505,2.42,0,7,8,8,1
6000,155534,8.31,0,20,21,29,1
6001,155539,0.95,0,4,5,5,1
6002,155553,4.26,0,11,12,14,1
6003,155554,-1.01,0,0,1,1,1
6004,155635,6.29,0,22,23,81,1
6005,155636,-1.01,0,0,1,1,1
6006,155660,6.41,0,16,17,24,1
6007,155714,7.36,0,21,22,54,1
6008,155769,8.4,0,23,24,55,1
6009,155800,7.64,0,19,20,31,1
6010,155879,6.41,0,22,23,79,1
6011,155882,-0.03,0,2,3,3,1
6012,155892,2.85,0,8,9,10,1
6013,155922,7.15,0,18,19,30,1
6014,155937,4.75,0,12,13,15,1
6015,155939,-0.52,0,1,2,2,1
6016,155972,6.97,0,18,19,33,1
6017,156000,7.27,0,18,19,28,1
6018,156005,0.95,0,4,5,5,1
6019,156076,7.44,0,23,24,71,1
6020,156142,7.74,0,23,24,66,1
6021,156152,2.85,0,8,9,10,1
6022,156205,5.77,0,18,19,53,1
6023,156232,5.68,0,15,16,27,1
6024,156236,0.46,0,3,4,4,1
6025,156252,4.69,0,12,13,16,1
6026,156257,0.95,0,4,5,5,1
6027,156286,6.11,0,16,17,29,1
6028,156293,1.38,0,5,6,7,1
6029,156311,5.12,0,13,14,18,1
6030,156351,8.75,0,22,23,40,1
6031,156363,3.83,0,10,11,12,1
6032,156378,4.75,0,12,13,15,1
6033,156414,7.89,0,20,21,36,1
6034,156418,0.46,0,3,4,4,1
6035,156451,8.07,0,20,21,33,1
6036,156549,9.32,1,24,25,98,0
6037,156560,3.34,0,9,10,11,1
6038,156562,-0.52,0,1,2,2,1
6039,156647,6.6,0,23,24,85,1
6040,156711,11.36,1,24,25,64,0
6041,156722,2.79,0,8,9,11,1
6042,156733,3.34,0,9,10,11,1
6043,156760,5.68,0,15,16,27,1
6044,156788,5.62,0,15,16,28,1
6045,156831,8.02,0,21,22,43,1
6046,156852,4.94,0,13,14,21,1
6047,156869,4.63,0,12,13,17,1
6048,156878,2.36,0,7,8,9,1
6049,156898,5.55,0,14,15,20,1
6050,156907,2.36,0,7,8,9,1
6051,156922,4.2,0,11,12,15,1
6052,156929,0.83,0,4,5,7,1
6053,156945,4.69,0,12,13,16,1
6054,156976,7.09,0,18,19,31,1
6055,156981,0.95,0,4,5,5,1
6056,156983,-0.52,0,1,2,2,1
6057,157001,4.02,0,11,12,18,1
6058,157030,6.66,0,17,18,29,1
6059,157039,2.36,0,7,8,9,1
6060,157048,2.91,0,8,9,9,1
6061,157064,4.14,0,11,12,16,1
6062,157141,10.58,1,24,25,77,0
6063,157159,4.02,0,11,12,18,1
6064,157168,2.91,0,8,9,9,1
6065,157170,-0.52,0,1,2,2,1
6066,157180,2.3,0,7,8,10,1
6067,157256,6.59,0,22,23,76,1
6068,157266,3.4,0,9,10,10,1
6069,157269,-0.03,0,2,3,3,1
6070,157285,5.24,0,13,14,16,1
6071,157287,-0.52,0,1,2,2,1
6072,157296,2.91,0,8,9,9,1
6073,157355,11.66,1,24,25,59,0
6074,157368,3.22,0,9,10,13,1
6075,157383,2.55,0,8,9,15,1
6076,157387,-0.09,0,2,3,4,1
6077,157408,4.39,0,12,13,21,1
6078,157509,5.64,0,23,24,101,1
6079,157560,6.99,0,20,21,51,1
6080,157589,7.21,0,18,19,29,1
6081,157623,9.11,0,22,23,34,1
6082,157632,2.91,0,8,9,9,1
6083,157640,2.42,0,7,8,8,1
6084,157642,-0.52,0,1,2,2,1
6085,157646,0.46,0,3,4,4,1
6086,157648,-0.52,0,1,2,2,1
6087,157665,5.18,0,13,14,17,1
6088,157689,5.86,0,15,16,24,1
6089,157710,5.49,0,14,15,21,1
6090,157730,5.0,0,13,14,20,1
6091,157731,-1.01,0,0,1,1,1
6092,157749,3.47,0,10,11,18,1
6093,157762,4.87,0,12,13,13,1
6094,157780,4.57,0,12,13,18,1
6095,157822,6.98,0,19,20,42,1
6096,157875,7.97,0,22,23,53,1
6097,157890,4.75,0,12,13,15,1
6098,157896,1.44,0,5,6,6,1
6099,157930,13.16,1,24,25,34,0
6100,157946,4.14,0,11,12,16,1
6101,157952,1.44,0,5,6,6,1
6102,157978,7.94,0,19,20,26,1
6103,158018,7.1,0,19,20,40,1
6104,158031,3.77,0,10,11,13,1
6105,158069,8.32,0,21,22,38,1
6106,158111,8.08,0,21,22,42,1
6107,158133,3.78,0,11,12,22,1
6108,158134,-1.01,0,0,1,1,1
6109,158144,2.3,0,7,8,10,1
6110,158167,5.92,0,15,16,23,1
6111,158171,0.46,0,3,4,4,1
6112,158173,-0.52,0,1,2,2,1
6113,158180,1.38,0,5,6,7,1
6114,158184,0.46,0,3,4,4,1
6115,158185,-1.01,0,0,1,1,1
6116,158203,5.12,0,13,14,18,1
6117,158264,6.39,0,20,21,61,1
6118,158272,1.87,0,6,7,8,1
6119,158333,8.04,0,23,24,61,1
6120,158413,6.9,0,23,24,80,1
6121,158416,-0.03,0,2,3,3,1
6122,158449,5.87,0,16,17,33,1
6123,158451,-0.52,0,1,2,2,1
6124,158471,6.1,0,15,16,20,1
6125,158539,11.12,1,24,25,68,0
6126,158576,6.73,0,18,19,37,1
6127,158583,1.93,0,6,7,7,1
6128,158587,0.46,0,3,4,4,1
6129,158610,5.37,0,14,15,23,1
6130,158614,0.46,0,3,4,4,1
6131,158636,5.98,0,15,16,22,1
6132,158667,7.64,0,19,20,31,1
6133,158672,0.95,0,4,5,5,1
6134,158709,6.18,0,17,18,37,1
6135,158739,7.7,0,19,20,30,1
6136,158750,3.34,0,9,10,11,1
6137,158757,1.93,0,6,7,7,1
6138,158758,-1.01,0,0,1,1,1
6139,158786,6.17,0,16,17,28,1
6140,158828,8.63,0,22,23,42,1
6141,158835,1.38,0,5,6,7,1
6142,158845,2.3,0,7,8,10,1
6143,158900,7.85,0,22,23,55,1
6144,158907,1.93,0,6,7,7,1
6145,158913,0.89,0,4,5,6,1
6146,158917,0.46,0,3,4,4,1
6147,158961,8.51,0,22,23,44,1
6148,158965,0.46,0,3,4,4,1
6149,158986,4.39,0,12,13,21,1
6150,158987,-1.01,0,0,1,1,1
6151,159006,5.06,0,13,14,19,1
6152,159017,3.34,0,9,10,11,1
6153,159049,7.58,0,19,20,32,1
6154,159071,6.53,0,16,17,22,1
6155,159130,8.16,0,23,24,59,1
6156,159142,3.83,0,10,11,12,1
6157,159157,4.2,0,11,12,15,1
6158,159161,0.46,0,3,4,4,1
6159,159201,6.55,0,18,19,40,1
6160,159234,5.87,0,16,17,33,1
6161,159241,1.38,0,5,6,7,1
6162,159249,1.87,0,6,7,8,1
6163,159276,6.23,0,16,17,27,1
6164,159303,6.23,0,16,17,27,1
6165,159323,6.1,0,15,16,20,1
6166,159351,7.27,0,18,19,28,1
6167,159356,0.95,0,4,5,5,1
6168,159360,-0.09,0,2,3,4,1
6169,159363,-0.03,0,2,3,3,1
6170,159377,3.16,0,9,10,14,1
6171,159409,6.48,0,17,18,32,1
6172,159470,11.54,1,24,25,61,0
6173,159483,2.67,0,8,9,13,1
6174,159525,7.53,0,20,21,42,1
6175,159529,0.46,0,3,4,4,1
6176,159552,5.37,0,14,15,23,1
6177,159621,11.06,1,24,25,69,0
6178,159630,2.91,0,8,9,9,1
6179,159633,-0.03,0,2,3,3,1
6180,159647,4.26,0,11,12,14,1
6181,159660,3.77,0,10,11,13,1
6182,159713,8.52,0,23,24,53,1
6183,159720,1.93,0,6,7,7,1
6184,159757,7.83,0,20,21,37,1
6185,159768,3.34,0,9,10,11,1
6186,159789,3.29,0,10,11,21,1
6187,159793,0.46,0,3,4,4,1
6188,159797,0.46,0,3,4,4,1
6189,159806,2.91,0,8,9,9,1
6190,159816,3.4,0,9,10,10,1
6191,159819,-0.03,0,2,3,3,1
6192,159847,5.62,0,15,16,28,1
6193,159899,12.08,1,24,25,52,0
6194,159921,4.88,0,13,14,22,1
6195,159931,2.85,0,8,9,10,1
6196,159982,7.54,0,21,22,51,1
6197,160006,7.51,0,18,19,24,1
6198,160033,6.78,0,17,18,27,1
6199,160055,5.98,0,15,16,22,1
6200,160090,8.5,0,21,22,35,1
6201,160095,0.95,0,4,5,5,1
6202,160162,7.13,0,22,23,67,1
6203,160176,3.71,0,10,11,14,1
6204,160277,5.64,0,23,24,101,1
6205,160292,5.3,0,13,14,15,1
6206,160296,0.46,0,3,4,4,1
6207,160321,6.35,0,16,17,25,1
6208,160355,6.91,0,18,19,34,1
6209,160381,6.29,0,16,17,26,1
6210,160391,1.75,0,6,7,10,1
6211,160395,-0.09,0,2,3,4,1
6212,160457,5.78,0,19,20,62,1
6213,160472,4.2,0,11,12,15,1
6214,160477,0.95,0,4,5,5,1
6215,160484,1.38,0,5,6,7,1
6216,160516,5.93,0,16,17,32,1
6217,160543,7.33,0,18,19,27,1
6218,160553,2.3,0,7,8,10,1
6219,160577,6.41,0,16,17,24,1
6220,160592,3.1,0,9,10,15,1
6221,160609,4.08,0,11,12,17,1
6222,160611,-0.52,0,1,2,2,1
6223,160655,12.56,1,24,25,44,0
6224,160663,1.32,0,5,6,8,1
6225,160681,5.12,0,13,14,18,1
6226,160689,2.42,0,7,8,8,1
6227,160721,7.58,0,19,20,32,1
6228,160736,2.0,0,7,8,15,1
6229,160744,1.87,0,6,7,8,1
6230,160812,7.62,0,23,24,68,1
6231,160853,9.24,0,23,24,41,1
6232,160866,3.22,0,9,10,13,1
6233,160917,7.54,0,21,22,51,1
6234,160930,3.77,0,10,11,13,1
6235,160931,-1.01,0,0,1,1,1
6236,160973,7.53,0,20,21,42,1
6237,161046,7.32,0,23,24,73,1
6238,161097,12.14,1,24,25,51,0
6239,161106,2.36,0,7,8,9,1
6240,161138,5.38,0,15,16,32,1
6241,161192,11.96,1,24,25,54,0
6242,161199,1.93,0,6,7,7,1
6243,161202,-0.03,0,2,3,3,1
6244,161204,-0.52,0,1,2,2,1
6245,161241,7.83,0,20,21,37,1
6246,161247,0.89,0,4,5,6,1
6247,161272,6.35,0,16,17,25,1
6248,161286,4.81,0,12,13,14,1
6249,161311,5.8,0,15,16,25,1
6250,161316,0.4,0,3,4,5,1
6251,161331,3.65,0,10,11,15,1
6252,161341,2.3,0,7,8,10,1
6253,161354,3.22,0,9,10,13,1
6254,161399,7.9,0,21,22,45,1
6255,161408,2.91,0,8,9,9,1
6256,161413,0.95,0,4,5,5,1
6257,161416,-0.03,0,2,3,3,1
6258,161427,2.79,0,8,9,11,1
6259,161478,8.64,0,23,24,51,1
6260,161489,2.79,0,8,9,11,1
6261,161514,7.45,0,18,19,25,1
6262,161531,4.08,0,11,12,17,1
6263,161556,7.45,0,18,19,25,1
6264,161617,11.54,1,24,25,61,0
6265,161660,7.47,0,20,21,43,1
6266,161704,7.41,0,20,21,44,1
6267,161775,10.94,1,24,25,71,0
6268,161784,2.91,0,8,9,9,1
6269,161791,1.93,0,6,7,7,1
6270,161810,3.96,0,11,12,19,1
6271,161817,1.93,0,6,7,7,1
6272,161833,3.59,0,10,11,16,1
6273,161836,-0.03,0,2,3,3,1
6274,161860,5.31,0,14,15,24,1
6275,161887,4.58,0,13,14,27,1
6276,161925,7.77,0,20,21,38,1
6277,161951,6.84,0,17,18,26,1
6278,161986,7.95,0,20,21,35,1
6279,161989,-0.03,0,2,3,3,1
6280,161999,2.3,0,7,8,10,1
6281,162048,12.26,1,24,25,49,0
6282,162092,9.06,0,23,24,44,1
6283,162131,8.26,0,21,22,39,1
6284,162142,2.79,0,8,9,11,1
6285,162168,7.39,0,18,19,26,1
6286,162172,0.46,0,3,4,4,1
6287,162214,12.68,1,24,25,42,0
6288,162236,4.88,0,13,14,22,1
6289,162277,7.04,0,19,20,41,1
6290,162281,0.46,0,3,4,4,1
6291,162284,-0.03,0,2,3,3,1
6292,162298,4.26,0,11,12,14,1
6293,162340,6.43,0,18,19,42,1
6294,162373,6.97,0,18,19,33,1
6295,162412,8.81,0,22,23,39,1
6296,162459,12.38,1,24,25,47,0
6297,162468,2.91,0,8,9,9,1
6298,162479,3.89,0,10,11,11,1
6299,162482,-0.03,0,2,3,3,1
6300,162534,6.93,0,20,21,52,1
6301,162554,5.55,0,14,15,20,1
6302,162567,3.77,0,10,11,13,1
6303,162574,1.93,0,6,7,7,1
6304,162583,2.36,0,7,8,9,1
6305,162608,8.55,0,20,21,25,1
6306,162623,4.75,0,12,13,15,1
6307,162635,3.83,0,10,11,12,1
6308,162690,6.75,0,20,21,55,1
6309,162705,3.1,0,9,10,15,1
6310,162708,-0.03,0,2,3,3,1
6311,162722,4.26,0,11,12,14,1
6312,162733,3.89,0,10,11,11,1
6313,162768,7.95,0,20,21,35,1
6314,162822,11.96,1,24,25,54,0
6315,162846,6.41,0,16,17,24,1
6316,162881,9.05,0,22,23,35,1
6317,162886,0.95,0,4,5,5,1
6318,162915,5.56,0,15,16,29,1
6319,162918,-0.03,0,2,3,3,1
6320,162969,12.14,1,24,25,51,0
6321,163030,7.49,0,22,23,61,1
6322,163052,7.63,0,18,19,22,1
6323,163067,4.2,0,11,12,15,1
6324,163116,12.26,1,24,25,49,0
6325,163120,0.46,0,3,4,4,1
6326,163122,-0.52,0,1,2,2,1
6327,163129,1.38,0,5,6,7,1
6328,163137,2.42,0,7,8,8,1
6329,163148,3.34,0,9,10,11,1
6330,163173,6.9,0,17,18,25,1
6331,163212,6.06,0,17,18,39,1
6332,163231,5.61,0,14,15,19,1
6333,163247,5.24,0,13,14,16,1
6334,163260,3.77,0,10,11,13,1
6335,163284,5.31,0,14,15,24,1
6336,163287,-0.03,0,2,3,3,1
6337,163296,1.81,0,6,7,9,1
6338,163329,5.87,0,16,17,33,1
6339,163362,6.42,0,17,18,33,1
6340,163415,12.02,1,24,25,53,0
6341,163421,0.89,0,4,5,6,1
6342,163462,7.04,0,19,20,41,1
6343,163479,4.08,0,11,12,17,1
6344,163493,3.16,0,9,10,14,1
6345,163534,7.59,0,20,21,41,1
6346,163546,3.83,0,10,11,12,1
6347,163548,-0.52,0,1,2,2,1
6348,163592,8.51,0,22,23,44,1
6349,163599,0.83,0,4,5,7,1
6350,163606,1.38,0,5,6,7,1
6351,163620,3.16,0,9,10,14,1
6352,163674,7.36,0,21,22,54,1
6353,163760,6.54,0,23,24,86,1
6354,163781,4.94,0,13,14,21,1
6355,163840,11.66,1,24,25,59,0
6356,163915,10.7,1,24,25,75,0
6357,163916,-1.01,0,0,1,1,1
6358,163941,5.25,0,14,15,25,1
6359,163963,4.88,0,13,14,22,1
6360,164004,8.14,0,21,22,41,1
6361,164052,8.27,0,22,23,48,1
6362,164056,0.46,0,3,4,4,1
6363,164106,6.5,0,19,20,50,1
6364,164127,7.14,0,17,18,21,1
6365,164137,2.3,0,7,8,10,1
6366,164145,2.42,0,7,8,8,1
6367,164155,2.85,0,8,9,10,1
6368,164163,1.87,0,6,7,8,1
6369,164199,8.99,0,22,23,36,1
6370,164246,8.33,0,22,23,47,1
6371,164292,6.74,0,19,20,46,1
6372,164293,-1.01,0,0,1,1,1
6373,164301,2.42,0,7,8,8,1
6374,164303,-0.52,0,1,2,2,1
6375,164309,1.44,0,5,6,6,1
6376,164321,2.73,0,8,9,12,1
6377,164328,1.93,0,6,7,7,1
6378,164377,12.26,1,24,25,49,0
6379,164435,8.22,0,23,24,58,1
6380,164445,2.85,0,8,9,10,1
6381,164462,5.18,0,13,14,17,1
6382,164481,6.71,0,16,17,19,1
6383,164516,7.95,0,20,21,35,1
6384,164533,5.18,0,13,14,17,1
6385,164552,5.06,0,13,14,19,1
6386,164560,2.42,0,7,8,8,1
6387,164576,5.24,0,13,14,16,1
6388,164581,0.95,0,4,5,5,1
6389,164587,1.44,0,5,6,6,1
6390,164596,2.91,0,8,9,9,1
6391,164633,6.18,0,17,18,37,1
6392,164726,5.57,0,22,23,93,1
6393,164727,-1.01,0,0,1,1,1
6394,164728,-1.01,0,0,1,1,1
6395,164756,7.27,0,18,19,28,1
6396,164761,0.4,0,3,4,5,1
6397,164811,6.5,0,19,20,50,1
6398,164867,8.34,0,23,24,56,1
6399,164871,0.46,0,3,4,4,1
6400,164914,7.47,0,20,21,43,1
6401,164915,-1.01,0,0,1,1,1
6402,164955,8.75,0,22,23,40,1
6403,164991,6.24,0,17,18,36,1
6404,165030,8.26,0,21,22,39,1
6405,165053,5.92,0,15,16,23,1
6406,165077,7.51,0,18,19,24,1
6407,165078,-1.01,0,0,1,1,1
6408,165081,-0.03,0,2,3,3,1
6409,165093,3.28,0,9,10,12,1
6410,165153,11.6,1,24,25,60,0
6411,165168,4.2,0,11,12,15,1
6412,165213,7.9,0,21,22,45,1
6413,165241,5.62,0,15,16,28,1
6414,165265,8.06,0,19,20,24,1
6415,165275,2.3,0,7,8,10,1
6416,165281,1.44,0,5,6,6,1
6417,165323,12.68,1,24,25,42,0
6418,165342,5.06,0,13,14,19,1
6419,165383,5.94,0,17,18,41,1
6420,165396,4.32,0,11,12,13,1
6421,165428,7.58,0,19,20,32,1
6422,165458,8.8,0,21,22,30,1
6423,165486,5.07,0,14,15,28,1
6424,165499,4.32,0,11,12,13,1
6425,165548,6.01,0,18,19,49,1
6426,165567,6.16,0,15,16,19,1
6427,165609,8.08,0,21,22,42,1
6428,165626,4.63,0,12,13,17,1
6429,165629,-0.03,0,2,3,3,1
6430,165678,6.56,0,19,20,49,1
6431,165713,7.4,0,19,20,35,1
6432,165716,-0.03,0,2,3,3,1
6433,165752,7.34,0,19,20,36,1
6434,165778,7.39,0,18,19,26,1
6435,165796,4.57,0,12,13,18,1
6436,165809,4.32,0,11,12,13,1
6437,165810,-1.01,0,0,1,1,1
6438,165821,2.79,0,8,9,11,1
6439,165905,10.16,1,24,25,84,0
6440,165962,6.63,0,20,21,57,1
6441,165972,2.85,0,8,9,10,1
6442,165989,5.18,0,13,14,17,1
6443,166036,12.38,1,24,25,47,0
6444,166038,-0.52,0,1,2,2,1
6445,166075,8.93,0,22,23,37,1
6446,166087,3.28,0,9,10,12,1
6447,166117,6.05,0,16,17,30,1
6448,166122,0.95,0,4,5,5,1
6449,166145,5.37,0,14,15,23,1
6450,166154,1.81,0,6,7,9,1
6451,166177,5.92,0,15,16,23,1
6452,166190,3.22,0,9,10,13,1
6453,166196,1.44,0,5,6,6,1
6454,166244,7.72,0,21,22,48,1
6455,166292,12.32,1,24,25,48,0
6456,166335,8.02,0,21,22,43,1
6457,166368,7.52,0,19,20,33,1
6458,166488,8.0,1,24,25,120,0
6459,166503,4.2,0,11,12,15,1
6460,166511,2.42,0,7,8,8,1
6461,166588,6.53,0,22,23,77,1
6462,166620,7.03,0,18,19,32,1
6463,166642,5.43,0,14,15,22,1
6464,166693,8.64,0,23,24,51,1
6465,166743,12.2,1,24,25,50,0
6466,166783,8.2,0,21,22,40,1
6467,166795,3.83,0,10,11,12,1
6468,166801,1.44,0,5,6,6,1
6469,166816,4.75,0,12,13,15,1
6470,166819,-0.03,0,2,3,3,1
6471,166885,11.24,1,24,25,66,0
6472,166936,8.64,0,23,24,51,1
6473,166976,8.2,0,21,22,40,1
6474,166996,6.1,0,15,16,20,1
6475,167013,4.08,0,11,12,17,1
6476,167024,3.89,0,10,11,11,1
6477,167068,6.31,0,18,19,44,1
6478,167110,7.53,0,20,21,42,1
6479,167118,2.42,0,7,8,8,1
6480,167138,5.0,0,13,14,20,1
6481,167182,7.96,0,21,22,44,1
6482,167193,3.89,0,10,11,11,1
6483,167206,3.77,0,10,11,13,1
6484,167215,2.91,0,8,9,9,1
6485,167218,-0.03,0,2,3,3,1
6486,167224,0.89,0,4,5,6,1
6487,167237,3.22,0,9,10,13,1
6488,167250,3.22,0,9,10,13,1
6489,167265,4.2,0,11,12,15,1
6490,167274,2.91,0,8,9,9,1
6491,167314,9.3,0,23,24,40,1
6492,167342,6.72,0,17,18,28,1
6493,167357,3.65,0,10,11,15,1
6494,167370,2.67,0,8,9,13,1
6495,167437,6.58,0,21,22,67,1
6496,167457,5.0,0,13,14,20,1
6497,167471,3.71,0,10,11,14,1
6498,167487,3.59,0,10,11,16,1
6499,167553,7.19,0,22,23,66,1
6500,167568,4.75,0,12,13,15,1
6501,167586,5.67,0,14,15,18,1
6502,167591,0.95,0,4,5,5,1
6503,167622,8.19,0,20,21,31,1
6504,167624,-0.52,0,1,2,2,1
6505,167691,7.13,0,22,23,67,1
6506,167705,4.81,0,12,13,14,1
6507,167768,11.42,1,24,25,63,0
6508,167827,8.16,0,23,24,59,1
6509,167830,-0.03,0,2,3,3,1
6510,167939,8.66,1,24,25,109,0
6511,167948,2.36,0,7,8,9,1
6512,167951,-0.58,0,1,2,3,1
6513,167965,3.71,0,10,11,14,1
6514,167993,6.72,0,17,18,28,1
6515,168012,5.06,0,13,14,19,1
6516,168019,1.38,0,5,6,7,1
6517,168084,7.25,0,22,23,65,1
6518,168138,11.96,1,24,25,54,0
6519,168187,7.11,0,20,21,49,1
6520,168220,6.97,0,18,19,33,1
6521,168240,5.0,0,13,14,20,1
6522,168263,5.92,0,15,16,23,1
6523,168289,7.39,0,18,19,26,1
6524,168308,5.61,0,14,15,19,1
6525,168327,6.16,0,15,16,19,1
6526,168349,7.08,0,17,18,22,1
6527,168351,-0.52,0,1,2,2,1
6528,168373,5.43,0,14,15,22,1
6529,168374,-1.01,0,0,1,1,1
6530,168389,4.2,0,11,12,15,1
6531,168432,8.02,0,21,22,43,1
6532,168442,3.4,0,9,10,10,1
6533,168447,0.95,0,4,5,5,1
6534,168457,2.3,0,7,8,10,1
6535,168459,-0.52,0,1,2,2,1
6536,168476,4.63,0,12,13,17,1
6537,168491,3.1,0,9,10,15,1
6538,168521,7.7,0,19,20,30,1
6539,168547,5.74,0,15,16,26,1
6540,168606,8.16,0,23,24,59,1
6541,168622,4.14,0,11,12,16,1
6542,168623,-1.01,0,0,1,1,1
6543,168647,6.41,0,16,17,24,1
6544,168658,2.24,0,7,8,11,1
6545,168685,6.78,0,17,18,27,1
6546,168721,4.59,0,14,15,36,1
6547,168746,7.45,0,18,19,25,1
6548,168768,5.98,0,15,16,22,1
6549,168816,12.32,1,24,25,48,0
6550,168826,2.85,0,8,9,10,1
6551,168838,3.83,0,10,11,12,1
6552,168852,4.81,0,12,13,14,1
6553,168856,0.46,0,3,4,4,1
6554,168867,3.34,0,9,10,11,1
6555,168873,1.44,0,5,6,6,1
6556,168926,7.42,0,21,22,53,1
6557,168930,0.46,0,3,4,4,1
6558,168947,5.18,0,13,14,17,1
6559,168950,-0.03,0,2,3,3,1
6560,168974,6.41,0,16,17,24,1
6561,168977,-0.03,0,2,3,3,1
6562,169002,4.7,0,13,14,25,1
6563,169007,0.4,0,3,4,5,1
6564,169052,8.45,0,22,23,45,1
6565,169074,5.43,0,14,15,22,1
6566,169090,5.24,0,13,14,16,1
6567,169123,5.32,0,15,16,33,1
6568,169126,-0.03,0,2,3,3,1
6569,169134,2.42,0,7,8,8,1
6570,169143,2.36,0,7,8,9,1
6571,169203,8.1,0,23,24,60,1
6572,169231,7.82,0,19,20,28,1
6573,169257,5.74,0,15,16,26,1
6574,169289,6.48,0,17,18,32,1
6575,169333,8.51,0,22,23,44,1
6576,169338,0.95,0,4,5,5,1
6577,169347,1.26,0,5,6,9,1
6578,169360,3.77,0,10,11,13,1
6579,169382,7.08,0,17,18,22,1
6580,169390,2.42,0,7,8,8,1
6581,169391,-1.01,0,0,1,1,1
6582,169397,1.44,0,5,6,6,1
6583,169421,7.51,0,18,19,24,1
6584,169446,8.0,0,19,20,25,1
6585,169479,6.42,0,17,18,33,1
6586,169497,4.57,0,12,13,18,1
6587,169509,2.18,0,7,8,12,1
6588,169525,4.14,0,11,12,16,1
6589,169563,8.32,0,21,22,38,1
6590,169581,5.67,0,14,15,18,1
6591,169595,4.81,0,12,13,14,1
6592,169617,5.98,0,15,16,22,1
6593,169630,2.67,0,8,9,13,1
6594,169643,3.77,0,10,11,13,1
6595,169659,3.04,0,9,10,16,1
6596,169660,-1.01,0,0,1,1,1
6597,169669,1.81,0,6,7,9,1
6598,169736,7.13,0,22,23,67,1
6599,169880,6.56,1,24,25,144,0
6600,169918,8.32,0,21,22,38,1
6601,169939,6.04,0,15,16,21,1
6602,169950,3.34,0,9,10,11,1
6603,169970,5.55,0,14,15,20,1
6604,169987,5.73,0,14,15,17,1
6605,169998,2.79,0,8,9,11,1
6606,170002,0.46,0,3,4,4,1
6607,170055,7.42,0,21,22,53,1
6608,170068,3.77,0,10,11,13,1
6609,170080,3.28,0,9,10,12,1
6610,170093,3.77,0,10,11,13,1
6611,170116,6.47,0,16,17,23,1
6612,170168,6.93,0,20,21,52,1
6613,170178,2.85,0,8,9,10,1
6614,170189,3.34,0,9,10,11,1
6615,170204,3.65,0,10,11,15,1
6616,170226,7.08,0,17,18,22,1
6617,170258,7.03,0,18,19,32,1
6618,170266,1.87,0,6,7,8,1
6619,170289,5.37,0,14,15,23,1
6620,170339,5.95,0,18,19,50,1
6621,170342,-0.03,0,2,3,3,1
6622,170369,5.68,0,15,16,27,1
6623,170433,7.86,0,23,24,64,1
6624,170434,-1.01,0,0,1,1,1
6625,170446,2.18,0,7,8,12,1
6626,170462,4.69,0,12,13,16,1
6627,170492,6.6,0,17,18,30,1
6628,170513,4.94,0,13,14,21,1
6629,170544,9.84,0,23,24,31,1
6630,170558,4.26,0,11,12,14,1
6631,170562,0.46,0,3,4,4,1
6632,170610,8.27,0,22,23,48,1
6633,170670,7.55,0,22,23,60,1
6634,170716,7.29,0,20,21,46,1
6635,170731,3.65,0,10,11,15,1
6636,170748,4.63,0,12,13,17,1
6637,170755,1.93,0,6,7,7,1
6638,170771,4.69,0,12,13,16,1
6639,170774,-0.03,0,2,3,3,1
6640,170790,4.69,0,12,13,16,1
6641,170810,4.45,0,12,13,20,1
6642,170833,5.37,0,14,15,23,1
6643,170846,3.77,0,10,11,13,1
6644,170897,6.99,0,20,21,51,1
6645,170965,11.12,1,24,25,68,0
6646,170975,3.4,0,9,10,10,1
6647,170976,-1.01,0,0,1,1,1
6648,170997,4.94,0,13,14,21,1
6649,171006,2.91,0,8,9,9,1
6650,171011,0.4,0,3,4,5,1
6651,171019,2.42,0,7,8,8,1
6652,171040,6.04,0,15,16,21,1
6653,171060,5.55,0,14,15,20,1
6654,171070,2.3,0,7,8,10,1
6655,171094,5.31,0,14,15,24,1
6656,171132,7.77,0,20,21,38,1
6657,171194,11.48,1,24,25,62,0
6658,171200,1.44,0,5,6,6,1
6659,171224,6.41,0,16,17,24,1
6660,171268,7.96,0,21,22,44,1
6661,171288,5.55,0,14,15,20,1
6662,171348,7.0,0,21,22,60,1
6663,171352,-0.09,0,2,3,4,1
6664,171353,-1.01,0,0,1,1,1
6665,171368,4.2,0,11,12,15,1
6666,171369,-1.01,0,0,1,1,1
6667,171374,0.4,0,3,4,5,1
6668,171375,-1.01,0,0,1,1,1
6669,171400,5.25,0,14,15,25,1
6670,171419,6.71,0,16,17,19,1
6671,171424,0.95,0,4,5,5,1
6672,171436,2.18,0,7,8,12,1
6673,171475,7.71,0,20,21,39,1
6674,171519,6.86,0,19,20,44,1
6675,171545,6.84,0,17,18,26,1
6676,171565,4.45,0,12,13,20,1
6677,171581,4.14,0,11,12,16,1
6678,171583,-0.52,0,1,2,2,1
6679,171598,4.75,0,12,13,15,1
6680,171655,7.73,0,22,23,57,1
6681,171663,1.87,0,6,7,8,1
6682,171706,8.02,0,21,22,43,1
6683,171720,4.26,0,11,12,14,1
6684,171724,0.46,0,3,4,4,1
6685,171727,-0.03,0,2,3,3,1
6686,171740,3.22,0,9,10,13,1
6687,171745,0.95,0,4,5,5,1
6688,171747,-0.52,0,1,2,2,1
6689,171750,-0.03,0,2,3,3,1
6690,171756,0.89,0,4,5,6,1
6691,171784,6.72,0,17,18,28,1
6692,171801,5.18,0,13,14,17,1
6693,171814,4.32,0,11,12,13,1
6694,171829,4.75,0,12,13,15,1
6695,171864,5.75,0,16,17,35,1
6696,171898,6.91,0,18,19,34,1
6697,171933,7.4,0,19,20,35,1
6698,171990,7.73,0,22,23,57,1
6699,172046,11.84,1,24,25,56,0
6700,172099,8.52,0,23,24,53,1
6701,172153,7.91,0,22,23,54,1
6702,172164,3.34,0,9,10,11,1
6703,172181,4.63,0,12,13,17,1
6704,172187,0.89,0,4,5,6,1
6705,172188,-1.01,0,0,1,1,1
6706,172194,1.44,0,5,6,6,1
6707,172197,-0.58,0,1,2,3,1
6708,172201,0.46,0,3,4,4,1
6709,172211,2.85,0,8,9,10,1
6710,172226,3.65,0,10,11,15,1
6711,172243,4.08,0,11,12,17,1
6712,172302,7.61,0,22,23,59,1
6713,172303,-1.01,0,0,1,1,1
6714,172359,5.59,0,18,19,56,1
6715,172369,2.85,0,8,9,10,1
6716,172395,8.49,0,20,21,26,1
6717,172493,9.32,1,24,25,98,0
6718,172500,0.83,0,4,5,7,1
6719,172555,11.9,1,24,25,55,0
6720,172585,7.7,0,19,20,30,1
6721,172609,5.86,0,15,16,24,1
6722,172692,6.17,0,22,23,83,1
6723,172719,6.78,0,17,18,27,1
6724,172730,2.79,0,8,9,11,1
6725,172756,6.84,0,17,18,26,1
6726,172769,3.77,0,10,11,13,1
6727,172804,6.85,0,18,19,35,1
6728,172819,4.75,0,12,13,15,1
6729,172845,6.84,0,17,18,26,1
6730,172873,7.27,0,18,19,28,1
6731,172900,5.68,0,15,16,27,1
6732,172907,1.38,0,5,6,7,1
6733,172932,5.8,0,15,16,25,1
6734,172952,6.1,0,15,16,20,1
6735,172957,0.95,0,4,5,5,1
6736,172974,5.73,0,14,15,17,1
6737,172990,3.59,0,10,11,16,1
6738,173004,3.71,0,10,11,14,1
6739,173012,1.87,0,6,7,8,1
6740,173029,5.18,0,13,14,17,1
6741,173036,1.38,0,5,6,7,1
6742,173061,6.35,0,16,17,25,1
6743,173098,7.83,0,20,21,37,1
6744,173105,1.38,0,5,6,7,1
6745,173154,7.66,0,21,22,49,1
6746,173166,2.73,0,8,9,12,1
6747,173177,1.69,0,6,7,11,1
6748,173189,3.28,0,9,10,12,1
6749,173220,6.54,0,17,18,31,1
6750,173244,4.76,0,13,14,24,1
6751,173265,4.94,0,13,14,21,1
6752,173278,3.22,0,9,10,13,1
6753,173348,7.5,0,23,24,70,1
6754,173410,11.48,1,24,25,62,0
6755,173413,-0.03,0,2,3,3,1
6756,173414,-1.01,0,0,1,1,1
6757,173447,8.07,0,20,21,33,1
6758,173462,4.75,0,12,13,15,1
6759,173467,0.4,0,3,4,5,1
6760,173484,3.53,0,10,11,17,1
6761,173488,0.46,0,3,4,4,1
6762,173501,3.22,0,9,10,13,1
6763,173502,-1.01,0,0,1,1,1
6764,173509,1.93,0,6,7,7,1
6765,173526,5.18,0,13,14,17,1
6766,173541,3.65,0,10,11,15,1
6767,173582,7.59,0,20,21,41,1
6768,173587,0.95,0,4,5,5,1
6769,173594,1.38,0,5,6,7,1
6770,173595,-1.01,0,0,1,1,1
6771,173598,-0.03,0,2,3,3,1
6772,173614,4.69,0,12,13,16,1
6773,173626,3.83,0,10,11,12,1
6774,173640,4.81,0,12,13,14,1
6775,173648,2.42,0,7,8,8,1
6776,173654,0.89,0,4,5,6,1
6777,173672,5.67,0,14,15,18,1
6778,173713,8.14,0,21,22,41,1
6779,173732,5.06,0,13,14,19,1
6780,173751,5.06,0,13,14,19,1
6781,173758,1.38,0,5,6,7,1
6782,173763,-0.15,0,2,3,5,1
6783,173784,6.04,0,15,16,21,1
6784,173832,7.72,0,21,22,48,1
6785,173839,1.93,0,6,7,7,1
6786,173910,6.89,0,22,23,71,1
6787,173943,8.07,0,20,21,33,1
6788,173952,2.36,0,7,8,9,1
6789,173982,4.4,0,13,14,30,1
6790,173997,4.75,0,12,13,15,1
6791,174017,5.55,0,14,15,20,1
6792,174055,7.77,0,20,21,38,1
6793,174195,3.3,0,23,24,140,1
6794,174204,2.36,0,7,8,9,1
6795,174215,2.79,0,8,9,11,1
6796,174307,5.63,0,22,23,92,1
6797,174317,2.85,0,8,9,10,1
6798,174349,4.83,0,14,15,32,1
6799,174386,5.63,0,16,17,37,1
6800,174393,1.93,0,6,7,7,1
6801,174407,3.71,0,10,11,14,1
6802,174414,1.38,0,5,6,7,1
6803,174434,6.1,0,15,16,20,1
6804,174448,3.71,0,10,11,14,1
6805,174450,-0.52,0,1,2,2,1
6806,174512,7.98,0,23,24,62,1
6807,174551,7.71,0,20,21,39,1
6808,174565,4.81,0,12,13,14,1
6809,174572,1.93,0,6,7,7,1
6810,174636,7.31,0,22,23,64,1
6811,174655,5.06,0,13,14,19,1
6812,174661,1.44,0,5,6,6,1
6813,174682,6.04,0,15,16,21,1
6814,174687,0.95,0,4,5,5,1
6815,174692,-0.15,0,2,3,5,1
6816,174700,1.87,0,6,7,8,1
6817,174762,7.98,0,23,24,62,1
6818,174781,4.51,0,12,13,19,1
6819,174826,8.45,0,22,23,45,1
6820,174836,3.4,0,9,10,10,1
6821,174842,1.44,0,5,6,6,1
6822,174891,6.01,0,18,19,49,1
6823,174934,8.57,0,22,23,43,1
6824,174951,4.08,0,11,12,17,1
6825,174958,1.38,0,5,6,7,1
6826,174992,5.81,0,16,17,34,1
6827,175020,7.27,0,18,19,28,1
6828,175039,4.51,0,12,13,19,1
6829,175050,3.89,0,10,11,11,1
6830,175074,5.31,0,14,15,24,1
6831,175081,1.38,0,5,6,7,1
6832,175082,-1.01,0,0,1,1,1
6833,175083,-1.01,0,0,1,1,1
6834,175084,-1.01,0,0,1,1,1
6835,175085,-1.01,0,0,1,1,1
6836,175092,1.38,0,5,6,7,1
6837,175102,2.3,0,7,8,10,1
6838,175127,4.15,0,12,13,25,1
6839,175130,-0.03,0,2,3,3,1
6840,175161,6.54,0,17,18,31,1
6841,175162,-1.01,0,0,1,1,1
6842,175222,11.6,1,24,25,60,0
6843,175261,7.16,0,19,20,39,1
6844,175266,0.95,0,4,5,5,1
6845,175289,4.82,0,13,14,23,1
6846,175291,-0.52,0,1,2,2,1
6847,175321,4.95,0,14,15,30,1
6848,175334,3.77,0,10,11,13,1
6849,175351,4.63,0,12,13,17,1
6850,175376,6.35,0,16,17,25,1
6851,175467,9.74,1,24,25,91,0
6852,175486,4.51,0,12,13,19,1
6853,175490,0.46,0,3,4,4,1
6854,175495,0.4,0,3,4,5,1
6855,175512,4.63,0,12,13,17,1
6856,175576,7.86,0,23,24,64,1
6857,175582,1.44,0,5,6,6,1
6858,175654,10.88,1,24,25,72,0
6859,175661,1.93,0,6,7,7,1
6860,175674,4.87,0,12,13,13,1
6861,175740,7.74,0,23,24,66,1
6862,175743,-0.03,0,2,3,3,1
6863,175757,3.71,0,10,11,14,1
6864,175771,4.26,0,11,12,14,1
6865,175785,3.16,0,9,10,14,1
6866,175797,2.18,0,7,8,12,1
6867,175802,0.4,0,3,4,5,1
6868,175810,1.87,0,6,7,8,1
6869,175905,5.45,0,22,23,95,1
6870,175959,7.91,0,22,23,54,1
6871,175983,5.31,0,14,15,24,1
6872,176046,6.82,0,21,22,63,1
6873,176058,3.28,0,9,10,12,1
6874,176071,2.12,0,7,8,13,1
6875,176086,4.2,0,11,12,15,1
6876,176091,0.95,0,4,5,5,1
6877,176122,7.64,0,19,20,31,1
6878,176176,7.36,0,21,22,54,1
6879,176200,5.31,0,14,15,24,1
6880,176209,2.91,0,8,9,9,1
6881,176218,2.91,0,8,9,9,1
6882,176232,4.26,0,11,12,14,1
6883,176238,0.89,0,4,5,6,1
6884,176260,6.53,0,16,17,22,1
6885,176274,4.26,0,11,12,14,1
6886,176288,4.26,0,11,12,14,1
6887,176321,7.52,0,19,20,33,1
6888,176353,7.03,0,18,19,32,1
6889,176355,-0.52,0,1,2,2,1
6890,176373,5.67,0,14,15,18,1
6891,176375,-0.52,0,1,2,2,1
6892,176443,7.62,0,23,24,68,1
6893,176464,7.14,0,17,18,21,1
6894,176468,0.46,0,3,4,4,1
6895,176475,1.93,0,6,7,7,1
6896,176478,-0.03,0,2,3,3,1
6897,176490,2.73,0,8,9,12,1
6898,176491,-1.01,0,0,1,1,1
6899,176559,7.07,0,22,23,68,1
6900,176564,0.95,0,4,5,5,1
6901,176572,0.77,0,4,5,8,1
6902,176593,7.69,0,18,19,21,1
6903,176637,6.86,0,19,20,44,1
6904,176646,2.91,0,8,9,9,1
6905,176695,7.66,0,21,22,49,1
6906,176763,7.62,0,23,24,68,1
6907,176820,6.63,0,20,21,57,1
6908,176852,5.38,0,15,16,32,1
6909,176858,1.44,0,5,6,6,1
6910,176906,12.32,1,24,25,48,0
6911,176908,-0.52,0,1,2,2,1
6912,176931,5.37,0,14,15,23,1
6913,176948,5.18,0,13,14,17,1
6914,176959,2.24,0,7,8,11,1
6915,176976,4.08,0,11,12,17,1
6916,177004,5.62,0,15,16,28,1
6917,177070,7.19,0,22,23,66,1
6918,177090,5.55,0,14,15,20,1
6919,177116,6.84,0,17,18,26,1
6920,177133,4.08,0,11,12,17,1
6921,177148,4.75,0,12,13,15,1
6922,177168,6.65,0,16,17,20,1
6923,177191,7.02,0,17,18,23,1
6924,177321,3.9,0,23,24,130,1
6925,177330,1.81,0,6,7,9,1
6926,177376,8.94,0,23,24,46,1
6927,177383,1.38,0,5,6,7,1
6928,177388,0.95,0,4,5,5,1
6929,177412,5.31,0,14,15,24,1
6930,177426,4.81,0,12,13,14,1
6931,177427,-1.01,0,0,1,1,1
6932,177429,-0.52,0,1,2,2,1
6933,177445,5.24,0,13,14,16,1
6934,177491,7.84,0,21,22,46,1
6935,177536,5.7,0,17,18,45,1
6936,177596,7.55,0,22,23,60,1
6937,177652,7.24,0,21,22,56,1
6938,177660,2.42,0,7,8,8,1
6939,177691,6.54,0,17,18,31,1
6940,177702,2.79,0,8,9,11,1
6941,177787,6.6,0,23,24,85,1
6942,177790,-0.03,0,2,3,3,1
6943,177807,4.63,0,12,13,17,1
6944,177825,4.02,0,11,12,18,1
6945,177835,2.85,0,8,9,10,1
6946,177903,7.62,0,23,24,68,1
6947,177911,1.32,0,5,6,8,1
6948,177941,7.15,0,18,19,30,1
6949,178003,7.43,0,22,23,62,1
6950,178005,-0.52,0,1,2,2,1
6951,178010,0.95,0,4,5,5,1
6952,178022,2.73,0,8,9,12,1
6953,178028,1.44,0,5,6,6,1
6954,178074,6.74,0,19,20,46,1
6955,178078,0.46,0,3,4,4,1
6956,178104,6.84,0,17,18,26,1
6957,178132,7.82,0,19,20,28,1
6958,178163,3.79,0,12,13,31,1
6959,178182,6.16,0,15,16,19,1
6960,178199,5.18,0,13,14,17,1
6961,178215,4.14,0,11,12,16,1
6962,178216,-1.01,0,0,1,1,1
6963,178253,7.83,0,20,21,37,1
6964,178258,0.95,0,4,5,5,1
6965,178261,-0.03,0,2,3,3,1
6966,178286,5.8,0,15,16,25,1
6967,178346,8.1,0,23,24,60,1
6968,178347,-1.01,0,0,1,1,1
6969,178348,-1.01,0,0,1,1,1
6970,178357,2.91,0,8,9,9,1
6971,178363,1.44,0,5,6,6,1
6972,178440,7.08,0,23,24,77,1
6973,178442,-0.52,0,1,2,2,1
6974,178589,6.38,1,24,25,147,0
6975,178621,7.03,0,18,19,32,1
6976,178646,5.8,0,15,16,25,1
6977,178667,4.94,0,13,14,21,1
6978,178670,-0.03,0,2,3,3,1
6979,178672,-0.52,0,1,2,2,1
6980,178678,0.89,0,4,5,6,1
6981,178736,8.22,0,23,24,58,1
6982,178760,3.11,0,10,11,24,1
6983,178766,1.44,0,5,6,6,1
6984,178831,7.25,0,22,23,65,1
6985,178848,4.08,0,11,12,17,1
6986,178863,3.1,0,9,10,15,1
6987,178888,4.15,0,12,13,25,1
6988,178899,2.79,0,8,9,11,1
6989,178972,7.32,0,23,24,73,1
6990,179013,5.94,0,17,18,41,1
6991,179021,1.32,0,5,6,8,1
6992,179050,6.11,0,16,17,29,1
6993,179133,10.22,1,24,25,83,0
6994,179138,0.95,0,4,5,5,1
6995,179153,3.1,0,9,10,15,1
6996,179176,4.82,0,13,14,23,1
6997,179177,-1.01,0,0,1,1,1
6998,179208,6.54,0,17,18,31,1
6999,179242,6.36,0,17,18,34,1
7000,179256,2.06,0,7,8,14,1
7001,179277,4.94,0,13,14,21,1
7002,179337,11.6,1,24,25,60,0
7003,179350,2.12,0,7,8,13,1
7004,179420,6.4,0,21,22,70,1
7005,179555,7.1,1,24,25,135,0
7006,179634,6.41,0,22,23,79,1
7007,179661,6.23,0,16,17,27,1
7008,179662,-1.01,0,0,1,1,1
7009,179714,7.48,0,21,22,52,1
7010,179843,7.46,1,24,25,129,0
7011,179848,0.95,0,4,5,5,1
7012,179855,0.83,0,4,5,7,1
7013,179881,6.29,0,16,17,26,1
7014,179888,1.93,0,6,7,7,1
7015,179923,8.5,0,21,22,35,1
7016,180078,2.4,0,23,24,155,1
7017,180084,1.44,0,5,6,6,1
7018,180096,3.83,0,10,11,12,1
7019,180118,5.43,0,14,15,22,1
7020,180119,-1.01,0,0,1,1,1
7021,180164,7.35,0,20,21,45,1
7022,180174,2.3,0,7,8,10,1
7023,180225,6.99,0,20,21,51,1
7024,180233,2.42,0,7,8,8,1
7025,180234,-1.01,0,0,1,1,1
7026,180302,7.62,0,23,24,68,1
7027,180362,11.6,1,24,25,60,0
7028,180396,5.26,0,15,16,34,1
7029,180454,7.67,0,22,23,58,1
7030,180458,0.46,0,3,4,4,1
7031,180492,9.11,0,22,23,34,1
7032,180498,1.44,0,5,6,6,1
7033,180553,7.85,0,22,23,55,1
7034,180558,0.4,0,3,4,5,1
7035,180561,-0.03,0,2,3,3,1
7036,180583,3.78,0,11,12,22,1
7037,180607,5.86,0,15,16,24,1
7038,180641,6.91,0,18,19,34,1
7039,180707,11.24,1,24,25,66,0
7040,180710,-0.03,0,2,3,3,1
7041,180712,-0.52,0,1,2,2,1
7042,180731,3.96,0,11,12,19,1
7043,180823,5.08,0,21,22,92,1
7044,180833,3.4,0,9,10,10,1
7045,180894,7.49,0,22,23,61,1
7046,180911,5.18,0,13,14,17,1
7047,180954,8.57,0,22,23,43,1
7048,181023,11.06,1,24,25,69,0
7049,181061,7.22,0,19,20,38,1
7050,181092,7.09,0,18,19,31,1
7051,181102,2.3,0,7,8,10,1
7052,181138,6.79,0,18,19,36,1
7053,181158,4.45,0,12,13,20,1
7054,181215,6.63,0,20,21,57,1
7055,181272,7.73,0,22,23,57,1
7056,181314,5.88,0,17,18,42,1
7057,181376,7.98,0,23,24,62,1
7058,181391,3.1,0,9,10,15,1
7059,181464,10.82,1,24,25,73,0
7060,181465,-1.01,0,0,1,1,1
7061,181657,3.68,1,24,25,192,0
7062,181748,5.69,0,22,23,91,1
7063,181798,7.05,0,20,21,50,1
7064,181808,1.75,0,6,7,10,1
7065,181811,-0.03,0,2,3,3,1
7066,181829,5.67,0,14,15,18,1
7067,181832,-0.03,0,2,3,3,1
7068,181841,1.81,0,6,7,9,1
7069,181866,6.9,0,17,18,25,1
7070,181867,-1.01,0,0,1,1,1
7071,181883,4.14,0,11,12,16,1
7072,181885,-0.52,0,1,2,2,1
7073,181902,5.18,0,13,14,17,1
7074,182005,9.02,1,24,25,103,0
7075,182008,-0.03,0,2,3,3,1
7076,182012,0.46,0,3,4,4,1
7077,182013,-1.01,0,0,1,1,1
7078,182016,-0.03,0,2,3,3,1
7079,182026,2.3,0,7,8,10,1
7080,182031,0.4,0,3,4,5,1
7081,182048,4.63,0,12,13,17,1
7082,182054,0.89,0,4,5,6,1
7083,182060,0.89,0,4,5,6,1
7084,182061,-1.01,0,0,1,1,1
7085,182130,6.46,0,21,22,69,1
7086,182135,0.95,0,4,5,5,1
7087,182137,-0.52,0,1,2,2,1
7088,182148,2.79,0,8,9,11,1
7089,182224,7.14,0,23,24,76,1
7090,182265,6.49,0,18,19,41,1
7091,182275,3.4,0,9,10,10,1
7092,182284,2.36,0,7,8,9,1
7093,182329,6.25,0,18,19,45,1
7094,182359,7.15,0,18,19,30,1
7095,182361,-0.52,0,1,2,2,1
7096,182425,7.31,0,22,23,64,1
7097,182474,8.21,0,22,23,49,1
7098,182674,0.1,1,22,23,200,0
7099,182680,0.89,0,4,5,6,1
7100,182744,7.86,0,23,24,64,1
7101,182773,7.76,0,19,20,29,1
7102,182778,0.95,0,4,5,5,1
7103,182785,1.38,0,5,6,7,1
7104,182797,3.83,0,10,11,12,1
7105,182813,3.59,0,10,11,16,1
7106,182832,5.61,0,14,15,19,1
7107,182886,7.91,0,22,23,54,1
7108,182944,11.72,1,24,25,58,0
7109,182961,4.08,0,11,12,17,1
7110,182977,4.14,0,11,12,16,1
7111,183033,7.24,0,21,22,56,1
7112,183057,5.86,0,15,16,24,1
7113,183108,6.99,0,20,21,51,1
7114,183120,3.83,0,10,11,12,1
7115,183162,5.88,0,17,18,42,1
7116,183169,1.38,0,5,6,7,1
7117,183170,-1.01,0,0,1,1,1
7118,183181,2.24,0,7,8,11,1
7119,183190,2.36,0,7,8,9,1
7120,183237,8.88,0,23,24,47,1
7121,183239,-0.52,0,1,2,2,1
7122,183247,1.87,0,6,7,8,1
7123,183249,-0.52,0,1,2,2,1
7124,183250,-1.01,0,0,1,1,1
7125,183288,7.22,0,19,20,38,1
7126,183301,2.12,0,7,8,13,1
7127,183344,8.02,0,21,22,43,1
7128,183410,7.19,0,22,23,66,1
7129,183417,1.93,0,6,7,7,1
7130,183437,5.55,0,14,15,20,1
7131,183451,3.71,0,10,11,14,1
7132,183468,4.63,0,12,13,17,1
7133,183512,6.31,0,18,19,44,1
7134,183541,5.56,0,15,16,29,1
7135,183559,5.12,0,13,14,18,1
7136,183616,5.53,0,18,19,57,1
7137,183631,3.1,0,9,10,15,1
7138,183649,6.22,0,15,16,18,1
7139,183652,-0.03,0,2,3,3,1
7140,183660,1.87,0,6,7,8,1
7141,183673,3.77,0,10,11,13,1
7142,183686,3.77,0,10,11,13,1
7143,183700,3.71,0,10,11,14,1
7144,183701,-1.01,0,0,1,1,1
7145,183709,1.32,0,5,6,8,1
7146,183803,9.56,1,24,25,94,0
7147,183804,-1.01,0,0,1,1,1
7148,183823,5.06,0,13,14,19,1
7149,183872,7.11,0,20,21,49,1
7150,183875,-0.03,0,2,3,3,1
7151,183984,5.16,0,23,24,109,1
7152,183985,-1.01,0,0,1,1,1
7153,184005,5.55,0,14,15,20,1
7154,184025,5.0,0,13,14,20,1
7155,184053,6.72,0,17,18,28,1
7156,184057,0.46,0,3,4,4,1
7157,184058,-1.01,0,0,1,1,1
7158,184161,9.02,1,24,25,103,0
7159,184177,5.24,0,13,14,16,1
7160,184210,5.32,0,15,16,33,1
7161,184256,12.44,1,24,25,46,0
7162,184277,6.04,0,15,16,21,1
7163,184306,6.11,0,16,17,29,1
7164,184387,10.34,1,24,25,81,0
7165,184422,9.05,0,22,23,35,1
7166,184423,-1.01,0,0,1,1,1
7167,184441,5.12,0,13,14,18,1
7168,184444,-0.03,0,2,3,3,1
7169,184463,5.06,0,13,14,19,1
7170,184464,-1.01,0,0,1,1,1
7171,184512,7.17,0,20,21,48,1
7172,184583,7.44,0,23,24,71,1
7173,184585,-0.52,0,1,2,2,1
7174,184592,1.93,0,6,7,7,1
7175,184599,1.93,0,6,7,7,1
7176,184612,3.77,0,10,11,13,1
7177,184616,0.46,0,3,4,4,1
7178,184629,3.22,0,9,10,13,1
7179,184632,-0.03,0,2,3,3,1
7180,184643,3.89,0,10,11,11,1
7181,184681,8.87,0,22,23,38,1
7182,184693,3.83,0,10,11,12,1
7183,184708,4.2,0,11,12,15,1
7184,184722,3.71,0,10,11,14,1
7185,184763,9.24,0,23,24,41,1
7186,184785,5.98,0,15,16,22,1
7187,184800,3.1,0,9,10,15,1
7188,184807,0.83,0,4,5,7,1
7189,184814,1.38,0,5,6,7,1
7190,184843,7.21,0,18,19,29,1
7191,184845,-0.52,0,1,2,2,1
7192,184876,5.44,0,15,16,31,1
7193,184885,1.81,0,6,7,9,1
7194,184900,5.85,0,14,15,15,1
7195,184978,7.02,0,23,24,78,1
7196,185009,5.99,0,16,17,31,1
7197,185035,5.19,0,14,15,26,1
7198,185047,3.28,0,9,10,12,1
7199,185050,-0.03,0,2,3,3,1
7200,185070,6.1,0,15,16,20,1
7201,185091,4.94,0,13,14,21,1
7202,185115,5.86,0,15,16,24,1
7203,185117,-0.52,0,1,2,2,1
7204,185126,2.91,0,8,9,9,1
7205,185135,1.81,0,6,7,9,1
7206,185136,-1.01,0,0,1,1,1
7207,185239,9.02,1,24,25,103,0
7208,185276,6.18,0,17,18,37,1
7209,185293,4.63,0,12,13,17,1
7210,185360,7.13,0,22,23,67,1
7211,185363,-0.03,0,2,3,3,1
7212,185387,5.86,0,15,16,24,1
7213,185391,0.46,0,3,4,4,1
7214,185392,-1.01,0,0,1,1,1
7215,185505,8.42,1,24,25,113,0
7216,185513,2.42,0,7,8,8,1
7217,185590,6.53,0,22,23,77,1
7218,185591,-1.01,0,0,1,1,1
7219,185610,6.16,0,15,16,19,1
7220,185656,7.29,0,20,21,46,1
7221,185661,-0.15,0,2,3,5,1
7222,185709,7.72,0,21,22,48,1
7223,185718,2.36,0,7,8,9,1
7224,185744,6.84,0,17,18,26,1
7225,185749,0.95,0,4,5,5,1
7226,185781,5.93,0,16,17,32,1
7227,185802,3.29,0,10,11,21,1
7228,185851,6.01,0,18,19,49,1
7229,185926,6.1,0,21,22,75,1
7230,185961,7.4,0,19,20,35,1
7231,185995,5.26,0,15,16,34,1
7232,186035,7.1,0,19,20,40,1
7233,186037,-0.52,0,1,2,2,1
7234,186046,2.36,0,7,8,9,1
7235,186065,5.61,0,14,15,19,1
7236,186070,0.4,0,3,4,5,1
7237,186077,0.83,0,4,5,7,1
7238,186088,3.34,0,9,10,11,1
7239,186089,-1.01,0,0,1,1,1
7240,186094,0.4,0,3,4,5,1
7241,186156,7.43,0,22,23,62,1
7242,186178,5.98,0,15,16,22,1
7243,186203,5.25,0,14,15,25,1
7244,186254,6.99,0,20,21,51,1
7245,186263,1.26,0,5,6,9,1
7246,186321,6.57,0,20,21,58,1
7247,186383,7.43,0,22,23,62,1
7248,186463,6.9,0,23,24,80,1
7249,186510,6.68,0,19,20,47,1
7250,186580,6.95,0,22,23,70,1
7251,186616,5.69,0,16,17,36,1
7252,186659,6.37,0,18,19,43,1
7253,186660,-1.01,0,0,1,1,1
7254,186674,5.36,0,13,14,14,1
7255,186685,3.34,0,9,10,11,1
7256,186686,-1.01,0,0,1,1,1
7257,186710,4.76,0,13,14,24,1
7258,186712,-0.52,0,1,2,2,1
7259,186738,6.29,0,16,17,26,1
7260,186774,5.14,0,15,16,36,1
7261,186781,1.93,0,6,7,7,1
7262,186790,1.81,0,6,7,9,1
7263,186804,3.71,0,10,11,14,1
7264,186876,6.83,0,22,23,72,1
7265,186922,7.29,0,20,21,46,1
7266,186932,2.3,0,7,8,10,1
7267,186994,11.48,1,24,25,62,0
7268,187040,7.84,0,21,22,46,1
7269,187047,1.38,0,5,6,7,1
7270,187049,-0.52,0,1,2,2,1
7271,187081,5.93,0,16,17,32,1
7272,187124,6.92,0,19,20,43,1
7273,187130,1.44,0,5,6,6,1
7274,187141,3.34,0,9,10,11,1
7275,187150,2.36,0,7,8,9,1
7276,187159,2.36,0,7,8,9,1
7277,187171,2.18,0,7,8,12,1
7278,187193,5.98,0,15,16,22,1
7279,187219,5.19,0,14,15,26,1
7280,187223,0.46,0,3,4,4,1
7281,187249,6.29,0,16,17,26,1
7282,187289,6.55,0,18,19,40,1
7283,187299,3.4,0,9,10,10,1
7284,187315,4.69,0,12,13,16,1
7285,187353,6.12,0,17,18,38,1
7286,187358,0.4,0,3,4,5,1
7287,187370,2.73,0,8,9,12,1
7288,187377,1.93,0,6,7,7,1
7289,187402,6.35,0,16,17,25,1
7290,187414,3.28,0,9,10,12,1
7291,187417,-0.03,0,2,3,3,1
7292,187487,6.95,0,22,23,70,1
7293,187495,2.42,0,7,8,8,1
7294,187525,6.05,0,16,17,30,1
7295,187577,8.03,0,22,23,52,1
7296,187618,7.59,0,20,21,41,1
7297,187629,2.79,0,8,9,11,1
7298,187657,5.07,0,14,15,28,1
7299,187686,4.46,0,13,14,29,1
7300,187691,0.4,0,3,4,5,1
7301,187698,1.38,0,5,6,7,1
7302,187709,3.34,0,9,10,11,1
7303,187722,4.32,0,11,12,13,1
7304,187734,3.83,0,10,11,12,1
7305,187738,-0.09,0,2,3,4,1
7306,187791,7.97,0,22,23,53,1
7307,187904,4.92,0,23,24,113,1
7308,187930,5.74,0,15,16,26,1
7309,187947,5.73,0,14,15,17,1
7310,187973,5.19,0,14,15,26,1
7311,188024,6.99,0,20,21,51,1
7312,188077,7.42,0,21,22,53,1
7313,188078,-1.01,0,0,1,1,1
7314,188099,4.94,0,13,14,21,1
7315,188120,6.04,0,15,16,21,1
7316,188141,6.04,0,15,16,21,1
7317,188149,1.87,0,6,7,8,1
7318,188155,1.44,0,5,6,6,1
7319,188163,1.87,0,6,7,8,1
7320,188174,2.24,0,7,8,11,1
7321,188251,6.53,0,22,23,77,1
7322,188308,11.78,1,24,25,57,0
7323,188329,3.84,0,11,12,21,1
7324,188341,2.73,0,8,9,12,1
7325,188369,6.72,0,17,18,28,1
7326,188411,6.98,0,19,20,42,1
7327,188471,7.0,0,21,22,60,1
7328,188488,6.28,0,15,16,17,1
7329,188498,2.3,0,7,8,10,1
7330,188503,0.95,0,4,5,5,1
7331,188533,7.7,0,19,20,30,1
7332,188545,3.28,0,9,10,12,1
7333,188548,-0.03,0,2,3,3,1
7334,188641,9.62,1,24,25,93,0
7335,188646,0.4,0,3,4,5,1
7336,188651,0.95,0,4,5,5,1
7337,188655,0.46,0,3,4,4,1
7338,188737,6.78,0,23,24,82,1
7339,188760,5.92,0,15,16,23,1
7340,188779,5.06,0,13,14,19,1
7341,188794,4.2,0,11,12,15,1
7342,188851,5.53,0,18,19,57,1
7343,188889,6.67,0,18,19,38,1
7344,188905,4.14,0,11,12,16,1
7345,188928,7.02,0,17,18,23,1
7346,188956,4.52,0,13,14,28,1
7347,188996,8.75,0,22,23,40,1
7348,189001,0.95,0,4,5,5,1
7349,189002,-1.01,0,0,1,1,1
7350,189017,3.65,0,10,11,15,1
7351,189037,6.1,0,15,16,20,1
7352,189045,1.87,0,6,7,8,1
7353,189068,4.82,0,13,14,23,1
7354,189113,6.8,0,19,20,45,1
7355,189137,6.41,0,16,17,24,1
7356,189150,3.22,0,9,10,13,1
7357,189152,-0.52,0,1,2,2,1
7358,189170,4.02,0,11,12,18,1
7359,189177,1.38,0,5,6,7,1
7360,189191,3.71,0,10,11,14,1
7361,189213,5.43,0,14,15,22,1
7362,189214,-1.01,0,0,1,1,1
7363,189216,-0.52,0,1,2,2,1
7364,189218,-0.52,0,1,2,2,1
7365,189219,-1.01,0,0,1,1,1
7366,189220,-1.01,0,0,1,1,1
7367,189224,0.46,0,3,4,4,1
7368,189256,6.48,0,17,18,32,1
7369,189296,7.65,0,20,21,40,1
7370,189300,0.46,0,3,4,4,1
7371,189361,5.84,0,19,20,61,1
7372,189383,5.98,0,15,16,22,1
7373,189392,2.36,0,7,8,9,1
7374,189410,6.77,0,16,17,18,1
7375,189437,5.13,0,14,15,27,1
7376,189509,5.73,0,20,21,72,1
7377,189514,0.95,0,4,5,5,1
7378,189520,1.44,0,5,6,6,1
7379,189524,0.46,0,3,4,4,1
7380,189527,-0.03,0,2,3,3,1
7381,189531,0.46,0,3,4,4,1
7382,189572,7.04,0,19,20,41,1
7383,189594,4.88,0,13,14,22,1
7384,189625,7.09,0,18,19,31,1
7385,189645,5.0,0,13,14,20,1
7386,189650,0.95,0,4,5,5,1
7387,189690,8.75,0,22,23,40,1
7388,189711,7.14,0,17,18,21,1
7389,189726,4.75,0,12,13,15,1
7390,189748,3.78,0,11,12,22,1
7391,189794,6.19,0,18,19,46,1
7392,189806,2.73,0,8,9,12,1
7393,189844,7.22,0,19,20,38,1
7394,189869,6.35,0,16,17,25,1
7395,189885,3.59,0,10,11,16,1
7396,189908,5.92,0,15,16,23,1
7397,189914,0.89,0,4,5,6,1
7398,189922,1.87,0,6,7,8,1
7399,189927,0.95,0,4,5,5,1
7400,189931,0.46,0,3,4,4,1
7401,189937,1.44,0,5,6,6,1
7402,189943,0.89,0,4,5,6,1
7403,189965,6.53,0,16,17,22,1
7404,189967,-0.52,0,1,2,2,1
7405,189980,2.12,0,7,8,13,1
7406,189983,-0.03,0,2,3,3,1
7407,189986,-0.03,0,2,3,3,1
7408,189995,2.91,0,8,9,9,1
7409,190041,7.29,0,20,21,46,1
7410,190051,2.3,0,7,8,10,1
7411,190068,3.53,0,10,11,17,1
7412,190094,5.19,0,14,15,26,1
7413,190103,1.81,0,6,7,9,1
7414,190138,7.4,0,19,20,35,1
7415,190154,4.14,0,11,12,16,1
7416,190177,4.82,0,13,14,23,1
7417,190186,1.81,0,6,7,9,1
7418,190209,7.57,0,18,19,23,1
7419,190335,7.64,1,24,25,126,0
7420,190434,5.21,0,22,23,99,1
7421,190482,8.27,0,22,23,48,1
7422,190493,3.34,0,9,10,11,1
7423,190533,7.1,0,19,20,40,1
7424,190567,8.01,0,20,21,34,1
7425,190592,5.8,0,15,16,25,1
7426,190610,6.22,0,15,16,18,1
7427,190633,4.27,0,12,13,23,1
7428,190649,4.69,0,12,13,16,1
7429,190652,-0.03,0,2,3,3,1
7430,190675,6.47,0,16,17,23,1
7431,190677,-0.52,0,1,2,2,1
7432,190686,2.91,0,8,9,9,1
7433,190711,5.8,0,15,16,25,1
7434,190716,0.95,0,4,5,5,1
7435,190720,0.46,0,3,4,4,1
7436,190754,5.81,0,16,17,34,1
7437,190768,3.16,0,9,10,14,1
7438,190778,1.75,0,6,7,10,1
7439,190817,8.26,0,21,22,39,1
7440,190827,3.4,0,9,10,10,1
7441,190869,8.63,0,22,23,42,1
7442,190987,8.12,1,24,25,118,0
7443,191000,2.67,0,8,9,13,1
7444,191004,0.46,0,3,4,4,1
7445,191042,7.22,0,19,20,38,1
7446,191057,3.1,0,9,10,15,1
7447,191144,9.98,1,24,25,87,0
7448,191212,11.12,1,24,25,68,0
7449,191234,4.88,0,13,14,22,1
7450,191257,6.47,0,16,17,23,1
7451,191269,3.28,0,9,10,12,1
7452,191280,2.79,0,8,9,11,1
7453,191291,2.79,0,8,9,11,1
7454,191348,8.28,0,23,24,57,1
7455,191367,3.41,0,10,11,19,1
7456,191372,0.4,0,3,4,5,1
7457,191405,7.52,0,19,20,33,1
7458,191470,11.3,1,24,25,65,0
7459,191473,-0.03,0,2,3,3,1
7460,191495,5.98,0,15,16,22,1
7461,191505,2.3,0,7,8,10,1
7462,191574,6.46,0,21,22,69,1
7463,191730,2.34,0,23,24,156,1
7464,191856,4.14,0,23,24,126,1
7465,191864,2.42,0,7,8,8,1
7466,191904,7.65,0,20,21,40,1
7467,191925,6.04,0,15,16,21,1
7468,191967,8.08,0,21,22,42,1
7469,192011,7.96,0,21,22,44,1
7470,192068,7.73,0,22,23,57,1
7471,192143,7.2,0,23,24,75,1
7472,192148,0.95,0,4,5,5,1
7473,192194,7.29,0,20,21,46,1
7474,192205,3.34,0,9,10,11,1
7475,192225,6.1,0,15,16,20,1
7476,192247,3.23,0,10,11,22,1
7477,192318,5.79,0,20,21,71,1
7478,192373,11.9,1,24,25,55,0
7479,192388,4.2,0,11,12,15,1
7480,192394,0.89,0,4,5,6,1
7481,192409,4.75,0,12,13,15,1
7482,192416,1.93,0,6,7,7,1
7483,192428,3.83,0,10,11,12,1
7484,192449,7.14,0,17,18,21,1
7485,192516,7.68,0,23,24,67,1
7486,192623,5.28,0,23,24,107,1
7487,192633,3.4,0,9,10,10,1
7488,192692,7.61,0,22,23,59,1
7489,192715,5.92,0,15,16,23,1
7490,192721,1.44,0,5,6,6,1
7491,192724,-0.03,0,2,3,3,1
7492,192756,5.38,0,15,16,32,1
7493,192803,7.23,0,20,21,47,1
7494,192841,7.77,0,20,21,38,1
7495,192857,4.14,0,11,12,16,1
7496,192859,-0.52,0,1,2,2,1
7497,192860,-1.01,0,0,1,1,1
7498,192877,4.63,0,12,13,17,1
7499,192883,1.44,0,5,6,6,1
7500,192897,2.06,0,7,8,14,1
7501,193009,8.48,1,24,25,112,0
7502,193023,5.36,0,13,14,14,1
7503,193031,1.87,0,6,7,8,1
7504,193040,1.81,0,6,7,9,1
7505,193046,1.44,0,5,6,6,1
7506,193068,6.53,0,16,17,22,1
7507,193109,6.49,0,18,19,41,1
7508,193127,4.57,0,12,13,18,1
7509,193213,5.99,0,22,23,86,1
7510,193245,7.03,0,18,19,32,1
7511,193263,2.92,0,9,10,18,1
7512,193277,4.81,0,12,13,14,1
7513,193368,9.74,1,24,25,91,0
7514,193373,0.4,0,3,4,5,1
7515,193381,2.42,0,7,8,8,1
7516,193414,6.97,0,18,19,33,1
7517,193460,6.19,0,18,19,46,1
7518,193497,4.53,0,14,15,37,1
7519,193546,8.76,0,23,24,49,1
7520,193586,8.2,0,21,22,40,1
7521,193589,-0.03,0,2,3,3,1
7522,193602,3.22,0,9,10,13,1
7523,193665,11.42,1,24,25,63,0
7524,193809,2.51,0,22,23,144,1
7525,193823,4.26,0,11,12,14,1
7526,193838,4.75,0,12,13,15,1
7527,193863,5.8,0,15,16,25,1
7528,193969,5.34,0,23,24,106,1
7529,193983,3.71,0,10,11,14,1
7530,194021,7.22,0,19,20,38,1
7531,194037,3.04,0,9,10,16,1
7532,194050,4.32,0,11,12,13,1
7533,194102,8.58,0,23,24,52,1
7534,194189,6.48,0,23,24,87,1
7535,194198,1.81,0,6,7,9,1
7536,194245,6.68,0,19,20,47,1
7537,194353,4.67,0,22,23,108,1
7538,194383,6.6,0,17,18,30,1
7539,194445,7.98,0,23,24,62,1
7540,194475,5.5,0,15,16,30,1
7541,194495,5.0,0,13,14,20,1
7542,194525,6.05,0,16,17,30,1
7543,194646,4.44,0,23,24,121,1
7544,194653,1.38,0,5,6,7,1
7545,194676,5.92,0,15,16,23,1
7546,194744,4.87,0,18,19,68,1
7547,194776,7.58,0,19,20,32,1
7548,194820,6.86,0,19,20,44,1
7549,194867,6.13,0,18,19,47,1
7550,194998,3.29,0,22,23,131,1
7551,195008,3.4,0,9,10,10,1
7552,195014,1.44,0,5,6,6,1
7553,195039,5.8,0,15,16,25,1
7554,195137,9.32,1,24,25,98,0
7555,195140,-0.03,0,2,3,3,1
7556,195152,3.28,0,9,10,12,1
7557,195217,7.8,0,23,24,65,1
7558,195234,4.08,0,11,12,17,1
7559,195252,4.57,0,12,13,18,1
7560,195255,-0.03,0,2,3,3,1
7561,195326,7.44,0,23,24,71,1
7562,195339,3.22,0,9,10,13,1
7563,195453,4.86,0,23,24,114,1
7564,195469,4.69,0,12,13,16,1
7565,195535,11.24,1,24,25,66,0
7566,195608,6.77,0,22,23,73,1
7567,195639,7.64,0,19,20,31,1
7568,195651,3.28,0,9,10,12,1
7569,195658,1.93,0,6,7,7,1
7570,195660,-0.52,0,1,2,2,1
7571,195672,3.28,0,9,10,12,1
7572,195688,3.59,0,10,11,16,1
7573,195690,-0.52,0,1,2,2,1
7574,195722,7.03,0,18,19,32,1
7575,195780,8.22,0,23,24,58,1
7576,195802,6.53,0,16,17,22,1
7577,195806,0.46,0,3,4,4,1
7578,195862,8.34,0,23,24,56,1
7579,195870,1.87,0,6,7,8,1
7580,195871,-1.01,0,0,1,1,1
7581,195887,4.14,0,11,12,16,1
7582,195900,4.32,0,11,12,13,1
7583,195960,6.45,0,20,21,60,1
7584,195986,5.19,0,14,15,26,1
7585,195993,1.38,0,5,6,7,1
7586,196035,5.88,0,17,18,42,1
7587,196061,4.64,0,13,14,26,1
7588,196183,3.83,0,22,23,122,1
7589,196201,6.22,0,15,16,18,1
7590,196210,1.26,0,5,6,9,1
7591,196219,2.36,0,7,8,9,1
7592,196221,-0.52,0,1,2,2,1
7593,196266,6.8,0,19,20,45,1
7594,196268,-0.52,0,1,2,2,1
7595,196282,2.61,0,8,9,14,1
7596,196344,11.48,1,24,25,62,0
7597,196409,7.25,0,22,23,65,1
7598,196475,7.19,0,22,23,66,1
7599,196501,7.39,0,18,19,26,1
7600,196511,2.3,0,7,8,10,1
7601,196523,3.83,0,10,11,12,1
7602,196526,-0.03,0,2,3,3,1
7603,196560,8.01,0,20,21,34,1
7604,196642,5.68,0,21,22,82,1
7605,196653,2.79,0,8,9,11,1
7606,196662,2.36,0,7,8,9,1
7607,196670,1.87,0,6,7,8,1
7608,196700,7.15,0,18,19,30,1
7609,196711,2.24,0,7,8,11,1
7610,196752,8.69,0,22,23,41,1
7611,196777,5.8,0,15,16,25,1
7612,196778,-1.01,0,0,1,1,1
7613,196801,4.82,0,13,14,23,1
7614,196813,2.18,0,7,8,12,1
7615,196873,11.6,1,24,25,60,0
7616,197073,0.65,1,23,24,200,0
7617,197163,9.8,1,24,25,90,0
7618,197267,5.46,0,23,24,104,1
7619,197283,5.24,0,13,14,16,1
7620,197307,6.96,0,17,18,24,1
7621,197344,7.28,0,19,20,37,1
7622,197345,-1.01,0,0,1,1,1
7623,197346,-1.01,0,0,1,1,1
7624,197354,2.42,0,7,8,8,1
7625,197373,3.96,0,11,12,19,1
7626,197397,5.31,0,14,15,24,1
7627,197403,1.44,0,5,6,6,1
7628,197576,1.32,0,23,24,173,1
7629,197629,12.02,1,24,25,53,0
7630,197645,4.14,0,11,12,16,1
7631,197663,4.57,0,12,13,18,1
7632,197687,7.51,0,18,19,24,1
7633,197714,6.23,0,16,17,27,1
7634,197726,3.83,0,10,11,12,1
7635,197771,8.45,0,22,23,45,1
7636,197810,7.16,0,19,20,39,1
7637,197852,6.98,0,19,20,42,1
7638,197871,3.41,0,10,11,19,1
7639,197921,7.05,0,20,21,50,1
7640,197957,6.24,0,17,18,36,1
7641,197969,3.28,0,9,10,12,1
7642,197975,1.44,0,5,6,6,1
7643,198008,8.07,0,20,21,33,1
7644,198016,2.42,0,7,8,8,1
7645,198064,8.27,0,22,23,48,1
7646,198078,4.81,0,12,13,14,1
7647,198117,7.16,0,19,20,39,1
7648,198122,0.95,0,4,5,5,1
7649,198127,0.95,0,4,5,5,1
7650,198146,3.96,0,11,12,19,1
7651,198162,4.69,0,12,13,16,1
7652,198167,0.95,0,4,5,5,1
7653,198169,-0.52,0,1,2,2,1
7654,198226,11.78,1,24,25,57,0
7655,198235,2.36,0,7,8,9,1
7656,198259,6.41,0,16,17,24,1
7657,198267,1.87,0,6,7,8,1
7658,198268,-1.01,0,0,1,1,1
7659,198298,5.5,0,15,16,30,1
7660,198324,6.29,0,16,17,26,1
7661,198346,4.88,0,13,14,22,1
7662,198358,2.73,0,8,9,12,1
7663,198366,2.42,0,7,8,8,1
7664,198379,2.67,0,8,9,13,1
7665,198450,6.34,0,21,22,71,1
7666,198478,6.72,0,17,18,28,1
7667,198485,1.93,0,6,7,7,1
7668,198515,7.15,0,18,19,30,1
7669,198528,3.22,0,9,10,13,1
7670,198554,6.29,0,16,17,26,1
7671,198562,2.42,0,7,8,8,1
7672,198579,4.08,0,11,12,17,1
7673,198613,8.01,0,20,21,34,1
7674,198647,9.11,0,22,23,34,1
7675,198691,7.41,0,20,21,44,1
7676,198698,1.93,0,6,7,7,1
7677,198722,6.96,0,17,18,24,1
7678,198727,0.95,0,4,5,5,1
7679,198766,8.81,0,22,23,39,1
7680,198792,4.64,0,13,14,26,1
7681,198883,6.24,0,23,24,91,1
7682,198888,0.95,0,4,5,5,1
7683,198904,4.69,0,12,13,16,1
7684,198929,8.0,0,19,20,25,1
7685,198951,5.98,0,15,16,22,1
7686,199025,6.71,0,22,23,74,1
7687,199032,1.93,0,6,7,7,1
7688,199038,1.44,0,5,6,6,1
7689,199041,-0.03,0,2,3,3,1
7690,199057,3.59,0,10,11,16,1
7691,199083,6.84,0,17,18,26,1
7692,199128,8.45,0,22,23,45,1
7693,199136,2.42,0,7,8,8,1
7694,199292,5.84,1,24,25,156,0
7695,199294,-0.52,0,1,2,2,1
7696,199346,8.58,0,23,24,52,1
7697,199350,0.46,0,3,4,4,1
7698,199360,2.85,0,8,9,10,1
7699,199366,1.44,0,5,6,6,1
7700,199395,7.21,0,18,19,29,1
7701,199421,6.29,0,16,17,26,1
7702,199431,2.85,0,8,9,10,1
7703,199464,9.17,0,22,23,33,1
7704,199664,0.1,1,22,23,200,0
7705,199665,-1.01,0,0,1,1,1
7706,199671,1.44,0,5,6,6,1
7707,199675,0.46,0,3,4,4,1
7708,199676,-1.01,0,0,1,1,1
7709,199725,7.11,0,20,21,49,1
7710,199783,7.12,0,21,22,58,1
7711,199784,-1.01,0,0,1,1,1
7712,199802,4.57,0,12,13,18,1
7713,199807,0.95,0,4,5,5,1
7714,199913,8.84,1,24,25,106,0
7715,199923,2.85,0,8,9,10,1
7716,199949,5.74,0,15,16,26,1
7717,200000,8.49,1,21,22,51,0
